# File units = meters
mtllib gear_base.mtl
g Base
v -0.0265036 0.000163573 0.025 
v -0.0265143 0.000326834 0.025 
v -0.0265321 0.000489473 0.025 
v -0.026557 0.000651181 0.025 
v -0.0265889 0.000811649 0.025 
v -0.0266278 0.000970571 0.025 
v -0.0266736 0.00112765 0.025 
v -0.0267262 0.00128258 0.025 
v -0.0267855 0.00143506 0.025 
v -0.0268513 0.00158482 0.025 
v -0.0269237 0.00173156 0.025 
v -0.0270024 0.001875 0.025 
v -0.0270873 0.00201487 0.025 
v -0.0271782 0.00215091 0.025 
v -0.0272749 0.00228286 0.025 
v -0.0273773 0.00241045 0.025 
v -0.0274852 0.00253346 0.025 
v -0.0275983 0.00265165 0.025 
v -0.0277165 0.00276479 0.025 
v -0.0278395 0.00287267 0.025 
v -0.0279671 0.00297508 0.025 
v -0.0280991 0.00307182 0.025 
v -0.0282351 0.00316272 0.025 
v -0.028375 0.0032476 0.025 
v -0.0285184 0.00332629 0.025 
v -0.0286652 0.00339865 0.025 
v -0.0288149 0.00346455 0.025 
v -0.0289674 0.00352385 0.025 
v -0.0291224 0.00357644 0.025 
v -0.0292794 0.00362222 0.025 
v -0.0294384 0.00366111 0.025 
v -0.0295988 0.00369303 0.025 
v -0.0297605 0.00371792 0.025 
v -0.0299232 0.00373573 0.025 
v -0.0300864 0.00374643 0.025 
v -0.03025 0.00375 0.025 
v -0.0304136 0.00374643 0.025 
v -0.0305768 0.00373573 0.025 
v -0.0307395 0.00371792 0.025 
v -0.0309012 0.00369303 0.025 
v -0.0310616 0.00366111 0.025 
v -0.0312206 0.00362222 0.025 
v -0.0313776 0.00357644 0.025 
v -0.0315326 0.00352385 0.025 
v -0.0316851 0.00346455 0.025 
v -0.0318348 0.00339865 0.025 
v -0.0319816 0.00332629 0.025 
v -0.032125 0.0032476 0.025 
v -0.0322649 0.00316272 0.025 
v -0.0324009 0.00307182 0.025 
v -0.0325329 0.00297508 0.025 
v -0.0326605 0.00287267 0.025 
v -0.0327835 0.00276479 0.025 
v -0.0329017 0.00265165 0.025 
v -0.0330148 0.00253346 0.025 
v -0.0331227 0.00241045 0.025 
v -0.0332251 0.00228286 0.025 
v -0.0333218 0.00215091 0.025 
v -0.0334127 0.00201487 0.025 
v -0.0334976 0.001875 0.025 
v -0.0335763 0.00173156 0.025 
v -0.0336487 0.00158482 0.025 
v -0.0337145 0.00143506 0.025 
v -0.0337738 0.00128258 0.025 
v -0.0338264 0.00112765 0.025 
v -0.0338722 0.000970571 0.025 
v -0.0339111 0.000811649 0.025 
v -0.033943 0.000651181 0.025 
v -0.0339679 0.000489473 0.025 
v -0.0339857 0.000326834 0.025 
v -0.0339964 0.000163573 0.025 
v -0.034 2.90854e-19 0.025 
v -0.0339964 -0.000163573 0.025 
v -0.0339857 -0.000326834 0.025 
v -0.0339679 -0.000489473 0.025 
v -0.033943 -0.000651181 0.025 
v -0.0339111 -0.000811649 0.025 
v -0.0338722 -0.000970571 0.025 
v -0.0338264 -0.00112765 0.025 
v -0.0337738 -0.00128258 0.025 
v -0.0337145 -0.00143506 0.025 
v -0.0336487 -0.00158482 0.025 
v -0.0335763 -0.00173156 0.025 
v -0.0334976 -0.001875 0.025 
v -0.0334127 -0.00201487 0.025 
v -0.0333218 -0.00215091 0.025 
v -0.0332251 -0.00228286 0.025 
v -0.0331227 -0.00241045 0.025 
v -0.0330148 -0.00253346 0.025 
v -0.0329017 -0.00265165 0.025 
v -0.0327835 -0.00276479 0.025 
v -0.0326605 -0.00287267 0.025 
v -0.0325329 -0.00297508 0.025 
v -0.0324009 -0.00307182 0.025 
v -0.0322649 -0.00316272 0.025 
v -0.032125 -0.0032476 0.025 
v -0.0319816 -0.00332629 0.025 
v -0.0318348 -0.00339865 0.025 
v -0.0316851 -0.00346455 0.025 
v -0.0315326 -0.00352385 0.025 
v -0.0313776 -0.00357644 0.025 
v -0.0312206 -0.00362222 0.025 
v -0.0310616 -0.00366111 0.025 
v -0.0309012 -0.00369303 0.025 
v -0.0307395 -0.00371792 0.025 
v -0.0305768 -0.00373573 0.025 
v -0.0304136 -0.00374643 0.025 
v -0.03025 -0.00375 0.025 
v -0.0300864 -0.00374643 0.025 
v -0.0299232 -0.00373573 0.025 
v -0.0297605 -0.00371792 0.025 
v -0.0295988 -0.00369303 0.025 
v -0.0294384 -0.00366111 0.025 
v -0.0292794 -0.00362222 0.025 
v -0.0291224 -0.00357644 0.025 
v -0.0289674 -0.00352385 0.025 
v -0.0288149 -0.00346455 0.025 
v -0.0286652 -0.00339865 0.025 
v -0.0285184 -0.00332629 0.025 
v -0.028375 -0.0032476 0.025 
v -0.0282351 -0.00316272 0.025 
v -0.0280991 -0.00307182 0.025 
v -0.0279671 -0.00297508 0.025 
v -0.0278395 -0.00287267 0.025 
v -0.0277165 -0.00276479 0.025 
v -0.0275983 -0.00265165 0.025 
v -0.0274852 -0.00253346 0.025 
v -0.0273773 -0.00241045 0.025 
v -0.0272749 -0.00228286 0.025 
v -0.0271782 -0.00215091 0.025 
v -0.0270873 -0.00201487 0.025 
v -0.0270024 -0.001875 0.025 
v -0.0269237 -0.00173156 0.025 
v -0.0268513 -0.00158482 0.025 
v -0.0267855 -0.00143506 0.025 
v -0.0267262 -0.00128258 0.025 
v -0.0266736 -0.00112765 0.025 
v -0.0266278 -0.000970571 0.025 
v -0.0265889 -0.000811649 0.025 
v -0.026557 -0.000651181 0.025 
v -0.0265321 -0.000489473 0.025 
v -0.0265143 -0.000326834 0.025 
v -0.0265036 -0.000163573 0.025 
v -0.0265 1.66858e-18 0.025 
v -0.03025 2.90854e-19 0.025 
v -0.035 -8.72561e-19 0.024 
v -0.0349955 0.000207192 0.024 
v -0.0349819 0.00041399 0.024 
v -0.0349594 0.000619999 0.024 
v -0.0349278 0.000824829 0.024 
v -0.0348874 0.00102809 0.024 
v -0.0348381 0.00122939 0.024 
v -0.0347802 0.00142835 0.024 
v -0.0347135 0.0016246 0.024 
v -0.0346384 0.00181775 0.024 
v -0.034555 0.00200744 0.024 
v -0.0344633 0.00219331 0.024 
v -0.0343636 0.002375 0.024 
v -0.0342561 0.00255217 0.024 
v -0.034141 0.00272449 0.024 
v -0.0340184 0.00289162 0.024 
v -0.0338887 0.00305324 0.024 
v -0.0337521 0.00320905 0.024 
v -0.0336088 0.00335876 0.024 
v -0.0334591 0.00350207 0.024 
v -0.0333032 0.00363871 0.024 
v -0.0331416 0.00376843 0.024 
v -0.0329745 0.00389097 0.024 
v -0.0328022 0.00400611 0.024 
v -0.032625 0.00411362 0.024 
v -0.0324433 0.0042133 0.024 
v -0.0322574 0.00430496 0.024 
v -0.0320677 0.00438843 0.024 
v -0.0318746 0.00446354 0.024 
v -0.0316784 0.00453016 0.024 
v -0.0314794 0.00458815 0.024 
v -0.0312781 0.00463741 0.024 
v -0.0310748 0.00467784 0.024 
v -0.03087 0.00470936 0.024 
v -0.030664 0.00473192 0.024 
v -0.0304572 0.00474548 0.024 
v -0.03025 0.00475 0.024 
v -0.0300428 0.00474548 0.024 
v -0.029836 0.00473192 0.024 
v -0.02963 0.00470936 0.024 
v -0.0294252 0.00467784 0.024 
v -0.0292219 0.00463741 0.024 
v -0.0290206 0.00458815 0.024 
v -0.0288216 0.00453016 0.024 
v -0.0286254 0.00446354 0.024 
v -0.0284323 0.00438843 0.024 
v -0.0282426 0.00430496 0.024 
v -0.0280567 0.0042133 0.024 
v -0.027875 0.00411362 0.024 
v -0.0276978 0.00400611 0.024 
v -0.0275255 0.00389097 0.024 
v -0.0273584 0.00376843 0.024 
v -0.0271968 0.00363871 0.024 
v -0.0270409 0.00350207 0.024 
v -0.0268912 0.00335876 0.024 
v -0.0267479 0.00320905 0.024 
v -0.0266113 0.00305324 0.024 
v -0.0264816 0.00289162 0.024 
v -0.026359 0.00272449 0.024 
v -0.0262439 0.00255217 0.024 
v -0.0261364 0.002375 0.024 
v -0.0260367 0.00219331 0.024 
v -0.025945 0.00200744 0.024 
v -0.0258616 0.00181775 0.024 
v -0.0257865 0.0016246 0.024 
v -0.0257198 0.00142835 0.024 
v -0.0256619 0.00122939 0.024 
v -0.0256126 0.00102809 0.024 
v -0.0255722 0.000824829 0.024 
v -0.0255406 0.000619999 0.024 
v -0.0255181 0.00041399 0.024 
v -0.0255045 0.000207192 0.024 
v -0.0255 8.72561e-19 0.024 
v -0.0255045 -0.000207192 0.024 
v -0.0255181 -0.00041399 0.024 
v -0.0255406 -0.000619999 0.024 
v -0.0255722 -0.000824829 0.024 
v -0.0256126 -0.00102809 0.024 
v -0.0256619 -0.00122939 0.024 
v -0.0257198 -0.00142835 0.024 
v -0.0257865 -0.0016246 0.024 
v -0.0258616 -0.00181775 0.024 
v -0.025945 -0.00200744 0.024 
v -0.0260367 -0.00219331 0.024 
v -0.0261364 -0.002375 0.024 
v -0.0262439 -0.00255217 0.024 
v -0.026359 -0.00272449 0.024 
v -0.0264816 -0.00289162 0.024 
v -0.0266113 -0.00305324 0.024 
v -0.0267479 -0.00320905 0.024 
v -0.0268912 -0.00335876 0.024 
v -0.0270409 -0.00350207 0.024 
v -0.0271968 -0.00363871 0.024 
v -0.0273584 -0.00376843 0.024 
v -0.0275255 -0.00389097 0.024 
v -0.0276978 -0.00400611 0.024 
v -0.027875 -0.00411362 0.024 
v -0.0280567 -0.0042133 0.024 
v -0.0282426 -0.00430496 0.024 
v -0.0284323 -0.00438843 0.024 
v -0.0286254 -0.00446354 0.024 
v -0.0288216 -0.00453016 0.024 
v -0.0290206 -0.00458815 0.024 
v -0.0292219 -0.00463741 0.024 
v -0.0294252 -0.00467784 0.024 
v -0.02963 -0.00470936 0.024 
v -0.029836 -0.00473192 0.024 
v -0.0300428 -0.00474548 0.024 
v -0.03025 -0.00475 0.024 
v -0.0304572 -0.00474548 0.024 
v -0.030664 -0.00473192 0.024 
v -0.03087 -0.00470936 0.024 
v -0.0310748 -0.00467784 0.024 
v -0.0312781 -0.00463741 0.024 
v -0.0314794 -0.00458815 0.024 
v -0.0316784 -0.00453016 0.024 
v -0.0318746 -0.00446354 0.024 
v -0.0320677 -0.00438843 0.024 
v -0.0322574 -0.00430496 0.024 
v -0.0324433 -0.0042133 0.024 
v -0.032625 -0.00411362 0.024 
v -0.0328022 -0.00400611 0.024 
v -0.0329745 -0.00389097 0.024 
v -0.0331416 -0.00376843 0.024 
v -0.0333032 -0.00363871 0.024 
v -0.0334591 -0.00350207 0.024 
v -0.0336088 -0.00335876 0.024 
v -0.0337521 -0.00320905 0.024 
v -0.0338887 -0.00305324 0.024 
v -0.0340184 -0.00289162 0.024 
v -0.034141 -0.00272449 0.024 
v -0.0342561 -0.00255217 0.024 
v -0.0343636 -0.002375 0.024 
v -0.0344633 -0.00219331 0.024 
v -0.034555 -0.00200744 0.024 
v -0.0346384 -0.00181775 0.024 
v -0.0347135 -0.0016246 0.024 
v -0.0347802 -0.00142835 0.024 
v -0.0348381 -0.00122939 0.024 
v -0.0348874 -0.00102809 0.024 
v -0.0349278 -0.000824829 0.024 
v -0.0349594 -0.000619999 0.024 
v -0.0349819 -0.00041399 0.024 
v -0.0349955 -0.000207192 0.024 
v -0.035 2.90854e-19 0.005 
v -0.0349955 0.000207192 0.005 
v -0.0349819 0.00041399 0.005 
v -0.0349594 0.000619999 0.005 
v -0.0349278 0.000824829 0.005 
v -0.0348874 0.00102809 0.005 
v -0.0348381 0.00122939 0.005 
v -0.0347802 0.00142835 0.005 
v -0.0347135 0.0016246 0.005 
v -0.0346384 0.00181775 0.005 
v -0.034555 0.00200744 0.005 
v -0.0344633 0.00219331 0.005 
v -0.0343636 0.002375 0.005 
v -0.0342561 0.00255217 0.005 
v -0.034141 0.00272449 0.005 
v -0.0340184 0.00289162 0.005 
v -0.0338887 0.00305324 0.005 
v -0.0337521 0.00320905 0.005 
v -0.0336088 0.00335876 0.005 
v -0.0334591 0.00350207 0.005 
v -0.0333032 0.00363871 0.005 
v -0.0331416 0.00376843 0.005 
v -0.0329745 0.00389097 0.005 
v -0.0328022 0.00400611 0.005 
v -0.032625 0.00411362 0.005 
v -0.0324433 0.0042133 0.005 
v -0.0322574 0.00430496 0.005 
v -0.0320677 0.00438843 0.005 
v -0.0318746 0.00446354 0.005 
v -0.0316784 0.00453016 0.005 
v -0.0314794 0.00458815 0.005 
v -0.0312781 0.00463741 0.005 
v -0.0310748 0.00467784 0.005 
v -0.03087 0.00470936 0.005 
v -0.030664 0.00473192 0.005 
v -0.0304572 0.00474548 0.005 
v -0.03025 0.00475 0.005 
v -0.0300428 0.00474548 0.005 
v -0.029836 0.00473192 0.005 
v -0.02963 0.00470936 0.005 
v -0.0294252 0.00467784 0.005 
v -0.0292219 0.00463741 0.005 
v -0.0290206 0.00458815 0.005 
v -0.0288216 0.00453016 0.005 
v -0.0286254 0.00446354 0.005 
v -0.0284323 0.00438843 0.005 
v -0.0282426 0.00430496 0.005 
v -0.0280567 0.0042133 0.005 
v -0.027875 0.00411362 0.005 
v -0.0276978 0.00400611 0.005 
v -0.0275255 0.00389097 0.005 
v -0.0273584 0.00376843 0.005 
v -0.0271968 0.00363871 0.005 
v -0.0270409 0.00350207 0.005 
v -0.0268912 0.00335876 0.005 
v -0.0267479 0.00320905 0.005 
v -0.0266113 0.00305324 0.005 
v -0.0264816 0.00289162 0.005 
v -0.026359 0.00272449 0.005 
v -0.0262439 0.00255217 0.005 
v -0.0261364 0.002375 0.005 
v -0.0260367 0.00219331 0.005 
v -0.025945 0.00200744 0.005 
v -0.0258616 0.00181775 0.005 
v -0.0257865 0.0016246 0.005 
v -0.0257198 0.00142835 0.005 
v -0.0256619 0.00122939 0.005 
v -0.0256126 0.00102809 0.005 
v -0.0255722 0.000824829 0.005 
v -0.0255406 0.000619999 0.005 
v -0.0255181 0.00041399 0.005 
v -0.0255045 0.000207192 0.005 
v -0.0255 8.72561e-19 0.005 
v -0.0255045 -0.000207192 0.005 
v -0.0255181 -0.00041399 0.005 
v -0.0255406 -0.000619999 0.005 
v -0.0255722 -0.000824829 0.005 
v -0.0256126 -0.00102809 0.005 
v -0.0256619 -0.00122939 0.005 
v -0.0257198 -0.00142835 0.005 
v -0.0257865 -0.0016246 0.005 
v -0.0258616 -0.00181775 0.005 
v -0.025945 -0.00200744 0.005 
v -0.0260367 -0.00219331 0.005 
v -0.0261364 -0.002375 0.005 
v -0.0262439 -0.00255217 0.005 
v -0.026359 -0.00272449 0.005 
v -0.0264816 -0.00289162 0.005 
v -0.0266113 -0.00305324 0.005 
v -0.0267479 -0.00320905 0.005 
v -0.0268912 -0.00335876 0.005 
v -0.0270409 -0.00350207 0.005 
v -0.0271968 -0.00363871 0.005 
v -0.0273584 -0.00376843 0.005 
v -0.0275255 -0.00389097 0.005 
v -0.0276978 -0.00400611 0.005 
v -0.027875 -0.00411362 0.005 
v -0.0280567 -0.0042133 0.005 
v -0.0282426 -0.00430496 0.005 
v -0.0284323 -0.00438843 0.005 
v -0.0286254 -0.00446354 0.005 
v -0.0288216 -0.00453016 0.005 
v -0.0290206 -0.00458815 0.005 
v -0.0292219 -0.00463741 0.005 
v -0.0294252 -0.00467784 0.005 
v -0.02963 -0.00470936 0.005 
v -0.029836 -0.00473192 0.005 
v -0.0300428 -0.00474548 0.005 
v -0.03025 -0.00475 0.005 
v -0.0304572 -0.00474548 0.005 
v -0.030664 -0.00473192 0.005 
v -0.03087 -0.00470936 0.005 
v -0.0310748 -0.00467784 0.005 
v -0.0312781 -0.00463741 0.005 
v -0.0314794 -0.00458815 0.005 
v -0.0316784 -0.00453016 0.005 
v -0.0318746 -0.00446354 0.005 
v -0.0320677 -0.00438843 0.005 
v -0.0322574 -0.00430496 0.005 
v -0.0324433 -0.0042133 0.005 
v -0.032625 -0.00411362 0.005 
v -0.0328022 -0.00400611 0.005 
v -0.0329745 -0.00389097 0.005 
v -0.0331416 -0.00376843 0.005 
v -0.0333032 -0.00363871 0.005 
v -0.0334591 -0.00350207 0.005 
v -0.0336088 -0.00335876 0.005 
v -0.0337521 -0.00320905 0.005 
v -0.0338887 -0.00305324 0.005 
v -0.0340184 -0.00289162 0.005 
v -0.034141 -0.00272449 0.005 
v -0.0342561 -0.00255217 0.005 
v -0.0343636 -0.002375 0.005 
v -0.0344633 -0.00219331 0.005 
v -0.034555 -0.00200744 0.005 
v -0.0346384 -0.00181775 0.005 
v -0.0347135 -0.0016246 0.005 
v -0.0347802 -0.00142835 0.005 
v -0.0348381 -0.00122939 0.005 
v -0.0348874 -0.00102809 0.005 
v -0.0349278 -0.000824829 0.005 
v -0.0349594 -0.000619999 0.005 
v -0.0349819 -0.00041399 0.005 
v -0.0349955 -0.000207192 0.005 
v -0.075 -0.0329 0.005 
v -0.075 -0.0375 0.005 
v -0.0704 -0.0375 0.005 
v -0.0471 -0.0375 0.005 
v -0.005 -0.0375 0.005 
v 0.0355 -0.0375 0.005 
v 0.05735 -0.0375 0.005 
v 0.075 -0.0375 0.005 
v -0.075 -0.013225 0.005 
v -0.0620693 -0.0217282 0.005 
v -0.0625 -0.0217 0.005 
v -0.0623561 -0.0217031 0.005 
v -0.0627876 -0.0217126 0.005 
v -0.0626439 -0.0217031 0.005 
v -0.0622124 -0.0217126 0.005 
v -0.0643928 -0.0222968 0.005 
v -0.0642731 -0.0222168 0.005 
v -0.063073 -0.0217501 0.005 
v -0.0629307 -0.0217282 0.005 
v -0.0633541 -0.0218124 0.005 
v -0.0632143 -0.0217782 0.005 
v -0.0638946 -0.0220092 0.005 
v -0.0637629 -0.0219512 0.005 
v -0.0645089 -0.0223819 0.005 
v -0.0611054 -0.0220092 0.005 
v -0.0609762 -0.0220729 0.005 
v -0.061927 -0.0217501 0.005 
v -0.0617857 -0.0217782 0.005 
v -0.0634923 -0.0218527 0.005 
v -0.0636287 -0.021899 0.005 
v -0.06415 -0.0221421 0.005 
v -0.06085 -0.0221421 0.005 
v -0.0607269 -0.0222168 0.005 
v -0.0612371 -0.0219512 0.005 
v -0.0616459 -0.0218124 0.005 
v -0.0615077 -0.0218527 0.005 
v -0.0640238 -0.0220729 0.005 
v -0.0640238 -0.0279271 0.005 
v -0.06415 -0.0278579 0.005 
v -0.0636287 -0.028101 0.005 
v -0.0637629 -0.0280488 0.005 
v -0.0625 -0.0283 0.005 
v -0.0626439 -0.0282969 0.005 
v -0.0622124 -0.0282874 0.005 
v -0.0623561 -0.0282969 0.005 
v -0.0606072 -0.0222968 0.005 
v -0.0613713 -0.021899 0.005 
v -0.0645089 -0.0276181 0.005 
v -0.0646212 -0.0275279 0.005 
v -0.0638946 -0.0279908 0.005 
v -0.0634923 -0.0281473 0.005 
v -0.063073 -0.0282499 0.005 
v -0.0632143 -0.0282218 0.005 
v -0.0627876 -0.0282874 0.005 
v -0.0629307 -0.0282718 0.005 
v -0.061927 -0.0282499 0.005 
v -0.0620693 -0.0282718 0.005 
v -0.0616459 -0.0281876 0.005 
v -0.0617857 -0.0282218 0.005 
v -0.0592501 -0.024427 0.005 
v -0.0592282 -0.0245693 0.005 
v -0.0602706 -0.022567 0.005 
v -0.0601665 -0.0226665 0.005 
v -0.0604911 -0.0223819 0.005 
v -0.0603788 -0.0224721 0.005 
v -0.0643928 -0.0277032 0.005 
v -0.0633541 -0.0281876 0.005 
v -0.0615077 -0.0281473 0.005 
v -0.0612371 -0.0280488 0.005 
v -0.0613713 -0.028101 0.005 
v -0.0592126 -0.0247124 0.005 
v -0.0592782 -0.0242857 0.005 
v -0.0642731 -0.0277832 0.005 
v -0.0606072 -0.0277032 0.005 
v -0.0607269 -0.0277832 0.005 
v -0.0592126 -0.0252876 0.005 
v -0.0592282 -0.0254307 0.005 
v -0.0593527 -0.0240077 0.005 
v -0.0593124 -0.0241459 0.005 
v -0.060067 -0.0227706 0.005 
v -0.0599721 -0.0228788 0.005 
v -0.0647294 -0.022567 0.005 
v -0.0646212 -0.0224721 0.005 
v -0.06085 -0.0278579 0.005 
v -0.0601665 -0.0273335 0.005 
v -0.0602706 -0.027433 0.005 
v -0.0595092 -0.0263946 0.005 
v -0.0595729 -0.0265238 0.005 
v -0.0592501 -0.025573 0.005 
v -0.0592031 -0.0248561 0.005 
v -0.059399 -0.0238713 0.005 
v -0.0595729 -0.0234762 0.005 
v -0.0595092 -0.0236054 0.005 
v -0.0597168 -0.0232269 0.005 
v -0.0596421 -0.02335 0.005 
v -0.0598819 -0.0229911 0.005 
v -0.0597968 -0.0231072 0.005 
v -0.0648335 -0.0226665 0.005 
v -0.0657874 -0.0247124 0.005 
v -0.0657718 -0.0245693 0.005 
v -0.0657499 -0.025573 0.005 
v -0.0657718 -0.0254307 0.005 
v -0.0609762 -0.0279271 0.005 
v -0.0611054 -0.0279908 0.005 
v -0.0604911 -0.0276181 0.005 
v -0.060067 -0.0272294 0.005 
v -0.0598819 -0.0270089 0.005 
v -0.0599721 -0.0271212 0.005 
v -0.0596421 -0.02665 0.005 
v -0.0592782 -0.0257143 0.005 
v -0.0593124 -0.0258541 0.005 
v -0.0592031 -0.0251439 0.005 
v -0.0594512 -0.0237371 0.005 
v -0.0657218 -0.0242857 0.005 
v -0.0656876 -0.0241459 0.005 
v -0.0657499 -0.024427 0.005 
v -0.0657969 -0.0251439 0.005 
v -0.0658 -0.025 0.005 
v -0.0657218 -0.0257143 0.005 
v -0.0603788 -0.0275279 0.005 
v -0.0597168 -0.0267731 0.005 
v -0.0597968 -0.0268928 0.005 
v -0.0594512 -0.0262629 0.005 
v -0.0593527 -0.0259923 0.005 
v -0.0592 -0.025 0.005 
v -0.0650279 -0.0228788 0.005 
v -0.064933 -0.0227706 0.005 
v -0.0652832 -0.0232269 0.005 
v -0.0652032 -0.0231072 0.005 
v -0.0655488 -0.0237371 0.005 
v -0.0654908 -0.0236054 0.005 
v -0.0656473 -0.0240077 0.005 
v -0.065601 -0.0238713 0.005 
v -0.0657969 -0.0248561 0.005 
v -0.0657874 -0.0252876 0.005 
v -0.0656876 -0.0258541 0.005 
v -0.059399 -0.0261287 0.005 
v -0.0651181 -0.0229911 0.005 
v -0.0653579 -0.02335 0.005 
v -0.0654271 -0.0234762 0.005 
v -0.0656473 -0.0259923 0.005 
v -0.0655488 -0.0262629 0.005 
v -0.065601 -0.0261287 0.005 
v -0.0654271 -0.0265238 0.005 
v -0.0654908 -0.0263946 0.005 
v -0.0651181 -0.0270089 0.005 
v -0.0652032 -0.0268928 0.005 
v -0.064933 -0.0272294 0.005 
v -0.0650279 -0.0271212 0.005 
v -0.0647294 -0.027433 0.005 
v -0.0648335 -0.0273335 0.005 
v -0.0653579 -0.02665 0.005 
v -0.0652832 -0.0267731 0.005 
v 0.0625 -0.0217 0.005 
v 0.0626439 -0.0217031 0.005 
v 0.0622124 -0.0217126 0.005 
v 0.0623561 -0.0217031 0.005 
v 0.0627876 -0.0217126 0.005 
v 0.0629307 -0.0217282 0.005 
v 0.075 -0.013225 0.005 
v 0.063073 -0.0217501 0.005 
v 0.061927 -0.0217501 0.005 
v 0.0620693 -0.0217282 0.005 
v 0.0593124 -0.0241459 0.005 
v 0.0593527 -0.0240077 0.005 
v 0.0592501 -0.024427 0.005 
v 0.0592782 -0.0242857 0.005 
v 0.0592031 -0.0248561 0.005 
v 0.0592126 -0.0247124 0.005 
v 0.0592031 -0.0251439 0.005 
v 0.0592 -0.025 0.005 
v 0.0592501 -0.025573 0.005 
v 0.0592282 -0.0254307 0.005 
v 0.0625 -0.0283 0.005 
v 0.0623561 -0.0282969 0.005 
v 0.0627876 -0.0282874 0.005 
v 0.0626439 -0.0282969 0.005 
v 0.0632143 -0.0217782 0.005 
v 0.0616459 -0.0218124 0.005 
v 0.0617857 -0.0217782 0.005 
v 0.059399 -0.0238713 0.005 
v 0.0592282 -0.0245693 0.005 
v 0.0592126 -0.0252876 0.005 
v 0.0593527 -0.0259923 0.005 
v 0.0593124 -0.0258541 0.005 
v 0.0615077 -0.0281473 0.005 
v 0.0613713 -0.028101 0.005 
v 0.0617857 -0.0282218 0.005 
v 0.0616459 -0.0281876 0.005 
v 0.0622124 -0.0282874 0.005 
v 0.0620693 -0.0282718 0.005 
v 0.075 -0.0329 0.005 
v 0.063073 -0.0282499 0.005 
v 0.0634923 -0.0218527 0.005 
v 0.0636287 -0.021899 0.005 
v 0.0633541 -0.0218124 0.005 
v 0.0613713 -0.021899 0.005 
v 0.0615077 -0.0218527 0.005 
v 0.0602706 -0.022567 0.005 
v 0.0603788 -0.0224721 0.005 
v 0.0595092 -0.0236054 0.005 
v 0.0595729 -0.0234762 0.005 
v 0.059399 -0.0261287 0.005 
v 0.0597168 -0.0267731 0.005 
v 0.0596421 -0.02665 0.005 
v 0.060067 -0.0272294 0.005 
v 0.0599721 -0.0271212 0.005 
v 0.0629307 -0.0282718 0.005 
v 0.0633541 -0.0281876 0.005 
v 0.0632143 -0.0282218 0.005 
v 0.0638946 -0.0279908 0.005 
v 0.0637629 -0.0280488 0.005 
v 0.0638946 -0.0220092 0.005 
v 0.0640238 -0.0220729 0.005 
v 0.0604911 -0.0223819 0.005 
v 0.0606072 -0.0222968 0.005 
v 0.0601665 -0.0226665 0.005 
v 0.0594512 -0.0237371 0.005 
v 0.0592782 -0.0257143 0.005 
v 0.0595092 -0.0263946 0.005 
v 0.0594512 -0.0262629 0.005 
v 0.0597968 -0.0268928 0.005 
v 0.0601665 -0.0273335 0.005 
v 0.061927 -0.0282499 0.005 
v 0.0634923 -0.0281473 0.005 
v 0.0636287 -0.028101 0.005 
v 0.06415 -0.0221421 0.005 
v 0.0642731 -0.0222168 0.005 
v 0.0637629 -0.0219512 0.005 
v 0.0599721 -0.0228788 0.005 
v 0.060067 -0.0227706 0.005 
v 0.0597168 -0.0232269 0.005 
v 0.0597968 -0.0231072 0.005 
v 0.0595729 -0.0265238 0.005 
v 0.0598819 -0.0270089 0.005 
v 0.0602706 -0.027433 0.005 
v 0.0604911 -0.0276181 0.005 
v 0.0603788 -0.0275279 0.005 
v 0.0607269 -0.0277832 0.005 
v 0.0606072 -0.0277032 0.005 
v 0.0609762 -0.0279271 0.005 
v 0.06085 -0.0278579 0.005 
v 0.0612371 -0.0280488 0.005 
v 0.0611054 -0.0279908 0.005 
v 0.0643928 -0.0222968 0.005 
v 0.0611054 -0.0220092 0.005 
v 0.0612371 -0.0219512 0.005 
v 0.0598819 -0.0229911 0.005 
v 0.0596421 -0.02335 0.005 
v 0.0654271 -0.0234762 0.005 
v 0.0654908 -0.0236054 0.005 
v 0.0651181 -0.0229911 0.005 
v 0.0652032 -0.0231072 0.005 
v 0.064933 -0.0227706 0.005 
v 0.0650279 -0.0228788 0.005 
v 0.0647294 -0.022567 0.005 
v 0.0648335 -0.0226665 0.005 
v 0.0609762 -0.0220729 0.005 
v 0.0645089 -0.0276181 0.005 
v 0.0643928 -0.0277032 0.005 
v 0.0657499 -0.024427 0.005 
v 0.0657718 -0.0245693 0.005 
v 0.0653579 -0.02335 0.005 
v 0.0652832 -0.0232269 0.005 
v 0.0645089 -0.0223819 0.005 
v 0.0646212 -0.0224721 0.005 
v 0.0607269 -0.0222168 0.005 
v 0.06085 -0.0221421 0.005 
v 0.0642731 -0.0277832 0.005 
v 0.0648335 -0.0273335 0.005 
v 0.0647294 -0.027433 0.005 
v 0.0657218 -0.0242857 0.005 
v 0.0656473 -0.0240077 0.005 
v 0.0656876 -0.0241459 0.005 
v 0.06415 -0.0278579 0.005 
v 0.0640238 -0.0279271 0.005 
v 0.0646212 -0.0275279 0.005 
v 0.064933 -0.0272294 0.005 
v 0.0651181 -0.0270089 0.005 
v 0.0650279 -0.0271212 0.005 
v 0.0657874 -0.0247124 0.005 
v 0.0655488 -0.0237371 0.005 
v 0.065601 -0.0238713 0.005 
v 0.0657874 -0.0252876 0.005 
v 0.0657718 -0.0254307 0.005 
v 0.0657969 -0.0248561 0.005 
v 0.0652832 -0.0267731 0.005 
v 0.0652032 -0.0268928 0.005 
v 0.0655488 -0.0262629 0.005 
v 0.0654908 -0.0263946 0.005 
v 0.0657218 -0.0257143 0.005 
v 0.0656876 -0.0258541 0.005 
v 0.0657499 -0.025573 0.005 
v 0.0653579 -0.02665 0.005 
v 0.0654271 -0.0265238 0.005 
v 0.0656473 -0.0259923 0.005 
v 0.065601 -0.0261287 0.005 
v 0.0658 -0.025 0.005 
v 0.0657969 -0.0251439 0.005 
v -0.075 0.013225 0.005 
v 0.0200428 0.00474548 0.005 
v 0.02025 0.00475 0.005 
v 0.0231416 0.00376843 0.005 
v 0.0233032 0.00363871 0.005 
v 0.020664 0.00473192 0.005 
v 0.02087 0.00470936 0.005 
v 0.0204572 0.00474548 0.005 
v 0.019836 0.00473192 0.005 
v 0.0192219 0.00463741 0.005 
v 0.0194252 0.00467784 0.005 
v 0.0200428 -0.00474548 0.005 
v 0.019836 -0.00473192 0.005 
v 0.0234591 0.00350207 0.005 
v 0.0212781 0.00463741 0.005 
v 0.0214794 0.00458815 0.005 
v 0.0210748 0.00467784 0.005 
v 0.01963 0.00470936 0.005 
v 0.0188216 0.00453016 0.005 
v 0.0190206 0.00458815 0.005 
v 0.0237521 0.00320905 0.005 
v 0.0238887 0.00305324 0.005 
v 0.0236088 0.00335876 0.005 
v 0.0218746 0.00446354 0.005 
v 0.0220677 0.00438843 0.005 
v 0.0216784 0.00453016 0.005 
v 0.01963 -0.00470936 0.005 
v 0.0194252 -0.00467784 0.005 
v 0.02025 -0.00475 0.005 
v 0.0228022 0.00400611 0.005 
v 0.0229745 0.00389097 0.005 
v 0.0222574 0.00430496 0.005 
v 0.0224433 0.0042133 0.005 
v 0.0190206 -0.00458815 0.005 
v 0.0188216 -0.00453016 0.005 
v 0.0192219 -0.00463741 0.005 
v 0.0204572 -0.00474548 0.005 
v 0.022625 0.00411362 0.005 
v 0.0184323 0.00438843 0.005 
v 0.0186254 0.00446354 0.005 
v 0.0175255 0.00389097 0.005 
v 0.0176978 0.00400611 0.005 
v 0.0186254 -0.00446354 0.005 
v 0.02087 -0.00470936 0.005 
v 0.020664 -0.00473192 0.005 
v 0.0243636 0.002375 0.005 
v 0.0244633 0.00219331 0.005 
v 0.0240184 0.00289162 0.005 
v 0.024141 0.00272449 0.005 
v 0.0180567 0.0042133 0.005 
v 0.0182426 0.00430496 0.005 
v 0.017875 0.00411362 0.005 
v 0.0161364 0.002375 0.005 
v 0.0162439 0.00255217 0.005 
v 0.0155722 0.000824829 0.005 
v 0.0156126 0.00102809 0.005 
v 0.0155181 0.00041399 0.005 
v 0.0155406 0.000619999 0.005 
v 0.0170409 -0.00350207 0.005 
v 0.0168912 -0.00335876 0.005 
v 0.0210748 -0.00467784 0.005 
v 0.0216784 -0.00453016 0.005 
v 0.0214794 -0.00458815 0.005 
v 0.024555 0.00200744 0.005 
v 0.0242561 0.00255217 0.005 
v 0.0170409 0.00350207 0.005 
v 0.0171968 0.00363871 0.005 
v 0.0160367 0.00219331 0.005 
v 0.0155 2.60237e-19 0.005 
v 0.0155406 -0.000619999 0.005 
v 0.0155181 -0.00041399 0.005 
v 0.0164816 -0.00289162 0.005 
v 0.016359 -0.00272449 0.005 
v 0.0171968 -0.00363871 0.005 
v 0.0182426 -0.00430496 0.005 
v 0.0180567 -0.0042133 0.005 
v 0.0212781 -0.00463741 0.005 
v 0.0173584 0.00376843 0.005 
v 0.0167479 0.00320905 0.005 
v 0.0168912 0.00335876 0.005 
v 0.0164816 0.00289162 0.005 
v 0.0166113 0.00305324 0.005 
v 0.016359 0.00272449 0.005 
v 0.0156619 0.00122939 0.005 
v 0.0155045 0.000207192 0.005 
v 0.0155045 -0.000207192 0.005 
v 0.0156126 -0.00102809 0.005 
v 0.0155722 -0.000824829 0.005 
v 0.015945 -0.00200744 0.005 
v 0.0158616 -0.00181775 0.005 
v 0.0166113 -0.00305324 0.005 
v 0.0167479 -0.00320905 0.005 
v 0.0175255 -0.00389097 0.005 
v 0.0173584 -0.00376843 0.005 
v 0.017875 -0.00411362 0.005 
v 0.0176978 -0.00400611 0.005 
v 0.0184323 -0.00438843 0.005 
v 0.0220677 -0.00438843 0.005 
v 0.0218746 -0.00446354 0.005 
v 0.0224433 -0.0042133 0.005 
v 0.0222574 -0.00430496 0.005 
v 0.024555 -0.00200744 0.005 
v 0.0244633 -0.00219331 0.005 
v 0.0247802 -0.00142835 0.005 
v 0.0247135 -0.0016246 0.005 
v 0.0249594 -0.000619999 0.005 
v 0.0249278 -0.000824829 0.005 
v 0.0246384 0.00181775 0.005 
v 0.0247135 0.0016246 0.005 
v 0.0157865 -0.0016246 0.005 
v 0.0161364 -0.002375 0.005 
v 0.0160367 -0.00219331 0.005 
v 0.0228022 -0.00400611 0.005 
v 0.022625 -0.00411362 0.005 
v 0.0234591 -0.00350207 0.005 
v 0.0233032 -0.00363871 0.005 
v 0.0242561 -0.00255217 0.005 
v 0.024141 -0.00272449 0.005 
v 0.0243636 -0.002375 0.005 
v 0.0246384 -0.00181775 0.005 
v 0.0248874 -0.00102809 0.005 
v 0.0157198 -0.00142835 0.005 
v 0.0156619 -0.00122939 0.005 
v 0.0162439 -0.00255217 0.005 
v 0.0231416 -0.00376843 0.005 
v 0.0229745 -0.00389097 0.005 
v 0.0236088 -0.00335876 0.005 
v 0.0240184 -0.00289162 0.005 
v 0.0248381 -0.00122939 0.005 
v 0.0247802 0.00142835 0.005 
v 0.0248381 0.00122939 0.005 
v 0.0158616 0.00181775 0.005 
v 0.015945 0.00200744 0.005 
v 0.0157198 0.00142835 0.005 
v 0.0157865 0.0016246 0.005 
v 0.0238887 -0.00305324 0.005 
v 0.0237521 -0.00320905 0.005 
v 0.0249819 -0.00041399 0.005 
v 0.025 8.41945e-19 0.005 
v 0.0249278 0.000824829 0.005 
v 0.0249594 0.000619999 0.005 
v 0.0248874 0.00102809 0.005 
v 0.0249955 -0.000207192 0.005 
v 0.0249819 0.00041399 0.005 
v 0.0249955 0.000207192 0.005 
v 0.0505428 -0.00474548 0.005 
v 0.050336 -0.00473192 0.005 
v 0.0509572 -0.00474548 0.005 
v 0.05075 -0.00475 0.005 
v 0.0519794 -0.00458815 0.005 
v 0.0517781 -0.00463741 0.005 
v 0.0534745 0.00389097 0.005 
v 0.0536416 0.00376843 0.005 
v 0.051164 0.00473192 0.005 
v 0.05137 0.00470936 0.005 
v 0.0505428 0.00474548 0.005 
v 0.05075 0.00475 0.005 
v 0.0499252 0.00467784 0.005 
v 0.0521784 -0.00453016 0.005 
v 0.0529433 -0.0042133 0.005 
v 0.0527574 -0.00430496 0.005 
v 0.0538032 0.00363871 0.005 
v 0.053125 0.00411362 0.005 
v 0.0533022 0.00400611 0.005 
v 0.0517781 0.00463741 0.005 
v 0.0519794 0.00458815 0.005 
v 0.0515748 0.00467784 0.005 
v 0.0509572 0.00474548 0.005 
v 0.05013 0.00470936 0.005 
v 0.0480255 0.00389097 0.005 
v 0.0481978 0.00400611 0.005 
v 0.0495206 -0.00458815 0.005 
v 0.0493216 -0.00453016 0.005 
v 0.051164 -0.00473192 0.005 
v 0.0515748 -0.00467784 0.005 
v 0.05137 -0.00470936 0.005 
v 0.0523746 -0.00446354 0.005 
v 0.0525677 -0.00438843 0.005 
v 0.0527574 0.00430496 0.005 
v 0.0529433 0.0042133 0.005 
v 0.050336 0.00473192 0.005 
v 0.0497219 0.00463741 0.005 
v 0.0493216 0.00453016 0.005 
v 0.0495206 0.00458815 0.005 
v 0.0489323 0.00438843 0.005 
v 0.0491254 0.00446354 0.005 
v 0.048375 0.00411362 0.005 
v 0.0485567 -0.0042133 0.005 
v 0.048375 -0.00411362 0.005 
v 0.0489323 -0.00438843 0.005 
v 0.0487426 -0.00430496 0.005 
v 0.0491254 -0.00446354 0.005 
v 0.05013 -0.00470936 0.005 
v 0.0499252 -0.00467784 0.005 
v 0.054641 0.00272449 0.005 
v 0.0547561 0.00255217 0.005 
v 0.0487426 0.00430496 0.005 
v 0.0485567 0.0042133 0.005 
v 0.0476968 0.00363871 0.005 
v 0.0478584 0.00376843 0.005 
v 0.0497219 -0.00463741 0.005 
v 0.0533022 -0.00400611 0.005 
v 0.053125 -0.00411362 0.005 
v 0.0548636 0.002375 0.005 
v 0.0541088 0.00335876 0.005 
v 0.0542521 0.00320905 0.005 
v 0.0539591 0.00350207 0.005 
v 0.0523746 0.00446354 0.005 
v 0.0525677 0.00438843 0.005 
v 0.0475409 0.00350207 0.005 
v 0.0472479 0.00320905 0.005 
v 0.0473912 0.00335876 0.005 
v 0.046859 0.00272449 0.005 
v 0.0469816 0.00289162 0.005 
v 0.0480255 -0.00389097 0.005 
v 0.0478584 -0.00376843 0.005 
v 0.0481978 -0.00400611 0.005 
v 0.0539591 -0.00350207 0.005 
v 0.0538032 -0.00363871 0.005 
v 0.0549633 -0.00219331 0.005 
v 0.0548636 -0.002375 0.005 
v 0.055055 0.00200744 0.005 
v 0.0551384 0.00181775 0.005 
v 0.0549633 0.00219331 0.005 
v 0.0543887 0.00305324 0.005 
v 0.0545184 0.00289162 0.005 
v 0.0521784 0.00453016 0.005 
v 0.0471113 0.00305324 0.005 
v 0.0460045 -0.000207192 0.005 
v 0.046 2.29621e-19 0.005 
v 0.0467439 -0.00255217 0.005 
v 0.0466364 -0.002375 0.005 
v 0.0536416 -0.00376843 0.005 
v 0.0545184 -0.00289162 0.005 
v 0.0543887 -0.00305324 0.005 
v 0.0547561 -0.00255217 0.005 
v 0.0465367 0.00219331 0.005 
v 0.0466364 0.002375 0.005 
v 0.0462865 0.0016246 0.005 
v 0.0463616 0.00181775 0.005 
v 0.0460045 0.000207192 0.005 
v 0.0460181 0.00041399 0.005 
v 0.046445 -0.00200744 0.005 
v 0.0463616 -0.00181775 0.005 
v 0.0465367 -0.00219331 0.005 
v 0.0534745 -0.00389097 0.005 
v 0.054641 -0.00272449 0.005 
v 0.055055 -0.00200744 0.005 
v 0.0552135 -0.0016246 0.005 
v 0.0551384 -0.00181775 0.005 
v 0.0467439 0.00255217 0.005 
v 0.046445 0.00200744 0.005 
v 0.0460722 0.000824829 0.005 
v 0.0461126 0.00102809 0.005 
v 0.0460406 -0.000619999 0.005 
v 0.0460181 -0.00041399 0.005 
v 0.0469816 -0.00289162 0.005 
v 0.046859 -0.00272449 0.005 
v 0.0473912 -0.00335876 0.005 
v 0.0472479 -0.00320905 0.005 
v 0.0542521 -0.00320905 0.005 
v 0.0541088 -0.00335876 0.005 
v 0.0552802 -0.00142835 0.005 
v 0.0554594 0.000619999 0.005 
v 0.0554819 0.00041399 0.005 
v 0.0553381 0.00122939 0.005 
v 0.0553874 0.00102809 0.005 
v 0.0552135 0.0016246 0.005 
v 0.0552802 0.00142835 0.005 
v 0.0461619 0.00122939 0.005 
v 0.0462198 0.00142835 0.005 
v 0.0460406 0.000619999 0.005 
v 0.0461619 -0.00122939 0.005 
v 0.0461126 -0.00102809 0.005 
v 0.0471113 -0.00305324 0.005 
v 0.0554955 0.000207192 0.005 
v 0.0554278 0.000824829 0.005 
v 0.0460722 -0.000824829 0.005 
v 0.0462865 -0.0016246 0.005 
v 0.0462198 -0.00142835 0.005 
v 0.0476968 -0.00363871 0.005 
v 0.0475409 -0.00350207 0.005 
v 0.0554955 -0.000207192 0.005 
v 0.0554819 -0.00041399 0.005 
v 0.0555 8.11329e-19 0.005 
v 0.0553874 -0.00102809 0.005 
v 0.0553381 -0.00122939 0.005 
v 0.0554594 -0.000619999 0.005 
v 0.0554278 -0.000824829 0.005 
v -0.075 0.0375 0.005 
v -0.0471 0.0375 0.005 
v -0.0704 0.0375 0.005 
v -0.0620693 0.0282718 0.005 
v -0.0625 0.0283 0.005 
v -0.0623561 0.0282969 0.005 
v -0.0627876 0.0282874 0.005 
v -0.0626439 0.0282969 0.005 
v -0.0622124 0.0282874 0.005 
v -0.0643928 0.0277032 0.005 
v -0.0642731 0.0277832 0.005 
v -0.063073 0.0282499 0.005 
v -0.0629307 0.0282718 0.005 
v -0.0633541 0.0281876 0.005 
v -0.0632143 0.0282218 0.005 
v -0.0638946 0.0279908 0.005 
v -0.0637629 0.0280488 0.005 
v -0.0645089 0.0276181 0.005 
v -0.0611054 0.0279908 0.005 
v -0.0609762 0.0279271 0.005 
v -0.061927 0.0282499 0.005 
v -0.0617857 0.0282218 0.005 
v -0.0634923 0.0281473 0.005 
v -0.0636287 0.028101 0.005 
v -0.06415 0.0278579 0.005 
v -0.06085 0.0278579 0.005 
v -0.0607269 0.0277832 0.005 
v -0.0612371 0.0280488 0.005 
v -0.0616459 0.0281876 0.005 
v -0.0615077 0.0281473 0.005 
v -0.0640238 0.0279271 0.005 
v -0.0640238 0.0220729 0.005 
v -0.06415 0.0221421 0.005 
v -0.0636287 0.021899 0.005 
v -0.0637629 0.0219512 0.005 
v -0.0625 0.0217 0.005 
v -0.0626439 0.0217031 0.005 
v -0.0622124 0.0217126 0.005 
v -0.0623561 0.0217031 0.005 
v -0.0606072 0.0277032 0.005 
v -0.0613713 0.028101 0.005 
v -0.0645089 0.0223819 0.005 
v -0.0646212 0.0224721 0.005 
v -0.0638946 0.0220092 0.005 
v -0.0634923 0.0218527 0.005 
v -0.063073 0.0217501 0.005 
v -0.0632143 0.0217782 0.005 
v -0.0627876 0.0217126 0.005 
v -0.0629307 0.0217282 0.005 
v -0.061927 0.0217501 0.005 
v -0.0620693 0.0217282 0.005 
v -0.0616459 0.0218124 0.005 
v -0.0617857 0.0217782 0.005 
v -0.0592501 0.025573 0.005 
v -0.0592282 0.0254307 0.005 
v -0.0602706 0.027433 0.005 
v -0.0601665 0.0273335 0.005 
v -0.0604911 0.0276181 0.005 
v -0.0603788 0.0275279 0.005 
v -0.0643928 0.0222968 0.005 
v -0.0633541 0.0218124 0.005 
v -0.0615077 0.0218527 0.005 
v -0.0612371 0.0219512 0.005 
v -0.0613713 0.021899 0.005 
v -0.0592782 0.0257143 0.005 
v -0.0642731 0.0222168 0.005 
v -0.0606072 0.0222968 0.005 
v -0.0607269 0.0222168 0.005 
v -0.0592126 0.0247124 0.005 
v -0.0592282 0.0245693 0.005 
v -0.0592031 0.0251439 0.005 
v -0.0592 0.025 0.005 
v -0.0592126 0.0252876 0.005 
v -0.0593527 0.0259923 0.005 
v -0.0593124 0.0258541 0.005 
v -0.060067 0.0272294 0.005 
v -0.0599721 0.0271212 0.005 
v -0.0647294 0.027433 0.005 
v -0.0646212 0.0275279 0.005 
v -0.06085 0.0221421 0.005 
v -0.0601665 0.0226665 0.005 
v -0.0602706 0.022567 0.005 
v -0.0595092 0.0236054 0.005 
v -0.0595729 0.0234762 0.005 
v -0.0592501 0.024427 0.005 
v -0.059399 0.0261287 0.005 
v -0.0595729 0.0265238 0.005 
v -0.0595092 0.0263946 0.005 
v -0.0597168 0.0267731 0.005 
v -0.0596421 0.02665 0.005 
v -0.0598819 0.0270089 0.005 
v -0.0597968 0.0268928 0.005 
v -0.0648335 0.0273335 0.005 
v -0.0657874 0.0252876 0.005 
v -0.0657718 0.0254307 0.005 
v -0.0657499 0.024427 0.005 
v -0.0657718 0.0245693 0.005 
v -0.0609762 0.0220729 0.005 
v -0.0611054 0.0220092 0.005 
v -0.0604911 0.0223819 0.005 
v -0.060067 0.0227706 0.005 
v -0.0598819 0.0229911 0.005 
v -0.0599721 0.0228788 0.005 
v -0.0596421 0.02335 0.005 
v -0.0592782 0.0242857 0.005 
v -0.0593124 0.0241459 0.005 
v -0.0592031 0.0248561 0.005 
v -0.0594512 0.0262629 0.005 
v -0.0657218 0.0257143 0.005 
v -0.0656876 0.0258541 0.005 
v -0.0657499 0.025573 0.005 
v -0.0657969 0.0248561 0.005 
v -0.0658 0.025 0.005 
v -0.0657874 0.0247124 0.005 
v -0.0657218 0.0242857 0.005 
v -0.0603788 0.0224721 0.005 
v -0.0597168 0.0232269 0.005 
v -0.0597968 0.0231072 0.005 
v -0.0594512 0.0237371 0.005 
v -0.0593527 0.0240077 0.005 
v -0.0650279 0.0271212 0.005 
v -0.064933 0.0272294 0.005 
v -0.0652832 0.0267731 0.005 
v -0.0652032 0.0268928 0.005 
v -0.0655488 0.0262629 0.005 
v -0.0654908 0.0263946 0.005 
v -0.0656473 0.0259923 0.005 
v -0.065601 0.0261287 0.005 
v -0.0657969 0.0251439 0.005 
v -0.0656876 0.0241459 0.005 
v -0.059399 0.0238713 0.005 
v -0.0651181 0.0270089 0.005 
v -0.0653579 0.02665 0.005 
v -0.0654271 0.0265238 0.005 
v -0.0656473 0.0240077 0.005 
v -0.0655488 0.0237371 0.005 
v -0.065601 0.0238713 0.005 
v -0.0654271 0.0234762 0.005 
v -0.0654908 0.0236054 0.005 
v -0.0651181 0.0229911 0.005 
v -0.0652032 0.0231072 0.005 
v -0.064933 0.0227706 0.005 
v -0.0650279 0.0228788 0.005 
v -0.0647294 0.022567 0.005 
v -0.0648335 0.0226665 0.005 
v -0.0653579 0.02335 0.005 
v -0.0652832 0.0232269 0.005 
v -0.005 0.0375 0.005 
v 0.0355 0.0375 0.005 
v 0.05735 0.0375 0.005 
v 0.0625 0.0283 0.005 
v 0.0626439 0.0282969 0.005 
v 0.0622124 0.0282874 0.005 
v 0.0623561 0.0282969 0.005 
v 0.0627876 0.0282874 0.005 
v 0.0629307 0.0282718 0.005 
v 0.075 0.0375 0.005 
v 0.063073 0.0282499 0.005 
v 0.061927 0.0282499 0.005 
v 0.0620693 0.0282718 0.005 
v 0.0593124 0.0258541 0.005 
v 0.0593527 0.0259923 0.005 
v 0.0592501 0.025573 0.005 
v 0.0592782 0.0257143 0.005 
v 0.0592031 0.0251439 0.005 
v 0.0592126 0.0252876 0.005 
v 0.0592031 0.0248561 0.005 
v 0.0592 0.025 0.005 
v 0.0592501 0.024427 0.005 
v 0.0592282 0.0245693 0.005 
v 0.0625 0.0217 0.005 
v 0.0623561 0.0217031 0.005 
v 0.0627876 0.0217126 0.005 
v 0.0626439 0.0217031 0.005 
v 0.0632143 0.0282218 0.005 
v 0.0616459 0.0281876 0.005 
v 0.0617857 0.0282218 0.005 
v 0.059399 0.0261287 0.005 
v 0.0592282 0.0254307 0.005 
v 0.0592126 0.0247124 0.005 
v 0.0593527 0.0240077 0.005 
v 0.0593124 0.0241459 0.005 
v 0.0615077 0.0218527 0.005 
v 0.0613713 0.021899 0.005 
v 0.0617857 0.0217782 0.005 
v 0.0616459 0.0218124 0.005 
v 0.0622124 0.0217126 0.005 
v 0.0620693 0.0217282 0.005 
v 0.075 0.013225 0.005 
v 0.0632143 0.0217782 0.005 
v 0.063073 0.0217501 0.005 
v 0.0634923 0.0281473 0.005 
v 0.0636287 0.028101 0.005 
v 0.0633541 0.0281876 0.005 
v 0.0613713 0.028101 0.005 
v 0.0615077 0.0281473 0.005 
v 0.0602706 0.027433 0.005 
v 0.0603788 0.0275279 0.005 
v 0.0595092 0.0263946 0.005 
v 0.0595729 0.0265238 0.005 
v 0.059399 0.0238713 0.005 
v 0.0597168 0.0232269 0.005 
v 0.0596421 0.02335 0.005 
v 0.060067 0.0227706 0.005 
v 0.0599721 0.0228788 0.005 
v 0.0629307 0.0217282 0.005 
v 0.0633541 0.0218124 0.005 
v 0.0638946 0.0220092 0.005 
v 0.0637629 0.0219512 0.005 
v 0.0638946 0.0279908 0.005 
v 0.0640238 0.0279271 0.005 
v 0.0604911 0.0276181 0.005 
v 0.0606072 0.0277032 0.005 
v 0.0601665 0.0273335 0.005 
v 0.0594512 0.0262629 0.005 
v 0.0592782 0.0242857 0.005 
v 0.0595092 0.0236054 0.005 
v 0.0594512 0.0237371 0.005 
v 0.0597968 0.0231072 0.005 
v 0.0601665 0.0226665 0.005 
v 0.061927 0.0217501 0.005 
v 0.0634923 0.0218527 0.005 
v 0.0636287 0.021899 0.005 
v 0.06415 0.0278579 0.005 
v 0.0642731 0.0277832 0.005 
v 0.0637629 0.0280488 0.005 
v 0.0599721 0.0271212 0.005 
v 0.060067 0.0272294 0.005 
v 0.0597168 0.0267731 0.005 
v 0.0597968 0.0268928 0.005 
v 0.0595729 0.0234762 0.005 
v 0.0598819 0.0229911 0.005 
v 0.0602706 0.022567 0.005 
v 0.0604911 0.0223819 0.005 
v 0.0603788 0.0224721 0.005 
v 0.0607269 0.0222168 0.005 
v 0.0606072 0.0222968 0.005 
v 0.0609762 0.0220729 0.005 
v 0.06085 0.0221421 0.005 
v 0.0612371 0.0219512 0.005 
v 0.0611054 0.0220092 0.005 
v 0.0643928 0.0277032 0.005 
v 0.0611054 0.0279908 0.005 
v 0.0612371 0.0280488 0.005 
v 0.0598819 0.0270089 0.005 
v 0.0596421 0.02665 0.005 
v 0.0654271 0.0265238 0.005 
v 0.0654908 0.0263946 0.005 
v 0.0651181 0.0270089 0.005 
v 0.0652032 0.0268928 0.005 
v 0.064933 0.0272294 0.005 
v 0.0650279 0.0271212 0.005 
v 0.0647294 0.027433 0.005 
v 0.0648335 0.0273335 0.005 
v 0.0609762 0.0279271 0.005 
v 0.0645089 0.0223819 0.005 
v 0.0643928 0.0222968 0.005 
v 0.0657499 0.025573 0.005 
v 0.0657718 0.0254307 0.005 
v 0.0653579 0.02665 0.005 
v 0.0652832 0.0267731 0.005 
v 0.0645089 0.0276181 0.005 
v 0.0646212 0.0275279 0.005 
v 0.0607269 0.0277832 0.005 
v 0.06085 0.0278579 0.005 
v 0.0642731 0.0222168 0.005 
v 0.0648335 0.0226665 0.005 
v 0.0647294 0.022567 0.005 
v 0.0657218 0.0257143 0.005 
v 0.0656473 0.0259923 0.005 
v 0.0656876 0.0258541 0.005 
v 0.06415 0.0221421 0.005 
v 0.0640238 0.0220729 0.005 
v 0.0646212 0.0224721 0.005 
v 0.064933 0.0227706 0.005 
v 0.0651181 0.0229911 0.005 
v 0.0650279 0.0228788 0.005 
v 0.0657969 0.0251439 0.005 
v 0.0658 0.025 0.005 
v 0.0655488 0.0262629 0.005 
v 0.065601 0.0261287 0.005 
v 0.0657874 0.0247124 0.005 
v 0.0657718 0.0245693 0.005 
v 0.0657874 0.0252876 0.005 
v 0.0652832 0.0232269 0.005 
v 0.0652032 0.0231072 0.005 
v 0.0655488 0.0237371 0.005 
v 0.0654908 0.0236054 0.005 
v 0.0657218 0.0242857 0.005 
v 0.0656876 0.0241459 0.005 
v 0.0657499 0.024427 0.005 
v 0.0653579 0.02335 0.005 
v 0.0654271 0.0234762 0.005 
v 0.0656473 0.0240077 0.005 
v 0.065601 0.0238713 0.005 
v 0.0657969 0.0248561 0.005 
v -0.0704 -0.0329 0.005 
v -0.0471 -0.0329 0.005 
v -0.005 -0.0329 0.005 
v 0.0355 -0.0329 0.005 
v 0.05735 -0.0329 0.005 
v -0.0471 -0.013225 0.005 
v -0.0704 -0.013225 0.005 
v -0.005 -0.013225 0.005 
v 0.0355 -0.013225 0.005 
v 0.05735 -0.013225 0.005 
v -0.0704 0.013225 0.005 
v -0.0471 0.013225 0.005 
v -0.005 0.013225 0.005 
v 0.0355 0.013225 0.005 
v 0.05735 0.013225 0.005 
v 0.075 -0.0375 0 
v 0.075 0.0375 0 
v 0.0626439 0.0217031 0 
v 0.0627876 -0.0217126 0 
v 0.0626439 -0.0217031 0 
v 0.0623561 -0.0217031 0 
v 0.0622124 0.0217126 0 
v 0.0623561 0.0217031 0 
v 0.0625 0.0217 0 
v 0.0625 -0.0217 0 
v 0.0622124 -0.0217126 0 
v 0.0620693 -0.0217282 0 
v 0.0627876 0.0217126 0 
v 0.063073 -0.0217501 0 
v 0.0629307 -0.0217282 0 
v 0.0629307 0.0217282 0 
v 0.061927 -0.0217501 0 
v 0.061927 0.0217501 0 
v 0.0620693 0.0217282 0 
v 0.0616459 -0.0218124 0 
v 0.0615077 0.0218527 0 
v 0.0616459 0.0218124 0 
v 0.0612371 0.0219512 0 
v 0.0613713 0.021899 0 
v 0.0617857 -0.0217782 0 
v 0.059399 0.0261287 0 
v -0.0592126 0.0252876 0 
v -0.0592282 0.0254307 0 
v -0.0592501 0.024427 0 
v -0.0592282 0.0245693 0 
v -0.0592782 0.0242857 0 
v 0.0593527 0.0259923 0 
v 0.0593124 0.0258541 0 
v -0.0592126 -0.0247124 0 
v -0.0637629 0.0219512 0 
v -0.0636287 0.021899 0 
v 0.0634923 0.0218527 0 
v 0.0636287 0.021899 0 
v 0.063073 0.0217501 0 
v 0.0632143 0.0217782 0 
v 0.0617857 0.0217782 0 
v -0.0592501 0.025573 0 
v -0.0592782 0.0257143 0 
v -0.0592126 0.0247124 0 
v 0.0592782 0.0257143 0 
v 0.0592 0.025 0 
v -0.061927 0.0217501 0 
v -0.0617857 0.0217782 0 
v 0.0625 0.0283 0 
v 0.0623561 0.0282969 0 
v 0.0627876 0.0282874 0 
v 0.0626439 0.0282969 0 
v 0.059399 -0.0238713 0 
v -0.0592031 -0.0248561 0 
v -0.0592501 -0.025573 0 
v -0.0592282 -0.0254307 0 
v -0.0592782 -0.0257143 0 
v 0.0593527 -0.0240077 0 
v 0.0593124 -0.0241459 0 
v 0.0637629 0.0219512 0 
v 0.0638946 0.0220092 0 
v 0.0633541 0.0218124 0 
v 0.0615077 -0.0218527 0 
v 0.0634923 -0.0218527 0 
v 0.0633541 -0.0218124 0 
v -0.0592031 0.0251439 0 
v -0.0592031 0.0248561 0 
v 0.0592501 0.025573 0 
v -0.0615077 0.0218527 0 
v -0.0613713 0.021899 0 
v -0.0616459 0.0218124 0 
v -0.0622124 0.0217126 0 
v -0.0620693 0.0217282 0 
v 0.0622124 0.0282874 0 
v 0.0620693 0.0282718 0 
v -0.0640238 0.0220729 0 
v -0.0592282 -0.0245693 0 
v -0.0638946 0.0220092 0 
v -0.0592 -0.025 0 
v -0.0592126 -0.0252876 0 
v 0.0592782 -0.0242857 0 
v 0.0592 -0.025 0 
v -0.061927 -0.0282499 0 
v -0.0617857 -0.0282218 0 
v 0.0632143 -0.0217782 0 
v 0.0637629 -0.0219512 0 
v 0.0636287 -0.021899 0 
v -0.075 0.0375 0 
v -0.0625 0.0283 0 
v -0.0626439 0.0282969 0 
v -0.0622124 0.0282874 0 
v -0.0623561 0.0282969 0 
v -0.0593124 0.0258541 0 
v -0.0592 0.025 0 
v 0.0592031 0.0251439 0 
v -0.0593527 0.0240077 0 
v -0.0593124 0.0241459 0 
v -0.059399 0.0238713 0 
v 0.0592282 0.0254307 0 
v 0.0592126 0.0252876 0 
v -0.0596421 0.02335 0 
v -0.0595729 0.0234762 0 
v -0.0603788 0.0224721 0 
v -0.0602706 0.022567 0 
v -0.06085 0.0221421 0 
v -0.0607269 0.0222168 0 
v -0.0612371 0.0219512 0 
v -0.0623561 0.0217031 0 
v 0.063073 0.0282499 0 
v 0.0629307 0.0282718 0 
v -0.0642731 0.0222168 0 
v -0.06415 0.0221421 0 
v -0.0592031 -0.0251439 0 
v -0.0647294 0.022567 0 
v -0.0646212 0.0224721 0 
v 0.0592501 -0.024427 0 
v 0.0596421 -0.02335 0 
v 0.0595729 -0.0234762 0 
v -0.0615077 -0.0281473 0 
v -0.0613713 -0.028101 0 
v -0.0616459 -0.0281876 0 
v -0.0622124 -0.0282874 0 
v -0.0620693 -0.0282718 0 
v 0.0613713 -0.021899 0 
v 0.06415 -0.0221421 0 
v 0.0640238 -0.0220729 0 
v -0.06415 0.0278579 0 
v -0.0642731 0.0277832 0 
v -0.0627876 0.0282874 0 
v -0.0629307 0.0282718 0 
v -0.0593527 0.0259923 0 
v -0.059399 0.0261287 0 
v -0.0597168 0.0232269 0 
v -0.0595092 0.0236054 0 
v 0.0596421 0.02665 0 
v 0.0595729 0.0265238 0 
v -0.060067 0.0227706 0 
v -0.0599721 0.0228788 0 
v -0.0601665 0.0226665 0 
v -0.0609762 0.0220729 0 
v -0.0606072 0.0222968 0 
v -0.0611054 0.0220092 0 
v 0.0616459 0.0281876 0 
v 0.0615077 0.0281473 0 
v 0.061927 0.0282499 0 
v 0.0617857 0.0282218 0 
v 0.0633541 0.0281876 0 
v 0.0632143 0.0282218 0 
v -0.0645089 0.0223819 0 
v -0.0643928 0.0222968 0 
v 0.0592031 -0.0248561 0 
v -0.0593527 -0.0259923 0 
v -0.0593124 -0.0258541 0 
v -0.059399 -0.0261287 0 
v 0.0592282 -0.0245693 0 
v 0.0592126 -0.0247124 0 
v -0.0596421 -0.02665 0 
v -0.0595729 -0.0265238 0 
v 0.0595092 -0.0236054 0 
v 0.0594512 -0.0237371 0 
v -0.0603788 -0.0275279 0 
v -0.0602706 -0.027433 0 
v -0.06085 -0.0278579 0 
v -0.0607269 -0.0277832 0 
v -0.0612371 -0.0280488 0 
v -0.0623561 -0.0282969 0 
v 0.0638946 -0.0220092 0 
v 0.0645089 -0.0223819 0 
v 0.0643928 -0.0222968 0 
v -0.0643928 0.0277032 0 
v -0.0636287 0.028101 0 
v -0.0637629 0.0280488 0 
v -0.063073 0.0282499 0 
v -0.0632143 0.0282218 0 
v -0.061927 0.0282499 0 
v -0.0620693 0.0282718 0 
v -0.0594512 0.0237371 0 
v 0.0595092 0.0263946 0 
v 0.0594512 0.0262629 0 
v -0.0598819 0.0229911 0 
v -0.0604911 0.0223819 0 
v 0.0604911 0.0276181 0 
v 0.0603788 0.0275279 0 
v -0.0595729 0.0265238 0 
v 0.0613713 0.028101 0 
v 0.0634923 0.0281473 0 
v 0.0637629 0.0280488 0 
v 0.0636287 0.028101 0 
v -0.0597168 -0.0267731 0 
v -0.0595092 -0.0263946 0 
v 0.0597168 -0.0232269 0 
v -0.0627876 0.0217126 0 
v -0.0626439 0.0217031 0 
v -0.0633541 0.0218124 0 
v -0.0632143 0.0217782 0 
v -0.0634923 0.0218527 0 
v -0.060067 -0.0272294 0 
v -0.0599721 -0.0271212 0 
v -0.0601665 -0.0273335 0 
v -0.0609762 -0.0279271 0 
v -0.0606072 -0.0277032 0 
v -0.0611054 -0.0279908 0 
v 0.0592031 0.0248561 0 
v 0.0612371 -0.0219512 0 
v 0.0642731 -0.0222168 0 
v 0.0607269 -0.0222168 0 
v 0.0598819 0.0229911 0 
v 0.0599721 0.0228788 0 
v 0.0595729 0.0234762 0 
v 0.0596421 0.02335 0 
v 0.0592782 0.0242857 0 
v 0.0593124 0.0241459 0 
v -0.0640238 0.0279271 0 
v -0.0634923 0.0281473 0 
v -0.0633541 0.0281876 0 
v -0.0616459 0.0281876 0 
v -0.0617857 0.0282218 0 
v -0.06085 0.0278579 0 
v -0.0609762 0.0279271 0 
v -0.0597968 0.0231072 0 
v 0.0602706 0.027433 0 
v 0.0601665 0.0273335 0 
v 0.0607269 0.0277832 0 
v 0.0606072 0.0277032 0 
v 0.06415 0.0278579 0 
v 0.0640238 0.0279271 0 
v -0.0594512 -0.0262629 0 
v -0.0625 0.0217 0 
v -0.063073 0.0217501 0 
v -0.0629307 0.0217282 0 
v -0.0598819 -0.0270089 0 
v -0.0604911 -0.0276181 0 
v 0.0604911 -0.0223819 0 
v 0.0603788 -0.0224721 0 
v 0.0606072 -0.0222968 0 
v 0.0611054 -0.0220092 0 
v 0.0609762 -0.0220729 0 
v 0.0609762 0.0220729 0 
v 0.0611054 0.0220092 0 
v 0.0607269 0.0222168 0 
v 0.06085 0.0221421 0 
v 0.0602706 0.022567 0 
v 0.0603788 0.0224721 0 
v 0.060067 0.0227706 0 
v 0.0601665 0.0226665 0 
v 0.0597168 0.0232269 0 
v 0.0597968 0.0231072 0 
v 0.0593527 0.0240077 0 
v 0.059399 0.0238713 0 
v 0.0592126 0.0247124 0 
v 0.0592282 0.0245693 0 
v -0.0638946 0.0279908 0 
v -0.0613713 0.028101 0 
v -0.0615077 0.0281473 0 
v -0.0611054 0.0279908 0 
v -0.0612371 0.0280488 0 
v 0.0597168 0.0267731 0 
v 0.0598819 0.0270089 0 
v 0.0597968 0.0268928 0 
v 0.060067 0.0272294 0 
v 0.0638946 0.0279908 0 
v 0.0643928 0.0277032 0 
v 0.0642731 0.0277832 0 
v -0.0597968 -0.0268928 0 
v 0.0602706 -0.022567 0 
v 0.0601665 -0.0226665 0 
v 0.0604911 0.0223819 0 
v 0.0606072 0.0222968 0 
v 0.0592501 0.024427 0 
v 0.0625 -0.0283 0 
v 0.0626439 -0.0282969 0 
v 0.0622124 -0.0282874 0 
v 0.0623561 -0.0282969 0 
v 0.0612371 -0.0280488 0 
v 0.0613713 -0.028101 0 
v 0.0592031 -0.0251439 0 
v -0.075 -0.0375 0 
v -0.0606072 0.0277032 0 
v -0.0607269 0.0277832 0 
v -0.0602706 0.027433 0 
v -0.0603788 0.0275279 0 
v -0.060067 0.0272294 0 
v -0.0601665 0.0273335 0 
v 0.0599721 0.0271212 0 
v 0.0612371 0.0280488 0 
v 0.0645089 0.0276181 0 
v 0.0598819 -0.0229911 0 
v 0.0597968 -0.0231072 0 
v 0.060067 -0.0227706 0 
v 0.06085 -0.0221421 0 
v 0.0594512 0.0237371 0 
v 0.0651181 -0.0229911 0 
v 0.0650279 -0.0228788 0 
v 0.0655488 -0.0237371 0 
v 0.0654908 -0.0236054 0 
v 0.0627876 -0.0282874 0 
v 0.0629307 -0.0282718 0 
v 0.0615077 -0.0281473 0 
v 0.0616459 -0.0281876 0 
v 0.0595729 -0.0265238 0 
v 0.0596421 -0.02665 0 
v -0.0625 -0.0283 0 
v -0.0627876 -0.0282874 0 
v -0.0626439 -0.0282969 0 
v -0.0638946 -0.0279908 0 
v -0.0637629 -0.0280488 0 
v -0.0642731 -0.0277832 0 
v -0.06415 -0.0278579 0 
v -0.0622124 -0.0217126 0 
v -0.0623561 -0.0217031 0 
v -0.0604911 0.0276181 0 
v -0.0594512 0.0262629 0 
v -0.0595092 0.0263946 0 
v 0.0611054 0.0279908 0 
v 0.0609762 0.0279271 0 
v 0.064933 0.0272294 0 
v 0.0648335 0.0273335 0 
v 0.0651181 0.0270089 0 
v 0.0650279 0.0271212 0 
v 0.0652832 0.0267731 0 
v 0.0652032 0.0268928 0 
v 0.0655488 0.0262629 0 
v 0.0654908 0.0263946 0 
v 0.06415 0.0221421 0 
v 0.0642731 0.0222168 0 
v 0.0599721 -0.0228788 0 
v 0.0595092 0.0236054 0 
v 0.064933 -0.0227706 0 
v 0.0648335 -0.0226665 0 
v 0.0654271 -0.0234762 0 
v 0.0653579 -0.02335 0 
v 0.0636287 -0.028101 0 
v 0.0637629 -0.0280488 0 
v 0.063073 -0.0282499 0 
v 0.0632143 -0.0282218 0 
v 0.061927 -0.0282499 0 
v 0.0620693 -0.0282718 0 
v 0.0617857 -0.0282218 0 
v 0.0597168 -0.0267731 0 
v 0.0597968 -0.0268928 0 
v 0.0592782 -0.0257143 0 
v 0.0593124 -0.0258541 0 
v 0.0592126 -0.0252876 0 
v 0.0592282 -0.0254307 0 
v -0.063073 -0.0282499 0 
v -0.0629307 -0.0282718 0 
v -0.0633541 -0.0281876 0 
v -0.0632143 -0.0282218 0 
v -0.0636287 -0.028101 0 
v -0.0640238 -0.0279271 0 
v -0.0647294 -0.027433 0 
v -0.0646212 -0.0275279 0 
v -0.0625 -0.0217 0 
v -0.0626439 -0.0217031 0 
v -0.0645089 0.0276181 0 
v -0.0646212 0.0275279 0 
v -0.0597168 0.0267731 0 
v -0.0597968 0.0268928 0 
v -0.0596421 0.02665 0 
v 0.06085 0.0278579 0 
v 0.0647294 0.027433 0 
v 0.0646212 0.0275279 0 
v 0.0653579 0.02665 0 
v 0.0654271 0.0265238 0 
v 0.0657874 0.0252876 0 
v 0.0657718 0.0254307 0 
v 0.0646212 0.0224721 0 
v 0.0647294 0.022567 0 
v 0.0643928 0.0222968 0 
v 0.0645089 0.0223819 0 
v 0.0647294 -0.022567 0 
v 0.0646212 -0.0224721 0 
v 0.0652832 -0.0232269 0 
v 0.0652032 -0.0231072 0 
v 0.0657874 -0.0247124 0 
v 0.0657718 -0.0245693 0 
v 0.0634923 -0.0281473 0 
v 0.0633541 -0.0281876 0 
v 0.0607269 -0.0277832 0 
v 0.06085 -0.0278579 0 
v 0.0598819 -0.0270089 0 
v 0.0599721 -0.0271212 0 
v 0.0593527 -0.0259923 0 
v 0.059399 -0.0261287 0 
v 0.0592501 -0.025573 0 
v -0.0634923 -0.0281473 0 
v -0.0645089 -0.0276181 0 
v -0.0640238 -0.0220729 0 
v -0.06415 -0.0221421 0 
v -0.0636287 -0.021899 0 
v -0.0637629 -0.0219512 0 
v -0.063073 -0.0217501 0 
v -0.0632143 -0.0217782 0 
v -0.0627876 -0.0217126 0 
v -0.0629307 -0.0217282 0 
v -0.061927 -0.0217501 0 
v -0.0620693 -0.0217282 0 
v -0.0647294 0.027433 0 
v -0.0598819 0.0270089 0 
v -0.0599721 0.0271212 0 
v 0.0657218 0.0257143 0 
v 0.0656876 0.0258541 0 
v 0.0657499 0.025573 0 
v 0.0657218 0.0242857 0 
v 0.0657499 0.024427 0 
v 0.064933 0.0227706 0 
v 0.0650279 0.0228788 0 
v 0.0648335 0.0226665 0 
v 0.0640238 0.0220729 0 
v 0.0651181 0.0229911 0 
v 0.0656473 -0.0240077 0 
v 0.0657218 -0.0242857 0 
v 0.0656876 -0.0241459 0 
v 0.0657499 -0.024427 0 
v 0.0657969 -0.0251439 0 
v 0.0658 -0.025 0 
v 0.0657499 -0.025573 0 
v 0.0657718 -0.0254307 0 
v 0.0642731 -0.0277832 0 
v 0.0643928 -0.0277032 0 
v 0.0609762 -0.0279271 0 
v 0.0611054 -0.0279908 0 
v 0.0604911 -0.0276181 0 
v 0.0606072 -0.0277032 0 
v 0.0602706 -0.027433 0 
v 0.0603788 -0.0275279 0 
v 0.060067 -0.0272294 0 
v 0.0601665 -0.0273335 0 
v -0.0643928 -0.0277032 0 
v -0.0642731 -0.0222168 0 
v -0.0643928 -0.0222968 0 
v -0.0638946 -0.0220092 0 
v -0.0634923 -0.0218527 0 
v -0.0633541 -0.0218124 0 
v -0.0617857 -0.0217782 0 
v -0.0613713 -0.021899 0 
v -0.0615077 -0.0218527 0 
v 0.0656473 0.0259923 0 
v 0.065601 0.0261287 0 
v 0.0658 0.025 0 
v 0.0657969 0.0251439 0 
v 0.0657874 0.0247124 0 
v 0.0657969 0.0248561 0 
v 0.0657718 0.0245693 0 
v 0.0656473 0.0240077 0 
v 0.0656876 0.0241459 0 
v 0.0655488 0.0237371 0 
v 0.065601 0.0238713 0 
v -0.0651181 0.0229911 0 
v -0.0650279 0.0228788 0 
v 0.065601 -0.0238713 0 
v 0.0657969 -0.0248561 0 
v 0.0657218 -0.0257143 0 
v 0.0656473 -0.0259923 0 
v 0.0656876 -0.0258541 0 
v 0.0646212 -0.0275279 0 
v 0.0647294 -0.027433 0 
v 0.06415 -0.0278579 0 
v 0.0594512 -0.0262629 0 
v -0.0645089 -0.0223819 0 
v -0.0616459 -0.0218124 0 
v -0.0609762 -0.0220729 0 
v -0.0611054 -0.0220092 0 
v -0.0606072 -0.0222968 0 
v -0.0607269 -0.0222168 0 
v -0.0648335 0.0273335 0 
v -0.064933 0.0272294 0 
v 0.0652032 0.0231072 0 
v -0.064933 0.0227706 0 
v -0.0648335 0.0226665 0 
v 0.0657874 -0.0252876 0 
v 0.0655488 -0.0262629 0 
v 0.065601 -0.0261287 0 
v 0.064933 -0.0272294 0 
v 0.0650279 -0.0271212 0 
v 0.0648335 -0.0273335 0 
v 0.0645089 -0.0276181 0 
v 0.0638946 -0.0279908 0 
v 0.0640238 -0.0279271 0 
v 0.0595092 -0.0263946 0 
v -0.0612371 -0.0219512 0 
v -0.06085 -0.0221421 0 
v -0.0602706 -0.022567 0 
v -0.0603788 -0.0224721 0 
v -0.0656473 0.0240077 0 
v -0.0592782 -0.0242857 0 
v -0.0593124 -0.0241459 0 
v -0.065601 0.0238713 0 
v -0.0592501 -0.024427 0 
v -0.0654271 0.0265238 0 
v -0.0654908 0.0263946 0 
v -0.0651181 0.0270089 0 
v -0.0652032 0.0268928 0 
v -0.0650279 0.0271212 0 
v 0.0652832 0.0232269 0 
v 0.0653579 0.02335 0 
v -0.0601665 -0.0226665 0 
v -0.0604911 -0.0223819 0 
v -0.0593527 -0.0240077 0 
v -0.0655488 0.0237371 0 
v -0.0657874 0.0247124 0 
v -0.0657718 0.0245693 0 
v -0.0657499 0.025573 0 
v -0.0657718 0.0254307 0 
v -0.0653579 0.02665 0 
v -0.0652832 0.0267731 0 
v 0.0654271 0.0234762 0 
v 0.0654908 0.0236054 0 
v 0.0654271 -0.0265238 0 
v 0.0654908 -0.0263946 0 
v 0.0651181 -0.0270089 0 
v 0.0652032 -0.0268928 0 
v -0.064933 -0.0272294 0 
v -0.0648335 -0.0273335 0 
v -0.0651181 -0.0270089 0 
v -0.0650279 -0.0271212 0 
v -0.0646212 -0.0224721 0 
v -0.0598819 -0.0229911 0 
v -0.0599721 -0.0228788 0 
v -0.0597168 -0.0232269 0 
v -0.0597968 -0.0231072 0 
v -0.0595729 -0.0234762 0 
v -0.0596421 -0.02335 0 
v -0.0594512 -0.0237371 0 
v -0.0595092 -0.0236054 0 
v -0.059399 -0.0238713 0 
v -0.0657499 0.024427 0 
v -0.0657218 0.0257143 0 
v -0.0656473 0.0259923 0 
v -0.0656876 0.0258541 0 
v 0.0653579 -0.02665 0 
v 0.0652832 -0.0267731 0 
v -0.0647294 -0.022567 0 
v -0.0648335 -0.0226665 0 
v -0.060067 -0.0227706 0 
v -0.0657218 0.0242857 0 
v -0.0655488 0.0262629 0 
v -0.065601 0.0261287 0 
v -0.0654908 0.0236054 0 
v -0.0657874 -0.0252876 0 
v -0.0657718 -0.0254307 0 
v -0.0656876 0.0241459 0 
v -0.0657874 0.0252876 0 
v -0.0657969 0.0251439 0 
v -0.0653579 0.02335 0 
v -0.0652832 0.0232269 0 
v -0.0654271 0.0234762 0 
v -0.0657499 -0.025573 0 
v -0.0657218 -0.0242857 0 
v -0.0657499 -0.024427 0 
v -0.0651181 -0.0229911 0 
v -0.0652032 -0.0231072 0 
v -0.0652032 0.0231072 0 
v -0.0652832 -0.0267731 0 
v -0.0652032 -0.0268928 0 
v -0.0655488 -0.0262629 0 
v -0.0654908 -0.0263946 0 
v -0.0657218 -0.0257143 0 
v -0.0657718 -0.0245693 0 
v -0.0657874 -0.0247124 0 
v -0.0656473 -0.0240077 0 
v -0.0656876 -0.0241459 0 
v -0.0655488 -0.0237371 0 
v -0.065601 -0.0238713 0 
v -0.0652832 -0.0232269 0 
v -0.0653579 -0.02335 0 
v -0.064933 -0.0227706 0 
v -0.0658 0.025 0 
v -0.0657969 0.0248561 0 
v -0.0653579 -0.02665 0 
v -0.0654271 -0.0265238 0 
v -0.0656473 -0.0259923 0 
v -0.065601 -0.0261287 0 
v -0.0656876 -0.0258541 0 
v -0.0654271 -0.0234762 0 
v -0.0654908 -0.0236054 0 
v -0.0650279 -0.0228788 0 
v -0.0658 -0.025 0 
v -0.0657969 -0.0251439 0 
v -0.0657969 -0.0248561 0 
v 0.0155 -9.03177e-19 0.024 
v 0.0155045 0.000207192 0.024 
v 0.0155181 0.00041399 0.024 
v 0.0155406 0.000619999 0.024 
v 0.0155722 0.000824829 0.024 
v 0.0156126 0.00102809 0.024 
v 0.0156619 0.00122939 0.024 
v 0.0157198 0.00142835 0.024 
v 0.0157865 0.0016246 0.024 
v 0.0158616 0.00181775 0.024 
v 0.015945 0.00200744 0.024 
v 0.0160367 0.00219331 0.024 
v 0.0161364 0.002375 0.024 
v 0.0162439 0.00255217 0.024 
v 0.016359 0.00272449 0.024 
v 0.0164816 0.00289162 0.024 
v 0.0166113 0.00305324 0.024 
v 0.0167479 0.00320905 0.024 
v 0.0168912 0.00335876 0.024 
v 0.0170409 0.00350207 0.024 
v 0.0171968 0.00363871 0.024 
v 0.0173584 0.00376843 0.024 
v 0.0175255 0.00389097 0.024 
v 0.0176978 0.00400611 0.024 
v 0.017875 0.00411362 0.024 
v 0.0180567 0.0042133 0.024 
v 0.0182426 0.00430496 0.024 
v 0.0184323 0.00438843 0.024 
v 0.0186254 0.00446354 0.024 
v 0.0188216 0.00453016 0.024 
v 0.0190206 0.00458815 0.024 
v 0.0192219 0.00463741 0.024 
v 0.0194252 0.00467784 0.024 
v 0.01963 0.00470936 0.024 
v 0.019836 0.00473192 0.024 
v 0.0200428 0.00474548 0.024 
v 0.02025 0.00475 0.024 
v 0.0204572 0.00474548 0.024 
v 0.020664 0.00473192 0.024 
v 0.02087 0.00470936 0.024 
v 0.0210748 0.00467784 0.024 
v 0.0212781 0.00463741 0.024 
v 0.0214794 0.00458815 0.024 
v 0.0216784 0.00453016 0.024 
v 0.0218746 0.00446354 0.024 
v 0.0220677 0.00438843 0.024 
v 0.0222574 0.00430496 0.024 
v 0.0224433 0.0042133 0.024 
v 0.022625 0.00411362 0.024 
v 0.0228022 0.00400611 0.024 
v 0.0229745 0.00389097 0.024 
v 0.0231416 0.00376843 0.024 
v 0.0233032 0.00363871 0.024 
v 0.0234591 0.00350207 0.024 
v 0.0236088 0.00335876 0.024 
v 0.0237521 0.00320905 0.024 
v 0.0238887 0.00305324 0.024 
v 0.0240184 0.00289162 0.024 
v 0.024141 0.00272449 0.024 
v 0.0242561 0.00255217 0.024 
v 0.0243636 0.002375 0.024 
v 0.0244633 0.00219331 0.024 
v 0.024555 0.00200744 0.024 
v 0.0246384 0.00181775 0.024 
v 0.0247135 0.0016246 0.024 
v 0.0247802 0.00142835 0.024 
v 0.0248381 0.00122939 0.024 
v 0.0248874 0.00102809 0.024 
v 0.0249278 0.000824829 0.024 
v 0.0249594 0.000619999 0.024 
v 0.0249819 0.00041399 0.024 
v 0.0249955 0.000207192 0.024 
v 0.025 8.41945e-19 0.024 
v 0.0249955 -0.000207192 0.024 
v 0.0249819 -0.00041399 0.024 
v 0.0249594 -0.000619999 0.024 
v 0.0249278 -0.000824829 0.024 
v 0.0248874 -0.00102809 0.024 
v 0.0248381 -0.00122939 0.024 
v 0.0247802 -0.00142835 0.024 
v 0.0247135 -0.0016246 0.024 
v 0.0246384 -0.00181775 0.024 
v 0.024555 -0.00200744 0.024 
v 0.0244633 -0.00219331 0.024 
v 0.0243636 -0.002375 0.024 
v 0.0242561 -0.00255217 0.024 
v 0.024141 -0.00272449 0.024 
v 0.0240184 -0.00289162 0.024 
v 0.0238887 -0.00305324 0.024 
v 0.0237521 -0.00320905 0.024 
v 0.0236088 -0.00335876 0.024 
v 0.0234591 -0.00350207 0.024 
v 0.0233032 -0.00363871 0.024 
v 0.0231416 -0.00376843 0.024 
v 0.0229745 -0.00389097 0.024 
v 0.0228022 -0.00400611 0.024 
v 0.022625 -0.00411362 0.024 
v 0.0224433 -0.0042133 0.024 
v 0.0222574 -0.00430496 0.024 
v 0.0220677 -0.00438843 0.024 
v 0.0218746 -0.00446354 0.024 
v 0.0216784 -0.00453016 0.024 
v 0.0214794 -0.00458815 0.024 
v 0.0212781 -0.00463741 0.024 
v 0.0210748 -0.00467784 0.024 
v 0.02087 -0.00470936 0.024 
v 0.020664 -0.00473192 0.024 
v 0.0204572 -0.00474548 0.024 
v 0.02025 -0.00475 0.024 
v 0.0200428 -0.00474548 0.024 
v 0.019836 -0.00473192 0.024 
v 0.01963 -0.00470936 0.024 
v 0.0194252 -0.00467784 0.024 
v 0.0192219 -0.00463741 0.024 
v 0.0190206 -0.00458815 0.024 
v 0.0188216 -0.00453016 0.024 
v 0.0186254 -0.00446354 0.024 
v 0.0184323 -0.00438843 0.024 
v 0.0182426 -0.00430496 0.024 
v 0.0180567 -0.0042133 0.024 
v 0.017875 -0.00411362 0.024 
v 0.0176978 -0.00400611 0.024 
v 0.0175255 -0.00389097 0.024 
v 0.0173584 -0.00376843 0.024 
v 0.0171968 -0.00363871 0.024 
v 0.0170409 -0.00350207 0.024 
v 0.0168912 -0.00335876 0.024 
v 0.0167479 -0.00320905 0.024 
v 0.0166113 -0.00305324 0.024 
v 0.0164816 -0.00289162 0.024 
v 0.016359 -0.00272449 0.024 
v 0.0162439 -0.00255217 0.024 
v 0.0161364 -0.002375 0.024 
v 0.0160367 -0.00219331 0.024 
v 0.015945 -0.00200744 0.024 
v 0.0158616 -0.00181775 0.024 
v 0.0157865 -0.0016246 0.024 
v 0.0157198 -0.00142835 0.024 
v 0.0156619 -0.00122939 0.024 
v 0.0156126 -0.00102809 0.024 
v 0.0155722 -0.000824829 0.024 
v 0.0155406 -0.000619999 0.024 
v 0.0155181 -0.00041399 0.024 
v 0.0155045 -0.000207192 0.024 
v 0.046 -9.33793e-19 0.024 
v 0.0460045 0.000207192 0.024 
v 0.0460181 0.00041399 0.024 
v 0.0460406 0.000619999 0.024 
v 0.0460722 0.000824829 0.024 
v 0.0461126 0.00102809 0.024 
v 0.0461619 0.00122939 0.024 
v 0.0462198 0.00142835 0.024 
v 0.0462865 0.0016246 0.024 
v 0.0463616 0.00181775 0.024 
v 0.046445 0.00200744 0.024 
v 0.0465367 0.00219331 0.024 
v 0.0466364 0.002375 0.024 
v 0.0467439 0.00255217 0.024 
v 0.046859 0.00272449 0.024 
v 0.0469816 0.00289162 0.024 
v 0.0471113 0.00305324 0.024 
v 0.0472479 0.00320905 0.024 
v 0.0473912 0.00335876 0.024 
v 0.0475409 0.00350207 0.024 
v 0.0476968 0.00363871 0.024 
v 0.0478584 0.00376843 0.024 
v 0.0480255 0.00389097 0.024 
v 0.0481978 0.00400611 0.024 
v 0.048375 0.00411362 0.024 
v 0.0485567 0.0042133 0.024 
v 0.0487426 0.00430496 0.024 
v 0.0489323 0.00438843 0.024 
v 0.0491254 0.00446354 0.024 
v 0.0493216 0.00453016 0.024 
v 0.0495206 0.00458815 0.024 
v 0.0497219 0.00463741 0.024 
v 0.0499252 0.00467784 0.024 
v 0.05013 0.00470936 0.024 
v 0.050336 0.00473192 0.024 
v 0.0505428 0.00474548 0.024 
v 0.05075 0.00475 0.024 
v 0.0509572 0.00474548 0.024 
v 0.051164 0.00473192 0.024 
v 0.05137 0.00470936 0.024 
v 0.0515748 0.00467784 0.024 
v 0.0517781 0.00463741 0.024 
v 0.0519794 0.00458815 0.024 
v 0.0521784 0.00453016 0.024 
v 0.0523746 0.00446354 0.024 
v 0.0525677 0.00438843 0.024 
v 0.0527574 0.00430496 0.024 
v 0.0529433 0.0042133 0.024 
v 0.053125 0.00411362 0.024 
v 0.0533022 0.00400611 0.024 
v 0.0534745 0.00389097 0.024 
v 0.0536416 0.00376843 0.024 
v 0.0538032 0.00363871 0.024 
v 0.0539591 0.00350207 0.024 
v 0.0541088 0.00335876 0.024 
v 0.0542521 0.00320905 0.024 
v 0.0543887 0.00305324 0.024 
v 0.0545184 0.00289162 0.024 
v 0.054641 0.00272449 0.024 
v 0.0547561 0.00255217 0.024 
v 0.0548636 0.002375 0.024 
v 0.0549633 0.00219331 0.024 
v 0.055055 0.00200744 0.024 
v 0.0551384 0.00181775 0.024 
v 0.0552135 0.0016246 0.024 
v 0.0552802 0.00142835 0.024 
v 0.0553381 0.00122939 0.024 
v 0.0553874 0.00102809 0.024 
v 0.0554278 0.000824829 0.024 
v 0.0554594 0.000619999 0.024 
v 0.0554819 0.00041399 0.024 
v 0.0554955 0.000207192 0.024 
v 0.0555 8.11329e-19 0.024 
v 0.0554955 -0.000207192 0.024 
v 0.0554819 -0.00041399 0.024 
v 0.0554594 -0.000619999 0.024 
v 0.0554278 -0.000824829 0.024 
v 0.0553874 -0.00102809 0.024 
v 0.0553381 -0.00122939 0.024 
v 0.0552802 -0.00142835 0.024 
v 0.0552135 -0.0016246 0.024 
v 0.0551384 -0.00181775 0.024 
v 0.055055 -0.00200744 0.024 
v 0.0549633 -0.00219331 0.024 
v 0.0548636 -0.002375 0.024 
v 0.0547561 -0.00255217 0.024 
v 0.054641 -0.00272449 0.024 
v 0.0545184 -0.00289162 0.024 
v 0.0543887 -0.00305324 0.024 
v 0.0542521 -0.00320905 0.024 
v 0.0541088 -0.00335876 0.024 
v 0.0539591 -0.00350207 0.024 
v 0.0538032 -0.00363871 0.024 
v 0.0536416 -0.00376843 0.024 
v 0.0534745 -0.00389097 0.024 
v 0.0533022 -0.00400611 0.024 
v 0.053125 -0.00411362 0.024 
v 0.0529433 -0.0042133 0.024 
v 0.0527574 -0.00430496 0.024 
v 0.0525677 -0.00438843 0.024 
v 0.0523746 -0.00446354 0.024 
v 0.0521784 -0.00453016 0.024 
v 0.0519794 -0.00458815 0.024 
v 0.0517781 -0.00463741 0.024 
v 0.0515748 -0.00467784 0.024 
v 0.05137 -0.00470936 0.024 
v 0.051164 -0.00473192 0.024 
v 0.0509572 -0.00474548 0.024 
v 0.05075 -0.00475 0.024 
v 0.0505428 -0.00474548 0.024 
v 0.050336 -0.00473192 0.024 
v 0.05013 -0.00470936 0.024 
v 0.0499252 -0.00467784 0.024 
v 0.0497219 -0.00463741 0.024 
v 0.0495206 -0.00458815 0.024 
v 0.0493216 -0.00453016 0.024 
v 0.0491254 -0.00446354 0.024 
v 0.0489323 -0.00438843 0.024 
v 0.0487426 -0.00430496 0.024 
v 0.0485567 -0.0042133 0.024 
v 0.048375 -0.00411362 0.024 
v 0.0481978 -0.00400611 0.024 
v 0.0480255 -0.00389097 0.024 
v 0.0478584 -0.00376843 0.024 
v 0.0476968 -0.00363871 0.024 
v 0.0475409 -0.00350207 0.024 
v 0.0473912 -0.00335876 0.024 
v 0.0472479 -0.00320905 0.024 
v 0.0471113 -0.00305324 0.024 
v 0.0469816 -0.00289162 0.024 
v 0.046859 -0.00272449 0.024 
v 0.0467439 -0.00255217 0.024 
v 0.0466364 -0.002375 0.024 
v 0.0465367 -0.00219331 0.024 
v 0.046445 -0.00200744 0.024 
v 0.0463616 -0.00181775 0.024 
v 0.0462865 -0.0016246 0.024 
v 0.0462198 -0.00142835 0.024 
v 0.0461619 -0.00122939 0.024 
v 0.0461126 -0.00102809 0.024 
v 0.0460722 -0.000824829 0.024 
v 0.0460406 -0.000619999 0.024 
v 0.0460181 -0.00041399 0.024 
v 0.0460045 -0.000207192 0.024 
v 0.047 2.29621e-19 0.025 
v 0.0470036 0.000163573 0.025 
v 0.0470143 0.000326834 0.025 
v 0.0470321 0.000489473 0.025 
v 0.047057 0.000651181 0.025 
v 0.0470889 0.000811649 0.025 
v 0.0471278 0.000970571 0.025 
v 0.0471736 0.00112765 0.025 
v 0.0472262 0.00128258 0.025 
v 0.0472855 0.00143506 0.025 
v 0.0473513 0.00158482 0.025 
v 0.0474237 0.00173156 0.025 
v 0.0475024 0.001875 0.025 
v 0.0475873 0.00201487 0.025 
v 0.0476782 0.00215091 0.025 
v 0.0477749 0.00228286 0.025 
v 0.0478773 0.00241045 0.025 
v 0.0479852 0.00253346 0.025 
v 0.0480983 0.00265165 0.025 
v 0.0482165 0.00276479 0.025 
v 0.0483395 0.00287267 0.025 
v 0.0484671 0.00297508 0.025 
v 0.0485991 0.00307182 0.025 
v 0.0487351 0.00316272 0.025 
v 0.048875 0.0032476 0.025 
v 0.0490184 0.00332629 0.025 
v 0.0491652 0.00339865 0.025 
v 0.0493149 0.00346455 0.025 
v 0.0494674 0.00352385 0.025 
v 0.0496224 0.00357644 0.025 
v 0.0497794 0.00362222 0.025 
v 0.0499384 0.00366111 0.025 
v 0.0500988 0.00369303 0.025 
v 0.0502605 0.00371792 0.025 
v 0.0504232 0.00373573 0.025 
v 0.0505864 0.00374643 0.025 
v 0.05075 0.00375 0.025 
v 0.0509136 0.00374643 0.025 
v 0.0510768 0.00373573 0.025 
v 0.0512395 0.00371792 0.025 
v 0.0514012 0.00369303 0.025 
v 0.0515616 0.00366111 0.025 
v 0.0517206 0.00362222 0.025 
v 0.0518776 0.00357644 0.025 
v 0.0520326 0.00352385 0.025 
v 0.0521851 0.00346455 0.025 
v 0.0523348 0.00339865 0.025 
v 0.0524816 0.00332629 0.025 
v 0.052625 0.0032476 0.025 
v 0.0527649 0.00316272 0.025 
v 0.0529009 0.00307182 0.025 
v 0.0530329 0.00297508 0.025 
v 0.0531605 0.00287267 0.025 
v 0.0532835 0.00276479 0.025 
v 0.0534017 0.00265165 0.025 
v 0.0535148 0.00253346 0.025 
v 0.0536227 0.00241045 0.025 
v 0.0537251 0.00228286 0.025 
v 0.0538218 0.00215091 0.025 
v 0.0539127 0.00201487 0.025 
v 0.0539976 0.001875 0.025 
v 0.0540763 0.00173156 0.025 
v 0.0541487 0.00158482 0.025 
v 0.0542145 0.00143506 0.025 
v 0.0542738 0.00128258 0.025 
v 0.0543264 0.00112765 0.025 
v 0.0543722 0.000970571 0.025 
v 0.0544111 0.000811649 0.025 
v 0.054443 0.000651181 0.025 
v 0.0544679 0.000489473 0.025 
v 0.0544857 0.000326834 0.025 
v 0.0544964 0.000163573 0.025 
v 0.0545 1.60735e-18 0.025 
v 0.0544964 -0.000163573 0.025 
v 0.0544857 -0.000326834 0.025 
v 0.0544679 -0.000489473 0.025 
v 0.054443 -0.000651181 0.025 
v 0.0544111 -0.000811649 0.025 
v 0.0543722 -0.000970571 0.025 
v 0.0543264 -0.00112765 0.025 
v 0.0542738 -0.00128258 0.025 
v 0.0542145 -0.00143506 0.025 
v 0.0541487 -0.00158482 0.025 
v 0.0540763 -0.00173156 0.025 
v 0.0539976 -0.001875 0.025 
v 0.0539127 -0.00201487 0.025 
v 0.0538218 -0.00215091 0.025 
v 0.0537251 -0.00228286 0.025 
v 0.0536227 -0.00241045 0.025 
v 0.0535148 -0.00253346 0.025 
v 0.0534017 -0.00265165 0.025 
v 0.0532835 -0.00276479 0.025 
v 0.0531605 -0.00287267 0.025 
v 0.0530329 -0.00297508 0.025 
v 0.0529009 -0.00307182 0.025 
v 0.0527649 -0.00316272 0.025 
v 0.052625 -0.0032476 0.025 
v 0.0524816 -0.00332629 0.025 
v 0.0523348 -0.00339865 0.025 
v 0.0521851 -0.00346455 0.025 
v 0.0520326 -0.00352385 0.025 
v 0.0518776 -0.00357644 0.025 
v 0.0517206 -0.00362222 0.025 
v 0.0515616 -0.00366111 0.025 
v 0.0514012 -0.00369303 0.025 
v 0.0512395 -0.00371792 0.025 
v 0.0510768 -0.00373573 0.025 
v 0.0509136 -0.00374643 0.025 
v 0.05075 -0.00375 0.025 
v 0.0505864 -0.00374643 0.025 
v 0.0504232 -0.00373573 0.025 
v 0.0502605 -0.00371792 0.025 
v 0.0500988 -0.00369303 0.025 
v 0.0499384 -0.00366111 0.025 
v 0.0497794 -0.00362222 0.025 
v 0.0496224 -0.00357644 0.025 
v 0.0494674 -0.00352385 0.025 
v 0.0493149 -0.00346455 0.025 
v 0.0491652 -0.00339865 0.025 
v 0.0490184 -0.00332629 0.025 
v 0.048875 -0.0032476 0.025 
v 0.0487351 -0.00316272 0.025 
v 0.0485991 -0.00307182 0.025 
v 0.0484671 -0.00297508 0.025 
v 0.0483395 -0.00287267 0.025 
v 0.0482165 -0.00276479 0.025 
v 0.0480983 -0.00265165 0.025 
v 0.0479852 -0.00253346 0.025 
v 0.0478773 -0.00241045 0.025 
v 0.0477749 -0.00228286 0.025 
v 0.0476782 -0.00215091 0.025 
v 0.0475873 -0.00201487 0.025 
v 0.0475024 -0.001875 0.025 
v 0.0474237 -0.00173156 0.025 
v 0.0473513 -0.00158482 0.025 
v 0.0472855 -0.00143506 0.025 
v 0.0472262 -0.00128258 0.025 
v 0.0471736 -0.00112765 0.025 
v 0.0471278 -0.000970571 0.025 
v 0.0470889 -0.000811649 0.025 
v 0.047057 -0.000651181 0.025 
v 0.0470321 -0.000489473 0.025 
v 0.0470143 -0.000326834 0.025 
v 0.0470036 -0.000163573 0.025 
v 0.05075 2.29621e-19 0.025 
v 0.0165 2.60237e-19 0.025 
v 0.0165036 0.000163573 0.025 
v 0.0165143 0.000326834 0.025 
v 0.0165321 0.000489473 0.025 
v 0.016557 0.000651181 0.025 
v 0.0165889 0.000811649 0.025 
v 0.0166278 0.000970571 0.025 
v 0.0166736 0.00112765 0.025 
v 0.0167262 0.00128258 0.025 
v 0.0167855 0.00143506 0.025 
v 0.0168513 0.00158482 0.025 
v 0.0169237 0.00173156 0.025 
v 0.0170024 0.001875 0.025 
v 0.0170873 0.00201487 0.025 
v 0.0171782 0.00215091 0.025 
v 0.0172749 0.00228286 0.025 
v 0.0173773 0.00241045 0.025 
v 0.0174852 0.00253346 0.025 
v 0.0175983 0.00265165 0.025 
v 0.0177165 0.00276479 0.025 
v 0.0178395 0.00287267 0.025 
v 0.0179671 0.00297508 0.025 
v 0.0180991 0.00307182 0.025 
v 0.0182351 0.00316272 0.025 
v 0.018375 0.0032476 0.025 
v 0.0185184 0.00332629 0.025 
v 0.0186652 0.00339865 0.025 
v 0.0188149 0.00346455 0.025 
v 0.0189674 0.00352385 0.025 
v 0.0191224 0.00357644 0.025 
v 0.0192794 0.00362222 0.025 
v 0.0194384 0.00366111 0.025 
v 0.0195988 0.00369303 0.025 
v 0.0197605 0.00371792 0.025 
v 0.0199232 0.00373573 0.025 
v 0.0200864 0.00374643 0.025 
v 0.02025 0.00375 0.025 
v 0.0204136 0.00374643 0.025 
v 0.0205768 0.00373573 0.025 
v 0.0207395 0.00371792 0.025 
v 0.0209012 0.00369303 0.025 
v 0.0210616 0.00366111 0.025 
v 0.0212206 0.00362222 0.025 
v 0.0213776 0.00357644 0.025 
v 0.0215326 0.00352385 0.025 
v 0.0216851 0.00346455 0.025 
v 0.0218348 0.00339865 0.025 
v 0.0219816 0.00332629 0.025 
v 0.022125 0.0032476 0.025 
v 0.0222649 0.00316272 0.025 
v 0.0224009 0.00307182 0.025 
v 0.0225329 0.00297508 0.025 
v 0.0226605 0.00287267 0.025 
v 0.0227835 0.00276479 0.025 
v 0.0229017 0.00265165 0.025 
v 0.0230148 0.00253346 0.025 
v 0.0231227 0.00241045 0.025 
v 0.0232251 0.00228286 0.025 
v 0.0233218 0.00215091 0.025 
v 0.0234127 0.00201487 0.025 
v 0.0234976 0.001875 0.025 
v 0.0235763 0.00173156 0.025 
v 0.0236487 0.00158482 0.025 
v 0.0237145 0.00143506 0.025 
v 0.0237738 0.00128258 0.025 
v 0.0238264 0.00112765 0.025 
v 0.0238722 0.000970571 0.025 
v 0.0239111 0.000811649 0.025 
v 0.023943 0.000651181 0.025 
v 0.0239679 0.000489473 0.025 
v 0.0239857 0.000326834 0.025 
v 0.0239964 0.000163573 0.025 
v 0.024 1.63797e-18 0.025 
v 0.0239964 -0.000163573 0.025 
v 0.0239857 -0.000326834 0.025 
v 0.0239679 -0.000489473 0.025 
v 0.023943 -0.000651181 0.025 
v 0.0239111 -0.000811649 0.025 
v 0.0238722 -0.000970571 0.025 
v 0.0238264 -0.00112765 0.025 
v 0.0237738 -0.00128258 0.025 
v 0.0237145 -0.00143506 0.025 
v 0.0236487 -0.00158482 0.025 
v 0.0235763 -0.00173156 0.025 
v 0.0234976 -0.001875 0.025 
v 0.0234127 -0.00201487 0.025 
v 0.0233218 -0.00215091 0.025 
v 0.0232251 -0.00228286 0.025 
v 0.0231227 -0.00241045 0.025 
v 0.0230148 -0.00253346 0.025 
v 0.0229017 -0.00265165 0.025 
v 0.0227835 -0.00276479 0.025 
v 0.0226605 -0.00287267 0.025 
v 0.0225329 -0.00297508 0.025 
v 0.0224009 -0.00307182 0.025 
v 0.0222649 -0.00316272 0.025 
v 0.022125 -0.0032476 0.025 
v 0.0219816 -0.00332629 0.025 
v 0.0218348 -0.00339865 0.025 
v 0.0216851 -0.00346455 0.025 
v 0.0215326 -0.00352385 0.025 
v 0.0213776 -0.00357644 0.025 
v 0.0212206 -0.00362222 0.025 
v 0.0210616 -0.00366111 0.025 
v 0.0209012 -0.00369303 0.025 
v 0.0207395 -0.00371792 0.025 
v 0.0205768 -0.00373573 0.025 
v 0.0204136 -0.00374643 0.025 
v 0.02025 -0.00375 0.025 
v 0.0200864 -0.00374643 0.025 
v 0.0199232 -0.00373573 0.025 
v 0.0197605 -0.00371792 0.025 
v 0.0195988 -0.00369303 0.025 
v 0.0194384 -0.00366111 0.025 
v 0.0192794 -0.00362222 0.025 
v 0.0191224 -0.00357644 0.025 
v 0.0189674 -0.00352385 0.025 
v 0.0188149 -0.00346455 0.025 
v 0.0186652 -0.00339865 0.025 
v 0.0185184 -0.00332629 0.025 
v 0.018375 -0.0032476 0.025 
v 0.0182351 -0.00316272 0.025 
v 0.0180991 -0.00307182 0.025 
v 0.0179671 -0.00297508 0.025 
v 0.0178395 -0.00287267 0.025 
v 0.0177165 -0.00276479 0.025 
v 0.0175983 -0.00265165 0.025 
v 0.0174852 -0.00253346 0.025 
v 0.0173773 -0.00241045 0.025 
v 0.0172749 -0.00228286 0.025 
v 0.0171782 -0.00215091 0.025 
v 0.0170873 -0.00201487 0.025 
v 0.0170024 -0.001875 0.025 
v 0.0169237 -0.00173156 0.025 
v 0.0168513 -0.00158482 0.025 
v 0.0167855 -0.00143506 0.025 
v 0.0167262 -0.00128258 0.025 
v 0.0166736 -0.00112765 0.025 
v 0.0166278 -0.000970571 0.025 
v 0.0165889 -0.000811649 0.025 
v 0.016557 -0.000651181 0.025 
v 0.0165321 -0.000489473 0.025 
v 0.0165143 -0.000326834 0.025 
v 0.0165036 -0.000163573 0.025 
v 0.02025 2.60237e-19 0.025 
vn 0 0 1 
vn -0.707107 0 0.707107 
vn -0.706434 0.0308436 0.707107 
vn -0.704416 0.0616284 0.707107 
vn -0.701057 0.092296 0.707107 
vn -0.696364 0.122788 0.707107 
vn -0.690346 0.153046 0.707107 
vn -0.683013 0.183013 0.707107 
vn -0.67438 0.212631 0.707107 
vn -0.664463 0.241845 0.707107 
vn -0.653281 0.270598 0.707107 
vn -0.640856 0.298836 0.707107 
vn -0.627211 0.326506 0.707107 
vn -0.612372 0.353553 0.707107 
vn -0.596368 0.379928 0.707107 
vn -0.579228 0.40558 0.707107 
vn -0.560986 0.430459 0.707107 
vn -0.541675 0.454519 0.707107 
vn -0.521334 0.477714 0.707107 
vn -0.5 0.5 0.707107 
vn -0.477714 0.521334 0.707107 
vn -0.454519 0.541675 0.707107 
vn -0.430459 0.560986 0.707107 
vn -0.40558 0.579228 0.707107 
vn -0.379928 0.596368 0.707107 
vn -0.353553 0.612372 0.707107 
vn -0.326506 0.627211 0.707107 
vn -0.298836 0.640856 0.707107 
vn -0.270598 0.653281 0.707107 
vn -0.241845 0.664463 0.707107 
vn -0.212631 0.67438 0.707107 
vn -0.183013 0.683013 0.707107 
vn -0.153046 0.690346 0.707107 
vn -0.122788 0.696364 0.707107 
vn -0.092296 0.701057 0.707107 
vn -0.0616284 0.704416 0.707107 
vn -0.0308436 0.706434 0.707107 
vn -1.96262e-17 0.707107 0.707107 
vn 0.0308436 0.706434 0.707107 
vn 0.0616284 0.704416 0.707107 
vn 0.092296 0.701057 0.707107 
vn 0.122788 0.696364 0.707107 
vn 0.153046 0.690346 0.707107 
vn 0.183013 0.683013 0.707107 
vn 0.212631 0.67438 0.707107 
vn 0.241845 0.664463 0.707107 
vn 0.270598 0.653281 0.707107 
vn 0.298836 0.640856 0.707107 
vn 0.326506 0.627211 0.707107 
vn 0.353553 0.612372 0.707107 
vn 0.379928 0.596368 0.707107 
vn 0.40558 0.579228 0.707107 
vn 0.430459 0.560986 0.707107 
vn 0.454519 0.541675 0.707107 
vn 0.477714 0.521334 0.707107 
vn 0.5 0.5 0.707107 
vn 0.521334 0.477714 0.707107 
vn 0.541675 0.454519 0.707107 
vn 0.560986 0.430459 0.707107 
vn 0.579228 0.40558 0.707107 
vn 0.596368 0.379928 0.707107 
vn 0.612372 0.353553 0.707107 
vn 0.627211 0.326506 0.707107 
vn 0.640856 0.298836 0.707107 
vn 0.653281 0.270598 0.707107 
vn 0.664463 0.241845 0.707107 
vn 0.67438 0.212631 0.707107 
vn 0.683013 0.183013 0.707107 
vn 0.690346 0.153046 0.707107 
vn 0.696364 0.122788 0.707107 
vn 0.701057 0.092296 0.707107 
vn 0.704416 0.0616284 0.707107 
vn 0.706434 0.0308436 0.707107 
vn 0.707107 2.06075e-16 0.707107 
vn 0.706434 -0.0308436 0.707107 
vn 0.704416 -0.0616284 0.707107 
vn 0.701057 -0.092296 0.707107 
vn 0.696364 -0.122788 0.707107 
vn 0.690346 -0.153046 0.707107 
vn 0.683013 -0.183013 0.707107 
vn 0.67438 -0.212631 0.707107 
vn 0.664463 -0.241845 0.707107 
vn 0.653281 -0.270598 0.707107 
vn 0.640856 -0.298836 0.707107 
vn 0.627211 -0.326506 0.707107 
vn 0.612372 -0.353553 0.707107 
vn 0.596368 -0.379928 0.707107 
vn 0.579228 -0.40558 0.707107 
vn 0.560986 -0.430459 0.707107 
vn 0.541675 -0.454519 0.707107 
vn 0.521334 -0.477714 0.707107 
vn 0.5 -0.5 0.707107 
vn 0.477714 -0.521334 0.707107 
vn 0.454519 -0.541675 0.707107 
vn 0.430459 -0.560986 0.707107 
vn 0.40558 -0.579228 0.707107 
vn 0.379928 -0.596368 0.707107 
vn 0.353553 -0.612372 0.707107 
vn 0.326506 -0.627211 0.707107 
vn 0.298836 -0.640856 0.707107 
vn 0.270598 -0.653281 0.707107 
vn 0.241845 -0.664463 0.707107 
vn 0.212631 -0.67438 0.707107 
vn 0.183013 -0.683013 0.707107 
vn 0.153046 -0.690346 0.707107 
vn 0.122788 -0.696364 0.707107 
vn 0.092296 -0.701057 0.707107 
vn 0.0616284 -0.704416 0.707107 
vn 0.0308436 -0.706434 0.707107 
vn 2.06075e-16 -0.707107 0.707107 
vn -0.0308436 -0.706434 0.707107 
vn -0.0616284 -0.704416 0.707107 
vn -0.092296 -0.701057 0.707107 
vn -0.122788 -0.696364 0.707107 
vn -0.153046 -0.690346 0.707107 
vn -0.183013 -0.683013 0.707107 
vn -0.212631 -0.67438 0.707107 
vn -0.241845 -0.664463 0.707107 
vn -0.270598 -0.653281 0.707107 
vn -0.298836 -0.640856 0.707107 
vn -0.326506 -0.627211 0.707107 
vn -0.353553 -0.612372 0.707107 
vn -0.379928 -0.596368 0.707107 
vn -0.40558 -0.579228 0.707107 
vn -0.430459 -0.560986 0.707107 
vn -0.454519 -0.541675 0.707107 
vn -0.477714 -0.521334 0.707107 
vn -0.5 -0.5 0.707107 
vn -0.521334 -0.477714 0.707107 
vn -0.541675 -0.454519 0.707107 
vn -0.560986 -0.430459 0.707107 
vn -0.579228 -0.40558 0.707107 
vn -0.596368 -0.379928 0.707107 
vn -0.612372 -0.353553 0.707107 
vn -0.627211 -0.326506 0.707107 
vn -0.640856 -0.298836 0.707107 
vn -0.653281 -0.270598 0.707107 
vn -0.664463 -0.241845 0.707107 
vn -0.67438 -0.212631 0.707107 
vn -0.683013 -0.183013 0.707107 
vn -0.690346 -0.153046 0.707107 
vn -0.696364 -0.122788 0.707107 
vn -0.701057 -0.092296 0.707107 
vn -0.704416 -0.0616284 0.707107 
vn -0.706434 -0.0308436 0.707107 
vn -1 0 0 
vn -0.999048 0.0436194 0 
vn -0.996195 0.0871557 0 
vn -0.991445 0.130526 0 
vn -0.984808 0.173648 0 
vn -0.976296 0.21644 0 
vn -0.965926 0.258819 0 
vn -0.953717 0.300706 0 
vn -0.939693 0.34202 0 
vn -0.92388 0.382683 0 
vn -0.906308 0.422618 0 
vn -0.887011 0.461749 0 
vn -0.866025 0.5 0 
vn -0.843391 0.5373 0 
vn -0.819152 0.573576 0 
vn -0.793353 0.608761 0 
vn -0.766044 0.642788 0 
vn -0.737277 0.67559 0 
vn -0.707107 0.707107 0 
vn -0.67559 0.737277 0 
vn -0.642788 0.766044 0 
vn -0.608761 0.793353 0 
vn -0.573576 0.819152 0 
vn -0.5373 0.843391 0 
vn -0.5 0.866025 0 
vn -0.461749 0.887011 0 
vn -0.422618 0.906308 0 
vn -0.382683 0.92388 0 
vn -0.34202 0.939693 0 
vn -0.300706 0.953717 0 
vn -0.258819 0.965926 0 
vn -0.21644 0.976296 0 
vn -0.173648 0.984808 0 
vn -0.130526 0.991445 0 
vn -0.0871557 0.996195 0 
vn -0.0436194 0.999048 0 
vn -6.12323e-17 1 0 
vn 0.0436194 0.999048 0 
vn 0.0871557 0.996195 0 
vn 0.130526 0.991445 0 
vn 0.173648 0.984808 0 
vn 0.21644 0.976296 0 
vn 0.258819 0.965926 0 
vn 0.300706 0.953717 0 
vn 0.34202 0.939693 0 
vn 0.382683 0.92388 0 
vn 0.422618 0.906308 0 
vn 0.461749 0.887011 0 
vn 0.5 0.866025 0 
vn 0.5373 0.843391 0 
vn 0.573576 0.819152 0 
vn 0.608761 0.793353 0 
vn 0.642788 0.766044 0 
vn 0.67559 0.737277 0 
vn 0.707107 0.707107 0 
vn 0.737277 0.67559 0 
vn 0.766044 0.642788 0 
vn 0.793353 0.608761 0 
vn 0.819152 0.573576 0 
vn 0.843391 0.5373 0 
vn 0.866025 0.5 0 
vn 0.887011 0.461749 0 
vn 0.906308 0.422618 0 
vn 0.92388 0.382683 0 
vn 0.939693 0.34202 0 
vn 0.953717 0.300706 0 
vn 0.965926 0.258819 0 
vn 0.976296 0.21644 0 
vn 0.984808 0.173648 0 
vn 0.991445 0.130526 0 
vn 0.996195 0.0871557 0 
vn 0.999048 0.0436194 0 
vn 1 1.22465e-16 0 
vn 0.999048 -0.0436194 0 
vn 0.996195 -0.0871557 0 
vn 0.991445 -0.130526 0 
vn 0.984808 -0.173648 0 
vn 0.976296 -0.21644 0 
vn 0.965926 -0.258819 0 
vn 0.953717 -0.300706 0 
vn 0.939693 -0.34202 0 
vn 0.92388 -0.382683 0 
vn 0.906308 -0.422618 0 
vn 0.887011 -0.461749 0 
vn 0.866025 -0.5 0 
vn 0.843391 -0.5373 0 
vn 0.819152 -0.573576 0 
vn 0.793353 -0.608761 0 
vn 0.766044 -0.642788 0 
vn 0.737277 -0.67559 0 
vn 0.707107 -0.707107 0 
vn 0.67559 -0.737277 0 
vn 0.642788 -0.766044 0 
vn 0.608761 -0.793353 0 
vn 0.573576 -0.819152 0 
vn 0.5373 -0.843391 0 
vn 0.5 -0.866025 0 
vn 0.461749 -0.887011 0 
vn 0.422618 -0.906308 0 
vn 0.382683 -0.92388 0 
vn 0.34202 -0.939693 0 
vn 0.300706 -0.953717 0 
vn 0.258819 -0.965926 0 
vn 0.21644 -0.976296 0 
vn 0.173648 -0.984808 0 
vn 0.130526 -0.991445 0 
vn 0.0871557 -0.996195 0 
vn 0.0436194 -0.999048 0 
vn 1.83697e-16 -1 0 
vn -0.0436194 -0.999048 0 
vn -0.0871557 -0.996195 0 
vn -0.130526 -0.991445 0 
vn -0.173648 -0.984808 0 
vn -0.21644 -0.976296 0 
vn -0.258819 -0.965926 0 
vn -0.300706 -0.953717 0 
vn -0.34202 -0.939693 0 
vn -0.382683 -0.92388 0 
vn -0.422618 -0.906308 0 
vn -0.461749 -0.887011 0 
vn -0.5 -0.866025 0 
vn -0.5373 -0.843391 0 
vn -0.573576 -0.819152 0 
vn -0.608761 -0.793353 0 
vn -0.642788 -0.766044 0 
vn -0.67559 -0.737277 0 
vn -0.707107 -0.707107 0 
vn -0.737277 -0.67559 0 
vn -0.766044 -0.642788 0 
vn -0.793353 -0.608761 0 
vn -0.819152 -0.573576 0 
vn -0.843391 -0.5373 0 
vn -0.866025 -0.5 0 
vn -0.887011 -0.461749 0 
vn -0.906308 -0.422618 0 
vn -0.92388 -0.382683 0 
vn -0.939693 -0.34202 0 
vn -0.953717 -0.300706 0 
vn -0.965926 -0.258819 0 
vn -0.976296 -0.21644 0 
vn -0.984808 -0.173648 0 
vn -0.991445 -0.130526 0 
vn -0.996195 -0.0871557 0 
vn -0.999048 -0.0436194 0 
vn 0 0 1 
vn 1 1.85037e-16 0 
vn 0 0 -1 
vn 0 1 0 
vn -1 -1.85037e-16 0 
vn 0 -1 0 
vn -0.999048 0.0436194 0 
vn -1 2.44929e-16 0 
vn -0.996195 0.0871557 0 
vn -0.999048 0.0436194 0 
vn -0.991445 0.130526 0 
vn -0.996195 0.0871557 0 
vn -0.984808 0.173648 0 
vn -0.991445 0.130526 0 
vn -0.976296 0.21644 0 
vn -0.984808 0.173648 0 
vn -0.965926 0.258819 0 
vn -0.976296 0.21644 0 
vn -0.953717 0.300706 0 
vn -0.965926 0.258819 0 
vn -0.939693 0.34202 0 
vn -0.953717 0.300706 0 
vn -0.92388 0.382683 0 
vn -0.939693 0.34202 0 
vn -0.906308 0.422618 0 
vn -0.92388 0.382683 0 
vn -0.887011 0.461749 0 
vn -0.906308 0.422618 0 
vn -0.866025 0.5 0 
vn -0.887011 0.461749 0 
vn -0.843391 0.5373 0 
vn -0.866025 0.5 0 
vn -0.819152 0.573576 0 
vn -0.843391 0.5373 0 
vn -0.793353 0.608761 0 
vn -0.819152 0.573576 0 
vn -0.766044 0.642788 0 
vn -0.793353 0.608761 0 
vn -0.737277 0.67559 0 
vn -0.766044 0.642788 0 
vn -0.707107 0.707107 0 
vn -0.737277 0.67559 0 
vn -0.67559 0.737277 0 
vn -0.707107 0.707107 0 
vn -0.642788 0.766044 0 
vn -0.67559 0.737277 0 
vn -0.608761 0.793353 0 
vn -0.642788 0.766044 0 
vn -0.573576 0.819152 0 
vn -0.608761 0.793353 0 
vn -0.5373 0.843391 0 
vn -0.573576 0.819152 0 
vn -0.5 0.866025 0 
vn -0.5373 0.843391 0 
vn -0.461749 0.887011 0 
vn -0.5 0.866025 0 
vn -0.422618 0.906308 0 
vn -0.461749 0.887011 0 
vn -0.382683 0.92388 0 
vn -0.422618 0.906308 0 
vn -0.34202 0.939693 0 
vn -0.382683 0.92388 0 
vn -0.300706 0.953717 0 
vn -0.34202 0.939693 0 
vn -0.258819 0.965926 0 
vn -0.300706 0.953717 0 
vn -0.21644 0.976296 0 
vn -0.258819 0.965926 0 
vn -0.173648 0.984808 0 
vn -0.21644 0.976296 0 
vn -0.130526 0.991445 0 
vn -0.173648 0.984808 0 
vn -0.0871557 0.996195 0 
vn -0.130526 0.991445 0 
vn -0.0436194 0.999048 0 
vn -0.0871557 0.996195 0 
vn 1.83697e-16 1 0 
vn -0.0436194 0.999048 0 
vn 0.0436194 0.999048 0 
vn 1.83697e-16 1 0 
vn 0.0871557 0.996195 0 
vn 0.0436194 0.999048 0 
vn 0.130526 0.991445 0 
vn 0.0871557 0.996195 0 
vn 0.173648 0.984808 0 
vn 0.130526 0.991445 0 
vn 0.21644 0.976296 0 
vn 0.173648 0.984808 0 
vn 0.258819 0.965926 0 
vn 0.21644 0.976296 0 
vn 0.300706 0.953717 0 
vn 0.258819 0.965926 0 
vn 0.34202 0.939693 0 
vn 0.300706 0.953717 0 
vn 0.382683 0.92388 0 
vn 0.34202 0.939693 0 
vn 0.422618 0.906308 0 
vn 0.382683 0.92388 0 
vn 0.461749 0.887011 0 
vn 0.422618 0.906308 0 
vn 0.5 0.866025 0 
vn 0.461749 0.887011 0 
vn 0.5373 0.843391 0 
vn 0.5 0.866025 0 
vn 0.573576 0.819152 0 
vn 0.5373 0.843391 0 
vn 0.608761 0.793353 0 
vn 0.573576 0.819152 0 
vn 0.642788 0.766044 0 
vn 0.608761 0.793353 0 
vn 0.67559 0.737277 0 
vn 0.642788 0.766044 0 
vn 0.707107 0.707107 0 
vn 0.67559 0.737277 0 
vn 0.737277 0.67559 0 
vn 0.707107 0.707107 0 
vn 0.766044 0.642788 0 
vn 0.737277 0.67559 0 
vn 0.793353 0.608761 0 
vn 0.766044 0.642788 0 
vn 0.819152 0.573576 0 
vn 0.793353 0.608761 0 
vn 0.843391 0.5373 0 
vn 0.819152 0.573576 0 
vn 0.866025 0.5 0 
vn 0.843391 0.5373 0 
vn 0.887011 0.461749 0 
vn 0.866025 0.5 0 
vn 0.906308 0.422618 0 
vn 0.887011 0.461749 0 
vn 0.92388 0.382683 0 
vn 0.906308 0.422618 0 
vn 0.939693 0.34202 0 
vn 0.92388 0.382683 0 
vn 0.953717 0.300706 0 
vn 0.939693 0.34202 0 
vn 0.965926 0.258819 0 
vn 0.953717 0.300706 0 
vn 0.976296 0.21644 0 
vn 0.965926 0.258819 0 
vn 0.984808 0.173648 0 
vn 0.976296 0.21644 0 
vn 0.991445 0.130526 0 
vn 0.984808 0.173648 0 
vn 0.996195 0.0871557 0 
vn 0.991445 0.130526 0 
vn 0.999048 0.0436194 0 
vn 0.996195 0.0871557 0 
vn 1 -1.22465e-16 0 
vn 0.999048 0.0436194 0 
vn 0.999048 -0.0436194 0 
vn 1 -1.22465e-16 0 
vn 0.996195 -0.0871557 0 
vn 0.999048 -0.0436194 0 
vn 0.991445 -0.130526 0 
vn 0.996195 -0.0871557 0 
vn 0.984808 -0.173648 0 
vn 0.991445 -0.130526 0 
vn 0.976296 -0.21644 0 
vn 0.984808 -0.173648 0 
vn 0.965926 -0.258819 0 
vn 0.976296 -0.21644 0 
vn 0.953717 -0.300706 0 
vn 0.965926 -0.258819 0 
vn 0.939693 -0.34202 0 
vn 0.953717 -0.300706 0 
vn 0.92388 -0.382683 0 
vn 0.939693 -0.34202 0 
vn 0.906308 -0.422618 0 
vn 0.92388 -0.382683 0 
vn 0.887011 -0.461749 0 
vn 0.906308 -0.422618 0 
vn 0.866025 -0.5 0 
vn 0.887011 -0.461749 0 
vn 0.843391 -0.5373 0 
vn 0.866025 -0.5 0 
vn 0.819152 -0.573576 0 
vn 0.843391 -0.5373 0 
vn 0.793353 -0.608761 0 
vn 0.819152 -0.573576 0 
vn 0.766044 -0.642788 0 
vn 0.793353 -0.608761 0 
vn 0.737277 -0.67559 0 
vn 0.766044 -0.642788 0 
vn 0.707107 -0.707107 0 
vn 0.737277 -0.67559 0 
vn 0.67559 -0.737277 0 
vn 0.707107 -0.707107 0 
vn 0.642788 -0.766044 0 
vn 0.67559 -0.737277 0 
vn 0.608761 -0.793353 0 
vn 0.642788 -0.766044 0 
vn 0.573576 -0.819152 0 
vn 0.608761 -0.793353 0 
vn 0.5373 -0.843391 0 
vn 0.573576 -0.819152 0 
vn 0.5 -0.866025 0 
vn 0.5373 -0.843391 0 
vn 0.461749 -0.887011 0 
vn 0.5 -0.866025 0 
vn 0.422618 -0.906308 0 
vn 0.461749 -0.887011 0 
vn 0.382683 -0.92388 0 
vn 0.422618 -0.906308 0 
vn 0.34202 -0.939693 0 
vn 0.382683 -0.92388 0 
vn 0.300706 -0.953717 0 
vn 0.34202 -0.939693 0 
vn 0.258819 -0.965926 0 
vn 0.300706 -0.953717 0 
vn 0.21644 -0.976296 0 
vn 0.258819 -0.965926 0 
vn 0.173648 -0.984808 0 
vn 0.21644 -0.976296 0 
vn 0.130526 -0.991445 0 
vn 0.173648 -0.984808 0 
vn 0.0871557 -0.996195 0 
vn 0.130526 -0.991445 0 
vn 0.0436194 -0.999048 0 
vn 0.0871557 -0.996195 0 
vn -6.12323e-17 -1 0 
vn 0.0436194 -0.999048 0 
vn -0.0436194 -0.999048 0 
vn -6.12323e-17 -1 0 
vn -0.0871557 -0.996195 0 
vn -0.0436194 -0.999048 0 
vn -0.130526 -0.991445 0 
vn -0.0871557 -0.996195 0 
vn -0.173648 -0.984808 0 
vn -0.130526 -0.991445 0 
vn -0.21644 -0.976296 0 
vn -0.173648 -0.984808 0 
vn -0.258819 -0.965926 0 
vn -0.21644 -0.976296 0 
vn -0.300706 -0.953717 0 
vn -0.258819 -0.965926 0 
vn -0.34202 -0.939693 0 
vn -0.300706 -0.953717 0 
vn -0.382683 -0.92388 0 
vn -0.34202 -0.939693 0 
vn -0.422618 -0.906308 0 
vn -0.382683 -0.92388 0 
vn -0.461749 -0.887011 0 
vn -0.422618 -0.906308 0 
vn -0.5 -0.866025 0 
vn -0.461749 -0.887011 0 
vn -0.5373 -0.843391 0 
vn -0.5 -0.866025 0 
vn -0.573576 -0.819152 0 
vn -0.5373 -0.843391 0 
vn -0.608761 -0.793353 0 
vn -0.573576 -0.819152 0 
vn -0.642788 -0.766044 0 
vn -0.608761 -0.793353 0 
vn -0.67559 -0.737277 0 
vn -0.642788 -0.766044 0 
vn -0.707107 -0.707107 0 
vn -0.67559 -0.737277 0 
vn -0.737277 -0.67559 0 
vn -0.707107 -0.707107 0 
vn -0.766044 -0.642788 0 
vn -0.737277 -0.67559 0 
vn -0.793353 -0.608761 0 
vn -0.766044 -0.642788 0 
vn -0.819152 -0.573576 0 
vn -0.793353 -0.608761 0 
vn -0.843391 -0.5373 0 
vn -0.819152 -0.573576 0 
vn -0.866025 -0.5 0 
vn -0.843391 -0.5373 0 
vn -0.887011 -0.461749 0 
vn -0.866025 -0.5 0 
vn -0.906308 -0.422618 0 
vn -0.887011 -0.461749 0 
vn -0.92388 -0.382683 0 
vn -0.906308 -0.422618 0 
vn -0.939693 -0.34202 0 
vn -0.92388 -0.382683 0 
vn -0.953717 -0.300706 0 
vn -0.939693 -0.34202 0 
vn -0.965926 -0.258819 0 
vn -0.953717 -0.300706 0 
vn -0.976296 -0.21644 0 
vn -0.965926 -0.258819 0 
vn -0.984808 -0.173648 0 
vn -0.976296 -0.21644 0 
vn -0.991445 -0.130526 0 
vn -0.984808 -0.173648 0 
vn -0.996195 -0.0871557 0 
vn -0.991445 -0.130526 0 
vn -0.999048 -0.0436194 0 
vn -0.996195 -0.0871557 0 
vn -0.999048 0.0436194 0 
vn -1 2.44929e-16 0 
vn -0.996195 0.0871557 0 
vn -0.999048 0.0436194 0 
vn -0.991445 0.130526 0 
vn -0.996195 0.0871557 0 
vn -0.984808 0.173648 0 
vn -0.991445 0.130526 0 
vn -0.976296 0.21644 0 
vn -0.984808 0.173648 0 
vn -0.965926 0.258819 0 
vn -0.976296 0.21644 0 
vn -0.953717 0.300706 0 
vn -0.965926 0.258819 0 
vn -0.939693 0.34202 0 
vn -0.953717 0.300706 0 
vn -0.92388 0.382683 0 
vn -0.939693 0.34202 0 
vn -0.906308 0.422618 0 
vn -0.92388 0.382683 0 
vn -0.887011 0.461749 0 
vn -0.906308 0.422618 0 
vn -0.866025 0.5 0 
vn -0.887011 0.461749 0 
vn -0.843391 0.5373 0 
vn -0.866025 0.5 0 
vn -0.819152 0.573576 0 
vn -0.843391 0.5373 0 
vn -0.793353 0.608761 0 
vn -0.819152 0.573576 0 
vn -0.766044 0.642788 0 
vn -0.793353 0.608761 0 
vn -0.737277 0.67559 0 
vn -0.766044 0.642788 0 
vn -0.707107 0.707107 0 
vn -0.737277 0.67559 0 
vn -0.67559 0.737277 0 
vn -0.707107 0.707107 0 
vn -0.642788 0.766044 0 
vn -0.67559 0.737277 0 
vn -0.608761 0.793353 0 
vn -0.642788 0.766044 0 
vn -0.573576 0.819152 0 
vn -0.608761 0.793353 0 
vn -0.5373 0.843391 0 
vn -0.573576 0.819152 0 
vn -0.5 0.866025 0 
vn -0.5373 0.843391 0 
vn -0.461749 0.887011 0 
vn -0.5 0.866025 0 
vn -0.422618 0.906308 0 
vn -0.461749 0.887011 0 
vn -0.382683 0.92388 0 
vn -0.422618 0.906308 0 
vn -0.34202 0.939693 0 
vn -0.382683 0.92388 0 
vn -0.300706 0.953717 0 
vn -0.34202 0.939693 0 
vn -0.258819 0.965926 0 
vn -0.300706 0.953717 0 
vn -0.21644 0.976296 0 
vn -0.258819 0.965926 0 
vn -0.173648 0.984808 0 
vn -0.21644 0.976296 0 
vn -0.130526 0.991445 0 
vn -0.173648 0.984808 0 
vn -0.0871557 0.996195 0 
vn -0.130526 0.991445 0 
vn -0.0436194 0.999048 0 
vn -0.0871557 0.996195 0 
vn 1.83697e-16 1 0 
vn -0.0436194 0.999048 0 
vn 0.0436194 0.999048 0 
vn 1.83697e-16 1 0 
vn 0.0871557 0.996195 0 
vn 0.0436194 0.999048 0 
vn 0.130526 0.991445 0 
vn 0.0871557 0.996195 0 
vn 0.173648 0.984808 0 
vn 0.130526 0.991445 0 
vn 0.21644 0.976296 0 
vn 0.173648 0.984808 0 
vn 0.258819 0.965926 0 
vn 0.21644 0.976296 0 
vn 0.300706 0.953717 0 
vn 0.258819 0.965926 0 
vn 0.34202 0.939693 0 
vn 0.300706 0.953717 0 
vn 0.382683 0.92388 0 
vn 0.34202 0.939693 0 
vn 0.422618 0.906308 0 
vn 0.382683 0.92388 0 
vn 0.461749 0.887011 0 
vn 0.422618 0.906308 0 
vn 0.5 0.866025 0 
vn 0.461749 0.887011 0 
vn 0.5373 0.843391 0 
vn 0.5 0.866025 0 
vn 0.573576 0.819152 0 
vn 0.5373 0.843391 0 
vn 0.608761 0.793353 0 
vn 0.573576 0.819152 0 
vn 0.642788 0.766044 0 
vn 0.608761 0.793353 0 
vn 0.67559 0.737277 0 
vn 0.642788 0.766044 0 
vn 0.707107 0.707107 0 
vn 0.67559 0.737277 0 
vn 0.737277 0.67559 0 
vn 0.707107 0.707107 0 
vn 0.766044 0.642788 0 
vn 0.737277 0.67559 0 
vn 0.793353 0.608761 0 
vn 0.766044 0.642788 0 
vn 0.819152 0.573576 0 
vn 0.793353 0.608761 0 
vn 0.843391 0.5373 0 
vn 0.819152 0.573576 0 
vn 0.866025 0.5 0 
vn 0.843391 0.5373 0 
vn 0.887011 0.461749 0 
vn 0.866025 0.5 0 
vn 0.906308 0.422618 0 
vn 0.887011 0.461749 0 
vn 0.92388 0.382683 0 
vn 0.906308 0.422618 0 
vn 0.939693 0.34202 0 
vn 0.92388 0.382683 0 
vn 0.953717 0.300706 0 
vn 0.939693 0.34202 0 
vn 0.965926 0.258819 0 
vn 0.953717 0.300706 0 
vn 0.976296 0.21644 0 
vn 0.965926 0.258819 0 
vn 0.984808 0.173648 0 
vn 0.976296 0.21644 0 
vn 0.991445 0.130526 0 
vn 0.984808 0.173648 0 
vn 0.996195 0.0871557 0 
vn 0.991445 0.130526 0 
vn 0.999048 0.0436194 0 
vn 0.996195 0.0871557 0 
vn 1 -1.22465e-16 0 
vn 0.999048 0.0436194 0 
vn 0.999048 -0.0436194 0 
vn 1 -1.22465e-16 0 
vn 0.996195 -0.0871557 0 
vn 0.999048 -0.0436194 0 
vn 0.991445 -0.130526 0 
vn 0.996195 -0.0871557 0 
vn 0.984808 -0.173648 0 
vn 0.991445 -0.130526 0 
vn 0.976296 -0.21644 0 
vn 0.984808 -0.173648 0 
vn 0.965926 -0.258819 0 
vn 0.976296 -0.21644 0 
vn 0.953717 -0.300706 0 
vn 0.965926 -0.258819 0 
vn 0.939693 -0.34202 0 
vn 0.953717 -0.300706 0 
vn 0.92388 -0.382683 0 
vn 0.939693 -0.34202 0 
vn 0.906308 -0.422618 0 
vn 0.92388 -0.382683 0 
vn 0.887011 -0.461749 0 
vn 0.906308 -0.422618 0 
vn 0.866025 -0.5 0 
vn 0.887011 -0.461749 0 
vn 0.843391 -0.5373 0 
vn 0.866025 -0.5 0 
vn 0.819152 -0.573576 0 
vn 0.843391 -0.5373 0 
vn 0.793353 -0.608761 0 
vn 0.819152 -0.573576 0 
vn 0.766044 -0.642788 0 
vn 0.793353 -0.608761 0 
vn 0.737277 -0.67559 0 
vn 0.766044 -0.642788 0 
vn 0.707107 -0.707107 0 
vn 0.737277 -0.67559 0 
vn 0.67559 -0.737277 0 
vn 0.707107 -0.707107 0 
vn 0.642788 -0.766044 0 
vn 0.67559 -0.737277 0 
vn 0.608761 -0.793353 0 
vn 0.642788 -0.766044 0 
vn 0.573576 -0.819152 0 
vn 0.608761 -0.793353 0 
vn 0.5373 -0.843391 0 
vn 0.573576 -0.819152 0 
vn 0.5 -0.866025 0 
vn 0.5373 -0.843391 0 
vn 0.461749 -0.887011 0 
vn 0.5 -0.866025 0 
vn 0.422618 -0.906308 0 
vn 0.461749 -0.887011 0 
vn 0.382683 -0.92388 0 
vn 0.422618 -0.906308 0 
vn 0.34202 -0.939693 0 
vn 0.382683 -0.92388 0 
vn 0.300706 -0.953717 0 
vn 0.34202 -0.939693 0 
vn 0.258819 -0.965926 0 
vn 0.300706 -0.953717 0 
vn 0.21644 -0.976296 0 
vn 0.258819 -0.965926 0 
vn 0.173648 -0.984808 0 
vn 0.21644 -0.976296 0 
vn 0.130526 -0.991445 0 
vn 0.173648 -0.984808 0 
vn 0.0871557 -0.996195 0 
vn 0.130526 -0.991445 0 
vn 0.0436194 -0.999048 0 
vn 0.0871557 -0.996195 0 
vn -6.12323e-17 -1 0 
vn 0.0436194 -0.999048 0 
vn -0.0436194 -0.999048 0 
vn -6.12323e-17 -1 0 
vn -0.0871557 -0.996195 0 
vn -0.0436194 -0.999048 0 
vn -0.130526 -0.991445 0 
vn -0.0871557 -0.996195 0 
vn -0.173648 -0.984808 0 
vn -0.130526 -0.991445 0 
vn -0.21644 -0.976296 0 
vn -0.173648 -0.984808 0 
vn -0.258819 -0.965926 0 
vn -0.21644 -0.976296 0 
vn -0.300706 -0.953717 0 
vn -0.258819 -0.965926 0 
vn -0.34202 -0.939693 0 
vn -0.300706 -0.953717 0 
vn -0.382683 -0.92388 0 
vn -0.34202 -0.939693 0 
vn -0.422618 -0.906308 0 
vn -0.382683 -0.92388 0 
vn -0.461749 -0.887011 0 
vn -0.422618 -0.906308 0 
vn -0.5 -0.866025 0 
vn -0.461749 -0.887011 0 
vn -0.5373 -0.843391 0 
vn -0.5 -0.866025 0 
vn -0.573576 -0.819152 0 
vn -0.5373 -0.843391 0 
vn -0.608761 -0.793353 0 
vn -0.573576 -0.819152 0 
vn -0.642788 -0.766044 0 
vn -0.608761 -0.793353 0 
vn -0.67559 -0.737277 0 
vn -0.642788 -0.766044 0 
vn -0.707107 -0.707107 0 
vn -0.67559 -0.737277 0 
vn -0.737277 -0.67559 0 
vn -0.707107 -0.707107 0 
vn -0.766044 -0.642788 0 
vn -0.737277 -0.67559 0 
vn -0.793353 -0.608761 0 
vn -0.766044 -0.642788 0 
vn -0.819152 -0.573576 0 
vn -0.793353 -0.608761 0 
vn -0.843391 -0.5373 0 
vn -0.819152 -0.573576 0 
vn -0.866025 -0.5 0 
vn -0.843391 -0.5373 0 
vn -0.887011 -0.461749 0 
vn -0.866025 -0.5 0 
vn -0.906308 -0.422618 0 
vn -0.887011 -0.461749 0 
vn -0.92388 -0.382683 0 
vn -0.906308 -0.422618 0 
vn -0.939693 -0.34202 0 
vn -0.92388 -0.382683 0 
vn -0.953717 -0.300706 0 
vn -0.939693 -0.34202 0 
vn -0.965926 -0.258819 0 
vn -0.953717 -0.300706 0 
vn -0.976296 -0.21644 0 
vn -0.965926 -0.258819 0 
vn -0.984808 -0.173648 0 
vn -0.976296 -0.21644 0 
vn -0.991445 -0.130526 0 
vn -0.984808 -0.173648 0 
vn -0.996195 -0.0871557 0 
vn -0.991445 -0.130526 0 
vn -0.999048 -0.0436194 0 
vn -0.996195 -0.0871557 0 
vn -0.999048 0.0436194 0 
vn -1 2.44929e-16 0 
vn -0.996195 0.0871557 0 
vn -0.999048 0.0436194 0 
vn -0.991445 0.130526 0 
vn -0.996195 0.0871557 0 
vn -0.984808 0.173648 0 
vn -0.991445 0.130526 0 
vn -0.976296 0.21644 0 
vn -0.984808 0.173648 0 
vn -0.965926 0.258819 0 
vn -0.976296 0.21644 0 
vn -0.953717 0.300706 0 
vn -0.965926 0.258819 0 
vn -0.939693 0.34202 0 
vn -0.953717 0.300706 0 
vn -0.92388 0.382683 0 
vn -0.939693 0.34202 0 
vn -0.906308 0.422618 0 
vn -0.92388 0.382683 0 
vn -0.887011 0.461749 0 
vn -0.906308 0.422618 0 
vn -0.866025 0.5 0 
vn -0.887011 0.461749 0 
vn -0.843391 0.5373 0 
vn -0.866025 0.5 0 
vn -0.819152 0.573576 0 
vn -0.843391 0.5373 0 
vn -0.793353 0.608761 0 
vn -0.819152 0.573576 0 
vn -0.766044 0.642788 0 
vn -0.793353 0.608761 0 
vn -0.737277 0.67559 0 
vn -0.766044 0.642788 0 
vn -0.707107 0.707107 0 
vn -0.737277 0.67559 0 
vn -0.67559 0.737277 0 
vn -0.707107 0.707107 0 
vn -0.642788 0.766044 0 
vn -0.67559 0.737277 0 
vn -0.608761 0.793353 0 
vn -0.642788 0.766044 0 
vn -0.573576 0.819152 0 
vn -0.608761 0.793353 0 
vn -0.5373 0.843391 0 
vn -0.573576 0.819152 0 
vn -0.5 0.866025 0 
vn -0.5373 0.843391 0 
vn -0.461749 0.887011 0 
vn -0.5 0.866025 0 
vn -0.422618 0.906308 0 
vn -0.461749 0.887011 0 
vn -0.382683 0.92388 0 
vn -0.422618 0.906308 0 
vn -0.34202 0.939693 0 
vn -0.382683 0.92388 0 
vn -0.300706 0.953717 0 
vn -0.34202 0.939693 0 
vn -0.258819 0.965926 0 
vn -0.300706 0.953717 0 
vn -0.21644 0.976296 0 
vn -0.258819 0.965926 0 
vn -0.173648 0.984808 0 
vn -0.21644 0.976296 0 
vn -0.130526 0.991445 0 
vn -0.173648 0.984808 0 
vn -0.0871557 0.996195 0 
vn -0.130526 0.991445 0 
vn -0.0436194 0.999048 0 
vn -0.0871557 0.996195 0 
vn 1.83697e-16 1 0 
vn -0.0436194 0.999048 0 
vn 0.0436194 0.999048 0 
vn 1.83697e-16 1 0 
vn 0.0871557 0.996195 0 
vn 0.0436194 0.999048 0 
vn 0.130526 0.991445 0 
vn 0.0871557 0.996195 0 
vn 0.173648 0.984808 0 
vn 0.130526 0.991445 0 
vn 0.21644 0.976296 0 
vn 0.173648 0.984808 0 
vn 0.258819 0.965926 0 
vn 0.21644 0.976296 0 
vn 0.300706 0.953717 0 
vn 0.258819 0.965926 0 
vn 0.34202 0.939693 0 
vn 0.300706 0.953717 0 
vn 0.382683 0.92388 0 
vn 0.34202 0.939693 0 
vn 0.422618 0.906308 0 
vn 0.382683 0.92388 0 
vn 0.461749 0.887011 0 
vn 0.422618 0.906308 0 
vn 0.5 0.866025 0 
vn 0.461749 0.887011 0 
vn 0.5373 0.843391 0 
vn 0.5 0.866025 0 
vn 0.573576 0.819152 0 
vn 0.5373 0.843391 0 
vn 0.608761 0.793353 0 
vn 0.573576 0.819152 0 
vn 0.642788 0.766044 0 
vn 0.608761 0.793353 0 
vn 0.67559 0.737277 0 
vn 0.642788 0.766044 0 
vn 0.707107 0.707107 0 
vn 0.67559 0.737277 0 
vn 0.737277 0.67559 0 
vn 0.707107 0.707107 0 
vn 0.766044 0.642788 0 
vn 0.737277 0.67559 0 
vn 0.793353 0.608761 0 
vn 0.766044 0.642788 0 
vn 0.819152 0.573576 0 
vn 0.793353 0.608761 0 
vn 0.843391 0.5373 0 
vn 0.819152 0.573576 0 
vn 0.866025 0.5 0 
vn 0.843391 0.5373 0 
vn 0.887011 0.461749 0 
vn 0.866025 0.5 0 
vn 0.906308 0.422618 0 
vn 0.887011 0.461749 0 
vn 0.92388 0.382683 0 
vn 0.906308 0.422618 0 
vn 0.939693 0.34202 0 
vn 0.92388 0.382683 0 
vn 0.953717 0.300706 0 
vn 0.939693 0.34202 0 
vn 0.965926 0.258819 0 
vn 0.953717 0.300706 0 
vn 0.976296 0.21644 0 
vn 0.965926 0.258819 0 
vn 0.984808 0.173648 0 
vn 0.976296 0.21644 0 
vn 0.991445 0.130526 0 
vn 0.984808 0.173648 0 
vn 0.996195 0.0871557 0 
vn 0.991445 0.130526 0 
vn 0.999048 0.0436194 0 
vn 0.996195 0.0871557 0 
vn 1 -1.22465e-16 0 
vn 0.999048 0.0436194 0 
vn 0.999048 -0.0436194 0 
vn 1 -1.22465e-16 0 
vn 0.996195 -0.0871557 0 
vn 0.999048 -0.0436194 0 
vn 0.991445 -0.130526 0 
vn 0.996195 -0.0871557 0 
vn 0.984808 -0.173648 0 
vn 0.991445 -0.130526 0 
vn 0.976296 -0.21644 0 
vn 0.984808 -0.173648 0 
vn 0.965926 -0.258819 0 
vn 0.976296 -0.21644 0 
vn 0.953717 -0.300706 0 
vn 0.965926 -0.258819 0 
vn 0.939693 -0.34202 0 
vn 0.953717 -0.300706 0 
vn 0.92388 -0.382683 0 
vn 0.939693 -0.34202 0 
vn 0.906308 -0.422618 0 
vn 0.92388 -0.382683 0 
vn 0.887011 -0.461749 0 
vn 0.906308 -0.422618 0 
vn 0.866025 -0.5 0 
vn 0.887011 -0.461749 0 
vn 0.843391 -0.5373 0 
vn 0.866025 -0.5 0 
vn 0.819152 -0.573576 0 
vn 0.843391 -0.5373 0 
vn 0.793353 -0.608761 0 
vn 0.819152 -0.573576 0 
vn 0.766044 -0.642788 0 
vn 0.793353 -0.608761 0 
vn 0.737277 -0.67559 0 
vn 0.766044 -0.642788 0 
vn 0.707107 -0.707107 0 
vn 0.737277 -0.67559 0 
vn 0.67559 -0.737277 0 
vn 0.707107 -0.707107 0 
vn 0.642788 -0.766044 0 
vn 0.67559 -0.737277 0 
vn 0.608761 -0.793353 0 
vn 0.642788 -0.766044 0 
vn 0.573576 -0.819152 0 
vn 0.608761 -0.793353 0 
vn 0.5373 -0.843391 0 
vn 0.573576 -0.819152 0 
vn 0.5 -0.866025 0 
vn 0.5373 -0.843391 0 
vn 0.461749 -0.887011 0 
vn 0.5 -0.866025 0 
vn 0.422618 -0.906308 0 
vn 0.461749 -0.887011 0 
vn 0.382683 -0.92388 0 
vn 0.422618 -0.906308 0 
vn 0.34202 -0.939693 0 
vn 0.382683 -0.92388 0 
vn 0.300706 -0.953717 0 
vn 0.34202 -0.939693 0 
vn 0.258819 -0.965926 0 
vn 0.300706 -0.953717 0 
vn 0.21644 -0.976296 0 
vn 0.258819 -0.965926 0 
vn 0.173648 -0.984808 0 
vn 0.21644 -0.976296 0 
vn 0.130526 -0.991445 0 
vn 0.173648 -0.984808 0 
vn 0.0871557 -0.996195 0 
vn 0.130526 -0.991445 0 
vn 0.0436194 -0.999048 0 
vn 0.0871557 -0.996195 0 
vn -6.12323e-17 -1 0 
vn 0.0436194 -0.999048 0 
vn -0.0436194 -0.999048 0 
vn -6.12323e-17 -1 0 
vn -0.0871557 -0.996195 0 
vn -0.0436194 -0.999048 0 
vn -0.130526 -0.991445 0 
vn -0.0871557 -0.996195 0 
vn -0.173648 -0.984808 0 
vn -0.130526 -0.991445 0 
vn -0.21644 -0.976296 0 
vn -0.173648 -0.984808 0 
vn -0.258819 -0.965926 0 
vn -0.21644 -0.976296 0 
vn -0.300706 -0.953717 0 
vn -0.258819 -0.965926 0 
vn -0.34202 -0.939693 0 
vn -0.300706 -0.953717 0 
vn -0.382683 -0.92388 0 
vn -0.34202 -0.939693 0 
vn -0.422618 -0.906308 0 
vn -0.382683 -0.92388 0 
vn -0.461749 -0.887011 0 
vn -0.422618 -0.906308 0 
vn -0.5 -0.866025 0 
vn -0.461749 -0.887011 0 
vn -0.5373 -0.843391 0 
vn -0.5 -0.866025 0 
vn -0.573576 -0.819152 0 
vn -0.5373 -0.843391 0 
vn -0.608761 -0.793353 0 
vn -0.573576 -0.819152 0 
vn -0.642788 -0.766044 0 
vn -0.608761 -0.793353 0 
vn -0.67559 -0.737277 0 
vn -0.642788 -0.766044 0 
vn -0.707107 -0.707107 0 
vn -0.67559 -0.737277 0 
vn -0.737277 -0.67559 0 
vn -0.707107 -0.707107 0 
vn -0.766044 -0.642788 0 
vn -0.737277 -0.67559 0 
vn -0.793353 -0.608761 0 
vn -0.766044 -0.642788 0 
vn -0.819152 -0.573576 0 
vn -0.793353 -0.608761 0 
vn -0.843391 -0.5373 0 
vn -0.819152 -0.573576 0 
vn -0.866025 -0.5 0 
vn -0.843391 -0.5373 0 
vn -0.887011 -0.461749 0 
vn -0.866025 -0.5 0 
vn -0.906308 -0.422618 0 
vn -0.887011 -0.461749 0 
vn -0.92388 -0.382683 0 
vn -0.906308 -0.422618 0 
vn -0.939693 -0.34202 0 
vn -0.92388 -0.382683 0 
vn -0.953717 -0.300706 0 
vn -0.939693 -0.34202 0 
vn -0.965926 -0.258819 0 
vn -0.953717 -0.300706 0 
vn -0.976296 -0.21644 0 
vn -0.965926 -0.258819 0 
vn -0.984808 -0.173648 0 
vn -0.976296 -0.21644 0 
vn -0.991445 -0.130526 0 
vn -0.984808 -0.173648 0 
vn -0.996195 -0.0871557 0 
vn -0.991445 -0.130526 0 
vn -0.999048 -0.0436194 0 
vn -0.996195 -0.0871557 0 
vn -0.999048 0.0436194 0 
vn -1 2.44929e-16 0 
vn -0.996195 0.0871557 0 
vn -0.999048 0.0436194 0 
vn -0.991445 0.130526 0 
vn -0.996195 0.0871557 0 
vn -0.984808 0.173648 0 
vn -0.991445 0.130526 0 
vn -0.976296 0.21644 0 
vn -0.984808 0.173648 0 
vn -0.965926 0.258819 0 
vn -0.976296 0.21644 0 
vn -0.953717 0.300706 0 
vn -0.965926 0.258819 0 
vn -0.939693 0.34202 0 
vn -0.953717 0.300706 0 
vn -0.92388 0.382683 0 
vn -0.939693 0.34202 0 
vn -0.906308 0.422618 0 
vn -0.92388 0.382683 0 
vn -0.887011 0.461749 0 
vn -0.906308 0.422618 0 
vn -0.866025 0.5 0 
vn -0.887011 0.461749 0 
vn -0.843391 0.5373 0 
vn -0.866025 0.5 0 
vn -0.819152 0.573576 0 
vn -0.843391 0.5373 0 
vn -0.793353 0.608761 0 
vn -0.819152 0.573576 0 
vn -0.766044 0.642788 0 
vn -0.793353 0.608761 0 
vn -0.737277 0.67559 0 
vn -0.766044 0.642788 0 
vn -0.707107 0.707107 0 
vn -0.737277 0.67559 0 
vn -0.67559 0.737277 0 
vn -0.707107 0.707107 0 
vn -0.642788 0.766044 0 
vn -0.67559 0.737277 0 
vn -0.608761 0.793353 0 
vn -0.642788 0.766044 0 
vn -0.573576 0.819152 0 
vn -0.608761 0.793353 0 
vn -0.5373 0.843391 0 
vn -0.573576 0.819152 0 
vn -0.5 0.866025 0 
vn -0.5373 0.843391 0 
vn -0.461749 0.887011 0 
vn -0.5 0.866025 0 
vn -0.422618 0.906308 0 
vn -0.461749 0.887011 0 
vn -0.382683 0.92388 0 
vn -0.422618 0.906308 0 
vn -0.34202 0.939693 0 
vn -0.382683 0.92388 0 
vn -0.300706 0.953717 0 
vn -0.34202 0.939693 0 
vn -0.258819 0.965926 0 
vn -0.300706 0.953717 0 
vn -0.21644 0.976296 0 
vn -0.258819 0.965926 0 
vn -0.173648 0.984808 0 
vn -0.21644 0.976296 0 
vn -0.130526 0.991445 0 
vn -0.173648 0.984808 0 
vn -0.0871557 0.996195 0 
vn -0.130526 0.991445 0 
vn -0.0436194 0.999048 0 
vn -0.0871557 0.996195 0 
vn 1.83697e-16 1 0 
vn -0.0436194 0.999048 0 
vn 0.0436194 0.999048 0 
vn 1.83697e-16 1 0 
vn 0.0871557 0.996195 0 
vn 0.0436194 0.999048 0 
vn 0.130526 0.991445 0 
vn 0.0871557 0.996195 0 
vn 0.173648 0.984808 0 
vn 0.130526 0.991445 0 
vn 0.21644 0.976296 0 
vn 0.173648 0.984808 0 
vn 0.258819 0.965926 0 
vn 0.21644 0.976296 0 
vn 0.300706 0.953717 0 
vn 0.258819 0.965926 0 
vn 0.34202 0.939693 0 
vn 0.300706 0.953717 0 
vn 0.382683 0.92388 0 
vn 0.34202 0.939693 0 
vn 0.422618 0.906308 0 
vn 0.382683 0.92388 0 
vn 0.461749 0.887011 0 
vn 0.422618 0.906308 0 
vn 0.5 0.866025 0 
vn 0.461749 0.887011 0 
vn 0.5373 0.843391 0 
vn 0.5 0.866025 0 
vn 0.573576 0.819152 0 
vn 0.5373 0.843391 0 
vn 0.608761 0.793353 0 
vn 0.573576 0.819152 0 
vn 0.642788 0.766044 0 
vn 0.608761 0.793353 0 
vn 0.67559 0.737277 0 
vn 0.642788 0.766044 0 
vn 0.707107 0.707107 0 
vn 0.67559 0.737277 0 
vn 0.737277 0.67559 0 
vn 0.707107 0.707107 0 
vn 0.766044 0.642788 0 
vn 0.737277 0.67559 0 
vn 0.793353 0.608761 0 
vn 0.766044 0.642788 0 
vn 0.819152 0.573576 0 
vn 0.793353 0.608761 0 
vn 0.843391 0.5373 0 
vn 0.819152 0.573576 0 
vn 0.866025 0.5 0 
vn 0.843391 0.5373 0 
vn 0.887011 0.461749 0 
vn 0.866025 0.5 0 
vn 0.906308 0.422618 0 
vn 0.887011 0.461749 0 
vn 0.92388 0.382683 0 
vn 0.906308 0.422618 0 
vn 0.939693 0.34202 0 
vn 0.92388 0.382683 0 
vn 0.953717 0.300706 0 
vn 0.939693 0.34202 0 
vn 0.965926 0.258819 0 
vn 0.953717 0.300706 0 
vn 0.976296 0.21644 0 
vn 0.965926 0.258819 0 
vn 0.984808 0.173648 0 
vn 0.976296 0.21644 0 
vn 0.991445 0.130526 0 
vn 0.984808 0.173648 0 
vn 0.996195 0.0871557 0 
vn 0.991445 0.130526 0 
vn 0.999048 0.0436194 0 
vn 0.996195 0.0871557 0 
vn 1 -1.22465e-16 0 
vn 0.999048 0.0436194 0 
vn 0.999048 -0.0436194 0 
vn 1 -1.22465e-16 0 
vn 0.996195 -0.0871557 0 
vn 0.999048 -0.0436194 0 
vn 0.991445 -0.130526 0 
vn 0.996195 -0.0871557 0 
vn 0.984808 -0.173648 0 
vn 0.991445 -0.130526 0 
vn 0.976296 -0.21644 0 
vn 0.984808 -0.173648 0 
vn 0.965926 -0.258819 0 
vn 0.976296 -0.21644 0 
vn 0.953717 -0.300706 0 
vn 0.965926 -0.258819 0 
vn 0.939693 -0.34202 0 
vn 0.953717 -0.300706 0 
vn 0.92388 -0.382683 0 
vn 0.939693 -0.34202 0 
vn 0.906308 -0.422618 0 
vn 0.92388 -0.382683 0 
vn 0.887011 -0.461749 0 
vn 0.906308 -0.422618 0 
vn 0.866025 -0.5 0 
vn 0.887011 -0.461749 0 
vn 0.843391 -0.5373 0 
vn 0.866025 -0.5 0 
vn 0.819152 -0.573576 0 
vn 0.843391 -0.5373 0 
vn 0.793353 -0.608761 0 
vn 0.819152 -0.573576 0 
vn 0.766044 -0.642788 0 
vn 0.793353 -0.608761 0 
vn 0.737277 -0.67559 0 
vn 0.766044 -0.642788 0 
vn 0.707107 -0.707107 0 
vn 0.737277 -0.67559 0 
vn 0.67559 -0.737277 0 
vn 0.707107 -0.707107 0 
vn 0.642788 -0.766044 0 
vn 0.67559 -0.737277 0 
vn 0.608761 -0.793353 0 
vn 0.642788 -0.766044 0 
vn 0.573576 -0.819152 0 
vn 0.608761 -0.793353 0 
vn 0.5373 -0.843391 0 
vn 0.573576 -0.819152 0 
vn 0.5 -0.866025 0 
vn 0.5373 -0.843391 0 
vn 0.461749 -0.887011 0 
vn 0.5 -0.866025 0 
vn 0.422618 -0.906308 0 
vn 0.461749 -0.887011 0 
vn 0.382683 -0.92388 0 
vn 0.422618 -0.906308 0 
vn 0.34202 -0.939693 0 
vn 0.382683 -0.92388 0 
vn 0.300706 -0.953717 0 
vn 0.34202 -0.939693 0 
vn 0.258819 -0.965926 0 
vn 0.300706 -0.953717 0 
vn 0.21644 -0.976296 0 
vn 0.258819 -0.965926 0 
vn 0.173648 -0.984808 0 
vn 0.21644 -0.976296 0 
vn 0.130526 -0.991445 0 
vn 0.173648 -0.984808 0 
vn 0.0871557 -0.996195 0 
vn 0.130526 -0.991445 0 
vn 0.0436194 -0.999048 0 
vn 0.0871557 -0.996195 0 
vn -6.12323e-17 -1 0 
vn 0.0436194 -0.999048 0 
vn -0.0436194 -0.999048 0 
vn -6.12323e-17 -1 0 
vn -0.0871557 -0.996195 0 
vn -0.0436194 -0.999048 0 
vn -0.130526 -0.991445 0 
vn -0.0871557 -0.996195 0 
vn -0.173648 -0.984808 0 
vn -0.130526 -0.991445 0 
vn -0.21644 -0.976296 0 
vn -0.173648 -0.984808 0 
vn -0.258819 -0.965926 0 
vn -0.21644 -0.976296 0 
vn -0.300706 -0.953717 0 
vn -0.258819 -0.965926 0 
vn -0.34202 -0.939693 0 
vn -0.300706 -0.953717 0 
vn -0.382683 -0.92388 0 
vn -0.34202 -0.939693 0 
vn -0.422618 -0.906308 0 
vn -0.382683 -0.92388 0 
vn -0.461749 -0.887011 0 
vn -0.422618 -0.906308 0 
vn -0.5 -0.866025 0 
vn -0.461749 -0.887011 0 
vn -0.5373 -0.843391 0 
vn -0.5 -0.866025 0 
vn -0.573576 -0.819152 0 
vn -0.5373 -0.843391 0 
vn -0.608761 -0.793353 0 
vn -0.573576 -0.819152 0 
vn -0.642788 -0.766044 0 
vn -0.608761 -0.793353 0 
vn -0.67559 -0.737277 0 
vn -0.642788 -0.766044 0 
vn -0.707107 -0.707107 0 
vn -0.67559 -0.737277 0 
vn -0.737277 -0.67559 0 
vn -0.707107 -0.707107 0 
vn -0.766044 -0.642788 0 
vn -0.737277 -0.67559 0 
vn -0.793353 -0.608761 0 
vn -0.766044 -0.642788 0 
vn -0.819152 -0.573576 0 
vn -0.793353 -0.608761 0 
vn -0.843391 -0.5373 0 
vn -0.819152 -0.573576 0 
vn -0.866025 -0.5 0 
vn -0.843391 -0.5373 0 
vn -0.887011 -0.461749 0 
vn -0.866025 -0.5 0 
vn -0.906308 -0.422618 0 
vn -0.887011 -0.461749 0 
vn -0.92388 -0.382683 0 
vn -0.906308 -0.422618 0 
vn -0.939693 -0.34202 0 
vn -0.92388 -0.382683 0 
vn -0.953717 -0.300706 0 
vn -0.939693 -0.34202 0 
vn -0.965926 -0.258819 0 
vn -0.953717 -0.300706 0 
vn -0.976296 -0.21644 0 
vn -0.965926 -0.258819 0 
vn -0.984808 -0.173648 0 
vn -0.976296 -0.21644 0 
vn -0.991445 -0.130526 0 
vn -0.984808 -0.173648 0 
vn -0.996195 -0.0871557 0 
vn -0.991445 -0.130526 0 
vn -0.999048 -0.0436194 0 
vn -0.996195 -0.0871557 0 
vn -1 0 0 
vn -0.999048 0.0436194 0 
vn -0.996195 0.0871557 0 
vn -0.991445 0.130526 0 
vn -0.984808 0.173648 0 
vn -0.976296 0.21644 0 
vn -0.965926 0.258819 0 
vn -0.953717 0.300706 0 
vn -0.939693 0.34202 0 
vn -0.92388 0.382683 0 
vn -0.906308 0.422618 0 
vn -0.887011 0.461749 0 
vn -0.866025 0.5 0 
vn -0.843391 0.5373 0 
vn -0.819152 0.573576 0 
vn -0.793353 0.608761 0 
vn -0.766044 0.642788 0 
vn -0.737277 0.67559 0 
vn -0.707107 0.707107 0 
vn -0.67559 0.737277 0 
vn -0.642788 0.766044 0 
vn -0.608761 0.793353 0 
vn -0.573576 0.819152 0 
vn -0.5373 0.843391 0 
vn -0.5 0.866025 0 
vn -0.461749 0.887011 0 
vn -0.422618 0.906308 0 
vn -0.382683 0.92388 0 
vn -0.34202 0.939693 0 
vn -0.300706 0.953717 0 
vn -0.258819 0.965926 0 
vn -0.21644 0.976296 0 
vn -0.173648 0.984808 0 
vn -0.130526 0.991445 0 
vn -0.0871557 0.996195 0 
vn -0.0436194 0.999048 0 
vn -6.12323e-17 1 0 
vn 0.0436194 0.999048 0 
vn 0.0871557 0.996195 0 
vn 0.130526 0.991445 0 
vn 0.173648 0.984808 0 
vn 0.21644 0.976296 0 
vn 0.258819 0.965926 0 
vn 0.300706 0.953717 0 
vn 0.34202 0.939693 0 
vn 0.382683 0.92388 0 
vn 0.422618 0.906308 0 
vn 0.461749 0.887011 0 
vn 0.5 0.866025 0 
vn 0.5373 0.843391 0 
vn 0.573576 0.819152 0 
vn 0.608761 0.793353 0 
vn 0.642788 0.766044 0 
vn 0.67559 0.737277 0 
vn 0.707107 0.707107 0 
vn 0.737277 0.67559 0 
vn 0.766044 0.642788 0 
vn 0.793353 0.608761 0 
vn 0.819152 0.573576 0 
vn 0.843391 0.5373 0 
vn 0.866025 0.5 0 
vn 0.887011 0.461749 0 
vn 0.906308 0.422618 0 
vn 0.92388 0.382683 0 
vn 0.939693 0.34202 0 
vn 0.953717 0.300706 0 
vn 0.965926 0.258819 0 
vn 0.976296 0.21644 0 
vn 0.984808 0.173648 0 
vn 0.991445 0.130526 0 
vn 0.996195 0.0871557 0 
vn 0.999048 0.0436194 0 
vn 1 1.22465e-16 0 
vn 0.999048 -0.0436194 0 
vn 0.996195 -0.0871557 0 
vn 0.991445 -0.130526 0 
vn 0.984808 -0.173648 0 
vn 0.976296 -0.21644 0 
vn 0.965926 -0.258819 0 
vn 0.953717 -0.300706 0 
vn 0.939693 -0.34202 0 
vn 0.92388 -0.382683 0 
vn 0.906308 -0.422618 0 
vn 0.887011 -0.461749 0 
vn 0.866025 -0.5 0 
vn 0.843391 -0.5373 0 
vn 0.819152 -0.573576 0 
vn 0.793353 -0.608761 0 
vn 0.766044 -0.642788 0 
vn 0.737277 -0.67559 0 
vn 0.707107 -0.707107 0 
vn 0.67559 -0.737277 0 
vn 0.642788 -0.766044 0 
vn 0.608761 -0.793353 0 
vn 0.573576 -0.819152 0 
vn 0.5373 -0.843391 0 
vn 0.5 -0.866025 0 
vn 0.461749 -0.887011 0 
vn 0.422618 -0.906308 0 
vn 0.382683 -0.92388 0 
vn 0.34202 -0.939693 0 
vn 0.300706 -0.953717 0 
vn 0.258819 -0.965926 0 
vn 0.21644 -0.976296 0 
vn 0.173648 -0.984808 0 
vn 0.130526 -0.991445 0 
vn 0.0871557 -0.996195 0 
vn 0.0436194 -0.999048 0 
vn 1.83697e-16 -1 0 
vn -0.0436194 -0.999048 0 
vn -0.0871557 -0.996195 0 
vn -0.130526 -0.991445 0 
vn -0.173648 -0.984808 0 
vn -0.21644 -0.976296 0 
vn -0.258819 -0.965926 0 
vn -0.300706 -0.953717 0 
vn -0.34202 -0.939693 0 
vn -0.382683 -0.92388 0 
vn -0.422618 -0.906308 0 
vn -0.461749 -0.887011 0 
vn -0.5 -0.866025 0 
vn -0.5373 -0.843391 0 
vn -0.573576 -0.819152 0 
vn -0.608761 -0.793353 0 
vn -0.642788 -0.766044 0 
vn -0.67559 -0.737277 0 
vn -0.707107 -0.707107 0 
vn -0.737277 -0.67559 0 
vn -0.766044 -0.642788 0 
vn -0.793353 -0.608761 0 
vn -0.819152 -0.573576 0 
vn -0.843391 -0.5373 0 
vn -0.866025 -0.5 0 
vn -0.887011 -0.461749 0 
vn -0.906308 -0.422618 0 
vn -0.92388 -0.382683 0 
vn -0.939693 -0.34202 0 
vn -0.953717 -0.300706 0 
vn -0.965926 -0.258819 0 
vn -0.976296 -0.21644 0 
vn -0.984808 -0.173648 0 
vn -0.991445 -0.130526 0 
vn -0.996195 -0.0871557 0 
vn -0.999048 -0.0436194 0 
vn -1 0 0 
vn -0.999048 0.0436194 0 
vn -0.996195 0.0871557 0 
vn -0.991445 0.130526 0 
vn -0.984808 0.173648 0 
vn -0.976296 0.21644 0 
vn -0.965926 0.258819 0 
vn -0.953717 0.300706 0 
vn -0.939693 0.34202 0 
vn -0.92388 0.382683 0 
vn -0.906308 0.422618 0 
vn -0.887011 0.461749 0 
vn -0.866025 0.5 0 
vn -0.843391 0.5373 0 
vn -0.819152 0.573576 0 
vn -0.793353 0.608761 0 
vn -0.766044 0.642788 0 
vn -0.737277 0.67559 0 
vn -0.707107 0.707107 0 
vn -0.67559 0.737277 0 
vn -0.642788 0.766044 0 
vn -0.608761 0.793353 0 
vn -0.573576 0.819152 0 
vn -0.5373 0.843391 0 
vn -0.5 0.866025 0 
vn -0.461749 0.887011 0 
vn -0.422618 0.906308 0 
vn -0.382683 0.92388 0 
vn -0.34202 0.939693 0 
vn -0.300706 0.953717 0 
vn -0.258819 0.965926 0 
vn -0.21644 0.976296 0 
vn -0.173648 0.984808 0 
vn -0.130526 0.991445 0 
vn -0.0871557 0.996195 0 
vn -0.0436194 0.999048 0 
vn -6.12323e-17 1 0 
vn 0.0436194 0.999048 0 
vn 0.0871557 0.996195 0 
vn 0.130526 0.991445 0 
vn 0.173648 0.984808 0 
vn 0.21644 0.976296 0 
vn 0.258819 0.965926 0 
vn 0.300706 0.953717 0 
vn 0.34202 0.939693 0 
vn 0.382683 0.92388 0 
vn 0.422618 0.906308 0 
vn 0.461749 0.887011 0 
vn 0.5 0.866025 0 
vn 0.5373 0.843391 0 
vn 0.573576 0.819152 0 
vn 0.608761 0.793353 0 
vn 0.642788 0.766044 0 
vn 0.67559 0.737277 0 
vn 0.707107 0.707107 0 
vn 0.737277 0.67559 0 
vn 0.766044 0.642788 0 
vn 0.793353 0.608761 0 
vn 0.819152 0.573576 0 
vn 0.843391 0.5373 0 
vn 0.866025 0.5 0 
vn 0.887011 0.461749 0 
vn 0.906308 0.422618 0 
vn 0.92388 0.382683 0 
vn 0.939693 0.34202 0 
vn 0.953717 0.300706 0 
vn 0.965926 0.258819 0 
vn 0.976296 0.21644 0 
vn 0.984808 0.173648 0 
vn 0.991445 0.130526 0 
vn 0.996195 0.0871557 0 
vn 0.999048 0.0436194 0 
vn 1 1.22465e-16 0 
vn 0.999048 -0.0436194 0 
vn 0.996195 -0.0871557 0 
vn 0.991445 -0.130526 0 
vn 0.984808 -0.173648 0 
vn 0.976296 -0.21644 0 
vn 0.965926 -0.258819 0 
vn 0.953717 -0.300706 0 
vn 0.939693 -0.34202 0 
vn 0.92388 -0.382683 0 
vn 0.906308 -0.422618 0 
vn 0.887011 -0.461749 0 
vn 0.866025 -0.5 0 
vn 0.843391 -0.5373 0 
vn 0.819152 -0.573576 0 
vn 0.793353 -0.608761 0 
vn 0.766044 -0.642788 0 
vn 0.737277 -0.67559 0 
vn 0.707107 -0.707107 0 
vn 0.67559 -0.737277 0 
vn 0.642788 -0.766044 0 
vn 0.608761 -0.793353 0 
vn 0.573576 -0.819152 0 
vn 0.5373 -0.843391 0 
vn 0.5 -0.866025 0 
vn 0.461749 -0.887011 0 
vn 0.422618 -0.906308 0 
vn 0.382683 -0.92388 0 
vn 0.34202 -0.939693 0 
vn 0.300706 -0.953717 0 
vn 0.258819 -0.965926 0 
vn 0.21644 -0.976296 0 
vn 0.173648 -0.984808 0 
vn 0.130526 -0.991445 0 
vn 0.0871557 -0.996195 0 
vn 0.0436194 -0.999048 0 
vn 1.83697e-16 -1 0 
vn -0.0436194 -0.999048 0 
vn -0.0871557 -0.996195 0 
vn -0.130526 -0.991445 0 
vn -0.173648 -0.984808 0 
vn -0.21644 -0.976296 0 
vn -0.258819 -0.965926 0 
vn -0.300706 -0.953717 0 
vn -0.34202 -0.939693 0 
vn -0.382683 -0.92388 0 
vn -0.422618 -0.906308 0 
vn -0.461749 -0.887011 0 
vn -0.5 -0.866025 0 
vn -0.5373 -0.843391 0 
vn -0.573576 -0.819152 0 
vn -0.608761 -0.793353 0 
vn -0.642788 -0.766044 0 
vn -0.67559 -0.737277 0 
vn -0.707107 -0.707107 0 
vn -0.737277 -0.67559 0 
vn -0.766044 -0.642788 0 
vn -0.793353 -0.608761 0 
vn -0.819152 -0.573576 0 
vn -0.843391 -0.5373 0 
vn -0.866025 -0.5 0 
vn -0.887011 -0.461749 0 
vn -0.906308 -0.422618 0 
vn -0.92388 -0.382683 0 
vn -0.939693 -0.34202 0 
vn -0.953717 -0.300706 0 
vn -0.965926 -0.258819 0 
vn -0.976296 -0.21644 0 
vn -0.984808 -0.173648 0 
vn -0.991445 -0.130526 0 
vn -0.996195 -0.0871557 0 
vn -0.999048 -0.0436194 0 
vn -0.707107 0 0.707107 
vn -0.706434 0.0308436 0.707107 
vn -0.704416 0.0616284 0.707107 
vn -0.701057 0.092296 0.707107 
vn -0.696364 0.122788 0.707107 
vn -0.690346 0.153046 0.707107 
vn -0.683013 0.183013 0.707107 
vn -0.67438 0.212631 0.707107 
vn -0.664463 0.241845 0.707107 
vn -0.653281 0.270598 0.707107 
vn -0.640856 0.298836 0.707107 
vn -0.627211 0.326506 0.707107 
vn -0.612372 0.353553 0.707107 
vn -0.596368 0.379928 0.707107 
vn -0.579228 0.40558 0.707107 
vn -0.560986 0.430459 0.707107 
vn -0.541675 0.454519 0.707107 
vn -0.521334 0.477714 0.707107 
vn -0.5 0.5 0.707107 
vn -0.477714 0.521334 0.707107 
vn -0.454519 0.541675 0.707107 
vn -0.430459 0.560986 0.707107 
vn -0.40558 0.579228 0.707107 
vn -0.379928 0.596368 0.707107 
vn -0.353553 0.612372 0.707107 
vn -0.326506 0.627211 0.707107 
vn -0.298836 0.640856 0.707107 
vn -0.270598 0.653281 0.707107 
vn -0.241845 0.664463 0.707107 
vn -0.212631 0.67438 0.707107 
vn -0.183013 0.683013 0.707107 
vn -0.153046 0.690346 0.707107 
vn -0.122788 0.696364 0.707107 
vn -0.092296 0.701057 0.707107 
vn -0.0616284 0.704416 0.707107 
vn -0.0308436 0.706434 0.707107 
vn -1.96262e-17 0.707107 0.707107 
vn 0.0308436 0.706434 0.707107 
vn 0.0616284 0.704416 0.707107 
vn 0.092296 0.701057 0.707107 
vn 0.122788 0.696364 0.707107 
vn 0.153046 0.690346 0.707107 
vn 0.183013 0.683013 0.707107 
vn 0.212631 0.67438 0.707107 
vn 0.241845 0.664463 0.707107 
vn 0.270598 0.653281 0.707107 
vn 0.298836 0.640856 0.707107 
vn 0.326506 0.627211 0.707107 
vn 0.353553 0.612372 0.707107 
vn 0.379928 0.596368 0.707107 
vn 0.40558 0.579228 0.707107 
vn 0.430459 0.560986 0.707107 
vn 0.454519 0.541675 0.707107 
vn 0.477714 0.521334 0.707107 
vn 0.5 0.5 0.707107 
vn 0.521334 0.477714 0.707107 
vn 0.541675 0.454519 0.707107 
vn 0.560986 0.430459 0.707107 
vn 0.579228 0.40558 0.707107 
vn 0.596368 0.379928 0.707107 
vn 0.612372 0.353553 0.707107 
vn 0.627211 0.326506 0.707107 
vn 0.640856 0.298836 0.707107 
vn 0.653281 0.270598 0.707107 
vn 0.664463 0.241845 0.707107 
vn 0.67438 0.212631 0.707107 
vn 0.683013 0.183013 0.707107 
vn 0.690346 0.153046 0.707107 
vn 0.696364 0.122788 0.707107 
vn 0.701057 0.092296 0.707107 
vn 0.704416 0.0616284 0.707107 
vn 0.706434 0.0308436 0.707107 
vn 0.707107 2.06075e-16 0.707107 
vn 0.706434 -0.0308436 0.707107 
vn 0.704416 -0.0616284 0.707107 
vn 0.701057 -0.092296 0.707107 
vn 0.696364 -0.122788 0.707107 
vn 0.690346 -0.153046 0.707107 
vn 0.683013 -0.183013 0.707107 
vn 0.67438 -0.212631 0.707107 
vn 0.664463 -0.241845 0.707107 
vn 0.653281 -0.270598 0.707107 
vn 0.640856 -0.298836 0.707107 
vn 0.627211 -0.326506 0.707107 
vn 0.612372 -0.353553 0.707107 
vn 0.596368 -0.379928 0.707107 
vn 0.579228 -0.40558 0.707107 
vn 0.560986 -0.430459 0.707107 
vn 0.541675 -0.454519 0.707107 
vn 0.521334 -0.477714 0.707107 
vn 0.5 -0.5 0.707107 
vn 0.477714 -0.521334 0.707107 
vn 0.454519 -0.541675 0.707107 
vn 0.430459 -0.560986 0.707107 
vn 0.40558 -0.579228 0.707107 
vn 0.379928 -0.596368 0.707107 
vn 0.353553 -0.612372 0.707107 
vn 0.326506 -0.627211 0.707107 
vn 0.298836 -0.640856 0.707107 
vn 0.270598 -0.653281 0.707107 
vn 0.241845 -0.664463 0.707107 
vn 0.212631 -0.67438 0.707107 
vn 0.183013 -0.683013 0.707107 
vn 0.153046 -0.690346 0.707107 
vn 0.122788 -0.696364 0.707107 
vn 0.092296 -0.701057 0.707107 
vn 0.0616284 -0.704416 0.707107 
vn 0.0308436 -0.706434 0.707107 
vn 2.06075e-16 -0.707107 0.707107 
vn -0.0308436 -0.706434 0.707107 
vn -0.0616284 -0.704416 0.707107 
vn -0.092296 -0.701057 0.707107 
vn -0.122788 -0.696364 0.707107 
vn -0.153046 -0.690346 0.707107 
vn -0.183013 -0.683013 0.707107 
vn -0.212631 -0.67438 0.707107 
vn -0.241845 -0.664463 0.707107 
vn -0.270598 -0.653281 0.707107 
vn -0.298836 -0.640856 0.707107 
vn -0.326506 -0.627211 0.707107 
vn -0.353553 -0.612372 0.707107 
vn -0.379928 -0.596368 0.707107 
vn -0.40558 -0.579228 0.707107 
vn -0.430459 -0.560986 0.707107 
vn -0.454519 -0.541675 0.707107 
vn -0.477714 -0.521334 0.707107 
vn -0.5 -0.5 0.707107 
vn -0.521334 -0.477714 0.707107 
vn -0.541675 -0.454519 0.707107 
vn -0.560986 -0.430459 0.707107 
vn -0.579228 -0.40558 0.707107 
vn -0.596368 -0.379928 0.707107 
vn -0.612372 -0.353553 0.707107 
vn -0.627211 -0.326506 0.707107 
vn -0.640856 -0.298836 0.707107 
vn -0.653281 -0.270598 0.707107 
vn -0.664463 -0.241845 0.707107 
vn -0.67438 -0.212631 0.707107 
vn -0.683013 -0.183013 0.707107 
vn -0.690346 -0.153046 0.707107 
vn -0.696364 -0.122788 0.707107 
vn -0.701057 -0.092296 0.707107 
vn -0.704416 -0.0616284 0.707107 
vn -0.706434 -0.0308436 0.707107 
vn 0 0 1 
vn -0.707107 0 0.707107 
vn -0.706434 0.0308436 0.707107 
vn -0.704416 0.0616284 0.707107 
vn -0.701057 0.092296 0.707107 
vn -0.696364 0.122788 0.707107 
vn -0.690346 0.153046 0.707107 
vn -0.683013 0.183013 0.707107 
vn -0.67438 0.212631 0.707107 
vn -0.664463 0.241845 0.707107 
vn -0.653281 0.270598 0.707107 
vn -0.640856 0.298836 0.707107 
vn -0.627211 0.326506 0.707107 
vn -0.612372 0.353553 0.707107 
vn -0.596368 0.379928 0.707107 
vn -0.579228 0.40558 0.707107 
vn -0.560986 0.430459 0.707107 
vn -0.541675 0.454519 0.707107 
vn -0.521334 0.477714 0.707107 
vn -0.5 0.5 0.707107 
vn -0.477714 0.521334 0.707107 
vn -0.454519 0.541675 0.707107 
vn -0.430459 0.560986 0.707107 
vn -0.40558 0.579228 0.707107 
vn -0.379928 0.596368 0.707107 
vn -0.353553 0.612372 0.707107 
vn -0.326506 0.627211 0.707107 
vn -0.298836 0.640856 0.707107 
vn -0.270598 0.653281 0.707107 
vn -0.241845 0.664463 0.707107 
vn -0.212631 0.67438 0.707107 
vn -0.183013 0.683013 0.707107 
vn -0.153046 0.690346 0.707107 
vn -0.122788 0.696364 0.707107 
vn -0.092296 0.701057 0.707107 
vn -0.0616284 0.704416 0.707107 
vn -0.0308436 0.706434 0.707107 
vn -1.96262e-17 0.707107 0.707107 
vn 0.0308436 0.706434 0.707107 
vn 0.0616284 0.704416 0.707107 
vn 0.092296 0.701057 0.707107 
vn 0.122788 0.696364 0.707107 
vn 0.153046 0.690346 0.707107 
vn 0.183013 0.683013 0.707107 
vn 0.212631 0.67438 0.707107 
vn 0.241845 0.664463 0.707107 
vn 0.270598 0.653281 0.707107 
vn 0.298836 0.640856 0.707107 
vn 0.326506 0.627211 0.707107 
vn 0.353553 0.612372 0.707107 
vn 0.379928 0.596368 0.707107 
vn 0.40558 0.579228 0.707107 
vn 0.430459 0.560986 0.707107 
vn 0.454519 0.541675 0.707107 
vn 0.477714 0.521334 0.707107 
vn 0.5 0.5 0.707107 
vn 0.521334 0.477714 0.707107 
vn 0.541675 0.454519 0.707107 
vn 0.560986 0.430459 0.707107 
vn 0.579228 0.40558 0.707107 
vn 0.596368 0.379928 0.707107 
vn 0.612372 0.353553 0.707107 
vn 0.627211 0.326506 0.707107 
vn 0.640856 0.298836 0.707107 
vn 0.653281 0.270598 0.707107 
vn 0.664463 0.241845 0.707107 
vn 0.67438 0.212631 0.707107 
vn 0.683013 0.183013 0.707107 
vn 0.690346 0.153046 0.707107 
vn 0.696364 0.122788 0.707107 
vn 0.701057 0.092296 0.707107 
vn 0.704416 0.0616284 0.707107 
vn 0.706434 0.0308436 0.707107 
vn 0.707107 2.06075e-16 0.707107 
vn 0.706434 -0.0308436 0.707107 
vn 0.704416 -0.0616284 0.707107 
vn 0.701057 -0.092296 0.707107 
vn 0.696364 -0.122788 0.707107 
vn 0.690346 -0.153046 0.707107 
vn 0.683013 -0.183013 0.707107 
vn 0.67438 -0.212631 0.707107 
vn 0.664463 -0.241845 0.707107 
vn 0.653281 -0.270598 0.707107 
vn 0.640856 -0.298836 0.707107 
vn 0.627211 -0.326506 0.707107 
vn 0.612372 -0.353553 0.707107 
vn 0.596368 -0.379928 0.707107 
vn 0.579228 -0.40558 0.707107 
vn 0.560986 -0.430459 0.707107 
vn 0.541675 -0.454519 0.707107 
vn 0.521334 -0.477714 0.707107 
vn 0.5 -0.5 0.707107 
vn 0.477714 -0.521334 0.707107 
vn 0.454519 -0.541675 0.707107 
vn 0.430459 -0.560986 0.707107 
vn 0.40558 -0.579228 0.707107 
vn 0.379928 -0.596368 0.707107 
vn 0.353553 -0.612372 0.707107 
vn 0.326506 -0.627211 0.707107 
vn 0.298836 -0.640856 0.707107 
vn 0.270598 -0.653281 0.707107 
vn 0.241845 -0.664463 0.707107 
vn 0.212631 -0.67438 0.707107 
vn 0.183013 -0.683013 0.707107 
vn 0.153046 -0.690346 0.707107 
vn 0.122788 -0.696364 0.707107 
vn 0.092296 -0.701057 0.707107 
vn 0.0616284 -0.704416 0.707107 
vn 0.0308436 -0.706434 0.707107 
vn 2.06075e-16 -0.707107 0.707107 
vn -0.0308436 -0.706434 0.707107 
vn -0.0616284 -0.704416 0.707107 
vn -0.092296 -0.701057 0.707107 
vn -0.122788 -0.696364 0.707107 
vn -0.153046 -0.690346 0.707107 
vn -0.183013 -0.683013 0.707107 
vn -0.212631 -0.67438 0.707107 
vn -0.241845 -0.664463 0.707107 
vn -0.270598 -0.653281 0.707107 
vn -0.298836 -0.640856 0.707107 
vn -0.326506 -0.627211 0.707107 
vn -0.353553 -0.612372 0.707107 
vn -0.379928 -0.596368 0.707107 
vn -0.40558 -0.579228 0.707107 
vn -0.430459 -0.560986 0.707107 
vn -0.454519 -0.541675 0.707107 
vn -0.477714 -0.521334 0.707107 
vn -0.5 -0.5 0.707107 
vn -0.521334 -0.477714 0.707107 
vn -0.541675 -0.454519 0.707107 
vn -0.560986 -0.430459 0.707107 
vn -0.579228 -0.40558 0.707107 
vn -0.596368 -0.379928 0.707107 
vn -0.612372 -0.353553 0.707107 
vn -0.627211 -0.326506 0.707107 
vn -0.640856 -0.298836 0.707107 
vn -0.653281 -0.270598 0.707107 
vn -0.664463 -0.241845 0.707107 
vn -0.67438 -0.212631 0.707107 
vn -0.683013 -0.183013 0.707107 
vn -0.690346 -0.153046 0.707107 
vn -0.696364 -0.122788 0.707107 
vn -0.701057 -0.092296 0.707107 
vn -0.704416 -0.0616284 0.707107 
vn -0.706434 -0.0308436 0.707107 
vn 0 0 1 
usemtl 0.615686_0.811765_0.929412_0.000000_0.000000
o mesh0
f 145//1 1//1 2//1 
f 2//1 3//1 145//1 
f 3//1 4//1 145//1 
f 4//1 5//1 145//1 
f 5//1 6//1 145//1 
f 6//1 7//1 145//1 
f 7//1 8//1 145//1 
f 8//1 9//1 145//1 
f 9//1 10//1 145//1 
f 10//1 11//1 145//1 
f 11//1 12//1 145//1 
f 12//1 13//1 145//1 
f 13//1 14//1 145//1 
f 14//1 15//1 145//1 
f 15//1 16//1 145//1 
f 16//1 17//1 145//1 
f 17//1 18//1 145//1 
f 18//1 19//1 145//1 
f 19//1 20//1 145//1 
f 20//1 21//1 145//1 
f 21//1 22//1 145//1 
f 22//1 23//1 145//1 
f 23//1 24//1 145//1 
f 24//1 25//1 145//1 
f 25//1 26//1 145//1 
f 26//1 27//1 145//1 
f 27//1 28//1 145//1 
f 28//1 29//1 145//1 
f 29//1 30//1 145//1 
f 30//1 31//1 145//1 
f 31//1 32//1 145//1 
f 32//1 33//1 145//1 
f 33//1 34//1 145//1 
f 34//1 35//1 145//1 
f 35//1 36//1 145//1 
f 36//1 37//1 145//1 
f 37//1 38//1 145//1 
f 38//1 39//1 145//1 
f 39//1 40//1 145//1 
f 40//1 41//1 145//1 
f 41//1 42//1 145//1 
f 42//1 43//1 145//1 
f 43//1 44//1 145//1 
f 44//1 45//1 145//1 
f 45//1 46//1 145//1 
f 46//1 47//1 145//1 
f 47//1 48//1 145//1 
f 48//1 49//1 145//1 
f 49//1 50//1 145//1 
f 50//1 51//1 145//1 
f 51//1 52//1 145//1 
f 52//1 53//1 145//1 
f 53//1 54//1 145//1 
f 54//1 55//1 145//1 
f 55//1 56//1 145//1 
f 56//1 57//1 145//1 
f 57//1 58//1 145//1 
f 58//1 59//1 145//1 
f 59//1 60//1 145//1 
f 60//1 61//1 145//1 
f 61//1 62//1 145//1 
f 62//1 63//1 145//1 
f 63//1 64//1 145//1 
f 64//1 65//1 145//1 
f 65//1 66//1 145//1 
f 66//1 67//1 145//1 
f 67//1 68//1 145//1 
f 68//1 69//1 145//1 
f 69//1 70//1 145//1 
f 70//1 71//1 145//1 
f 71//1 72//1 145//1 
f 72//1 73//1 145//1 
f 73//1 74//1 145//1 
f 74//1 75//1 145//1 
f 75//1 76//1 145//1 
f 76//1 77//1 145//1 
f 77//1 78//1 145//1 
f 78//1 79//1 145//1 
f 79//1 80//1 145//1 
f 80//1 81//1 145//1 
f 81//1 82//1 145//1 
f 82//1 83//1 145//1 
f 83//1 84//1 145//1 
f 84//1 85//1 145//1 
f 85//1 86//1 145//1 
f 86//1 87//1 145//1 
f 87//1 88//1 145//1 
f 88//1 89//1 145//1 
f 89//1 90//1 145//1 
f 90//1 91//1 145//1 
f 91//1 92//1 145//1 
f 92//1 93//1 145//1 
f 93//1 94//1 145//1 
f 94//1 95//1 145//1 
f 95//1 96//1 145//1 
f 96//1 97//1 145//1 
f 97//1 98//1 145//1 
f 98//1 99//1 145//1 
f 99//1 100//1 145//1 
f 100//1 101//1 145//1 
f 101//1 102//1 145//1 
f 102//1 103//1 145//1 
f 103//1 104//1 145//1 
f 104//1 105//1 145//1 
f 105//1 106//1 145//1 
f 106//1 107//1 145//1 
f 107//1 108//1 145//1 
f 108//1 109//1 145//1 
f 109//1 110//1 145//1 
f 110//1 111//1 145//1 
f 111//1 112//1 145//1 
f 112//1 113//1 145//1 
f 113//1 114//1 145//1 
f 114//1 115//1 145//1 
f 115//1 116//1 145//1 
f 116//1 117//1 145//1 
f 117//1 118//1 145//1 
f 118//1 119//1 145//1 
f 119//1 120//1 145//1 
f 120//1 121//1 145//1 
f 121//1 122//1 145//1 
f 122//1 123//1 145//1 
f 123//1 124//1 145//1 
f 124//1 125//1 145//1 
f 125//1 126//1 145//1 
f 126//1 127//1 145//1 
f 127//1 128//1 145//1 
f 128//1 129//1 145//1 
f 129//1 130//1 145//1 
f 130//1 131//1 145//1 
f 131//1 132//1 145//1 
f 132//1 133//1 145//1 
f 133//1 134//1 145//1 
f 134//1 135//1 145//1 
f 135//1 136//1 145//1 
f 136//1 137//1 145//1 
f 137//1 138//1 145//1 
f 138//1 139//1 145//1 
f 139//1 140//1 145//1 
f 140//1 141//1 145//1 
f 141//1 142//1 145//1 
f 142//1 143//1 145//1 
f 143//1 144//1 145//1 
f 144//1 1//1 145//1 
o mesh1
f 146//2 72//2 71//3 
f 147//3 71//3 70//4 
f 148//4 70//4 69//5 
f 149//5 69//5 68//6 
f 150//6 68//6 67//7 
f 151//7 67//7 66//8 
f 152//8 66//8 65//9 
f 153//9 65//9 64//10 
f 154//10 64//10 63//11 
f 155//11 63//11 62//12 
f 156//12 62//12 61//13 
f 157//13 61//13 60//14 
f 158//14 60//14 59//15 
f 159//15 59//15 58//16 
f 160//16 58//16 57//17 
f 161//17 57//17 56//18 
f 162//18 56//18 55//19 
f 163//19 55//19 54//20 
f 164//20 54//20 53//21 
f 165//21 53//21 52//22 
f 166//22 52//22 51//23 
f 167//23 51//23 50//24 
f 168//24 50//24 49//25 
f 169//25 49//25 48//26 
f 170//26 48//26 47//27 
f 171//27 47//27 46//28 
f 172//28 46//28 45//29 
f 173//29 45//29 44//30 
f 174//30 44//30 43//31 
f 175//31 43//31 42//32 
f 176//32 42//32 41//33 
f 177//33 41//33 40//34 
f 178//34 40//34 39//35 
f 179//35 39//35 38//36 
f 180//36 38//36 37//37 
f 181//37 37//37 36//38 
f 182//38 36//38 35//39 
f 183//39 35//39 34//40 
f 184//40 34//40 33//41 
f 185//41 33//41 32//42 
f 186//42 32//42 31//43 
f 187//43 31//43 30//44 
f 188//44 30//44 29//45 
f 189//45 29//45 28//46 
f 190//46 28//46 27//47 
f 191//47 27//47 26//48 
f 192//48 26//48 25//49 
f 193//49 25//49 24//50 
f 194//50 24//50 23//51 
f 195//51 23//51 22//52 
f 196//52 22//52 21//53 
f 197//53 21//53 20//54 
f 198//54 20//54 19//55 
f 199//55 19//55 18//56 
f 200//56 18//56 17//57 
f 201//57 17//57 16//58 
f 202//58 16//58 15//59 
f 203//59 15//59 14//60 
f 204//60 14//60 13//61 
f 205//61 13//61 12//62 
f 206//62 12//62 11//63 
f 207//63 11//63 10//64 
f 208//64 10//64 9//65 
f 209//65 9//65 8//66 
f 210//66 8//66 7//67 
f 211//67 7//67 6//68 
f 212//68 6//68 5//69 
f 213//69 5//69 4//70 
f 214//70 4//70 3//71 
f 215//71 3//71 2//72 
f 216//72 2//72 1//73 
f 217//73 1//73 144//74 
f 218//74 144//74 143//75 
f 219//75 143//75 142//76 
f 220//76 142//76 141//77 
f 221//77 141//77 140//78 
f 222//78 140//78 139//79 
f 223//79 139//79 138//80 
f 224//80 138//80 137//81 
f 225//81 137//81 136//82 
f 226//82 136//82 135//83 
f 227//83 135//83 134//84 
f 228//84 134//84 133//85 
f 229//85 133//85 132//86 
f 230//86 132//86 131//87 
f 231//87 131//87 130//88 
f 232//88 130//88 129//89 
f 233//89 129//89 128//90 
f 234//90 128//90 127//91 
f 235//91 127//91 126//92 
f 236//92 126//92 125//93 
f 237//93 125//93 124//94 
f 238//94 124//94 123//95 
f 239//95 123//95 122//96 
f 240//96 122//96 121//97 
f 241//97 121//97 120//98 
f 242//98 120//98 119//99 
f 243//99 119//99 118//100 
f 244//100 118//100 117//101 
f 245//101 117//101 116//102 
f 246//102 116//102 115//103 
f 247//103 115//103 114//104 
f 248//104 114//104 113//105 
f 249//105 113//105 112//106 
f 250//106 112//106 111//107 
f 251//107 111//107 110//108 
f 252//108 110//108 109//109 
f 253//109 109//109 108//110 
f 254//110 108//110 107//111 
f 255//111 107//111 106//112 
f 256//112 106//112 105//113 
f 257//113 105//113 104//114 
f 258//114 104//114 103//115 
f 259//115 103//115 102//116 
f 260//116 102//116 101//117 
f 261//117 101//117 100//118 
f 262//118 100//118 99//119 
f 263//119 99//119 98//120 
f 264//120 98//120 97//121 
f 265//121 97//121 96//122 
f 266//122 96//122 95//123 
f 267//123 95//123 94//124 
f 268//124 94//124 93//125 
f 269//125 93//125 92//126 
f 270//126 92//126 91//127 
f 271//127 91//127 90//128 
f 272//128 90//128 89//129 
f 273//129 89//129 88//130 
f 274//130 88//130 87//131 
f 275//131 87//131 86//132 
f 276//132 86//132 85//133 
f 277//133 85//133 84//134 
f 278//134 84//134 83//135 
f 279//135 83//135 82//136 
f 280//136 82//136 81//137 
f 281//137 81//137 80//138 
f 282//138 80//138 79//139 
f 283//139 79//139 78//140 
f 284//140 78//140 77//141 
f 285//141 77//141 76//142 
f 286//142 76//142 75//143 
f 287//143 75//143 74//144 
f 288//144 74//144 73//145 
f 289//145 73//145 72//2 
f 72//2 146//2 289//145 
f 73//145 289//145 288//144 
f 74//144 288//144 287//143 
f 75//143 287//143 286//142 
f 76//142 286//142 285//141 
f 77//141 285//141 284//140 
f 78//140 284//140 283//139 
f 79//139 283//139 282//138 
f 80//138 282//138 281//137 
f 81//137 281//137 280//136 
f 82//136 280//136 279//135 
f 83//135 279//135 278//134 
f 84//134 278//134 277//133 
f 85//133 277//133 276//132 
f 86//132 276//132 275//131 
f 87//131 275//131 274//130 
f 88//130 274//130 273//129 
f 89//129 273//129 272//128 
f 90//128 272//128 271//127 
f 91//127 271//127 270//126 
f 92//126 270//126 269//125 
f 93//125 269//125 268//124 
f 94//124 268//124 267//123 
f 95//123 267//123 266//122 
f 96//122 266//122 265//121 
f 97//121 265//121 264//120 
f 98//120 264//120 263//119 
f 99//119 263//119 262//118 
f 100//118 262//118 261//117 
f 101//117 261//117 260//116 
f 102//116 260//116 259//115 
f 103//115 259//115 258//114 
f 104//114 258//114 257//113 
f 105//113 257//113 256//112 
f 106//112 256//112 255//111 
f 107//111 255//111 254//110 
f 108//110 254//110 253//109 
f 109//109 253//109 252//108 
f 110//108 252//108 251//107 
f 111//107 251//107 250//106 
f 112//106 250//106 249//105 
f 113//105 249//105 248//104 
f 114//104 248//104 247//103 
f 115//103 247//103 246//102 
f 116//102 246//102 245//101 
f 117//101 245//101 244//100 
f 118//100 244//100 243//99 
f 119//99 243//99 242//98 
f 120//98 242//98 241//97 
f 121//97 241//97 240//96 
f 122//96 240//96 239//95 
f 123//95 239//95 238//94 
f 124//94 238//94 237//93 
f 125//93 237//93 236//92 
f 126//92 236//92 235//91 
f 127//91 235//91 234//90 
f 128//90 234//90 233//89 
f 129//89 233//89 232//88 
f 130//88 232//88 231//87 
f 131//87 231//87 230//86 
f 132//86 230//86 229//85 
f 133//85 229//85 228//84 
f 134//84 228//84 227//83 
f 135//83 227//83 226//82 
f 136//82 226//82 225//81 
f 137//81 225//81 224//80 
f 138//80 224//80 223//79 
f 139//79 223//79 222//78 
f 140//78 222//78 221//77 
f 141//77 221//77 220//76 
f 142//76 220//76 219//75 
f 143//75 219//75 218//74 
f 144//74 218//74 217//73 
f 1//73 217//73 216//72 
f 2//72 216//72 215//71 
f 3//71 215//71 214//70 
f 4//70 214//70 213//69 
f 5//69 213//69 212//68 
f 6//68 212//68 211//67 
f 7//67 211//67 210//66 
f 8//66 210//66 209//65 
f 9//65 209//65 208//64 
f 10//64 208//64 207//63 
f 11//63 207//63 206//62 
f 12//62 206//62 205//61 
f 13//61 205//61 204//60 
f 14//60 204//60 203//59 
f 15//59 203//59 202//58 
f 16//58 202//58 201//57 
f 17//57 201//57 200//56 
f 18//56 200//56 199//55 
f 19//55 199//55 198//54 
f 20//54 198//54 197//53 
f 21//53 197//53 196//52 
f 22//52 196//52 195//51 
f 23//51 195//51 194//50 
f 24//50 194//50 193//49 
f 25//49 193//49 192//48 
f 26//48 192//48 191//47 
f 27//47 191//47 190//46 
f 28//46 190//46 189//45 
f 29//45 189//45 188//44 
f 30//44 188//44 187//43 
f 31//43 187//43 186//42 
f 32//42 186//42 185//41 
f 33//41 185//41 184//40 
f 34//40 184//40 183//39 
f 35//39 183//39 182//38 
f 36//38 182//38 181//37 
f 37//37 181//37 180//36 
f 38//36 180//36 179//35 
f 39//35 179//35 178//34 
f 40//34 178//34 177//33 
f 41//33 177//33 176//32 
f 42//32 176//32 175//31 
f 43//31 175//31 174//30 
f 44//30 174//30 173//29 
f 45//29 173//29 172//28 
f 46//28 172//28 171//27 
f 47//27 171//27 170//26 
f 48//26 170//26 169//25 
f 49//25 169//25 168//24 
f 50//24 168//24 167//23 
f 51//23 167//23 166//22 
f 52//22 166//22 165//21 
f 53//21 165//21 164//20 
f 54//20 164//20 163//19 
f 55//19 163//19 162//18 
f 56//18 162//18 161//17 
f 57//17 161//17 160//16 
f 58//16 160//16 159//15 
f 59//15 159//15 158//14 
f 60//14 158//14 157//13 
f 61//13 157//13 156//12 
f 62//12 156//12 155//11 
f 63//11 155//11 154//10 
f 64//10 154//10 153//9 
f 65//9 153//9 152//8 
f 66//8 152//8 151//7 
f 67//7 151//7 150//6 
f 68//6 150//6 149//5 
f 69//5 149//5 148//4 
f 70//4 148//4 147//3 
f 71//3 147//3 146//2 
o mesh2
f 290//146 146//146 147//147 
f 291//147 147//147 148//148 
f 292//148 148//148 149//149 
f 293//149 149//149 150//150 
f 294//150 150//150 151//151 
f 295//151 151//151 152//152 
f 296//152 152//152 153//153 
f 297//153 153//153 154//154 
f 298//154 154//154 155//155 
f 299//155 155//155 156//156 
f 300//156 156//156 157//157 
f 301//157 157//157 158//158 
f 302//158 158//158 159//159 
f 303//159 159//159 160//160 
f 304//160 160//160 161//161 
f 305//161 161//161 162//162 
f 306//162 162//162 163//163 
f 307//163 163//163 164//164 
f 308//164 164//164 165//165 
f 309//165 165//165 166//166 
f 310//166 166//166 167//167 
f 311//167 167//167 168//168 
f 312//168 168//168 169//169 
f 313//169 169//169 170//170 
f 314//170 170//170 171//171 
f 315//171 171//171 172//172 
f 316//172 172//172 173//173 
f 317//173 173//173 174//174 
f 318//174 174//174 175//175 
f 319//175 175//175 176//176 
f 320//176 176//176 177//177 
f 321//177 177//177 178//178 
f 322//178 178//178 179//179 
f 323//179 179//179 180//180 
f 324//180 180//180 181//181 
f 325//181 181//181 182//182 
f 326//182 182//182 183//183 
f 327//183 183//183 184//184 
f 328//184 184//184 185//185 
f 329//185 185//185 186//186 
f 330//186 186//186 187//187 
f 331//187 187//187 188//188 
f 332//188 188//188 189//189 
f 333//189 189//189 190//190 
f 334//190 190//190 191//191 
f 335//191 191//191 192//192 
f 336//192 192//192 193//193 
f 337//193 193//193 194//194 
f 338//194 194//194 195//195 
f 339//195 195//195 196//196 
f 340//196 196//196 197//197 
f 341//197 197//197 198//198 
f 342//198 198//198 199//199 
f 343//199 199//199 200//200 
f 344//200 200//200 201//201 
f 345//201 201//201 202//202 
f 346//202 202//202 203//203 
f 347//203 203//203 204//204 
f 348//204 204//204 205//205 
f 349//205 205//205 206//206 
f 350//206 206//206 207//207 
f 351//207 207//207 208//208 
f 352//208 208//208 209//209 
f 353//209 209//209 210//210 
f 354//210 210//210 211//211 
f 355//211 211//211 212//212 
f 356//212 212//212 213//213 
f 357//213 213//213 214//214 
f 358//214 214//214 215//215 
f 359//215 215//215 216//216 
f 360//216 216//216 217//217 
f 361//217 217//217 218//218 
f 362//218 218//218 219//219 
f 363//219 219//219 220//220 
f 364//220 220//220 221//221 
f 365//221 221//221 222//222 
f 366//222 222//222 223//223 
f 367//223 223//223 224//224 
f 368//224 224//224 225//225 
f 369//225 225//225 226//226 
f 370//226 226//226 227//227 
f 371//227 227//227 228//228 
f 372//228 228//228 229//229 
f 373//229 229//229 230//230 
f 374//230 230//230 231//231 
f 375//231 231//231 232//232 
f 376//232 232//232 233//233 
f 377//233 233//233 234//234 
f 378//234 234//234 235//235 
f 379//235 235//235 236//236 
f 380//236 236//236 237//237 
f 381//237 237//237 238//238 
f 382//238 238//238 239//239 
f 383//239 239//239 240//240 
f 384//240 240//240 241//241 
f 385//241 241//241 242//242 
f 386//242 242//242 243//243 
f 387//243 243//243 244//244 
f 388//244 244//244 245//245 
f 389//245 245//245 246//246 
f 390//246 246//246 247//247 
f 391//247 247//247 248//248 
f 392//248 248//248 249//249 
f 393//249 249//249 250//250 
f 394//250 250//250 251//251 
f 395//251 251//251 252//252 
f 396//252 252//252 253//253 
f 397//253 253//253 254//254 
f 398//254 254//254 255//255 
f 399//255 255//255 256//256 
f 400//256 256//256 257//257 
f 401//257 257//257 258//258 
f 402//258 258//258 259//259 
f 403//259 259//259 260//260 
f 404//260 260//260 261//261 
f 405//261 261//261 262//262 
f 406//262 262//262 263//263 
f 407//263 263//263 264//264 
f 408//264 264//264 265//265 
f 409//265 265//265 266//266 
f 410//266 266//266 267//267 
f 411//267 267//267 268//268 
f 412//268 268//268 269//269 
f 413//269 269//269 270//270 
f 414//270 270//270 271//271 
f 415//271 271//271 272//272 
f 416//272 272//272 273//273 
f 417//273 273//273 274//274 
f 418//274 274//274 275//275 
f 419//275 275//275 276//276 
f 420//276 276//276 277//277 
f 421//277 277//277 278//278 
f 422//278 278//278 279//279 
f 423//279 279//279 280//280 
f 424//280 280//280 281//281 
f 425//281 281//281 282//282 
f 426//282 282//282 283//283 
f 427//283 283//283 284//284 
f 428//284 284//284 285//285 
f 429//285 285//285 286//286 
f 430//286 286//286 287//287 
f 431//287 287//287 288//288 
f 432//288 288//288 289//289 
f 433//289 289//289 146//146 
f 146//146 290//146 433//289 
f 289//289 433//289 432//288 
f 288//288 432//288 431//287 
f 287//287 431//287 430//286 
f 286//286 430//286 429//285 
f 285//285 429//285 428//284 
f 284//284 428//284 427//283 
f 283//283 427//283 426//282 
f 282//282 426//282 425//281 
f 281//281 425//281 424//280 
f 280//280 424//280 423//279 
f 279//279 423//279 422//278 
f 278//278 422//278 421//277 
f 277//277 421//277 420//276 
f 276//276 420//276 419//275 
f 275//275 419//275 418//274 
f 274//274 418//274 417//273 
f 273//273 417//273 416//272 
f 272//272 416//272 415//271 
f 271//271 415//271 414//270 
f 270//270 414//270 413//269 
f 269//269 413//269 412//268 
f 268//268 412//268 411//267 
f 267//267 411//267 410//266 
f 266//266 410//266 409//265 
f 265//265 409//265 408//264 
f 264//264 408//264 407//263 
f 263//263 407//263 406//262 
f 262//262 406//262 405//261 
f 261//261 405//261 404//260 
f 260//260 404//260 403//259 
f 259//259 403//259 402//258 
f 258//258 402//258 401//257 
f 257//257 401//257 400//256 
f 256//256 400//256 399//255 
f 255//255 399//255 398//254 
f 254//254 398//254 397//253 
f 253//253 397//253 396//252 
f 252//252 396//252 395//251 
f 251//251 395//251 394//250 
f 250//250 394//250 393//249 
f 249//249 393//249 392//248 
f 248//248 392//248 391//247 
f 247//247 391//247 390//246 
f 246//246 390//246 389//245 
f 245//245 389//245 388//244 
f 244//244 388//244 387//243 
f 243//243 387//243 386//242 
f 242//242 386//242 385//241 
f 241//241 385//241 384//240 
f 240//240 384//240 383//239 
f 239//239 383//239 382//238 
f 238//238 382//238 381//237 
f 237//237 381//237 380//236 
f 236//236 380//236 379//235 
f 235//235 379//235 378//234 
f 234//234 378//234 377//233 
f 233//233 377//233 376//232 
f 232//232 376//232 375//231 
f 231//231 375//231 374//230 
f 230//230 374//230 373//229 
f 229//229 373//229 372//228 
f 228//228 372//228 371//227 
f 227//227 371//227 370//226 
f 226//226 370//226 369//225 
f 225//225 369//225 368//224 
f 224//224 368//224 367//223 
f 223//223 367//223 366//222 
f 222//222 366//222 365//221 
f 221//221 365//221 364//220 
f 220//220 364//220 363//219 
f 219//219 363//219 362//218 
f 218//218 362//218 361//217 
f 217//217 361//217 360//216 
f 216//216 360//216 359//215 
f 215//215 359//215 358//214 
f 214//214 358//214 357//213 
f 213//213 357//213 356//212 
f 212//212 356//212 355//211 
f 211//211 355//211 354//210 
f 210//210 354//210 353//209 
f 209//209 353//209 352//208 
f 208//208 352//208 351//207 
f 207//207 351//207 350//206 
f 206//206 350//206 349//205 
f 205//205 349//205 348//204 
f 204//204 348//204 347//203 
f 203//203 347//203 346//202 
f 202//202 346//202 345//201 
f 201//201 345//201 344//200 
f 200//200 344//200 343//199 
f 199//199 343//199 342//198 
f 198//198 342//198 341//197 
f 197//197 341//197 340//196 
f 196//196 340//196 339//195 
f 195//195 339//195 338//194 
f 194//194 338//194 337//193 
f 193//193 337//193 336//192 
f 192//192 336//192 335//191 
f 191//191 335//191 334//190 
f 190//190 334//190 333//189 
f 189//189 333//189 332//188 
f 188//188 332//188 331//187 
f 187//187 331//187 330//186 
f 186//186 330//186 329//185 
f 185//185 329//185 328//184 
f 184//184 328//184 327//183 
f 183//183 327//183 326//182 
f 182//182 326//182 325//181 
f 181//181 325//181 324//180 
f 180//180 324//180 323//179 
f 179//179 323//179 322//178 
f 178//178 322//178 321//177 
f 177//177 321//177 320//176 
f 176//176 320//176 319//175 
f 175//175 319//175 318//174 
f 174//174 318//174 317//173 
f 173//173 317//173 316//172 
f 172//172 316//172 315//171 
f 171//171 315//171 314//170 
f 170//170 314//170 313//169 
f 169//169 313//169 312//168 
f 168//168 312//168 311//167 
f 167//167 311//167 310//166 
f 166//166 310//166 309//165 
f 165//165 309//165 308//164 
f 164//164 308//164 307//163 
f 163//163 307//163 306//162 
f 162//162 306//162 305//161 
f 161//161 305//161 304//160 
f 160//160 304//160 303//159 
f 159//159 303//159 302//158 
f 158//158 302//158 301//157 
f 157//157 301//157 300//156 
f 156//156 300//156 299//155 
f 155//155 299//155 298//154 
f 154//154 298//154 297//153 
f 153//153 297//153 296//152 
f 152//152 296//152 295//151 
f 151//151 295//151 294//150 
f 150//150 294//150 293//149 
f 149//149 293//149 292//148 
f 148//148 292//148 291//147 
f 147//147 291//147 290//146 
o mesh3
f 434//290 435//290 436//290 
f 1318//290 436//290 437//290 
f 1319//290 437//290 438//290 
f 1320//290 438//290 439//290 
f 1321//290 439//290 440//290 
f 1322//290 440//290 441//290 
f 442//290 434//290 1318//290 
f 1323//290 1324//290 443//290 
f 1324//290 444//290 445//290 
f 1324//290 446//290 447//290 
f 1324//290 448//290 443//290 
f 447//290 444//290 1324//290 
f 1324//290 449//290 450//290 
f 445//290 448//290 1324//290 
f 1324//290 451//290 452//290 
f 1324//290 453//290 454//290 
f 1324//290 455//290 456//290 
f 1324//290 457//290 449//290 
f 1323//290 458//290 459//290 
f 1323//290 460//290 461//290 
f 452//290 446//290 1324//290 
f 1324//290 462//290 453//290 
f 456//290 463//290 1324//290 
f 450//290 464//290 1324//290 
f 1323//290 465//290 466//290 
f 1323//290 467//290 458//290 
f 1323//290 468//290 469//290 
f 443//290 460//290 1323//290 
f 463//290 462//290 1324//290 
f 464//290 470//290 1324//290 
f 1318//290 471//290 472//290 
f 1318//290 473//290 474//290 
f 1318//290 475//290 476//290 
f 1318//290 477//290 478//290 
f 466//290 479//290 1323//290 
f 1323//290 480//290 467//290 
f 461//290 468//290 1323//290 
f 470//290 455//290 1324//290 
f 1318//290 481//290 482//290 
f 1318//290 483//290 471//290 
f 1318//290 484//290 473//290 
f 1318//290 485//290 486//290 
f 1318//290 487//290 488//290 
f 478//290 475//290 1318//290 
f 1319//290 489//290 490//290 
f 1319//290 491//290 492//290 
f 1323//290 493//290 494//290 
f 1323//290 495//290 496//290 
f 1323//290 497//290 498//290 
f 459//290 465//290 1323//290 
f 454//290 451//290 1324//290 
f 1318//290 499//290 481//290 
f 474//290 483//290 1318//290 
f 486//290 500//290 1318//290 
f 476//290 487//290 1318//290 
f 490//290 1318//290 1319//290 
f 490//290 477//290 1318//290 
f 1319//290 501//290 491//290 
f 1319//290 502//290 503//290 
f 1319//290 1323//290 504//290 
f 1323//290 505//290 493//290 
f 498//290 495//290 1323//290 
f 469//290 480//290 1323//290 
f 1318//290 506//290 499//290 
f 500//290 484//290 1318//290 
f 503//290 501//290 1319//290 
f 1319//290 507//290 508//290 
f 1319//290 509//290 510//290 
f 494//290 504//290 1323//290 
f 1323//290 511//290 512//290 
f 1323//290 513//290 514//290 
f 479//290 497//290 1323//290 
f 1324//290 515//290 516//290 
f 472//290 506//290 1318//290 
f 492//290 489//290 1319//290 
f 508//290 517//290 1319//290 
f 1319//290 518//290 519//290 
f 1319//290 520//290 521//290 
f 510//290 522//290 1319//290 
f 504//290 523//290 1319//290 
f 1323//290 524//290 511//290 
f 1323//290 525//290 526//290 
f 1323//290 527//290 528//290 
f 1323//290 529//290 530//290 
f 496//290 513//290 1323//290 
f 1324//290 531//290 515//290 
f 1324//290 532//290 533//290 
f 1318//290 534//290 535//290 
f 488//290 485//290 1318//290 
f 1319//290 536//290 537//290 
f 1319//290 538//290 507//290 
f 1319//290 539//290 518//290 
f 1319//290 540//290 541//290 
f 521//290 542//290 1319//290 
f 1319//290 543//290 544//290 
f 1319//290 545//290 509//290 
f 512//290 505//290 1323//290 
f 526//290 546//290 1323//290 
f 530//290 527//290 1323//290 
f 516//290 457//290 1324//290 
f 1324//290 547//290 548//290 
f 533//290 549//290 1324//290 
f 1318//290 550//290 551//290 
f 1318//290 552//290 534//290 
f 537//290 502//290 1319//290 
f 1319//290 553//290 538//290 
f 541//290 539//290 1319//290 
f 1319//290 554//290 555//290 
f 1319//290 556//290 520//290 
f 544//290 557//290 1319//290 
f 1319//290 558//290 545//290 
f 546//290 524//290 1323//290 
f 514//290 529//290 1323//290 
f 1324//290 559//290 560//290 
f 1324//290 561//290 562//290 
f 1324//290 563//290 564//290 
f 1324//290 565//290 566//290 
f 549//290 547//290 1324//290 
f 1318//290 567//290 532//290 
f 1318//290 568//290 550//290 
f 1318//290 569//290 552//290 
f 517//290 536//290 1319//290 
f 555//290 540//290 1319//290 
f 1319//290 570//290 556//290 
f 522//290 543//290 1319//290 
f 528//290 525//290 1323//290 
f 1324//290 571//290 559//290 
f 1324//290 572//290 561//290 
f 564//290 573//290 1324//290 
f 548//290 565//290 1324//290 
f 551//290 567//290 1318//290 
f 1318//290 574//290 569//290 
f 1318//290 575//290 576//290 
f 1318//290 577//290 578//290 
f 1318//290 579//290 580//290 
f 1318//290 581//290 582//290 
f 1318//290 583//290 584//290 
f 519//290 553//290 1319//290 
f 557//290 570//290 1319//290 
f 560//290 531//290 1324//290 
f 573//290 572//290 1324//290 
f 532//290 1324//290 1318//290 
f 576//290 574//290 1318//290 
f 1318//290 585//290 577//290 
f 580//290 586//290 1318//290 
f 584//290 581//290 1318//290 
f 542//290 554//290 1319//290 
f 562//290 571//290 1324//290 
f 535//290 568//290 1318//290 
f 586//290 585//290 1318//290 
f 482//290 583//290 1318//290 
f 566//290 563//290 1324//290 
f 582//290 579//290 1318//290 
f 578//290 575//290 1318//290 
f 1323//290 1319//290 1320//290 
f 1325//290 1320//290 1321//290 
f 1326//290 1321//290 1322//290 
f 1327//290 587//290 588//290 
f 1327//290 589//290 590//290 
f 1327//290 591//290 592//290 
f 590//290 587//290 1327//290 
f 593//290 1327//290 594//290 
f 588//290 591//290 1327//290 
f 1327//290 595//290 596//290 
f 1327//290 597//290 598//290 
f 1327//290 599//290 600//290 
f 1327//290 601//290 602//290 
f 1322//290 603//290 604//290 
f 1322//290 605//290 606//290 
f 1322//290 607//290 608//290 
f 1322//290 609//290 610//290 
f 594//290 611//290 593//290 
f 596//290 589//290 1327//290 
f 1327//290 612//290 613//290 
f 600//290 597//290 1327//290 
f 598//290 614//290 1327//290 
f 602//290 615//290 1327//290 
f 615//290 599//290 1327//290 
f 604//290 1327//290 1322//290 
f 604//290 601//290 1327//290 
f 606//290 616//290 1322//290 
f 1322//290 617//290 618//290 
f 1322//290 619//290 620//290 
f 1322//290 621//290 622//290 
f 1322//290 623//290 624//290 
f 610//290 607//290 1322//290 
f 1322//290 625//290 626//290 
f 593//290 627//290 628//290 
f 611//290 629//290 593//290 
f 613//290 595//290 1327//290 
f 1327//290 630//290 631//290 
f 1327//290 632//290 633//290 
f 1327//290 634//290 635//290 
f 616//290 603//290 1322//290 
f 1322//290 636//290 617//290 
f 1322//290 637//290 638//290 
f 1322//290 639//290 640//290 
f 622//290 619//290 1322//290 
f 608//290 623//290 1322//290 
f 626//290 641//290 1322//290 
f 625//290 642//290 643//290 
f 625//290 644//290 645//290 
f 593//290 646//290 647//290 
f 629//290 627//290 593//290 
f 631//290 612//290 1327//290 
f 1327//290 648//290 649//290 
f 1327//290 650//290 632//290 
f 1327//290 651//290 634//290 
f 618//290 652//290 1322//290 
f 1322//290 653//290 654//290 
f 1322//290 655//290 637//290 
f 1322//290 656//290 639//290 
f 1322//290 657//290 621//290 
f 641//290 609//290 1322//290 
f 625//290 658//290 642//290 
f 645//290 659//290 625//290 
f 593//290 660//290 661//290 
f 593//290 662//290 646//290 
f 592//290 594//290 1327//290 
f 633//290 648//290 1327//290 
f 1327//290 663//290 664//290 
f 1327//290 665//290 666//290 
f 1327//290 614//290 651//290 
f 652//290 605//290 1322//290 
f 1322//290 667//290 653//290 
f 1322//290 668//290 655//290 
f 1322//290 669//290 656//290 
f 1322//290 670//290 671//290 
f 1322//290 672//290 673//290 
f 1322//290 674//290 675//290 
f 1322//290 676//290 677//290 
f 624//290 657//290 1322//290 
f 659//290 658//290 625//290 
f 661//290 678//290 593//290 
f 628//290 662//290 593//290 
f 1327//290 679//290 680//290 
f 664//290 650//290 1327//290 
f 666//290 681//290 1327//290 
f 635//290 682//290 1327//290 
f 654//290 636//290 1322//290 
f 640//290 668//290 1322//290 
f 673//290 670//290 1322//290 
f 677//290 674//290 1322//290 
f 643//290 626//290 625//290 
f 593//290 683//290 684//290 
f 593//290 685//290 686//290 
f 593//290 687//290 688//290 
f 593//290 689//290 690//290 
f 647//290 660//290 593//290 
f 1327//290 691//290 679//290 
f 681//290 663//290 1327//290 
f 671//290 669//290 1322//290 
f 620//290 676//290 1322//290 
f 625//290 692//290 693//290 
f 593//290 694//290 695//290 
f 593//290 696//290 683//290 
f 686//290 697//290 593//290 
f 690//290 687//290 593//290 
f 593//290 698//290 699//290 
f 680//290 630//290 1327//290 
f 1327//290 700//290 701//290 
f 682//290 665//290 1327//290 
f 675//290 672//290 1322//290 
f 693//290 702//290 625//290 
f 625//290 703//290 704//290 
f 593//290 705//290 694//290 
f 593//290 706//290 707//290 
f 697//290 696//290 593//290 
f 699//290 689//290 593//290 
f 701//290 691//290 1327//290 
f 638//290 667//290 1322//290 
f 625//290 708//290 709//290 
f 625//290 710//290 692//290 
f 625//290 711//290 703//290 
f 625//290 712//290 713//290 
f 625//290 593//290 714//290 
f 707//290 705//290 593//290 
f 593//290 715//290 716//290 
f 688//290 685//290 593//290 
f 649//290 700//290 1327//290 
f 702//290 708//290 625//290 
f 713//290 711//290 625//290 
f 625//290 717//290 718//290 
f 714//290 719//290 625//290 
f 716//290 706//290 593//290 
f 678//290 698//290 593//290 
f 704//290 710//290 625//290 
f 625//290 720//290 721//290 
f 625//290 722//290 723//290 
f 625//290 724//290 725//290 
f 718//290 726//290 625//290 
f 695//290 714//290 593//290 
f 709//290 644//290 625//290 
f 625//290 727//290 720//290 
f 723//290 728//290 625//290 
f 625//290 729//290 730//290 
f 726//290 724//290 625//290 
f 684//290 715//290 593//290 
f 728//290 727//290 625//290 
f 725//290 729//290 625//290 
f 625//290 731//290 732//290 
f 721//290 712//290 625//290 
f 732//290 717//290 625//290 
f 730//290 722//290 625//290 
f 733//290 442//290 1324//290 
f 1328//290 1324//290 1323//290 
f 1329//290 327//290 328//290 
f 1329//290 325//290 326//290 
f 1330//290 328//290 329//290 
f 326//290 327//290 1329//290 
f 1329//290 322//290 323//290 
f 1329//290 312//290 313//290 
f 1330//290 345//290 346//290 
f 329//290 330//290 1330//290 
f 1329//290 324//290 325//290 
f 1329//290 321//290 322//290 
f 1329//290 319//290 320//290 
f 1329//290 317//290 318//290 
f 313//290 314//290 1329//290 
f 1323//290 401//290 402//290 
f 1323//290 399//290 400//290 
f 1323//290 397//290 398//290 
f 1330//290 344//290 345//290 
f 1330//290 339//290 340//290 
f 1330//290 336//290 337//290 
f 1330//290 331//290 332//290 
f 328//290 1330//290 1329//290 
f 320//290 321//290 1329//290 
f 1329//290 316//290 317//290 
f 314//290 315//290 1329//290 
f 1323//290 404//290 405//290 
f 402//290 403//290 1323//290 
f 398//290 399//290 1323//290 
f 400//290 401//290 1323//290 
f 346//290 347//290 1330//290 
f 1330//290 342//290 343//290 
f 340//290 341//290 1330//290 
f 337//290 338//290 1330//290 
f 1330//290 334//290 335//290 
f 332//290 333//290 1330//290 
f 323//290 324//290 1329//290 
f 315//290 316//290 1329//290 
f 1323//290 409//290 410//290 
f 1323//290 407//290 408//290 
f 405//290 406//290 1323//290 
f 1323//290 395//290 396//290 
f 1325//290 394//290 395//290 
f 343//290 344//290 1330//290 
f 338//290 339//290 1330//290 
f 333//290 334//290 1330//290 
f 318//290 319//290 1329//290 
f 1329//290 310//290 311//290 
f 408//290 409//290 1323//290 
f 403//290 404//290 1323//290 
f 395//290 1323//290 1325//290 
f 396//290 397//290 1323//290 
f 1325//290 391//290 392//290 
f 1330//290 348//290 349//290 
f 341//290 342//290 1330//290 
f 330//290 331//290 1330//290 
f 1329//290 309//290 310//290 
f 1329//290 307//290 308//290 
f 1329//290 304//290 305//290 
f 1323//290 412//290 413//290 
f 410//290 411//290 1323//290 
f 392//290 393//290 1325//290 
f 1325//290 389//290 390//290 
f 1325//290 387//290 388//290 
f 349//290 350//290 1330//290 
f 335//290 336//290 1330//290 
f 308//290 309//290 1329//290 
f 305//290 306//290 1329//290 
f 1323//290 433//290 290//290 
f 1323//290 421//290 422//290 
f 411//290 412//290 1323//290 
f 393//290 394//290 1325//290 
f 388//290 389//290 1325//290 
f 1325//290 385//290 386//290 
f 1325//290 383//290 384//290 
f 1325//290 380//290 381//290 
f 1325//290 375//290 376//290 
f 1325//290 373//290 374//290 
f 1330//290 357//290 358//290 
f 1330//290 354//290 355//290 
f 347//290 348//290 1330//290 
f 306//290 307//290 1329//290 
f 1329//290 291//290 292//290 
f 290//290 1329//290 1323//290 
f 1323//290 424//290 425//290 
f 422//290 423//290 1323//290 
f 406//290 407//290 1323//290 
f 386//290 387//290 1325//290 
f 1325//290 382//290 383//290 
f 1325//290 379//290 380//290 
f 374//290 375//290 1325//290 
f 1325//290 365//290 366//290 
f 1330//290 356//290 357//290 
f 1330//290 353//290 354//290 
f 1330//290 351//290 352//290 
f 311//290 312//290 1329//290 
f 1329//290 301//290 302//290 
f 1329//290 298//290 299//290 
f 1329//290 294//290 295//290 
f 290//290 291//290 1329//290 
f 1323//290 431//290 432//290 
f 423//290 424//290 1323//290 
f 1323//290 419//290 420//290 
f 1323//290 416//290 417//290 
f 390//290 391//290 1325//290 
f 381//290 382//290 1325//290 
f 1325//290 372//290 373//290 
f 1325//290 370//290 371//290 
f 1325//290 368//290 369//290 
f 366//290 367//290 1325//290 
f 1330//290 359//290 360//290 
f 355//290 356//290 1330//290 
f 350//290 351//290 1330//290 
f 302//290 303//290 1329//290 
f 299//290 300//290 1329//290 
f 1329//290 293//290 294//290 
f 432//290 433//290 1323//290 
f 1323//290 428//290 429//290 
f 420//290 421//290 1323//290 
f 417//290 418//290 1323//290 
f 384//290 385//290 1325//290 
f 1325//290 377//290 378//290 
f 371//290 372//290 1325//290 
f 367//290 368//290 1325//290 
f 360//290 361//290 1330//290 
f 352//290 353//290 1330//290 
f 300//290 301//290 1329//290 
f 1329//290 296//290 297//290 
f 292//290 293//290 1329//290 
f 429//290 430//290 1323//290 
f 1323//290 426//290 427//290 
f 418//290 419//290 1323//290 
f 378//290 379//290 1325//290 
f 369//290 370//290 1325//290 
f 358//290 359//290 1330//290 
f 297//290 298//290 1329//290 
f 430//290 431//290 1323//290 
f 425//290 426//290 1323//290 
f 1323//290 414//290 415//290 
f 376//290 377//290 1325//290 
f 1325//290 363//290 364//290 
f 1325//290 1330//290 362//290 
f 303//290 304//290 1329//290 
f 427//290 428//290 1323//290 
f 413//290 414//290 1323//290 
f 362//290 363//290 1325//290 
f 295//290 296//290 1329//290 
f 364//290 365//290 1325//290 
f 415//290 416//290 1323//290 
f 1331//290 734//290 735//290 
f 1331//290 736//290 737//290 
f 1331//290 738//290 739//290 
f 735//290 740//290 1331//290 
f 1331//290 1330//290 741//290 
f 1330//290 742//290 743//290 
f 1326//290 744//290 745//290 
f 737//290 746//290 1331//290 
f 1331//290 747//290 748//290 
f 739//290 749//290 1331//290 
f 741//290 734//290 1331//290 
f 743//290 750//290 1330//290 
f 750//290 741//290 1330//290 
f 1330//290 751//290 752//290 
f 745//290 1325//290 1326//290 
f 1331//290 753//290 754//290 
f 746//290 755//290 1331//290 
f 1331//290 756//290 757//290 
f 748//290 758//290 1331//290 
f 740//290 738//290 1331//290 
f 752//290 742//290 1330//290 
f 1325//290 759//290 760//290 
f 1326//290 761//290 744//290 
f 755//290 753//290 1331//290 
f 1331//290 762//290 763//290 
f 1331//290 764//290 765//290 
f 758//290 756//290 1331//290 
f 1325//290 766//290 767//290 
f 760//290 768//290 1325//290 
f 1326//290 769//290 761//290 
f 763//290 736//290 1331//290 
f 765//290 770//290 1331//290 
f 749//290 747//290 1331//290 
f 1330//290 771//290 772//290 
f 1330//290 773//290 774//290 
f 767//290 775//290 1325//290 
f 745//290 759//290 1325//290 
f 1326//290 776//290 777//290 
f 1331//290 778//290 779//290 
f 1331//290 780//290 781//290 
f 770//290 762//290 1331//290 
f 772//290 751//290 1330//290 
f 1330//290 782//290 783//290 
f 774//290 784//290 1330//290 
f 1330//290 785//290 786//290 
f 1330//290 787//290 788//290 
f 1330//290 789//290 790//290 
f 1325//290 791//290 792//290 
f 768//290 766//290 1325//290 
f 1326//290 793//290 776//290 
f 1326//290 794//290 795//290 
f 779//290 796//290 1331//290 
f 781//290 797//290 1331//290 
f 757//290 764//290 1331//290 
f 784//290 782//290 1330//290 
f 1330//290 798//290 799//290 
f 1330//290 800//290 785//290 
f 790//290 787//290 1330//290 
f 1330//290 1325//290 801//290 
f 1325//290 802//290 803//290 
f 1325//290 804//290 805//290 
f 1325//290 806//290 791//290 
f 1325//290 807//290 808//290 
f 777//290 769//290 1326//290 
f 795//290 809//290 1326//290 
f 797//290 778//290 1331//290 
f 783//290 771//290 1330//290 
f 799//290 810//290 1330//290 
f 1330//290 811//290 812//290 
f 1330//290 813//290 814//290 
f 786//290 815//290 1330//290 
f 788//290 816//290 1330//290 
f 801//290 817//290 1330//290 
f 803//290 818//290 1325//290 
f 1325//290 819//290 820//290 
f 1325//290 821//290 822//290 
f 1325//290 823//290 804//290 
f 792//290 824//290 1325//290 
f 1325//290 825//290 826//290 
f 1325//290 827//290 828//290 
f 1325//290 829//290 807//290 
f 809//290 793//290 1326//290 
f 1326//290 830//290 831//290 
f 1326//290 832//290 833//290 
f 1326//290 834//290 835//290 
f 1326//290 836//290 837//290 
f 1326//290 838//290 839//290 
f 1331//290 840//290 841//290 
f 754//290 780//290 1331//290 
f 812//290 798//290 1330//290 
f 815//290 813//290 1330//290 
f 817//290 789//290 1330//290 
f 820//290 802//290 1325//290 
f 822//290 842//290 1325//290 
f 1325//290 843//290 844//290 
f 824//290 823//290 1325//290 
f 828//290 825//290 1325//290 
f 775//290 829//290 1325//290 
f 833//290 830//290 1326//290 
f 1326//290 845//290 846//290 
f 1326//290 847//290 848//290 
f 1326//290 849//290 850//290 
f 835//290 851//290 1326//290 
f 837//290 852//290 1326//290 
f 839//290 853//290 1326//290 
f 796//290 840//290 1331//290 
f 814//290 811//290 1330//290 
f 818//290 801//290 1325//290 
f 1325//290 854//290 855//290 
f 844//290 821//290 1325//290 
f 805//290 856//290 1325//290 
f 808//290 827//290 1325//290 
f 846//290 832//290 1326//290 
f 1326//290 857//290 858//290 
f 1326//290 859//290 847//290 
f 850//290 860//290 1326//290 
f 852//290 834//290 1326//290 
f 853//290 861//290 1326//290 
f 1331//290 862//290 863//290 
f 810//290 773//290 1330//290 
f 1330//290 864//290 865//290 
f 1330//290 866//290 867//290 
f 855//290 819//290 1325//290 
f 856//290 843//290 1325//290 
f 831//290 794//290 1326//290 
f 848//290 857//290 1326//290 
f 1326//290 868//290 869//290 
f 851//290 849//290 1326//290 
f 1326//290 870//290 838//290 
f 1326//290 1331//290 871//290 
f 1331//290 872//290 873//290 
f 863//290 874//290 1331//290 
f 865//290 800//290 1330//290 
f 816//290 866//290 1330//290 
f 826//290 806//290 1325//290 
f 869//290 859//290 1326//290 
f 861//290 836//290 1326//290 
f 871//290 875//290 1326//290 
f 874//290 872//290 1331//290 
f 867//290 864//290 1330//290 
f 858//290 845//290 1326//290 
f 875//290 870//290 1326//290 
f 841//290 862//290 1331//290 
f 860//290 868//290 1326//290 
f 1331//290 876//290 877//290 
f 842//290 854//290 1325//290 
f 873//290 876//290 1331//290 
f 1327//290 878//290 879//290 
f 1327//290 880//290 881//290 
f 1327//290 882//290 883//290 
f 1332//290 884//290 885//290 
f 1332//290 886//290 887//290 
f 1332//290 888//290 889//290 
f 1332//290 1331//290 890//290 
f 881//290 878//290 1327//290 
f 1327//290 891//290 882//290 
f 1327//290 892//290 893//290 
f 885//290 894//290 1332//290 
f 1332//290 895//290 896//290 
f 1332//290 897//290 898//290 
f 887//290 899//290 1332//290 
f 889//290 900//290 1332//290 
f 890//290 901//290 1332//290 
f 1331//290 902//290 903//290 
f 1326//290 904//290 905//290 
f 1327//290 906//290 880//290 
f 1327//290 907//290 908//290 
f 1327//290 909//290 891//290 
f 893//290 910//290 1327//290 
f 896//290 884//290 1332//290 
f 1332//290 911//290 912//290 
f 899//290 897//290 1332//290 
f 1332//290 913//290 888//290 
f 1331//290 914//290 890//290 
f 1331//290 915//290 916//290 
f 1331//290 917//290 918//290 
f 903//290 919//290 1331//290 
f 1326//290 920//290 921//290 
f 1326//290 922//290 923//290 
f 905//290 924//290 1326//290 
f 1327//290 925//290 926//290 
f 908//290 906//290 1327//290 
f 910//290 909//290 1327//290 
f 1332//290 927//290 928//290 
f 912//290 895//290 1332//290 
f 900//290 886//290 1332//290 
f 916//290 914//290 1331//290 
f 1331//290 929//290 917//290 
f 919//290 930//290 1331//290 
f 1331//290 931//290 932//290 
f 923//290 920//290 1326//290 
f 1326//290 933//290 904//290 
f 926//290 1326//290 1327//290 
f 883//290 907//290 1327//290 
f 1327//290 934//290 935//290 
f 928//290 936//290 1332//290 
f 1332//290 937//290 938//290 
f 894//290 939//290 1332//290 
f 1332//290 940//290 941//290 
f 901//290 913//290 1332//290 
f 930//290 929//290 1331//290 
f 1331//290 942//290 931//290 
f 1331//290 943//290 944//290 
f 1331//290 945//290 946//290 
f 1326//290 947//290 948//290 
f 921//290 949//290 1326//290 
f 926//290 933//290 1326//290 
f 935//290 892//290 1327//290 
f 1327//290 950//290 951//290 
f 1327//290 952//290 953//290 
f 1332//290 954//290 955//290 
f 936//290 956//290 1332//290 
f 1332//290 957//290 958//290 
f 939//290 937//290 1332//290 
f 1332//290 959//290 940//290 
f 918//290 915//290 1331//290 
f 944//290 942//290 1331//290 
f 946//290 960//290 1331//290 
f 1326//290 961//290 962//290 
f 1326//290 963//290 964//290 
f 949//290 947//290 1326//290 
f 879//290 925//290 1327//290 
f 951//290 965//290 1327//290 
f 1327//290 966//290 967//290 
f 953//290 968//290 1327//290 
f 956//290 954//290 1332//290 
f 938//290 957//290 1332//290 
f 898//290 959//290 1332//290 
f 960//290 943//290 1331//290 
f 1331//290 969//290 970//290 
f 1331//290 971//290 972//290 
f 1331//290 973//290 974//290 
f 962//290 1331//290 1326//290 
f 1326//290 975//290 976//290 
f 964//290 977//290 1326//290 
f 924//290 922//290 1326//290 
f 965//290 978//290 1327//290 
f 1327//290 979//290 966//290 
f 1327//290 980//290 952//290 
f 1327//290 981//290 982//290 
f 958//290 927//290 1332//290 
f 932//290 902//290 1331//290 
f 970//290 983//290 1331//290 
f 972//290 984//290 1331//290 
f 1331//290 985//290 986//290 
f 962//290 973//290 1331//290 
f 1326//290 987//290 988//290 
f 977//290 975//290 1326//290 
f 1326//290 989//290 990//290 
f 1326//290 991//290 992//290 
f 978//290 934//290 1327//290 
f 1327//290 993//290 994//290 
f 968//290 979//290 1327//290 
f 1327//290 995//290 981//290 
f 1332//290 996//290 997//290 
f 1332//290 998//290 999//290 
f 1332//290 1000//290 1001//290 
f 941//290 911//290 1332//290 
f 984//290 969//290 1331//290 
f 1331//290 1002//290 1003//290 
f 1331//290 1004//290 985//290 
f 988//290 961//290 1326//290 
f 1326//290 1005//290 1006//290 
f 990//290 963//290 1326//290 
f 992//290 1007//290 1326//290 
f 994//290 950//290 1327//290 
f 982//290 980//290 1327//290 
f 997//290 1008//290 1332//290 
f 999//290 1009//290 1332//290 
f 955//290 1000//290 1332//290 
f 1003//290 971//290 1331//290 
f 974//290 1004//290 1331//290 
f 1006//290 1010//290 1326//290 
f 1326//290 1011//290 1012//290 
f 1007//290 989//290 1326//290 
f 1326//290 1013//290 1014//290 
f 967//290 993//290 1327//290 
f 1327//290 1015//290 1016//290 
f 1327//290 1332//290 1017//290 
f 1009//290 996//290 1332//290 
f 983//290 945//290 1331//290 
f 1010//290 987//290 1326//290 
f 976//290 1011//290 1326//290 
f 948//290 1013//290 1326//290 
f 1327//290 1018//290 1019//290 
f 1327//290 1020//290 1021//290 
f 1017//290 1015//290 1327//290 
f 1001//290 998//290 1332//290 
f 1012//290 1005//290 1326//290 
f 1019//290 995//290 1327//290 
f 1016//290 1020//290 1327//290 
f 986//290 1002//290 1331//290 
f 1021//290 1018//290 1327//290 
f 1014//290 991//290 1326//290 
f 1332//290 1327//290 593//290 
f 1022//290 733//290 1328//290 
f 1023//290 1024//290 1025//290 
f 1024//290 1026//290 1027//290 
f 1024//290 1028//290 1029//290 
f 1024//290 1030//290 1025//290 
f 1029//290 1026//290 1024//290 
f 1024//290 1031//290 1032//290 
f 1027//290 1030//290 1024//290 
f 1024//290 1033//290 1034//290 
f 1024//290 1035//290 1036//290 
f 1024//290 1037//290 1038//290 
f 1024//290 1039//290 1031//290 
f 1023//290 1040//290 1041//290 
f 1023//290 1042//290 1043//290 
f 1034//290 1028//290 1024//290 
f 1024//290 1044//290 1035//290 
f 1038//290 1045//290 1024//290 
f 1032//290 1046//290 1024//290 
f 1023//290 1047//290 1048//290 
f 1023//290 1049//290 1040//290 
f 1023//290 1050//290 1051//290 
f 1025//290 1042//290 1023//290 
f 1045//290 1044//290 1024//290 
f 1046//290 1052//290 1024//290 
f 1328//290 1053//290 1054//290 
f 1328//290 1055//290 1056//290 
f 1328//290 1057//290 1058//290 
f 1328//290 1059//290 1060//290 
f 1048//290 1061//290 1023//290 
f 1023//290 1062//290 1049//290 
f 1043//290 1050//290 1023//290 
f 1052//290 1037//290 1024//290 
f 1328//290 1063//290 1064//290 
f 1328//290 1065//290 1053//290 
f 1328//290 1066//290 1055//290 
f 1328//290 1067//290 1068//290 
f 1328//290 1069//290 1070//290 
f 1060//290 1057//290 1328//290 
f 1329//290 1071//290 1072//290 
f 1329//290 1073//290 1074//290 
f 1023//290 1075//290 1076//290 
f 1023//290 1077//290 1078//290 
f 1023//290 1079//290 1080//290 
f 1041//290 1047//290 1023//290 
f 1036//290 1033//290 1024//290 
f 1328//290 1081//290 1063//290 
f 1056//290 1065//290 1328//290 
f 1068//290 1082//290 1328//290 
f 1058//290 1069//290 1328//290 
f 1072//290 1328//290 1329//290 
f 1329//290 1083//290 1073//290 
f 1329//290 1084//290 1085//290 
f 1023//290 1086//290 1075//290 
f 1080//290 1077//290 1023//290 
f 1051//290 1062//290 1023//290 
f 1328//290 1087//290 1081//290 
f 1082//290 1066//290 1328//290 
f 1072//290 1059//290 1328//290 
f 1085//290 1083//290 1329//290 
f 1329//290 1088//290 1089//290 
f 1329//290 1090//290 1091//290 
f 1023//290 1092//290 1093//290 
f 1076//290 1094//290 1023//290 
f 1023//290 1095//290 1096//290 
f 1023//290 1097//290 1098//290 
f 1061//290 1079//290 1023//290 
f 1024//290 1099//290 1100//290 
f 1054//290 1087//290 1328//290 
f 1074//290 1071//290 1329//290 
f 1089//290 1101//290 1329//290 
f 1329//290 1102//290 1103//290 
f 1329//290 1104//290 1105//290 
f 1091//290 1106//290 1329//290 
f 1094//290 1092//290 1023//290 
f 1023//290 1107//290 1095//290 
f 1023//290 1108//290 1109//290 
f 1023//290 1110//290 1111//290 
f 1023//290 1112//290 1113//290 
f 1078//290 1097//290 1023//290 
f 1024//290 1114//290 1099//290 
f 1024//290 1115//290 1116//290 
f 1328//290 1117//290 1118//290 
f 1070//290 1067//290 1328//290 
f 1329//290 1119//290 1120//290 
f 1329//290 1121//290 1088//290 
f 1329//290 1122//290 1102//290 
f 1329//290 1123//290 1124//290 
f 1105//290 1125//290 1329//290 
f 1329//290 1126//290 1127//290 
f 1329//290 1128//290 1090//290 
f 1096//290 1086//290 1023//290 
f 1109//290 1129//290 1023//290 
f 1113//290 1110//290 1023//290 
f 1100//290 1039//290 1024//290 
f 1024//290 1130//290 1131//290 
f 1116//290 1132//290 1024//290 
f 1024//290 1133//290 1134//290 
f 1328//290 1135//290 1133//290 
f 1328//290 1136//290 1117//290 
f 1120//290 1084//290 1329//290 
f 1329//290 1137//290 1121//290 
f 1124//290 1122//290 1329//290 
f 1329//290 1138//290 1139//290 
f 1329//290 1140//290 1104//290 
f 1127//290 1141//290 1329//290 
f 1329//290 1093//290 1128//290 
f 1129//290 1107//290 1023//290 
f 1098//290 1112//290 1023//290 
f 1024//290 1142//290 1143//290 
f 1024//290 1144//290 1145//290 
f 1024//290 1146//290 1147//290 
f 1024//290 1148//290 1149//290 
f 1132//290 1130//290 1024//290 
f 1133//290 1024//290 1328//290 
f 1134//290 1150//290 1024//290 
f 1328//290 1151//290 1136//290 
f 1101//290 1119//290 1329//290 
f 1139//290 1123//290 1329//290 
f 1329//290 1152//290 1140//290 
f 1106//290 1126//290 1329//290 
f 1111//290 1108//290 1023//290 
f 1024//290 1153//290 1142//290 
f 1024//290 1154//290 1144//290 
f 1147//290 1155//290 1024//290 
f 1131//290 1148//290 1024//290 
f 1328//290 1156//290 1151//290 
f 1328//290 1157//290 1158//290 
f 1328//290 1159//290 1160//290 
f 1328//290 1161//290 1162//290 
f 1328//290 1163//290 1164//290 
f 1328//290 1165//290 1166//290 
f 1103//290 1137//290 1329//290 
f 1141//290 1152//290 1329//290 
f 1143//290 1114//290 1024//290 
f 1155//290 1154//290 1024//290 
f 1150//290 1115//290 1024//290 
f 1158//290 1156//290 1328//290 
f 1328//290 1167//290 1159//290 
f 1162//290 1168//290 1328//290 
f 1166//290 1163//290 1328//290 
f 1125//290 1138//290 1329//290 
f 1145//290 1153//290 1024//290 
f 1118//290 1135//290 1328//290 
f 1168//290 1167//290 1328//290 
f 1064//290 1165//290 1328//290 
f 1149//290 1146//290 1024//290 
f 1164//290 1161//290 1328//290 
f 1160//290 1157//290 1328//290 
f 1023//290 1329//290 1330//290 
f 1169//290 1330//290 1331//290 
f 1170//290 1331//290 1332//290 
f 1171//290 1172//290 1173//290 
f 1171//290 1174//290 1175//290 
f 1171//290 1176//290 1177//290 
f 1175//290 1172//290 1171//290 
f 1178//290 1171//290 1179//290 
f 1173//290 1176//290 1171//290 
f 1171//290 1180//290 1181//290 
f 1171//290 1182//290 1183//290 
f 1171//290 1184//290 1185//290 
f 1171//290 1186//290 1187//290 
f 1332//290 1188//290 1189//290 
f 1332//290 1190//290 1191//290 
f 1332//290 1192//290 1193//290 
f 1332//290 1194//290 1195//290 
f 1179//290 1196//290 1178//290 
f 1181//290 1174//290 1171//290 
f 1171//290 1197//290 1198//290 
f 1185//290 1182//290 1171//290 
f 1183//290 1199//290 1171//290 
f 1187//290 1200//290 1171//290 
f 1200//290 1184//290 1171//290 
f 1189//290 1171//290 1332//290 
f 1189//290 1186//290 1171//290 
f 1191//290 1201//290 1332//290 
f 1332//290 1202//290 1203//290 
f 1332//290 1204//290 1205//290 
f 1332//290 1206//290 1207//290 
f 1332//290 1208//290 1209//290 
f 1195//290 1192//290 1332//290 
f 1210//290 1211//290 1212//290 
f 1178//290 1213//290 1214//290 
f 1196//290 1215//290 1178//290 
f 1198//290 1180//290 1171//290 
f 1171//290 1216//290 1217//290 
f 1171//290 1218//290 1219//290 
f 1171//290 1220//290 1221//290 
f 1201//290 1188//290 1332//290 
f 1332//290 1222//290 1202//290 
f 1332//290 1223//290 1224//290 
f 1332//290 1225//290 1226//290 
f 1207//290 1204//290 1332//290 
f 1193//290 1208//290 1332//290 
f 1332//290 1212//290 1227//290 
f 1210//290 1228//290 1211//290 
f 1210//290 1229//290 1230//290 
f 1178//290 1231//290 1232//290 
f 1215//290 1213//290 1178//290 
f 1217//290 1197//290 1171//290 
f 1171//290 1233//290 1234//290 
f 1171//290 1235//290 1218//290 
f 1171//290 1236//290 1220//290 
f 1203//290 1237//290 1332//290 
f 1332//290 1238//290 1239//290 
f 1332//290 1240//290 1223//290 
f 1332//290 1241//290 1225//290 
f 1332//290 1242//290 1206//290 
f 1227//290 1194//290 1332//290 
f 1210//290 1243//290 1228//290 
f 1230//290 1244//290 1210//290 
f 1178//290 1245//290 1246//290 
f 1178//290 1247//290 1231//290 
f 1177//290 1179//290 1171//290 
f 1219//290 1233//290 1171//290 
f 1171//290 1248//290 1249//290 
f 1171//290 1250//290 1251//290 
f 1171//290 1199//290 1236//290 
f 1237//290 1190//290 1332//290 
f 1332//290 1252//290 1238//290 
f 1332//290 1253//290 1240//290 
f 1332//290 1254//290 1241//290 
f 1332//290 1255//290 1256//290 
f 1332//290 1257//290 1258//290 
f 1332//290 1259//290 1260//290 
f 1332//290 1261//290 1262//290 
f 1209//290 1242//290 1332//290 
f 1244//290 1243//290 1210//290 
f 1246//290 1263//290 1178//290 
f 1214//290 1247//290 1178//290 
f 1171//290 1264//290 1265//290 
f 1249//290 1235//290 1171//290 
f 1251//290 1266//290 1171//290 
f 1221//290 1267//290 1171//290 
f 1239//290 1222//290 1332//290 
f 1226//290 1253//290 1332//290 
f 1258//290 1255//290 1332//290 
f 1262//290 1259//290 1332//290 
f 1212//290 1332//290 1210//290 
f 1178//290 1268//290 1269//290 
f 1178//290 1270//290 1271//290 
f 1178//290 1272//290 1273//290 
f 1178//290 1274//290 1275//290 
f 1232//290 1245//290 1178//290 
f 1171//290 1276//290 1264//290 
f 1266//290 1248//290 1171//290 
f 1256//290 1254//290 1332//290 
f 1205//290 1261//290 1332//290 
f 1210//290 1277//290 1278//290 
f 1178//290 1279//290 1280//290 
f 1178//290 1281//290 1268//290 
f 1271//290 1282//290 1178//290 
f 1275//290 1272//290 1178//290 
f 1178//290 1283//290 1284//290 
f 1265//290 1216//290 1171//290 
f 1171//290 1285//290 1286//290 
f 1267//290 1250//290 1171//290 
f 1260//290 1257//290 1332//290 
f 1278//290 1287//290 1210//290 
f 1210//290 1288//290 1289//290 
f 1178//290 1290//290 1279//290 
f 1178//290 1291//290 1292//290 
f 1282//290 1281//290 1178//290 
f 1284//290 1274//290 1178//290 
f 1286//290 1276//290 1171//290 
f 1224//290 1252//290 1332//290 
f 1210//290 1293//290 1294//290 
f 1210//290 1295//290 1277//290 
f 1210//290 1296//290 1288//290 
f 1210//290 1297//290 1298//290 
f 1178//290 1299//290 1300//290 
f 1292//290 1290//290 1178//290 
f 1178//290 1301//290 1302//290 
f 1273//290 1270//290 1178//290 
f 1234//290 1285//290 1171//290 
f 1287//290 1293//290 1210//290 
f 1298//290 1296//290 1210//290 
f 1210//290 1303//290 1304//290 
f 1178//290 1305//290 1299//290 
f 1302//290 1291//290 1178//290 
f 1263//290 1283//290 1178//290 
f 1289//290 1295//290 1210//290 
f 1210//290 1306//290 1307//290 
f 1210//290 1308//290 1309//290 
f 1210//290 1310//290 1311//290 
f 1304//290 1312//290 1210//290 
f 1280//290 1305//290 1178//290 
f 1294//290 1229//290 1210//290 
f 1210//290 1313//290 1306//290 
f 1309//290 1314//290 1210//290 
f 1210//290 1315//290 1316//290 
f 1312//290 1310//290 1210//290 
f 1269//290 1301//290 1178//290 
f 1314//290 1313//290 1210//290 
f 1311//290 1315//290 1210//290 
f 1210//290 1300//290 1317//290 
f 1307//290 1297//290 1210//290 
f 1300//290 1210//290 1178//290 
f 1317//290 1303//290 1210//290 
f 1316//290 1308//290 1210//290 
f 1332//290 1171//290 1170//290 
f 1331//290 1170//290 1169//290 
f 1330//290 1169//290 1023//290 
f 1093//290 1329//290 1023//290 
f 1328//290 1024//290 1022//290 
f 593//290 1210//290 1332//290 
f 1008//290 1017//290 1332//290 
f 877//290 871//290 1331//290 
f 361//290 362//290 1330//290 
f 1323//290 1329//290 1328//290 
f 1324//290 1328//290 733//290 
f 719//290 731//290 625//290 
f 1322//290 1327//290 1326//290 
f 1321//290 1326//290 1325//290 
f 1320//290 1325//290 1323//290 
f 523//290 558//290 1319//290 
f 1318//290 1324//290 442//290 
f 441//290 625//290 1322//290 
f 440//290 1322//290 1321//290 
f 439//290 1321//290 1320//290 
f 438//290 1320//290 1319//290 
f 437//290 1319//290 1318//290 
f 436//290 1318//290 434//290 
o mesh4
f 1333//291 593//291 625//291 
f 1333//291 1334//291 1210//291 
f 1210//291 593//291 1333//291 
f 1334//291 1178//291 1210//291 
f 625//291 441//291 1333//291 
o mesh5
f 1335//292 1336//292 1337//292 
f 1338//292 1339//292 1340//292 
f 1337//292 1341//292 1335//292 
f 1337//292 1342//292 1341//292 
f 1340//292 1342//292 1338//292 
f 1340//292 1341//292 1342//292 
f 1339//292 1343//292 1344//292 
f 1338//292 1343//292 1339//292 
f 1335//292 1345//292 1336//292 
f 1345//292 1346//292 1347//292 
f 1346//292 1345//292 1348//292 
f 1347//292 1336//292 1345//292 
f 1344//292 1349//292 1339//292 
f 1349//292 1350//292 1351//292 
f 1352//292 1353//292 1354//292 
f 1352//292 1355//292 1356//292 
f 1350//292 1349//292 1357//292 
f 1351//292 1339//292 1349//292 
f 1356//292 1353//292 1352//292 
f 1358//292 1359//292 1360//292 
f 1358//292 1361//292 1362//292 
f 1363//292 1364//292 1365//292 
f 1366//292 1367//292 1368//292 
f 1346//292 1369//292 1370//292 
f 1346//292 1371//292 1372//292 
f 1348//292 1371//292 1346//292 
f 1354//292 1373//292 1352//292 
f 1360//292 1374//292 1358//292 
f 1374//292 1375//292 1358//292 
f 1358//292 1363//292 1361//292 
f 1362//292 1376//292 1358//292 
f 1363//292 1358//292 1364//292 
f 1365//292 1377//292 1363//292 
f 1378//292 1379//292 1380//292 
f 1334//292 1381//292 1382//292 
f 1334//292 1383//292 1384//292 
f 1385//292 1386//292 1366//292 
f 1368//292 1385//292 1366//292 
f 1385//292 1387//292 1388//292 
f 1389//292 1390//292 1391//292 
f 1370//292 1392//292 1346//292 
f 1392//292 1393//292 1346//292 
f 1372//292 1394//292 1346//292 
f 1355//292 1352//292 1395//292 
f 1373//292 1350//292 1352//292 
f 1393//292 1396//292 1397//292 
f 1358//292 1398//292 1359//292 
f 1376//292 1399//292 1358//292 
f 1377//292 1400//292 1363//292 
f 1378//292 1401//292 1402//292 
f 1380//292 1403//292 1378//292 
f 1403//292 1401//292 1378//292 
f 1378//292 1404//292 1405//292 
f 1334//292 1406//292 1407//292 
f 1384//292 1381//292 1334//292 
f 1408//292 1366//292 1409//292 
f 1366//292 1408//292 1410//292 
f 1385//292 1411//292 1386//292 
f 1385//292 1389//292 1387//292 
f 1388//292 1412//292 1385//292 
f 1389//292 1385//292 1390//292 
f 1391//292 1413//292 1389//292 
f 1414//292 1415//292 1416//292 
f 1394//292 1369//292 1346//292 
f 1357//292 1352//292 1350//292 
f 1397//292 1417//292 1393//292 
f 1417//292 1346//292 1393//292 
f 1393//292 1418//292 1419//292 
f 1420//292 1421//292 1422//292 
f 1420//292 1423//292 1424//292 
f 1358//292 1375//292 1425//292 
f 1358//292 1426//292 1398//292 
f 1399//292 1426//292 1358//292 
f 1427//292 1428//292 1429//292 
f 1378//292 1430//292 1428//292 
f 1363//292 1431//292 1432//292 
f 1400//292 1431//292 1363//292 
f 1378//292 1433//292 1434//292 
f 1378//292 1435//292 1436//292 
f 1378//292 1437//292 1438//292 
f 1402//292 1439//292 1378//292 
f 1378//292 1440//292 1404//292 
f 1405//292 1379//292 1378//292 
f 1382//292 1406//292 1334//292 
f 1334//292 1441//292 1442//292 
f 1409//292 1443//292 1444//292 
f 1409//292 1444//292 1408//292 
f 1410//292 1367//292 1366//292 
f 1412//292 1445//292 1385//292 
f 1409//292 1446//292 1447//292 
f 1413//292 1448//292 1389//292 
f 1368//292 1449//292 1450//292 
f 1414//292 1451//292 1452//292 
f 1416//292 1453//292 1414//292 
f 1453//292 1451//292 1414//292 
f 1414//292 1454//292 1455//292 
f 1395//292 1456//292 1355//292 
f 1419//292 1396//292 1393//292 
f 1393//292 1457//292 1458//292 
f 1420//292 1459//292 1460//292 
f 1420//292 1461//292 1462//292 
f 1424//292 1421//292 1420//292 
f 1425//292 1463//292 1358//292 
f 1463//292 1464//292 1358//292 
f 1428//292 1427//292 1378//292 
f 1429//292 1363//292 1427//292 
f 1432//292 1427//292 1363//292 
f 1378//292 1465//292 1433//292 
f 1434//292 1466//292 1378//292 
f 1464//292 1467//292 1468//292 
f 1378//292 1469//292 1470//292 
f 1436//292 1471//292 1378//292 
f 1471//292 1469//292 1378//292 
f 1378//292 1472//292 1437//292 
f 1438//292 1473//292 1378//292 
f 1378//292 1439//292 1474//292 
f 1334//292 1475//292 1476//292 
f 1334//292 1477//292 1478//292 
f 1442//292 1383//292 1334//292 
f 1334//292 1479//292 1480//292 
f 1445//292 1411//292 1385//292 
f 1447//292 1481//292 1409//292 
f 1481//292 1482//292 1409//292 
f 1483//292 1484//292 1485//292 
f 1414//292 1486//292 1484//292 
f 1389//292 1487//292 1488//292 
f 1448//292 1487//292 1389//292 
f 1414//292 1489//292 1490//292 
f 1450//292 1491//292 1368//292 
f 1491//292 1492//292 1368//292 
f 1414//292 1493//292 1494//292 
f 1414//292 1495//292 1496//292 
f 1452//292 1497//292 1414//292 
f 1414//292 1498//292 1454//292 
f 1455//292 1415//292 1414//292 
f 1458//292 1499//292 1393//292 
f 1393//292 1500//292 1501//292 
f 1460//292 1502//292 1420//292 
f 1420//292 1503//292 1504//292 
f 1420//292 1505//292 1506//292 
f 1422//292 1461//292 1420//292 
f 1420//292 1507//292 1508//292 
f 1466//292 1509//292 1378//292 
f 1468//292 1510//292 1464//292 
f 1510//292 1511//292 1464//292 
f 1470//292 1512//292 1378//292 
f 1473//292 1513//292 1378//292 
f 1474//292 1472//292 1378//292 
f 1464//292 1514//292 1515//292 
f 1476//292 1516//292 1334//292 
f 1476//292 1517//292 1516//292 
f 1407//292 1477//292 1334//292 
f 1334//292 1518//292 1479//292 
f 1334//292 1519//292 1520//292 
f 1484//292 1483//292 1414//292 
f 1485//292 1389//292 1483//292 
f 1488//292 1483//292 1389//292 
f 1414//292 1521//292 1489//292 
f 1490//292 1522//292 1414//292 
f 1523//292 1524//292 1525//292 
f 1523//292 1526//292 1527//292 
f 1492//292 1385//292 1368//292 
f 1449//292 1368//292 1528//292 
f 1414//292 1529//292 1530//292 
f 1494//292 1531//292 1414//292 
f 1531//292 1529//292 1414//292 
f 1414//292 1532//292 1495//292 
f 1496//292 1533//292 1414//292 
f 1414//292 1497//292 1534//292 
f 1440//292 1378//292 1535//292 
f 1355//292 1456//292 1536//292 
f 1499//292 1418//292 1393//292 
f 1501//292 1537//292 1393//292 
f 1537//292 1457//292 1393//292 
f 1538//292 1539//292 1540//292 
f 1538//292 1541//292 1542//292 
f 1538//292 1543//292 1544//292 
f 1420//292 1545//292 1459//292 
f 1420//292 1546//292 1503//292 
f 1506//292 1547//292 1420//292 
f 1508//292 1423//292 1420//292 
f 1420//292 1548//292 1549//292 
f 1420//292 1550//292 1551//292 
f 1509//292 1430//292 1378//292 
f 1511//292 1358//292 1464//292 
f 1512//292 1552//292 1378//292 
f 1515//292 1553//292 1464//292 
f 1553//292 1554//292 1464//292 
f 1464//292 1555//292 1556//292 
f 1478//292 1475//292 1334//292 
f 1520//292 1518//292 1334//292 
f 1334//292 1557//292 1558//292 
f 1482//292 1443//292 1409//292 
f 1522//292 1559//292 1414//292 
f 1525//292 1560//292 1523//292 
f 1560//292 1440//292 1523//292 
f 1523//292 1561//292 1562//292 
f 1523//292 1528//292 1526//292 
f 1527//292 1561//292 1523//292 
f 1528//292 1523//292 1449//292 
f 1530//292 1563//292 1414//292 
f 1533//292 1564//292 1414//292 
f 1534//292 1532//292 1414//292 
f 1440//292 1565//292 1566//292 
f 1535//292 1538//292 1440//292 
f 1538//292 1567//292 1440//292 
f 1536//292 1568//292 1355//292 
f 1569//292 1570//292 1571//292 
f 1569//292 1572//292 1573//292 
f 1538//292 1574//292 1575//292 
f 1540//292 1576//292 1538//292 
f 1576//292 1577//292 1538//292 
f 1542//292 1578//292 1538//292 
f 1578//292 1579//292 1538//292 
f 1544//292 1580//292 1538//292 
f 1580//292 1581//292 1538//292 
f 1538//292 1582//292 1583//292 
f 1420//292 1584//292 1545//292 
f 1547//292 1546//292 1420//292 
f 1549//292 1507//292 1420//292 
f 1420//292 1585//292 1586//292 
f 1551//292 1587//292 1420//292 
f 1587//292 1588//292 1420//292 
f 1464//292 1589//292 1467//292 
f 1552//292 1465//292 1378//292 
f 1513//292 1435//292 1378//292 
f 1464//292 1590//292 1591//292 
f 1464//292 1554//292 1592//292 
f 1556//292 1514//292 1464//292 
f 1480//292 1441//292 1334//292 
f 1558//292 1593//292 1334//292 
f 1334//292 1594//292 1595//292 
f 1559//292 1486//292 1414//292 
f 1562//292 1524//292 1523//292 
f 1563//292 1596//292 1414//292 
f 1566//292 1597//292 1440//292 
f 1597//292 1598//292 1440//292 
f 1567//292 1565//292 1440//292 
f 1573//292 1570//292 1569//292 
f 1575//292 1599//292 1538//292 
f 1599//292 1600//292 1538//292 
f 1579//292 1539//292 1538//292 
f 1538//292 1601//292 1543//292 
f 1538//292 1535//292 1582//292 
f 1583//292 1601//292 1538//292 
f 1333//292 1602//292 1603//292 
f 1333//292 1604//292 1605//292 
f 1333//292 1606//292 1607//292 
f 1608//292 1609//292 1498//292 
f 1504//292 1584//292 1420//292 
f 1586//292 1548//292 1420//292 
f 1588//292 1585//292 1420//292 
f 1420//292 1610//292 1611//292 
f 1334//292 1612//292 1613//292 
f 1334//292 1614//292 1615//292 
f 1464//292 1616//292 1590//292 
f 1591//292 1589//292 1464//292 
f 1592//292 1616//292 1464//292 
f 1516//292 1517//292 1617//292 
f 1593//292 1519//292 1334//292 
f 1334//292 1618//292 1594//292 
f 1596//292 1521//292 1414//292 
f 1564//292 1493//292 1414//292 
f 1440//292 1619//292 1620//292 
f 1440//292 1598//292 1621//292 
f 1572//292 1569//292 1622//292 
f 1571//292 1355//292 1569//292 
f 1600//292 1572//292 1538//292 
f 1538//292 1581//292 1623//292 
f 1393//292 1624//292 1625//292 
f 1393//292 1626//292 1627//292 
f 1333//292 1628//292 1629//292 
f 1605//292 1602//292 1333//292 
f 1607//292 1630//292 1333//292 
f 1630//292 1631//292 1333//292 
f 1609//292 1632//292 1633//292 
f 1609//292 1634//292 1498//292 
f 1609//292 1635//292 1636//292 
f 1609//292 1637//292 1638//292 
f 1609//292 1639//292 1640//292 
f 1420//292 1641//292 1642//292 
f 1462//292 1505//292 1420//292 
f 1611//292 1550//292 1420//292 
f 1334//292 1643//292 1610//292 
f 1615//292 1612//292 1334//292 
f 1613//292 1643//292 1334//292 
f 1555//292 1644//292 1645//292 
f 1617//292 1646//292 1516//292 
f 1646//292 1647//292 1516//292 
f 1595//292 1557//292 1334//292 
f 1334//292 1648//292 1649//292 
f 1334//292 1650//292 1651//292 
f 1334//292 1652//292 1653//292 
f 1334//292 1654//292 1655//292 
f 1626//292 1656//292 1657//292 
f 1440//292 1658//292 1619//292 
f 1620//292 1523//292 1440//292 
f 1568//292 1569//292 1355//292 
f 1577//292 1574//292 1538//292 
f 1623//292 1659//292 1538//292 
f 1625//292 1660//292 1393//292 
f 1660//292 1661//292 1393//292 
f 1627//292 1662//292 1393//292 
f 1662//292 1663//292 1393//292 
f 1333//292 1664//292 1665//292 
f 1333//292 1666//292 1667//292 
f 1603//292 1628//292 1333//292 
f 1333//292 1668//292 1669//292 
f 1631//292 1670//292 1333//292 
f 1633//292 1671//292 1609//292 
f 1671//292 1672//292 1609//292 
f 1609//292 1673//292 1674//292 
f 1609//292 1675//292 1676//292 
f 1636//292 1634//292 1609//292 
f 1609//292 1677//292 1678//292 
f 1609//292 1679//292 1680//292 
f 1638//292 1681//292 1609//292 
f 1640//292 1682//292 1609//292 
f 1609//292 1683//292 1684//292 
f 1642//292 1685//292 1420//292 
f 1685//292 1686//292 1420//292 
f 1420//292 1687//292 1688//292 
f 1610//292 1420//292 1334//292 
f 1334//292 1689//292 1690//292 
f 1334//292 1516//292 1691//292 
f 1555//292 1464//292 1644//292 
f 1645//292 1516//292 1555//292 
f 1516//292 1647//292 1692//292 
f 1334//292 1693//292 1694//292 
f 1651//292 1648//292 1334//292 
f 1334//292 1695//292 1652//292 
f 1655//292 1696//292 1334//292 
f 1334//292 1697//292 1698//292 
f 1626//292 1699//292 1700//292 
f 1657//292 1701//292 1626//292 
f 1701//292 1702//292 1626//292 
f 1621//292 1658//292 1440//292 
f 1659//292 1541//292 1538//292 
f 1393//292 1703//292 1704//292 
f 1661//292 1703//292 1393//292 
f 1393//292 1705//292 1706//292 
f 1663//292 1705//292 1393//292 
f 1333//292 1707//292 1708//292 
f 1333//292 1709//292 1664//292 
f 1667//292 1710//292 1333//292 
f 1669//292 1604//292 1333//292 
f 1609//292 1711//292 1712//292 
f 1609//292 1713//292 1714//292 
f 1672//292 1713//292 1609//292 
f 1674//292 1715//292 1609//292 
f 1715//292 1716//292 1609//292 
f 1609//292 1608//292 1675//292 
f 1676//292 1717//292 1609//292 
f 1678//292 1635//292 1609//292 
f 1609//292 1718//292 1679//292 
f 1682//292 1637//292 1609//292 
f 1684//292 1719//292 1609//292 
f 1420//292 1720//292 1721//292 
f 1420//292 1722//292 1723//292 
f 1420//292 1724//292 1725//292 
f 1420//292 1726//292 1727//292 
f 1686//292 1726//292 1420//292 
f 1420//292 1728//292 1729//292 
f 1688//292 1730//292 1420//292 
f 1502//292 1687//292 1420//292 
f 1334//292 1731//292 1732//292 
f 1691//292 1689//292 1334//292 
f 1690//292 1731//292 1334//292 
f 1649//292 1693//292 1334//292 
f 1696//292 1695//292 1334//292 
f 1334//292 1733//292 1734//292 
f 1698//292 1735//292 1334//292 
f 1334//292 1736//292 1737//292 
f 1626//292 1738//292 1739//292 
f 1700//292 1740//292 1626//292 
f 1740//292 1738//292 1626//292 
f 1626//292 1393//292 1741//292 
f 1706//292 1624//292 1393//292 
f 1742//292 1333//292 1743//292 
f 1333//292 1744//292 1745//292 
f 1708//292 1746//292 1333//292 
f 1333//292 1747//292 1748//292 
f 1333//292 1749//292 1750//292 
f 1333//292 1751//292 1752//292 
f 1710//292 1709//292 1333//292 
f 1670//292 1668//292 1333//292 
f 1333//292 1753//292 1754//292 
f 1712//292 1333//292 1609//292 
f 1712//292 1753//292 1333//292 
f 1609//292 1755//292 1756//292 
f 1609//292 1757//292 1758//292 
f 1609//292 1759//292 1760//292 
f 1714//292 1759//292 1609//292 
f 1609//292 1717//292 1673//292 
f 1498//292 1414//292 1608//292 
f 1681//292 1718//292 1609//292 
f 1719//292 1761//292 1609//292 
f 1420//292 1762//292 1763//292 
f 1420//292 1764//292 1720//292 
f 1721//292 1762//292 1420//292 
f 1420//292 1765//292 1722//292 
f 1723//292 1764//292 1420//292 
f 1725//292 1766//292 1420//292 
f 1766//292 1765//292 1420//292 
f 1420//292 1767//292 1728//292 
f 1729//292 1641//292 1420//292 
f 1420//292 1768//292 1769//292 
f 1732//292 1614//292 1334//292 
f 1692//292 1555//292 1516//292 
f 1653//292 1650//292 1334//292 
f 1334//292 1770//292 1771//292 
f 1735//292 1733//292 1334//292 
f 1334//292 1772//292 1773//292 
f 1334//292 1774//292 1775//292 
f 1737//292 1776//292 1334//292 
f 1776//292 1774//292 1334//292 
f 1334//292 1777//292 1778//292 
f 1333//292 1779//292 1780//292 
f 1741//292 1656//292 1626//292 
f 1622//292 1538//292 1572//292 
f 1409//292 1781//292 1782//292 
f 1743//292 1783//292 1742//292 
f 1746//292 1744//292 1333//292 
f 1748//292 1784//292 1333//292 
f 1333//292 1785//292 1749//292 
f 1333//292 1786//292 1787//292 
f 1333//292 1788//292 1789//292 
f 1333//292 1790//292 1751//292 
f 1629//292 1666//292 1333//292 
f 1754//292 1606//292 1333//292 
f 1758//292 1755//292 1609//292 
f 1756//292 1711//292 1609//292 
f 1760//292 1757//292 1609//292 
f 1609//292 1716//292 1791//292 
f 1761//292 1639//292 1609//292 
f 1763//292 1792//292 1420//292 
f 1727//292 1724//292 1420//292 
f 1769//292 1793//292 1420//292 
f 1793//292 1767//292 1420//292 
f 1420//292 1794//292 1795//292 
f 1420//292 1796//292 1797//292 
f 1420//292 1798//292 1799//292 
f 1730//292 1798//292 1420//292 
f 1694//292 1618//292 1334//292 
f 1734//292 1770//292 1334//292 
f 1775//292 1772//292 1334//292 
f 1773//292 1697//292 1334//292 
f 1778//292 1736//292 1334//292 
f 1780//292 1334//292 1333//292 
f 1780//292 1777//292 1334//292 
f 1333//292 1742//292 1800//292 
f 1702//292 1699//292 1626//292 
f 1704//292 1500//292 1393//292 
f 1782//292 1801//292 1409//292 
f 1801//292 1802//292 1409//292 
f 1745//292 1743//292 1333//292 
f 1333//292 1803//292 1747//292 
f 1787//292 1785//292 1333//292 
f 1333//292 1804//292 1805//292 
f 1333//292 1806//292 1807//292 
f 1789//292 1808//292 1333//292 
f 1752//292 1809//292 1333//292 
f 1333//292 1810//292 1811//292 
f 1665//292 1810//292 1333//292 
f 1791//292 1812//292 1609//292 
f 1812//292 1632//292 1609//292 
f 1680//292 1677//292 1609//292 
f 1795//292 1813//292 1420//292 
f 1813//292 1768//292 1420//292 
f 1797//292 1814//292 1420//292 
f 1814//292 1794//292 1420//292 
f 1420//292 1815//292 1816//292 
f 1817//292 1818//292 1819//292 
f 1820//292 1409//292 1821//292 
f 1420//292 1822//292 1823//292 
f 1420//292 1824//292 1825//292 
f 1799//292 1826//292 1420//292 
f 1800//292 1827//292 1333//292 
f 1827//292 1828//292 1333//292 
f 1802//292 1446//292 1409//292 
f 1784//292 1707//292 1333//292 
f 1805//292 1786//292 1333//292 
f 1808//292 1806//292 1333//292 
f 1811//292 1790//292 1333//292 
f 1420//292 1829//292 1815//292 
f 1816//292 1830//292 1420//292 
f 1819//292 1420//292 1817//292 
f 1819//292 1831//292 1420//292 
f 1821//292 1817//292 1820//292 
f 1820//292 1832//292 1409//292 
f 1420//292 1833//292 1834//292 
f 1420//292 1835//292 1836//292 
f 1420//292 1837//292 1822//292 
f 1825//292 1838//292 1420//292 
f 1333//292 1839//292 1840//292 
f 1828//292 1839//292 1333//292 
f 1750//292 1803//292 1333//292 
f 1333//292 1841//292 1842//292 
f 1333//292 1843//292 1844//292 
f 1809//292 1788//292 1333//292 
f 1609//292 1845//292 1846//292 
f 1609//292 1847//292 1848//292 
f 1420//292 1792//292 1849//292 
f 1830//292 1796//292 1420//292 
f 1420//292 1850//292 1851//292 
f 1420//292 1852//292 1853//292 
f 1420//292 1854//292 1855//292 
f 1420//292 1856//292 1857//292 
f 1831//292 1858//292 1420//292 
f 1821//292 1818//292 1817//292 
f 1834//292 1859//292 1420//292 
f 1420//292 1860//292 1835//292 
f 1420//292 1861//292 1862//292 
f 1838//292 1837//292 1420//292 
f 1771//292 1654//292 1334//292 
f 1840//292 1779//292 1333//292 
f 1783//292 1626//292 1742//292 
f 1333//292 1863//292 1841//292 
f 1844//292 1864//292 1333//292 
f 1848//292 1845//292 1609//292 
f 1849//292 1865//292 1420//292 
f 1865//292 1866//292 1420//292 
f 1851//292 1867//292 1420//292 
f 1867//292 1829//292 1420//292 
f 1855//292 1852//292 1420//292 
f 1853//292 1850//292 1420//292 
f 1420//292 1858//292 1856//292 
f 1857//292 1854//292 1420//292 
f 1859//292 1868//292 1420//292 
f 1862//292 1860//292 1420//292 
f 1420//292 1869//292 1870//292 
f 1826//292 1824//292 1420//292 
f 1739//292 1742//292 1626//292 
f 1864//292 1863//292 1333//292 
f 1846//292 1683//292 1609//292 
f 1409//292 1832//292 1871//292 
f 1609//292 1872//292 1873//292 
f 1868//292 1874//292 1420//292 
f 1420//292 1875//292 1876//292 
f 1870//292 1861//292 1420//292 
f 1807//292 1843//292 1333//292 
f 1409//292 1877//292 1878//292 
f 1871//292 1879//292 1409//292 
f 1879//292 1877//292 1409//292 
f 1873//292 1880//292 1609//292 
f 1609//292 1881//292 1882//292 
f 1420//292 1883//292 1884//292 
f 1874//292 1817//292 1420//292 
f 1836//292 1875//292 1420//292 
f 1842//292 1804//292 1333//292 
f 1878//292 1885//292 1409//292 
f 1609//292 1886//292 1887//292 
f 1609//292 1888//292 1889//292 
f 1880//292 1890//292 1609//292 
f 1882//292 1891//292 1609//292 
f 1891//292 1892//292 1609//292 
f 1609//292 1893//292 1894//292 
f 1420//292 1895//292 1896//292 
f 1884//292 1897//292 1420//292 
f 1897//292 1898//292 1420//292 
f 1420//292 1866//292 1899//292 
f 1420//292 1900//292 1901//292 
f 1823//292 1869//292 1420//292 
f 1885//292 1781//292 1409//292 
f 1609//292 1902//292 1886//292 
f 1889//292 1903//292 1609//292 
f 1609//292 1904//292 1905//292 
f 1890//292 1906//292 1609//292 
f 1894//292 1881//292 1609//292 
f 1896//292 1609//292 1420//292 
f 1896//292 1893//292 1609//292 
f 1420//292 1907//292 1908//292 
f 1898//292 1907//292 1420//292 
f 1899//292 1909//292 1420//292 
f 1909//292 1883//292 1420//292 
f 1901//292 1833//292 1420//292 
f 1903//292 1902//292 1609//292 
f 1906//292 1904//292 1609//292 
f 1609//292 1910//292 1911//292 
f 1609//292 1892//292 1912//292 
f 1908//292 1895//292 1420//292 
f 1887//292 1847//292 1609//292 
f 1911//292 1872//292 1609//292 
f 1905//292 1888//292 1609//292 
f 1912//292 1910//292 1609//292 
f 1876//292 1900//292 1420//292 
o mesh6
f 1334//293 1170//293 1171//293 
f 1334//293 1420//293 1169//293 
f 1169//293 1170//293 1334//293 
f 1420//293 1023//293 1169//293 
f 1420//293 1024//293 1023//293 
f 1420//293 1022//293 1024//293 
f 1171//293 1178//293 1334//293 
o mesh7
f 1420//294 1609//294 442//294 
f 442//294 733//294 1420//294 
f 1609//294 434//294 442//294 
f 1609//294 435//294 434//294 
f 733//294 1022//294 1420//294 
o mesh8
f 1609//295 437//295 436//295 
f 1609//295 438//295 437//295 
f 1333//295 439//295 438//295 
f 438//295 1609//295 1333//295 
f 1333//295 440//295 439//295 
f 1333//295 441//295 440//295 
f 436//295 435//295 1609//295 
o mesh9
f 1128//296 1093//297 1426//297 
f 1090//298 1128//296 1399//299 
f 1091//300 1090//298 1376//301 
f 1106//302 1091//300 1362//303 
f 1126//304 1106//302 1361//305 
f 1127//306 1126//304 1363//307 
f 1141//308 1127//306 1429//309 
f 1152//310 1141//308 1428//311 
f 1140//312 1152//310 1430//313 
f 1104//314 1140//312 1509//315 
f 1105//316 1104//314 1466//317 
f 1125//318 1105//316 1434//319 
f 1138//320 1125//318 1433//321 
f 1139//322 1138//320 1465//323 
f 1123//324 1139//322 1552//325 
f 1124//326 1123//324 1512//327 
f 1122//328 1124//326 1470//329 
f 1102//330 1122//328 1469//331 
f 1103//332 1102//330 1471//333 
f 1137//334 1103//332 1436//335 
f 1121//336 1137//334 1435//337 
f 1088//338 1121//336 1513//339 
f 1089//340 1088//338 1473//341 
f 1101//342 1089//340 1438//343 
f 1119//344 1101//342 1437//345 
f 1120//346 1119//344 1472//347 
f 1084//348 1120//346 1474//349 
f 1085//350 1084//348 1439//351 
f 1083//352 1085//350 1402//353 
f 1073//354 1083//352 1401//355 
f 1074//356 1073//354 1403//357 
f 1071//358 1074//356 1380//359 
f 1072//360 1071//358 1379//361 
f 1059//362 1072//360 1405//363 
f 1060//364 1059//362 1404//365 
f 1057//366 1060//364 1440//367 
f 1058//368 1057//366 1560//369 
f 1069//370 1058//368 1525//371 
f 1070//372 1069//370 1524//373 
f 1067//374 1070//372 1562//375 
f 1068//376 1067//374 1561//377 
f 1082//378 1068//376 1527//379 
f 1066//380 1082//378 1526//381 
f 1055//382 1066//380 1528//383 
f 1056//384 1055//382 1368//385 
f 1065//386 1056//384 1367//387 
f 1053//388 1065//386 1410//389 
f 1054//390 1053//388 1408//391 
f 1087//392 1054//390 1444//393 
f 1081//394 1087//392 1443//395 
f 1063//396 1081//394 1482//397 
f 1064//398 1063//396 1481//399 
f 1165//400 1064//398 1447//401 
f 1166//402 1165//400 1446//403 
f 1163//404 1166//402 1802//405 
f 1164//406 1163//404 1801//407 
f 1161//408 1164//406 1782//409 
f 1162//410 1161//408 1781//411 
f 1168//412 1162//410 1885//413 
f 1167//414 1168//412 1878//415 
f 1159//416 1167//414 1877//417 
f 1160//418 1159//416 1879//419 
f 1157//420 1160//418 1871//421 
f 1158//422 1157//420 1832//423 
f 1156//424 1158//422 1820//425 
f 1151//426 1156//424 1817//427 
f 1136//428 1151//426 1874//429 
f 1117//430 1136//428 1868//431 
f 1118//432 1117//430 1859//433 
f 1135//434 1118//432 1834//435 
f 1133//436 1135//434 1833//437 
f 1134//438 1133//436 1901//439 
f 1150//440 1134//438 1900//441 
f 1115//442 1150//440 1876//443 
f 1116//444 1115//442 1875//445 
f 1132//446 1116//444 1836//447 
f 1130//448 1132//446 1835//449 
f 1131//450 1130//448 1860//451 
f 1148//452 1131//450 1862//453 
f 1149//454 1148//452 1861//455 
f 1146//456 1149//454 1870//457 
f 1147//458 1146//456 1869//459 
f 1155//460 1147//458 1823//461 
f 1154//462 1155//460 1822//463 
f 1144//464 1154//462 1837//465 
f 1145//466 1144//464 1838//467 
f 1153//468 1145//466 1825//469 
f 1142//470 1153//468 1824//471 
f 1143//472 1142//470 1826//473 
f 1114//474 1143//472 1799//475 
f 1099//476 1114//474 1798//477 
f 1100//478 1099//476 1730//479 
f 1039//480 1100//478 1688//481 
f 1031//482 1039//480 1687//483 
f 1032//484 1031//482 1502//485 
f 1046//486 1032//484 1460//487 
f 1052//488 1046//486 1459//489 
f 1037//490 1052//488 1545//491 
f 1038//492 1037//490 1584//493 
f 1045//494 1038//492 1504//495 
f 1044//496 1045//494 1503//497 
f 1035//498 1044//496 1546//499 
f 1036//500 1035//498 1547//501 
f 1033//502 1036//500 1506//503 
f 1034//504 1033//502 1505//505 
f 1028//506 1034//504 1462//507 
f 1029//508 1028//506 1461//509 
f 1026//510 1029//508 1422//511 
f 1027//512 1026//510 1421//513 
f 1030//514 1027//512 1424//515 
f 1025//516 1030//514 1423//517 
f 1042//518 1025//516 1508//519 
f 1043//520 1042//518 1507//521 
f 1050//522 1043//520 1549//523 
f 1051//524 1050//522 1548//525 
f 1062//526 1051//524 1586//527 
f 1049//528 1062//526 1585//529 
f 1040//530 1049//528 1588//531 
f 1041//532 1040//530 1587//533 
f 1047//534 1041//532 1551//535 
f 1048//536 1047//534 1550//537 
f 1061//538 1048//536 1611//539 
f 1079//540 1061//538 1610//541 
f 1080//542 1079//540 1643//543 
f 1077//544 1080//542 1613//545 
f 1078//546 1077//544 1612//547 
f 1097//548 1078//546 1615//549 
f 1098//550 1097//548 1614//551 
f 1112//552 1098//550 1732//553 
f 1113//554 1112//552 1731//555 
f 1110//556 1113//554 1690//557 
f 1111//558 1110//556 1689//559 
f 1108//560 1111//558 1691//561 
f 1109//562 1108//560 1516//563 
f 1129//564 1109//562 1645//565 
f 1107//566 1129//564 1644//567 
f 1095//568 1107//566 1464//569 
f 1096//570 1095//568 1463//571 
f 1086//572 1096//570 1425//573 
f 1075//574 1086//572 1375//575 
f 1076//576 1075//574 1374//577 
f 1094//578 1076//576 1360//579 
f 1092//580 1094//578 1359//581 
f 1093//297 1092//580 1398//580 
f 1398//580 1426//297 1093//297 
f 1359//581 1398//580 1092//580 
f 1360//579 1359//581 1094//578 
f 1374//577 1360//579 1076//576 
f 1375//575 1374//577 1075//574 
f 1425//573 1375//575 1086//572 
f 1463//571 1425//573 1096//570 
f 1464//569 1463//571 1095//568 
f 1644//567 1464//569 1107//566 
f 1645//565 1644//567 1129//564 
f 1516//563 1645//565 1109//562 
f 1691//561 1516//563 1108//560 
f 1689//559 1691//561 1111//558 
f 1690//557 1689//559 1110//556 
f 1731//555 1690//557 1113//554 
f 1732//553 1731//555 1112//552 
f 1614//551 1732//553 1098//550 
f 1615//549 1614//551 1097//548 
f 1612//547 1615//549 1078//546 
f 1613//545 1612//547 1077//544 
f 1643//543 1613//545 1080//542 
f 1610//541 1643//543 1079//540 
f 1611//539 1610//541 1061//538 
f 1550//537 1611//539 1048//536 
f 1551//535 1550//537 1047//534 
f 1587//533 1551//535 1041//532 
f 1588//531 1587//533 1040//530 
f 1585//529 1588//531 1049//528 
f 1586//527 1585//529 1062//526 
f 1548//525 1586//527 1051//524 
f 1549//523 1548//525 1050//522 
f 1507//521 1549//523 1043//520 
f 1508//519 1507//521 1042//518 
f 1423//517 1508//519 1025//516 
f 1424//515 1423//517 1030//514 
f 1421//513 1424//515 1027//512 
f 1422//511 1421//513 1026//510 
f 1461//509 1422//511 1029//508 
f 1462//507 1461//509 1028//506 
f 1505//505 1462//507 1034//504 
f 1506//503 1505//505 1033//502 
f 1547//501 1506//503 1036//500 
f 1546//499 1547//501 1035//498 
f 1503//497 1546//499 1044//496 
f 1504//495 1503//497 1045//494 
f 1584//493 1504//495 1038//492 
f 1545//491 1584//493 1037//490 
f 1459//489 1545//491 1052//488 
f 1460//487 1459//489 1046//486 
f 1502//485 1460//487 1032//484 
f 1687//483 1502//485 1031//482 
f 1688//481 1687//483 1039//480 
f 1730//479 1688//481 1100//478 
f 1798//477 1730//479 1099//476 
f 1799//475 1798//477 1114//474 
f 1826//473 1799//475 1143//472 
f 1824//471 1826//473 1142//470 
f 1825//469 1824//471 1153//468 
f 1838//467 1825//469 1145//466 
f 1837//465 1838//467 1144//464 
f 1822//463 1837//465 1154//462 
f 1823//461 1822//463 1155//460 
f 1869//459 1823//461 1147//458 
f 1870//457 1869//459 1146//456 
f 1861//455 1870//457 1149//454 
f 1862//453 1861//455 1148//452 
f 1860//451 1862//453 1131//450 
f 1835//449 1860//451 1130//448 
f 1836//447 1835//449 1132//446 
f 1875//445 1836//447 1116//444 
f 1876//443 1875//445 1115//442 
f 1900//441 1876//443 1150//440 
f 1901//439 1900//441 1134//438 
f 1833//437 1901//439 1133//436 
f 1834//435 1833//437 1135//434 
f 1859//433 1834//435 1118//432 
f 1868//431 1859//433 1117//430 
f 1874//429 1868//431 1136//428 
f 1817//427 1874//429 1151//426 
f 1820//425 1817//427 1156//424 
f 1832//423 1820//425 1158//422 
f 1871//421 1832//423 1157//420 
f 1879//419 1871//421 1160//418 
f 1877//417 1879//419 1159//416 
f 1878//415 1877//417 1167//414 
f 1885//413 1878//415 1168//412 
f 1781//411 1885//413 1162//410 
f 1782//409 1781//411 1161//408 
f 1801//407 1782//409 1164//406 
f 1802//405 1801//407 1163//404 
f 1446//403 1802//405 1166//402 
f 1447//401 1446//403 1165//400 
f 1481//399 1447//401 1064//398 
f 1482//397 1481//399 1063//396 
f 1443//395 1482//397 1081//394 
f 1444//393 1443//395 1087//392 
f 1408//391 1444//393 1054//390 
f 1410//389 1408//391 1053//388 
f 1367//387 1410//389 1065//386 
f 1368//385 1367//387 1056//384 
f 1528//383 1368//385 1055//382 
f 1526//381 1528//383 1066//380 
f 1527//379 1526//381 1082//378 
f 1561//377 1527//379 1068//376 
f 1562//375 1561//377 1067//374 
f 1524//373 1562//375 1070//372 
f 1525//371 1524//373 1069//370 
f 1560//369 1525//371 1058//368 
f 1440//367 1560//369 1057//366 
f 1404//365 1440//367 1060//364 
f 1405//363 1404//365 1059//362 
f 1379//361 1405//363 1072//360 
f 1380//359 1379//361 1071//358 
f 1403//357 1380//359 1074//356 
f 1401//355 1403//357 1073//354 
f 1402//353 1401//355 1083//352 
f 1439//351 1402//353 1085//350 
f 1474//349 1439//351 1084//348 
f 1472//347 1474//349 1120//346 
f 1437//345 1472//347 1119//344 
f 1438//343 1437//345 1101//342 
f 1473//341 1438//343 1089//340 
f 1513//339 1473//341 1088//338 
f 1435//337 1513//339 1121//336 
f 1436//335 1435//337 1137//334 
f 1471//333 1436//335 1103//332 
f 1469//331 1471//333 1102//330 
f 1470//329 1469//331 1122//328 
f 1512//327 1470//329 1124//326 
f 1552//325 1512//327 1123//324 
f 1465//323 1552//325 1139//322 
f 1433//321 1465//323 1138//320 
f 1434//319 1433//321 1125//318 
f 1466//317 1434//319 1105//316 
f 1509//315 1466//317 1104//314 
f 1430//313 1509//315 1140//312 
f 1428//311 1430//313 1152//310 
f 1429//309 1428//311 1141//308 
f 1363//307 1429//309 1127//306 
f 1361//305 1363//307 1126//304 
f 1362//303 1361//305 1106//302 
f 1376//301 1362//303 1091//300 
f 1399//299 1376//301 1090//298 
f 1426//297 1399//299 1128//296 
o mesh10
f 732//582 731//583 1748//583 
f 717//584 732//582 1747//585 
f 718//586 717//584 1803//587 
f 726//588 718//586 1750//589 
f 724//590 726//588 1749//591 
f 725//592 724//590 1785//593 
f 729//594 725//592 1787//595 
f 730//596 729//594 1786//597 
f 722//598 730//596 1805//599 
f 723//600 722//598 1804//601 
f 728//602 723//600 1842//603 
f 727//604 728//602 1841//605 
f 720//606 727//604 1863//607 
f 721//608 720//606 1864//609 
f 712//610 721//608 1844//611 
f 713//612 712//610 1843//613 
f 711//614 713//612 1807//615 
f 703//616 711//614 1806//617 
f 704//618 703//616 1808//619 
f 710//620 704//618 1789//621 
f 692//622 710//620 1788//623 
f 693//624 692//622 1809//625 
f 702//626 693//624 1752//627 
f 708//628 702//626 1751//629 
f 709//630 708//628 1790//631 
f 644//632 709//630 1811//633 
f 645//634 644//632 1810//635 
f 659//636 645//634 1665//637 
f 658//638 659//636 1664//639 
f 642//640 658//638 1709//641 
f 643//642 642//640 1710//643 
f 626//644 643//642 1667//645 
f 641//646 626//644 1666//647 
f 609//648 641//646 1629//649 
f 610//650 609//648 1628//651 
f 607//652 610//650 1603//653 
f 608//654 607//652 1602//655 
f 623//656 608//654 1605//657 
f 624//658 623//656 1604//659 
f 657//660 624//658 1669//661 
f 621//662 657//660 1668//663 
f 622//664 621//662 1670//665 
f 619//666 622//664 1631//667 
f 620//668 619//666 1630//669 
f 676//670 620//668 1607//671 
f 677//672 676//670 1606//673 
f 674//674 677//672 1754//675 
f 675//676 674//674 1753//677 
f 672//678 675//676 1712//679 
f 673//680 672//678 1711//681 
f 670//682 673//680 1756//683 
f 671//684 670//682 1755//685 
f 669//686 671//684 1758//687 
f 656//688 669//686 1757//689 
f 639//690 656//688 1760//691 
f 640//692 639//690 1759//693 
f 668//694 640//692 1714//695 
f 655//696 668//694 1713//697 
f 637//698 655//696 1672//699 
f 638//700 637//698 1671//701 
f 667//702 638//700 1633//703 
f 653//704 667//702 1632//705 
f 654//706 653//704 1812//707 
f 636//708 654//706 1791//709 
f 617//710 636//708 1716//711 
f 618//712 617//710 1715//713 
f 652//714 618//712 1674//715 
f 605//716 652//714 1673//717 
f 606//718 605//716 1717//719 
f 616//720 606//718 1676//721 
f 603//722 616//720 1675//723 
f 604//724 603//722 1608//725 
f 601//726 604//724 1414//727 
f 602//728 601//726 1483//729 
f 615//730 602//728 1488//731 
f 599//732 615//730 1487//733 
f 600//734 599//732 1448//735 
f 597//736 600//734 1413//737 
f 598//738 597//736 1391//739 
f 614//740 598//738 1390//741 
f 651//742 614//740 1385//743 
f 634//744 651//742 1492//745 
f 635//746 634//744 1491//747 
f 682//748 635//746 1450//749 
f 665//750 682//748 1449//751 
f 666//752 665//750 1523//753 
f 681//754 666//752 1620//755 
f 663//756 681//754 1619//757 
f 664//758 663//756 1658//759 
f 650//760 664//758 1621//761 
f 632//762 650//760 1598//763 
f 633//764 632//762 1597//765 
f 648//766 633//764 1566//767 
f 649//768 648//766 1565//769 
f 700//770 649//768 1567//771 
f 701//772 700//770 1538//773 
f 691//774 701//772 1622//775 
f 679//776 691//774 1569//777 
f 680//778 679//776 1568//779 
f 630//780 680//778 1536//781 
f 631//782 630//780 1456//783 
f 612//784 631//782 1395//785 
f 613//786 612//784 1352//787 
f 595//788 613//786 1357//789 
f 596//790 595//788 1349//791 
f 589//792 596//790 1344//793 
f 590//794 589//792 1343//795 
f 587//796 590//794 1338//797 
f 588//798 587//796 1342//799 
f 591//800 588//798 1337//801 
f 592//802 591//800 1336//803 
f 594//804 592//802 1347//805 
f 611//806 594//804 1346//807 
f 629//808 611//806 1417//809 
f 627//810 629//808 1397//811 
f 628//812 627//810 1396//813 
f 662//814 628//812 1419//815 
f 646//816 662//814 1418//817 
f 647//818 646//816 1499//819 
f 660//820 647//818 1458//821 
f 661//822 660//820 1457//823 
f 678//824 661//822 1537//825 
f 698//826 678//824 1501//827 
f 699//828 698//826 1500//829 
f 689//830 699//828 1704//831 
f 690//832 689//830 1703//833 
f 687//834 690//832 1661//835 
f 688//836 687//834 1660//837 
f 685//838 688//836 1625//839 
f 686//840 685//838 1624//841 
f 697//842 686//840 1706//843 
f 696//844 697//842 1705//845 
f 683//846 696//844 1663//847 
f 684//848 683//846 1662//849 
f 715//850 684//848 1627//851 
f 716//852 715//850 1626//853 
f 706//854 716//852 1783//855 
f 707//856 706//854 1743//857 
f 705//858 707//856 1745//859 
f 694//860 705//858 1744//861 
f 695//862 694//860 1746//863 
f 714//864 695//862 1708//865 
f 719//866 714//864 1707//867 
f 731//583 719//866 1784//866 
f 1784//866 1748//583 731//583 
f 1707//867 1784//866 719//866 
f 1708//865 1707//867 714//864 
f 1746//863 1708//865 695//862 
f 1744//861 1746//863 694//860 
f 1745//859 1744//861 705//858 
f 1743//857 1745//859 707//856 
f 1783//855 1743//857 706//854 
f 1626//853 1783//855 716//852 
f 1627//851 1626//853 715//850 
f 1662//849 1627//851 684//848 
f 1663//847 1662//849 683//846 
f 1705//845 1663//847 696//844 
f 1706//843 1705//845 697//842 
f 1624//841 1706//843 686//840 
f 1625//839 1624//841 685//838 
f 1660//837 1625//839 688//836 
f 1661//835 1660//837 687//834 
f 1703//833 1661//835 690//832 
f 1704//831 1703//833 689//830 
f 1500//829 1704//831 699//828 
f 1501//827 1500//829 698//826 
f 1537//825 1501//827 678//824 
f 1457//823 1537//825 661//822 
f 1458//821 1457//823 660//820 
f 1499//819 1458//821 647//818 
f 1418//817 1499//819 646//816 
f 1419//815 1418//817 662//814 
f 1396//813 1419//815 628//812 
f 1397//811 1396//813 627//810 
f 1417//809 1397//811 629//808 
f 1346//807 1417//809 611//806 
f 1347//805 1346//807 594//804 
f 1336//803 1347//805 592//802 
f 1337//801 1336//803 591//800 
f 1342//799 1337//801 588//798 
f 1338//797 1342//799 587//796 
f 1343//795 1338//797 590//794 
f 1344//793 1343//795 589//792 
f 1349//791 1344//793 596//790 
f 1357//789 1349//791 595//788 
f 1352//787 1357//789 613//786 
f 1395//785 1352//787 612//784 
f 1456//783 1395//785 631//782 
f 1536//781 1456//783 630//780 
f 1568//779 1536//781 680//778 
f 1569//777 1568//779 679//776 
f 1622//775 1569//777 691//774 
f 1538//773 1622//775 701//772 
f 1567//771 1538//773 700//770 
f 1565//769 1567//771 649//768 
f 1566//767 1565//769 648//766 
f 1597//765 1566//767 633//764 
f 1598//763 1597//765 632//762 
f 1621//761 1598//763 650//760 
f 1658//759 1621//761 664//758 
f 1619//757 1658//759 663//756 
f 1620//755 1619//757 681//754 
f 1523//753 1620//755 666//752 
f 1449//751 1523//753 665//750 
f 1450//749 1449//751 682//748 
f 1491//747 1450//749 635//746 
f 1492//745 1491//747 634//744 
f 1385//743 1492//745 651//742 
f 1390//741 1385//743 614//740 
f 1391//739 1390//741 598//738 
f 1413//737 1391//739 597//736 
f 1448//735 1413//737 600//734 
f 1487//733 1448//735 599//732 
f 1488//731 1487//733 615//730 
f 1483//729 1488//731 602//728 
f 1414//727 1483//729 601//726 
f 1608//725 1414//727 604//724 
f 1675//723 1608//725 603//722 
f 1676//721 1675//723 616//720 
f 1717//719 1676//721 606//718 
f 1673//717 1717//719 605//716 
f 1674//715 1673//717 652//714 
f 1715//713 1674//715 618//712 
f 1716//711 1715//713 617//710 
f 1791//709 1716//711 636//708 
f 1812//707 1791//709 654//706 
f 1632//705 1812//707 653//704 
f 1633//703 1632//705 667//702 
f 1671//701 1633//703 638//700 
f 1672//699 1671//701 637//698 
f 1713//697 1672//699 655//696 
f 1714//695 1713//697 668//694 
f 1759//693 1714//695 640//692 
f 1760//691 1759//693 639//690 
f 1757//689 1760//691 656//688 
f 1758//687 1757//689 669//686 
f 1755//685 1758//687 671//684 
f 1756//683 1755//685 670//682 
f 1711//681 1756//683 673//680 
f 1712//679 1711//681 672//678 
f 1753//677 1712//679 675//676 
f 1754//675 1753//677 674//674 
f 1606//673 1754//675 677//672 
f 1607//671 1606//673 676//670 
f 1630//669 1607//671 620//668 
f 1631//667 1630//669 619//666 
f 1670//665 1631//667 622//664 
f 1668//663 1670//665 621//662 
f 1669//661 1668//663 657//660 
f 1604//659 1669//661 624//658 
f 1605//657 1604//659 623//656 
f 1602//655 1605//657 608//654 
f 1603//653 1602//655 607//652 
f 1628//651 1603//653 610//650 
f 1629//649 1628//651 609//648 
f 1666//647 1629//649 641//646 
f 1667//645 1666//647 626//644 
f 1710//643 1667//645 643//642 
f 1709//641 1710//643 642//640 
f 1664//639 1709//641 658//638 
f 1665//637 1664//639 659//636 
f 1810//635 1665//637 645//634 
f 1811//633 1810//635 644//632 
f 1790//631 1811//633 709//630 
f 1751//629 1790//631 708//628 
f 1752//627 1751//629 702//626 
f 1809//625 1752//627 693//624 
f 1788//623 1809//625 692//622 
f 1789//621 1788//623 710//620 
f 1808//619 1789//621 704//618 
f 1806//617 1808//619 703//616 
f 1807//615 1806//617 711//614 
f 1843//613 1807//615 713//612 
f 1844//611 1843//613 712//610 
f 1864//609 1844//611 721//608 
f 1863//607 1864//609 720//606 
f 1841//605 1863//607 727//604 
f 1842//603 1841//605 728//602 
f 1804//601 1842//603 723//600 
f 1805//599 1804//601 722//598 
f 1786//597 1805//599 730//596 
f 1787//595 1786//597 729//594 
f 1785//593 1787//595 725//592 
f 1749//591 1785//593 724//590 
f 1750//589 1749//591 726//588 
f 1803//587 1750//589 718//586 
f 1747//585 1803//587 717//584 
f 1748//583 1747//585 732//582 
o mesh11
f 545//868 558//869 1411//869 
f 509//870 545//868 1445//871 
f 510//872 509//870 1412//873 
f 522//874 510//872 1388//875 
f 543//876 522//874 1387//877 
f 544//878 543//876 1389//879 
f 557//880 544//878 1485//881 
f 570//882 557//880 1484//883 
f 556//884 570//882 1486//885 
f 520//886 556//884 1559//887 
f 521//888 520//886 1522//889 
f 542//890 521//888 1490//891 
f 554//892 542//890 1489//893 
f 555//894 554//892 1521//895 
f 540//896 555//894 1596//897 
f 541//898 540//896 1563//899 
f 539//900 541//898 1530//901 
f 518//902 539//900 1529//903 
f 519//904 518//902 1531//905 
f 553//906 519//904 1494//907 
f 538//908 553//906 1493//909 
f 507//910 538//908 1564//911 
f 508//912 507//910 1533//913 
f 517//914 508//912 1496//915 
f 536//916 517//914 1495//917 
f 537//918 536//916 1532//919 
f 502//920 537//918 1534//921 
f 503//922 502//920 1497//923 
f 501//924 503//922 1452//925 
f 491//926 501//924 1451//927 
f 492//928 491//926 1453//929 
f 489//930 492//928 1416//931 
f 490//932 489//930 1415//933 
f 477//934 490//932 1455//935 
f 478//936 477//934 1454//937 
f 475//938 478//936 1498//939 
f 476//940 475//938 1634//941 
f 487//942 476//940 1636//943 
f 488//944 487//942 1635//945 
f 485//946 488//944 1678//947 
f 486//948 485//946 1677//949 
f 500//950 486//948 1680//951 
f 484//952 500//950 1679//953 
f 473//954 484//952 1718//955 
f 474//956 473//954 1681//957 
f 483//958 474//956 1638//959 
f 471//960 483//958 1637//961 
f 472//962 471//960 1682//963 
f 506//964 472//962 1640//965 
f 499//966 506//964 1639//967 
f 481//968 499//966 1761//969 
f 482//970 481//968 1719//971 
f 583//972 482//970 1684//973 
f 584//974 583//972 1683//975 
f 581//976 584//974 1846//977 
f 582//978 581//976 1845//979 
f 579//980 582//978 1848//981 
f 580//982 579//980 1847//983 
f 586//984 580//982 1887//985 
f 585//986 586//984 1886//987 
f 577//988 585//986 1902//989 
f 578//990 577//988 1903//991 
f 575//992 578//990 1889//993 
f 576//994 575//992 1888//995 
f 574//996 576//994 1905//997 
f 569//998 574//996 1904//999 
f 552//1000 569//998 1906//1001 
f 534//1002 552//1000 1890//1003 
f 535//1004 534//1002 1880//1005 
f 568//1006 535//1004 1873//1007 
f 550//1008 568//1006 1872//1009 
f 551//1010 550//1008 1911//1011 
f 567//1012 551//1010 1910//1013 
f 532//1014 567//1012 1912//1015 
f 533//1016 532//1014 1892//1017 
f 549//1018 533//1016 1891//1019 
f 547//1020 549//1018 1882//1021 
f 548//1022 547//1020 1881//1023 
f 565//1024 548//1022 1894//1025 
f 566//1026 565//1024 1893//1027 
f 563//1028 566//1026 1896//1029 
f 564//1030 563//1028 1895//1031 
f 573//1032 564//1030 1908//1033 
f 572//1034 573//1032 1907//1035 
f 561//1036 572//1034 1898//1037 
f 562//1038 561//1036 1897//1039 
f 571//1040 562//1038 1884//1041 
f 559//1042 571//1040 1883//1043 
f 560//1044 559//1042 1909//1045 
f 531//1046 560//1044 1899//1047 
f 515//1048 531//1046 1866//1049 
f 516//1050 515//1048 1865//1051 
f 457//1052 516//1050 1849//1053 
f 449//1054 457//1052 1792//1055 
f 450//1056 449//1054 1763//1057 
f 464//1058 450//1056 1762//1059 
f 470//1060 464//1058 1721//1061 
f 455//1062 470//1060 1720//1063 
f 456//1064 455//1062 1764//1065 
f 463//1066 456//1064 1723//1067 
f 462//1068 463//1066 1722//1069 
f 453//1070 462//1068 1765//1071 
f 454//1072 453//1070 1766//1073 
f 451//1074 454//1072 1725//1075 
f 452//1076 451//1074 1724//1077 
f 446//1078 452//1076 1727//1079 
f 447//1080 446//1078 1726//1081 
f 444//1082 447//1080 1686//1083 
f 445//1084 444//1082 1685//1085 
f 448//1086 445//1084 1642//1087 
f 443//1088 448//1086 1641//1089 
f 460//1090 443//1088 1729//1091 
f 461//1092 460//1090 1728//1093 
f 468//1094 461//1092 1767//1095 
f 469//1096 468//1094 1793//1097 
f 480//1098 469//1096 1769//1099 
f 467//1100 480//1098 1768//1101 
f 458//1102 467//1100 1813//1103 
f 459//1104 458//1102 1795//1105 
f 465//1106 459//1104 1794//1107 
f 466//1108 465//1106 1814//1109 
f 479//1110 466//1108 1797//1111 
f 497//1112 479//1110 1796//1113 
f 498//1114 497//1112 1830//1115 
f 495//1116 498//1114 1816//1117 
f 496//1118 495//1116 1815//1119 
f 513//1120 496//1118 1829//1121 
f 514//1122 513//1120 1867//1123 
f 529//1124 514//1122 1851//1125 
f 530//1126 529//1124 1850//1127 
f 527//1128 530//1126 1853//1129 
f 528//1130 527//1128 1852//1131 
f 525//1132 528//1130 1855//1133 
f 526//1134 525//1132 1854//1135 
f 546//1136 526//1134 1857//1137 
f 524//1138 546//1136 1856//1139 
f 511//1140 524//1138 1858//1141 
f 512//1142 511//1140 1831//1143 
f 505//1144 512//1142 1819//1145 
f 493//1146 505//1144 1818//1147 
f 494//1148 493//1146 1821//1149 
f 504//1150 494//1148 1409//1151 
f 523//1152 504//1150 1366//1153 
f 558//869 523//1152 1386//1152 
f 1386//1152 1411//869 558//869 
f 1366//1153 1386//1152 523//1152 
f 1409//1151 1366//1153 504//1150 
f 1821//1149 1409//1151 494//1148 
f 1818//1147 1821//1149 493//1146 
f 1819//1145 1818//1147 505//1144 
f 1831//1143 1819//1145 512//1142 
f 1858//1141 1831//1143 511//1140 
f 1856//1139 1858//1141 524//1138 
f 1857//1137 1856//1139 546//1136 
f 1854//1135 1857//1137 526//1134 
f 1855//1133 1854//1135 525//1132 
f 1852//1131 1855//1133 528//1130 
f 1853//1129 1852//1131 527//1128 
f 1850//1127 1853//1129 530//1126 
f 1851//1125 1850//1127 529//1124 
f 1867//1123 1851//1125 514//1122 
f 1829//1121 1867//1123 513//1120 
f 1815//1119 1829//1121 496//1118 
f 1816//1117 1815//1119 495//1116 
f 1830//1115 1816//1117 498//1114 
f 1796//1113 1830//1115 497//1112 
f 1797//1111 1796//1113 479//1110 
f 1814//1109 1797//1111 466//1108 
f 1794//1107 1814//1109 465//1106 
f 1795//1105 1794//1107 459//1104 
f 1813//1103 1795//1105 458//1102 
f 1768//1101 1813//1103 467//1100 
f 1769//1099 1768//1101 480//1098 
f 1793//1097 1769//1099 469//1096 
f 1767//1095 1793//1097 468//1094 
f 1728//1093 1767//1095 461//1092 
f 1729//1091 1728//1093 460//1090 
f 1641//1089 1729//1091 443//1088 
f 1642//1087 1641//1089 448//1086 
f 1685//1085 1642//1087 445//1084 
f 1686//1083 1685//1085 444//1082 
f 1726//1081 1686//1083 447//1080 
f 1727//1079 1726//1081 446//1078 
f 1724//1077 1727//1079 452//1076 
f 1725//1075 1724//1077 451//1074 
f 1766//1073 1725//1075 454//1072 
f 1765//1071 1766//1073 453//1070 
f 1722//1069 1765//1071 462//1068 
f 1723//1067 1722//1069 463//1066 
f 1764//1065 1723//1067 456//1064 
f 1720//1063 1764//1065 455//1062 
f 1721//1061 1720//1063 470//1060 
f 1762//1059 1721//1061 464//1058 
f 1763//1057 1762//1059 450//1056 
f 1792//1055 1763//1057 449//1054 
f 1849//1053 1792//1055 457//1052 
f 1865//1051 1849//1053 516//1050 
f 1866//1049 1865//1051 515//1048 
f 1899//1047 1866//1049 531//1046 
f 1909//1045 1899//1047 560//1044 
f 1883//1043 1909//1045 559//1042 
f 1884//1041 1883//1043 571//1040 
f 1897//1039 1884//1041 562//1038 
f 1898//1037 1897//1039 561//1036 
f 1907//1035 1898//1037 572//1034 
f 1908//1033 1907//1035 573//1032 
f 1895//1031 1908//1033 564//1030 
f 1896//1029 1895//1031 563//1028 
f 1893//1027 1896//1029 566//1026 
f 1894//1025 1893//1027 565//1024 
f 1881//1023 1894//1025 548//1022 
f 1882//1021 1881//1023 547//1020 
f 1891//1019 1882//1021 549//1018 
f 1892//1017 1891//1019 533//1016 
f 1912//1015 1892//1017 532//1014 
f 1910//1013 1912//1015 567//1012 
f 1911//1011 1910//1013 551//1010 
f 1872//1009 1911//1011 550//1008 
f 1873//1007 1872//1009 568//1006 
f 1880//1005 1873//1007 535//1004 
f 1890//1003 1880//1005 534//1002 
f 1906//1001 1890//1003 552//1000 
f 1904//999 1906//1001 569//998 
f 1905//997 1904//999 574//996 
f 1888//995 1905//997 576//994 
f 1889//993 1888//995 575//992 
f 1903//991 1889//993 578//990 
f 1902//989 1903//991 577//988 
f 1886//987 1902//989 585//986 
f 1887//985 1886//987 586//984 
f 1847//983 1887//985 580//982 
f 1848//981 1847//983 579//980 
f 1845//979 1848//981 582//978 
f 1846//977 1845//979 581//976 
f 1683//975 1846//977 584//974 
f 1684//973 1683//975 583//972 
f 1719//971 1684//973 482//970 
f 1761//969 1719//971 481//968 
f 1639//967 1761//969 499//966 
f 1640//965 1639//967 506//964 
f 1682//963 1640//965 472//962 
f 1637//961 1682//963 471//960 
f 1638//959 1637//961 483//958 
f 1681//957 1638//959 474//956 
f 1718//955 1681//957 473//954 
f 1679//953 1718//955 484//952 
f 1680//951 1679//953 500//950 
f 1677//949 1680//951 486//948 
f 1678//947 1677//949 485//946 
f 1635//945 1678//947 488//944 
f 1636//943 1635//945 487//942 
f 1634//941 1636//943 476//940 
f 1498//939 1634//941 475//938 
f 1454//937 1498//939 478//936 
f 1455//935 1454//937 477//934 
f 1415//933 1455//935 490//932 
f 1416//931 1415//933 489//930 
f 1453//929 1416//931 492//928 
f 1451//927 1453//929 491//926 
f 1452//925 1451//927 501//924 
f 1497//923 1452//925 503//922 
f 1534//921 1497//923 502//920 
f 1532//919 1534//921 537//918 
f 1495//917 1532//919 536//916 
f 1496//915 1495//917 517//914 
f 1533//913 1496//915 508//912 
f 1564//911 1533//913 507//910 
f 1493//909 1564//911 538//908 
f 1494//907 1493//909 553//906 
f 1531//905 1494//907 519//904 
f 1529//903 1531//905 518//902 
f 1530//901 1529//903 539//900 
f 1563//899 1530//901 541//898 
f 1596//897 1563//899 540//896 
f 1521//895 1596//897 555//894 
f 1489//893 1521//895 554//892 
f 1490//891 1489//893 542//890 
f 1522//889 1490//891 521//888 
f 1559//887 1522//889 520//886 
f 1486//885 1559//887 556//884 
f 1484//883 1486//885 570//882 
f 1485//881 1484//883 557//880 
f 1389//879 1485//881 544//878 
f 1387//877 1389//879 543//876 
f 1388//875 1387//877 522//874 
f 1412//873 1388//875 510//872 
f 1445//871 1412//873 509//870 
f 1411//869 1445//871 545//868 
o mesh12
f 1317//1154 1300//1155 1772//1155 
f 1303//1156 1317//1154 1775//1157 
f 1304//1158 1303//1156 1774//1159 
f 1312//1160 1304//1158 1776//1161 
f 1310//1162 1312//1160 1737//1163 
f 1311//1164 1310//1162 1736//1165 
f 1315//1166 1311//1164 1778//1167 
f 1316//1168 1315//1166 1777//1169 
f 1308//1170 1316//1168 1780//1171 
f 1309//1172 1308//1170 1779//1173 
f 1314//1174 1309//1172 1840//1175 
f 1313//1176 1314//1174 1839//1177 
f 1306//1178 1313//1176 1828//1179 
f 1307//1180 1306//1178 1827//1181 
f 1297//1182 1307//1180 1800//1183 
f 1298//1184 1297//1182 1742//1185 
f 1296//1186 1298//1184 1739//1187 
f 1288//1188 1296//1186 1738//1189 
f 1289//1190 1288//1188 1740//1191 
f 1295//1192 1289//1190 1700//1193 
f 1277//1194 1295//1192 1699//1195 
f 1278//1196 1277//1194 1702//1197 
f 1287//1198 1278//1196 1701//1199 
f 1293//1200 1287//1198 1657//1201 
f 1294//1202 1293//1200 1656//1203 
f 1229//1204 1294//1202 1741//1205 
f 1230//1206 1229//1204 1393//1207 
f 1244//1208 1230//1206 1392//1209 
f 1243//1210 1244//1208 1370//1211 
f 1228//1212 1243//1210 1369//1213 
f 1211//1214 1228//1212 1394//1215 
f 1212//1216 1211//1214 1372//1217 
f 1227//1218 1212//1216 1371//1219 
f 1194//1220 1227//1218 1348//1221 
f 1195//1222 1194//1220 1345//1223 
f 1192//1224 1195//1222 1335//1225 
f 1193//1226 1192//1224 1341//1227 
f 1208//1228 1193//1226 1340//1229 
f 1209//1230 1208//1228 1339//1231 
f 1242//1232 1209//1230 1351//1233 
f 1206//1234 1242//1232 1350//1235 
f 1207//1236 1206//1234 1373//1237 
f 1204//1238 1207//1236 1354//1239 
f 1205//1240 1204//1238 1353//1241 
f 1261//1242 1205//1240 1356//1243 
f 1262//1244 1261//1242 1355//1245 
f 1259//1246 1262//1244 1571//1247 
f 1260//1248 1259//1246 1570//1249 
f 1257//1250 1260//1248 1573//1251 
f 1258//1252 1257//1250 1572//1253 
f 1255//1254 1258//1252 1600//1255 
f 1256//1256 1255//1254 1599//1257 
f 1254//1258 1256//1256 1575//1259 
f 1241//1260 1254//1258 1574//1261 
f 1225//1262 1241//1260 1577//1263 
f 1226//1264 1225//1262 1576//1265 
f 1253//1266 1226//1264 1540//1267 
f 1240//1268 1253//1266 1539//1269 
f 1223//1270 1240//1268 1579//1271 
f 1224//1272 1223//1270 1578//1273 
f 1252//1274 1224//1272 1542//1275 
f 1238//1276 1252//1274 1541//1277 
f 1239//1278 1238//1276 1659//1279 
f 1222//1280 1239//1278 1623//1281 
f 1202//1282 1222//1280 1581//1283 
f 1203//1284 1202//1282 1580//1285 
f 1237//1286 1203//1284 1544//1287 
f 1190//1288 1237//1286 1543//1289 
f 1191//1290 1190//1288 1601//1291 
f 1201//1292 1191//1290 1583//1293 
f 1188//1294 1201//1292 1582//1295 
f 1189//1296 1188//1294 1535//1297 
f 1186//1298 1189//1296 1378//1299 
f 1187//1300 1186//1298 1427//1301 
f 1200//1302 1187//1300 1432//1303 
f 1184//1304 1200//1302 1431//1305 
f 1185//1306 1184//1304 1400//1307 
f 1182//1308 1185//1306 1377//1309 
f 1183//1310 1182//1308 1365//1311 
f 1199//1312 1183//1310 1364//1313 
f 1236//1314 1199//1312 1358//1315 
f 1220//1316 1236//1314 1511//1317 
f 1221//1318 1220//1316 1510//1319 
f 1267//1320 1221//1318 1468//1321 
f 1250//1322 1267//1320 1467//1323 
f 1251//1324 1250//1322 1589//1325 
f 1266//1326 1251//1324 1591//1327 
f 1248//1328 1266//1326 1590//1329 
f 1249//1330 1248//1328 1616//1331 
f 1235//1332 1249//1330 1592//1333 
f 1218//1334 1235//1332 1554//1335 
f 1219//1336 1218//1334 1553//1337 
f 1233//1338 1219//1336 1515//1339 
f 1234//1340 1233//1338 1514//1341 
f 1285//1342 1234//1340 1556//1343 
f 1286//1344 1285//1342 1555//1345 
f 1276//1346 1286//1344 1692//1347 
f 1264//1348 1276//1346 1647//1349 
f 1265//1350 1264//1348 1646//1351 
f 1216//1352 1265//1350 1617//1353 
f 1217//1354 1216//1352 1517//1355 
f 1197//1356 1217//1354 1476//1357 
f 1198//1358 1197//1356 1475//1359 
f 1180//1360 1198//1358 1478//1361 
f 1181//1362 1180//1360 1477//1363 
f 1174//1364 1181//1362 1407//1365 
f 1175//1366 1174//1364 1406//1367 
f 1172//1368 1175//1366 1382//1369 
f 1173//1370 1172//1368 1381//1371 
f 1176//1372 1173//1370 1384//1373 
f 1177//1374 1176//1372 1383//1375 
f 1179//1376 1177//1374 1442//1377 
f 1196//1378 1179//1376 1441//1379 
f 1215//1380 1196//1378 1480//1381 
f 1213//1382 1215//1380 1479//1383 
f 1214//1384 1213//1382 1518//1385 
f 1247//1386 1214//1384 1520//1387 
f 1231//1388 1247//1386 1519//1389 
f 1232//1390 1231//1388 1593//1391 
f 1245//1392 1232//1390 1558//1393 
f 1246//1394 1245//1392 1557//1395 
f 1263//1396 1246//1394 1595//1397 
f 1283//1398 1263//1396 1594//1399 
f 1284//1400 1283//1398 1618//1401 
f 1274//1402 1284//1400 1694//1403 
f 1275//1404 1274//1402 1693//1405 
f 1272//1406 1275//1404 1649//1407 
f 1273//1408 1272//1406 1648//1409 
f 1270//1410 1273//1408 1651//1411 
f 1271//1412 1270//1410 1650//1413 
f 1282//1414 1271//1412 1653//1415 
f 1281//1416 1282//1414 1652//1417 
f 1268//1418 1281//1416 1695//1419 
f 1269//1420 1268//1418 1696//1421 
f 1301//1422 1269//1420 1655//1423 
f 1302//1424 1301//1422 1654//1425 
f 1291//1426 1302//1424 1771//1427 
f 1292//1428 1291//1426 1770//1429 
f 1290//1430 1292//1428 1734//1431 
f 1279//1432 1290//1430 1733//1433 
f 1280//1434 1279//1432 1735//1435 
f 1305//1436 1280//1434 1698//1437 
f 1299//1438 1305//1436 1697//1439 
f 1300//1155 1299//1438 1773//1438 
f 1773//1438 1772//1155 1300//1155 
f 1697//1439 1773//1438 1299//1438 
f 1698//1437 1697//1439 1305//1436 
f 1735//1435 1698//1437 1280//1434 
f 1733//1433 1735//1435 1279//1432 
f 1734//1431 1733//1433 1290//1430 
f 1770//1429 1734//1431 1292//1428 
f 1771//1427 1770//1429 1291//1426 
f 1654//1425 1771//1427 1302//1424 
f 1655//1423 1654//1425 1301//1422 
f 1696//1421 1655//1423 1269//1420 
f 1695//1419 1696//1421 1268//1418 
f 1652//1417 1695//1419 1281//1416 
f 1653//1415 1652//1417 1282//1414 
f 1650//1413 1653//1415 1271//1412 
f 1651//1411 1650//1413 1270//1410 
f 1648//1409 1651//1411 1273//1408 
f 1649//1407 1648//1409 1272//1406 
f 1693//1405 1649//1407 1275//1404 
f 1694//1403 1693//1405 1274//1402 
f 1618//1401 1694//1403 1284//1400 
f 1594//1399 1618//1401 1283//1398 
f 1595//1397 1594//1399 1263//1396 
f 1557//1395 1595//1397 1246//1394 
f 1558//1393 1557//1395 1245//1392 
f 1593//1391 1558//1393 1232//1390 
f 1519//1389 1593//1391 1231//1388 
f 1520//1387 1519//1389 1247//1386 
f 1518//1385 1520//1387 1214//1384 
f 1479//1383 1518//1385 1213//1382 
f 1480//1381 1479//1383 1215//1380 
f 1441//1379 1480//1381 1196//1378 
f 1442//1377 1441//1379 1179//1376 
f 1383//1375 1442//1377 1177//1374 
f 1384//1373 1383//1375 1176//1372 
f 1381//1371 1384//1373 1173//1370 
f 1382//1369 1381//1371 1172//1368 
f 1406//1367 1382//1369 1175//1366 
f 1407//1365 1406//1367 1174//1364 
f 1477//1363 1407//1365 1181//1362 
f 1478//1361 1477//1363 1180//1360 
f 1475//1359 1478//1361 1198//1358 
f 1476//1357 1475//1359 1197//1356 
f 1517//1355 1476//1357 1217//1354 
f 1617//1353 1517//1355 1216//1352 
f 1646//1351 1617//1353 1265//1350 
f 1647//1349 1646//1351 1264//1348 
f 1692//1347 1647//1349 1276//1346 
f 1555//1345 1692//1347 1286//1344 
f 1556//1343 1555//1345 1285//1342 
f 1514//1341 1556//1343 1234//1340 
f 1515//1339 1514//1341 1233//1338 
f 1553//1337 1515//1339 1219//1336 
f 1554//1335 1553//1337 1218//1334 
f 1592//1333 1554//1335 1235//1332 
f 1616//1331 1592//1333 1249//1330 
f 1590//1329 1616//1331 1248//1328 
f 1591//1327 1590//1329 1266//1326 
f 1589//1325 1591//1327 1251//1324 
f 1467//1323 1589//1325 1250//1322 
f 1468//1321 1467//1323 1267//1320 
f 1510//1319 1468//1321 1221//1318 
f 1511//1317 1510//1319 1220//1316 
f 1358//1315 1511//1317 1236//1314 
f 1364//1313 1358//1315 1199//1312 
f 1365//1311 1364//1313 1183//1310 
f 1377//1309 1365//1311 1182//1308 
f 1400//1307 1377//1309 1185//1306 
f 1431//1305 1400//1307 1184//1304 
f 1432//1303 1431//1305 1200//1302 
f 1427//1301 1432//1303 1187//1300 
f 1378//1299 1427//1301 1186//1298 
f 1535//1297 1378//1299 1189//1296 
f 1582//1295 1535//1297 1188//1294 
f 1583//1293 1582//1295 1201//1292 
f 1601//1291 1583//1293 1191//1290 
f 1543//1289 1601//1291 1190//1288 
f 1544//1287 1543//1289 1237//1286 
f 1580//1285 1544//1287 1203//1284 
f 1581//1283 1580//1285 1202//1282 
f 1623//1281 1581//1283 1222//1280 
f 1659//1279 1623//1281 1239//1278 
f 1541//1277 1659//1279 1238//1276 
f 1542//1275 1541//1277 1252//1274 
f 1578//1273 1542//1275 1224//1272 
f 1579//1271 1578//1273 1223//1270 
f 1539//1269 1579//1271 1240//1268 
f 1540//1267 1539//1269 1253//1266 
f 1576//1265 1540//1267 1226//1264 
f 1577//1263 1576//1265 1225//1262 
f 1574//1261 1577//1263 1241//1260 
f 1575//1259 1574//1261 1254//1258 
f 1599//1257 1575//1259 1256//1256 
f 1600//1255 1599//1257 1255//1254 
f 1572//1253 1600//1255 1258//1252 
f 1573//1251 1572//1253 1257//1250 
f 1570//1249 1573//1251 1260//1248 
f 1571//1247 1570//1249 1259//1246 
f 1355//1245 1571//1247 1262//1244 
f 1356//1243 1355//1245 1261//1242 
f 1353//1241 1356//1243 1205//1240 
f 1354//1239 1353//1241 1204//1238 
f 1373//1237 1354//1239 1207//1236 
f 1350//1235 1373//1237 1206//1234 
f 1351//1233 1350//1235 1242//1232 
f 1339//1231 1351//1233 1209//1230 
f 1340//1229 1339//1231 1208//1228 
f 1341//1227 1340//1229 1193//1226 
f 1335//1225 1341//1227 1192//1224 
f 1345//1223 1335//1225 1195//1222 
f 1348//1221 1345//1223 1194//1220 
f 1371//1219 1348//1221 1227//1218 
f 1372//1217 1371//1219 1212//1216 
f 1394//1215 1372//1217 1211//1214 
f 1369//1213 1394//1215 1228//1212 
f 1370//1211 1369//1213 1243//1210 
f 1392//1209 1370//1211 1244//1208 
f 1393//1207 1392//1209 1230//1206 
f 1741//1205 1393//1207 1229//1204 
f 1656//1203 1741//1205 1294//1202 
f 1657//1201 1656//1203 1293//1200 
f 1701//1199 1657//1201 1287//1198 
f 1702//1197 1701//1199 1278//1196 
f 1699//1195 1702//1197 1277//1194 
f 1700//1193 1699//1195 1295//1192 
f 1740//1191 1700//1193 1289//1190 
f 1738//1189 1740//1191 1288//1188 
f 1739//1187 1738//1189 1296//1186 
f 1742//1185 1739//1187 1298//1184 
f 1800//1183 1742//1185 1297//1182 
f 1827//1181 1800//1183 1307//1180 
f 1828//1179 1827//1181 1306//1178 
f 1839//1177 1828//1179 1313//1176 
f 1840//1175 1839//1177 1314//1174 
f 1779//1173 1840//1175 1309//1172 
f 1780//1171 1779//1173 1308//1170 
f 1777//1169 1780//1171 1316//1168 
f 1778//1167 1777//1169 1315//1166 
f 1736//1165 1778//1167 1311//1164 
f 1737//1163 1736//1165 1310//1162 
f 1776//1161 1737//1163 1312//1160 
f 1774//1159 1776//1161 1304//1158 
f 1775//1157 1774//1159 1303//1156 
f 1772//1155 1775//1157 1317//1154 
o mesh13
f 801//1440 1913//1440 1914//1441 
f 817//1441 1914//1441 1915//1442 
f 789//1442 1915//1442 1916//1443 
f 790//1443 1916//1443 1917//1444 
f 787//1444 1917//1444 1918//1445 
f 788//1445 1918//1445 1919//1446 
f 816//1446 1919//1446 1920//1447 
f 866//1447 1920//1447 1921//1448 
f 867//1448 1921//1448 1922//1449 
f 864//1449 1922//1449 1923//1450 
f 865//1450 1923//1450 1924//1451 
f 800//1451 1924//1451 1925//1452 
f 785//1452 1925//1452 1926//1453 
f 786//1453 1926//1453 1927//1454 
f 815//1454 1927//1454 1928//1455 
f 813//1455 1928//1455 1929//1456 
f 814//1456 1929//1456 1930//1457 
f 811//1457 1930//1457 1931//1458 
f 812//1458 1931//1458 1932//1459 
f 798//1459 1932//1459 1933//1460 
f 799//1460 1933//1460 1934//1461 
f 810//1461 1934//1461 1935//1462 
f 773//1462 1935//1462 1936//1463 
f 774//1463 1936//1463 1937//1464 
f 784//1464 1937//1464 1938//1465 
f 782//1465 1938//1465 1939//1466 
f 783//1466 1939//1466 1940//1467 
f 771//1467 1940//1467 1941//1468 
f 772//1468 1941//1468 1942//1469 
f 751//1469 1942//1469 1943//1470 
f 752//1470 1943//1470 1944//1471 
f 742//1471 1944//1471 1945//1472 
f 743//1472 1945//1472 1946//1473 
f 750//1473 1946//1473 1947//1474 
f 741//1474 1947//1474 1948//1475 
f 734//1475 1948//1475 1949//1476 
f 735//1476 1949//1476 1950//1477 
f 740//1477 1950//1477 1951//1478 
f 738//1478 1951//1478 1952//1479 
f 739//1479 1952//1479 1953//1480 
f 749//1480 1953//1480 1954//1481 
f 747//1481 1954//1481 1955//1482 
f 748//1482 1955//1482 1956//1483 
f 758//1483 1956//1483 1957//1484 
f 756//1484 1957//1484 1958//1485 
f 757//1485 1958//1485 1959//1486 
f 764//1486 1959//1486 1960//1487 
f 765//1487 1960//1487 1961//1488 
f 770//1488 1961//1488 1962//1489 
f 762//1489 1962//1489 1963//1490 
f 763//1490 1963//1490 1964//1491 
f 736//1491 1964//1491 1965//1492 
f 737//1492 1965//1492 1966//1493 
f 746//1493 1966//1493 1967//1494 
f 755//1494 1967//1494 1968//1495 
f 753//1495 1968//1495 1969//1496 
f 754//1496 1969//1496 1970//1497 
f 780//1497 1970//1497 1971//1498 
f 781//1498 1971//1498 1972//1499 
f 797//1499 1972//1499 1973//1500 
f 778//1500 1973//1500 1974//1501 
f 779//1501 1974//1501 1975//1502 
f 796//1502 1975//1502 1976//1503 
f 840//1503 1976//1503 1977//1504 
f 841//1504 1977//1504 1978//1505 
f 862//1505 1978//1505 1979//1506 
f 863//1506 1979//1506 1980//1507 
f 874//1507 1980//1507 1981//1508 
f 872//1508 1981//1508 1982//1509 
f 873//1509 1982//1509 1983//1510 
f 876//1510 1983//1510 1984//1511 
f 877//1511 1984//1511 1985//1512 
f 871//1512 1985//1512 1986//1513 
f 875//1513 1986//1513 1987//1514 
f 870//1514 1987//1514 1988//1515 
f 838//1515 1988//1515 1989//1516 
f 839//1516 1989//1516 1990//1517 
f 853//1517 1990//1517 1991//1518 
f 861//1518 1991//1518 1992//1519 
f 836//1519 1992//1519 1993//1520 
f 837//1520 1993//1520 1994//1521 
f 852//1521 1994//1521 1995//1522 
f 834//1522 1995//1522 1996//1523 
f 835//1523 1996//1523 1997//1524 
f 851//1524 1997//1524 1998//1525 
f 849//1525 1998//1525 1999//1526 
f 850//1526 1999//1526 2000//1527 
f 860//1527 2000//1527 2001//1528 
f 868//1528 2001//1528 2002//1529 
f 869//1529 2002//1529 2003//1530 
f 859//1530 2003//1530 2004//1531 
f 847//1531 2004//1531 2005//1532 
f 848//1532 2005//1532 2006//1533 
f 857//1533 2006//1533 2007//1534 
f 858//1534 2007//1534 2008//1535 
f 845//1535 2008//1535 2009//1536 
f 846//1536 2009//1536 2010//1537 
f 832//1537 2010//1537 2011//1538 
f 833//1538 2011//1538 2012//1539 
f 830//1539 2012//1539 2013//1540 
f 831//1540 2013//1540 2014//1541 
f 794//1541 2014//1541 2015//1542 
f 795//1542 2015//1542 2016//1543 
f 809//1543 2016//1543 2017//1544 
f 793//1544 2017//1544 2018//1545 
f 776//1545 2018//1545 2019//1546 
f 777//1546 2019//1546 2020//1547 
f 769//1547 2020//1547 2021//1548 
f 761//1548 2021//1548 2022//1549 
f 744//1549 2022//1549 2023//1550 
f 745//1550 2023//1550 2024//1551 
f 759//1551 2024//1551 2025//1552 
f 760//1552 2025//1552 2026//1553 
f 768//1553 2026//1553 2027//1554 
f 766//1554 2027//1554 2028//1555 
f 767//1555 2028//1555 2029//1556 
f 775//1556 2029//1556 2030//1557 
f 829//1557 2030//1557 2031//1558 
f 807//1558 2031//1558 2032//1559 
f 808//1559 2032//1559 2033//1560 
f 827//1560 2033//1560 2034//1561 
f 828//1561 2034//1561 2035//1562 
f 825//1562 2035//1562 2036//1563 
f 826//1563 2036//1563 2037//1564 
f 806//1564 2037//1564 2038//1565 
f 791//1565 2038//1565 2039//1566 
f 792//1566 2039//1566 2040//1567 
f 824//1567 2040//1567 2041//1568 
f 823//1568 2041//1568 2042//1569 
f 804//1569 2042//1569 2043//1570 
f 805//1570 2043//1570 2044//1571 
f 856//1571 2044//1571 2045//1572 
f 843//1572 2045//1572 2046//1573 
f 844//1573 2046//1573 2047//1574 
f 821//1574 2047//1574 2048//1575 
f 822//1575 2048//1575 2049//1576 
f 842//1576 2049//1576 2050//1577 
f 854//1577 2050//1577 2051//1578 
f 855//1578 2051//1578 2052//1579 
f 819//1579 2052//1579 2053//1580 
f 820//1580 2053//1580 2054//1581 
f 802//1581 2054//1581 2055//1582 
f 803//1582 2055//1582 2056//1583 
f 818//1583 2056//1583 1913//1440 
f 1913//1440 801//1440 818//1583 
f 2056//1583 818//1583 803//1582 
f 2055//1582 803//1582 802//1581 
f 2054//1581 802//1581 820//1580 
f 2053//1580 820//1580 819//1579 
f 2052//1579 819//1579 855//1578 
f 2051//1578 855//1578 854//1577 
f 2050//1577 854//1577 842//1576 
f 2049//1576 842//1576 822//1575 
f 2048//1575 822//1575 821//1574 
f 2047//1574 821//1574 844//1573 
f 2046//1573 844//1573 843//1572 
f 2045//1572 843//1572 856//1571 
f 2044//1571 856//1571 805//1570 
f 2043//1570 805//1570 804//1569 
f 2042//1569 804//1569 823//1568 
f 2041//1568 823//1568 824//1567 
f 2040//1567 824//1567 792//1566 
f 2039//1566 792//1566 791//1565 
f 2038//1565 791//1565 806//1564 
f 2037//1564 806//1564 826//1563 
f 2036//1563 826//1563 825//1562 
f 2035//1562 825//1562 828//1561 
f 2034//1561 828//1561 827//1560 
f 2033//1560 827//1560 808//1559 
f 2032//1559 808//1559 807//1558 
f 2031//1558 807//1558 829//1557 
f 2030//1557 829//1557 775//1556 
f 2029//1556 775//1556 767//1555 
f 2028//1555 767//1555 766//1554 
f 2027//1554 766//1554 768//1553 
f 2026//1553 768//1553 760//1552 
f 2025//1552 760//1552 759//1551 
f 2024//1551 759//1551 745//1550 
f 2023//1550 745//1550 744//1549 
f 2022//1549 744//1549 761//1548 
f 2021//1548 761//1548 769//1547 
f 2020//1547 769//1547 777//1546 
f 2019//1546 777//1546 776//1545 
f 2018//1545 776//1545 793//1544 
f 2017//1544 793//1544 809//1543 
f 2016//1543 809//1543 795//1542 
f 2015//1542 795//1542 794//1541 
f 2014//1541 794//1541 831//1540 
f 2013//1540 831//1540 830//1539 
f 2012//1539 830//1539 833//1538 
f 2011//1538 833//1538 832//1537 
f 2010//1537 832//1537 846//1536 
f 2009//1536 846//1536 845//1535 
f 2008//1535 845//1535 858//1534 
f 2007//1534 858//1534 857//1533 
f 2006//1533 857//1533 848//1532 
f 2005//1532 848//1532 847//1531 
f 2004//1531 847//1531 859//1530 
f 2003//1530 859//1530 869//1529 
f 2002//1529 869//1529 868//1528 
f 2001//1528 868//1528 860//1527 
f 2000//1527 860//1527 850//1526 
f 1999//1526 850//1526 849//1525 
f 1998//1525 849//1525 851//1524 
f 1997//1524 851//1524 835//1523 
f 1996//1523 835//1523 834//1522 
f 1995//1522 834//1522 852//1521 
f 1994//1521 852//1521 837//1520 
f 1993//1520 837//1520 836//1519 
f 1992//1519 836//1519 861//1518 
f 1991//1518 861//1518 853//1517 
f 1990//1517 853//1517 839//1516 
f 1989//1516 839//1516 838//1515 
f 1988//1515 838//1515 870//1514 
f 1987//1514 870//1514 875//1513 
f 1986//1513 875//1513 871//1512 
f 1985//1512 871//1512 877//1511 
f 1984//1511 877//1511 876//1510 
f 1983//1510 876//1510 873//1509 
f 1982//1509 873//1509 872//1508 
f 1981//1508 872//1508 874//1507 
f 1980//1507 874//1507 863//1506 
f 1979//1506 863//1506 862//1505 
f 1978//1505 862//1505 841//1504 
f 1977//1504 841//1504 840//1503 
f 1976//1503 840//1503 796//1502 
f 1975//1502 796//1502 779//1501 
f 1974//1501 779//1501 778//1500 
f 1973//1500 778//1500 797//1499 
f 1972//1499 797//1499 781//1498 
f 1971//1498 781//1498 780//1497 
f 1970//1497 780//1497 754//1496 
f 1969//1496 754//1496 753//1495 
f 1968//1495 753//1495 755//1494 
f 1967//1494 755//1494 746//1493 
f 1966//1493 746//1493 737//1492 
f 1965//1492 737//1492 736//1491 
f 1964//1491 736//1491 763//1490 
f 1963//1490 763//1490 762//1489 
f 1962//1489 762//1489 770//1488 
f 1961//1488 770//1488 765//1487 
f 1960//1487 765//1487 764//1486 
f 1959//1486 764//1486 757//1485 
f 1958//1485 757//1485 756//1484 
f 1957//1484 756//1484 758//1483 
f 1956//1483 758//1483 748//1482 
f 1955//1482 748//1482 747//1481 
f 1954//1481 747//1481 749//1480 
f 1953//1480 749//1480 739//1479 
f 1952//1479 739//1479 738//1478 
f 1951//1478 738//1478 740//1477 
f 1950//1477 740//1477 735//1476 
f 1949//1476 735//1476 734//1475 
f 1948//1475 734//1475 741//1474 
f 1947//1474 741//1474 750//1473 
f 1946//1473 750//1473 743//1472 
f 1945//1472 743//1472 742//1471 
f 1944//1471 742//1471 752//1470 
f 1943//1470 752//1470 751//1469 
f 1942//1469 751//1469 772//1468 
f 1941//1468 772//1468 771//1467 
f 1940//1467 771//1467 783//1466 
f 1939//1466 783//1466 782//1465 
f 1938//1465 782//1465 784//1464 
f 1937//1464 784//1464 774//1463 
f 1936//1463 774//1463 773//1462 
f 1935//1462 773//1462 810//1461 
f 1934//1461 810//1461 799//1460 
f 1933//1460 799//1460 798//1459 
f 1932//1459 798//1459 812//1458 
f 1931//1458 812//1458 811//1457 
f 1930//1457 811//1457 814//1456 
f 1929//1456 814//1456 813//1455 
f 1928//1455 813//1455 815//1454 
f 1927//1454 815//1454 786//1453 
f 1926//1453 786//1453 785//1452 
f 1925//1452 785//1452 800//1451 
f 1924//1451 800//1451 865//1450 
f 1923//1450 865//1450 864//1449 
f 1922//1449 864//1449 867//1448 
f 1921//1448 867//1448 866//1447 
f 1920//1447 866//1447 816//1446 
f 1919//1446 816//1446 788//1445 
f 1918//1445 788//1445 787//1444 
f 1917//1444 787//1444 790//1443 
f 1916//1443 790//1443 789//1442 
f 1915//1442 789//1442 817//1441 
f 1914//1441 817//1441 801//1440 
o mesh14
f 962//1584 2057//1584 2058//1585 
f 973//1585 2058//1585 2059//1586 
f 974//1586 2059//1586 2060//1587 
f 1004//1587 2060//1587 2061//1588 
f 985//1588 2061//1588 2062//1589 
f 986//1589 2062//1589 2063//1590 
f 1002//1590 2063//1590 2064//1591 
f 1003//1591 2064//1591 2065//1592 
f 971//1592 2065//1592 2066//1593 
f 972//1593 2066//1593 2067//1594 
f 984//1594 2067//1594 2068//1595 
f 969//1595 2068//1595 2069//1596 
f 970//1596 2069//1596 2070//1597 
f 983//1597 2070//1597 2071//1598 
f 945//1598 2071//1598 2072//1599 
f 946//1599 2072//1599 2073//1600 
f 960//1600 2073//1600 2074//1601 
f 943//1601 2074//1601 2075//1602 
f 944//1602 2075//1602 2076//1603 
f 942//1603 2076//1603 2077//1604 
f 931//1604 2077//1604 2078//1605 
f 932//1605 2078//1605 2079//1606 
f 902//1606 2079//1606 2080//1607 
f 903//1607 2080//1607 2081//1608 
f 919//1608 2081//1608 2082//1609 
f 930//1609 2082//1609 2083//1610 
f 929//1610 2083//1610 2084//1611 
f 917//1611 2084//1611 2085//1612 
f 918//1612 2085//1612 2086//1613 
f 915//1613 2086//1613 2087//1614 
f 916//1614 2087//1614 2088//1615 
f 914//1615 2088//1615 2089//1616 
f 890//1616 2089//1616 2090//1617 
f 901//1617 2090//1617 2091//1618 
f 913//1618 2091//1618 2092//1619 
f 888//1619 2092//1619 2093//1620 
f 889//1620 2093//1620 2094//1621 
f 900//1621 2094//1621 2095//1622 
f 886//1622 2095//1622 2096//1623 
f 887//1623 2096//1623 2097//1624 
f 899//1624 2097//1624 2098//1625 
f 897//1625 2098//1625 2099//1626 
f 898//1626 2099//1626 2100//1627 
f 959//1627 2100//1627 2101//1628 
f 940//1628 2101//1628 2102//1629 
f 941//1629 2102//1629 2103//1630 
f 911//1630 2103//1630 2104//1631 
f 912//1631 2104//1631 2105//1632 
f 895//1632 2105//1632 2106//1633 
f 896//1633 2106//1633 2107//1634 
f 884//1634 2107//1634 2108//1635 
f 885//1635 2108//1635 2109//1636 
f 894//1636 2109//1636 2110//1637 
f 939//1637 2110//1637 2111//1638 
f 937//1638 2111//1638 2112//1639 
f 938//1639 2112//1639 2113//1640 
f 957//1640 2113//1640 2114//1641 
f 958//1641 2114//1641 2115//1642 
f 927//1642 2115//1642 2116//1643 
f 928//1643 2116//1643 2117//1644 
f 936//1644 2117//1644 2118//1645 
f 956//1645 2118//1645 2119//1646 
f 954//1646 2119//1646 2120//1647 
f 955//1647 2120//1647 2121//1648 
f 1000//1648 2121//1648 2122//1649 
f 1001//1649 2122//1649 2123//1650 
f 998//1650 2123//1650 2124//1651 
f 999//1651 2124//1651 2125//1652 
f 1009//1652 2125//1652 2126//1653 
f 996//1653 2126//1653 2127//1654 
f 997//1654 2127//1654 2128//1655 
f 1008//1655 2128//1655 2129//1656 
f 1017//1656 2129//1656 2130//1657 
f 1015//1657 2130//1657 2131//1658 
f 1016//1658 2131//1658 2132//1659 
f 1020//1659 2132//1659 2133//1660 
f 1021//1660 2133//1660 2134//1661 
f 1018//1661 2134//1661 2135//1662 
f 1019//1662 2135//1662 2136//1663 
f 995//1663 2136//1663 2137//1664 
f 981//1664 2137//1664 2138//1665 
f 982//1665 2138//1665 2139//1666 
f 980//1666 2139//1666 2140//1667 
f 952//1667 2140//1667 2141//1668 
f 953//1668 2141//1668 2142//1669 
f 968//1669 2142//1669 2143//1670 
f 979//1670 2143//1670 2144//1671 
f 966//1671 2144//1671 2145//1672 
f 967//1672 2145//1672 2146//1673 
f 993//1673 2146//1673 2147//1674 
f 994//1674 2147//1674 2148//1675 
f 950//1675 2148//1675 2149//1676 
f 951//1676 2149//1676 2150//1677 
f 965//1677 2150//1677 2151//1678 
f 978//1678 2151//1678 2152//1679 
f 934//1679 2152//1679 2153//1680 
f 935//1680 2153//1680 2154//1681 
f 892//1681 2154//1681 2155//1682 
f 893//1682 2155//1682 2156//1683 
f 910//1683 2156//1683 2157//1684 
f 909//1684 2157//1684 2158//1685 
f 891//1685 2158//1685 2159//1686 
f 882//1686 2159//1686 2160//1687 
f 883//1687 2160//1687 2161//1688 
f 907//1688 2161//1688 2162//1689 
f 908//1689 2162//1689 2163//1690 
f 906//1690 2163//1690 2164//1691 
f 880//1691 2164//1691 2165//1692 
f 881//1692 2165//1692 2166//1693 
f 878//1693 2166//1693 2167//1694 
f 879//1694 2167//1694 2168//1695 
f 925//1695 2168//1695 2169//1696 
f 926//1696 2169//1696 2170//1697 
f 933//1697 2170//1697 2171//1698 
f 904//1698 2171//1698 2172//1699 
f 905//1699 2172//1699 2173//1700 
f 924//1700 2173//1700 2174//1701 
f 922//1701 2174//1701 2175//1702 
f 923//1702 2175//1702 2176//1703 
f 920//1703 2176//1703 2177//1704 
f 921//1704 2177//1704 2178//1705 
f 949//1705 2178//1705 2179//1706 
f 947//1706 2179//1706 2180//1707 
f 948//1707 2180//1707 2181//1708 
f 1013//1708 2181//1708 2182//1709 
f 1014//1709 2182//1709 2183//1710 
f 991//1710 2183//1710 2184//1711 
f 992//1711 2184//1711 2185//1712 
f 1007//1712 2185//1712 2186//1713 
f 989//1713 2186//1713 2187//1714 
f 990//1714 2187//1714 2188//1715 
f 963//1715 2188//1715 2189//1716 
f 964//1716 2189//1716 2190//1717 
f 977//1717 2190//1717 2191//1718 
f 975//1718 2191//1718 2192//1719 
f 976//1719 2192//1719 2193//1720 
f 1011//1720 2193//1720 2194//1721 
f 1012//1721 2194//1721 2195//1722 
f 1005//1722 2195//1722 2196//1723 
f 1006//1723 2196//1723 2197//1724 
f 1010//1724 2197//1724 2198//1725 
f 987//1725 2198//1725 2199//1726 
f 988//1726 2199//1726 2200//1727 
f 961//1727 2200//1727 2057//1584 
f 2057//1584 962//1584 961//1727 
f 2200//1727 961//1727 988//1726 
f 2199//1726 988//1726 987//1725 
f 2198//1725 987//1725 1010//1724 
f 2197//1724 1010//1724 1006//1723 
f 2196//1723 1006//1723 1005//1722 
f 2195//1722 1005//1722 1012//1721 
f 2194//1721 1012//1721 1011//1720 
f 2193//1720 1011//1720 976//1719 
f 2192//1719 976//1719 975//1718 
f 2191//1718 975//1718 977//1717 
f 2190//1717 977//1717 964//1716 
f 2189//1716 964//1716 963//1715 
f 2188//1715 963//1715 990//1714 
f 2187//1714 990//1714 989//1713 
f 2186//1713 989//1713 1007//1712 
f 2185//1712 1007//1712 992//1711 
f 2184//1711 992//1711 991//1710 
f 2183//1710 991//1710 1014//1709 
f 2182//1709 1014//1709 1013//1708 
f 2181//1708 1013//1708 948//1707 
f 2180//1707 948//1707 947//1706 
f 2179//1706 947//1706 949//1705 
f 2178//1705 949//1705 921//1704 
f 2177//1704 921//1704 920//1703 
f 2176//1703 920//1703 923//1702 
f 2175//1702 923//1702 922//1701 
f 2174//1701 922//1701 924//1700 
f 2173//1700 924//1700 905//1699 
f 2172//1699 905//1699 904//1698 
f 2171//1698 904//1698 933//1697 
f 2170//1697 933//1697 926//1696 
f 2169//1696 926//1696 925//1695 
f 2168//1695 925//1695 879//1694 
f 2167//1694 879//1694 878//1693 
f 2166//1693 878//1693 881//1692 
f 2165//1692 881//1692 880//1691 
f 2164//1691 880//1691 906//1690 
f 2163//1690 906//1690 908//1689 
f 2162//1689 908//1689 907//1688 
f 2161//1688 907//1688 883//1687 
f 2160//1687 883//1687 882//1686 
f 2159//1686 882//1686 891//1685 
f 2158//1685 891//1685 909//1684 
f 2157//1684 909//1684 910//1683 
f 2156//1683 910//1683 893//1682 
f 2155//1682 893//1682 892//1681 
f 2154//1681 892//1681 935//1680 
f 2153//1680 935//1680 934//1679 
f 2152//1679 934//1679 978//1678 
f 2151//1678 978//1678 965//1677 
f 2150//1677 965//1677 951//1676 
f 2149//1676 951//1676 950//1675 
f 2148//1675 950//1675 994//1674 
f 2147//1674 994//1674 993//1673 
f 2146//1673 993//1673 967//1672 
f 2145//1672 967//1672 966//1671 
f 2144//1671 966//1671 979//1670 
f 2143//1670 979//1670 968//1669 
f 2142//1669 968//1669 953//1668 
f 2141//1668 953//1668 952//1667 
f 2140//1667 952//1667 980//1666 
f 2139//1666 980//1666 982//1665 
f 2138//1665 982//1665 981//1664 
f 2137//1664 981//1664 995//1663 
f 2136//1663 995//1663 1019//1662 
f 2135//1662 1019//1662 1018//1661 
f 2134//1661 1018//1661 1021//1660 
f 2133//1660 1021//1660 1020//1659 
f 2132//1659 1020//1659 1016//1658 
f 2131//1658 1016//1658 1015//1657 
f 2130//1657 1015//1657 1017//1656 
f 2129//1656 1017//1656 1008//1655 
f 2128//1655 1008//1655 997//1654 
f 2127//1654 997//1654 996//1653 
f 2126//1653 996//1653 1009//1652 
f 2125//1652 1009//1652 999//1651 
f 2124//1651 999//1651 998//1650 
f 2123//1650 998//1650 1001//1649 
f 2122//1649 1001//1649 1000//1648 
f 2121//1648 1000//1648 955//1647 
f 2120//1647 955//1647 954//1646 
f 2119//1646 954//1646 956//1645 
f 2118//1645 956//1645 936//1644 
f 2117//1644 936//1644 928//1643 
f 2116//1643 928//1643 927//1642 
f 2115//1642 927//1642 958//1641 
f 2114//1641 958//1641 957//1640 
f 2113//1640 957//1640 938//1639 
f 2112//1639 938//1639 937//1638 
f 2111//1638 937//1638 939//1637 
f 2110//1637 939//1637 894//1636 
f 2109//1636 894//1636 885//1635 
f 2108//1635 885//1635 884//1634 
f 2107//1634 884//1634 896//1633 
f 2106//1633 896//1633 895//1632 
f 2105//1632 895//1632 912//1631 
f 2104//1631 912//1631 911//1630 
f 2103//1630 911//1630 941//1629 
f 2102//1629 941//1629 940//1628 
f 2101//1628 940//1628 959//1627 
f 2100//1627 959//1627 898//1626 
f 2099//1626 898//1626 897//1625 
f 2098//1625 897//1625 899//1624 
f 2097//1624 899//1624 887//1623 
f 2096//1623 887//1623 886//1622 
f 2095//1622 886//1622 900//1621 
f 2094//1621 900//1621 889//1620 
f 2093//1620 889//1620 888//1619 
f 2092//1619 888//1619 913//1618 
f 2091//1618 913//1618 901//1617 
f 2090//1617 901//1617 890//1616 
f 2089//1616 890//1616 914//1615 
f 2088//1615 914//1615 916//1614 
f 2087//1614 916//1614 915//1613 
f 2086//1613 915//1613 918//1612 
f 2085//1612 918//1612 917//1611 
f 2084//1611 917//1611 929//1610 
f 2083//1610 929//1610 930//1609 
f 2082//1609 930//1609 919//1608 
f 2081//1608 919//1608 903//1607 
f 2080//1607 903//1607 902//1606 
f 2079//1606 902//1606 932//1605 
f 2078//1605 932//1605 931//1604 
f 2077//1604 931//1604 942//1603 
f 2076//1603 942//1603 944//1602 
f 2075//1602 944//1602 943//1601 
f 2074//1601 943//1601 960//1600 
f 2073//1600 960//1600 946//1599 
f 2072//1599 946//1599 945//1598 
f 2071//1598 945//1598 983//1597 
f 2070//1597 983//1597 970//1596 
f 2069//1596 970//1596 969//1595 
f 2068//1595 969//1595 984//1594 
f 2067//1594 984//1594 972//1593 
f 2066//1593 972//1593 971//1592 
f 2065//1592 971//1592 1003//1591 
f 2064//1591 1003//1591 1002//1590 
f 2063//1590 1002//1590 986//1589 
f 2062//1589 986//1589 985//1588 
f 2061//1588 985//1588 1004//1587 
f 2060//1587 1004//1587 974//1586 
f 2059//1586 974//1586 973//1585 
f 2058//1585 973//1585 962//1584 
o mesh15
f 2057//1728 2201//1728 2202//1729 
f 2058//1729 2202//1729 2203//1730 
f 2059//1730 2203//1730 2204//1731 
f 2060//1731 2204//1731 2205//1732 
f 2061//1732 2205//1732 2206//1733 
f 2062//1733 2206//1733 2207//1734 
f 2063//1734 2207//1734 2208//1735 
f 2064//1735 2208//1735 2209//1736 
f 2065//1736 2209//1736 2210//1737 
f 2066//1737 2210//1737 2211//1738 
f 2067//1738 2211//1738 2212//1739 
f 2068//1739 2212//1739 2213//1740 
f 2069//1740 2213//1740 2214//1741 
f 2070//1741 2214//1741 2215//1742 
f 2071//1742 2215//1742 2216//1743 
f 2072//1743 2216//1743 2217//1744 
f 2073//1744 2217//1744 2218//1745 
f 2074//1745 2218//1745 2219//1746 
f 2075//1746 2219//1746 2220//1747 
f 2076//1747 2220//1747 2221//1748 
f 2077//1748 2221//1748 2222//1749 
f 2078//1749 2222//1749 2223//1750 
f 2079//1750 2223//1750 2224//1751 
f 2080//1751 2224//1751 2225//1752 
f 2081//1752 2225//1752 2226//1753 
f 2082//1753 2226//1753 2227//1754 
f 2083//1754 2227//1754 2228//1755 
f 2084//1755 2228//1755 2229//1756 
f 2085//1756 2229//1756 2230//1757 
f 2086//1757 2230//1757 2231//1758 
f 2087//1758 2231//1758 2232//1759 
f 2088//1759 2232//1759 2233//1760 
f 2089//1760 2233//1760 2234//1761 
f 2090//1761 2234//1761 2235//1762 
f 2091//1762 2235//1762 2236//1763 
f 2092//1763 2236//1763 2237//1764 
f 2093//1764 2237//1764 2238//1765 
f 2094//1765 2238//1765 2239//1766 
f 2095//1766 2239//1766 2240//1767 
f 2096//1767 2240//1767 2241//1768 
f 2097//1768 2241//1768 2242//1769 
f 2098//1769 2242//1769 2243//1770 
f 2099//1770 2243//1770 2244//1771 
f 2100//1771 2244//1771 2245//1772 
f 2101//1772 2245//1772 2246//1773 
f 2102//1773 2246//1773 2247//1774 
f 2103//1774 2247//1774 2248//1775 
f 2104//1775 2248//1775 2249//1776 
f 2105//1776 2249//1776 2250//1777 
f 2106//1777 2250//1777 2251//1778 
f 2107//1778 2251//1778 2252//1779 
f 2108//1779 2252//1779 2253//1780 
f 2109//1780 2253//1780 2254//1781 
f 2110//1781 2254//1781 2255//1782 
f 2111//1782 2255//1782 2256//1783 
f 2112//1783 2256//1783 2257//1784 
f 2113//1784 2257//1784 2258//1785 
f 2114//1785 2258//1785 2259//1786 
f 2115//1786 2259//1786 2260//1787 
f 2116//1787 2260//1787 2261//1788 
f 2117//1788 2261//1788 2262//1789 
f 2118//1789 2262//1789 2263//1790 
f 2119//1790 2263//1790 2264//1791 
f 2120//1791 2264//1791 2265//1792 
f 2121//1792 2265//1792 2266//1793 
f 2122//1793 2266//1793 2267//1794 
f 2123//1794 2267//1794 2268//1795 
f 2124//1795 2268//1795 2269//1796 
f 2125//1796 2269//1796 2270//1797 
f 2126//1797 2270//1797 2271//1798 
f 2127//1798 2271//1798 2272//1799 
f 2128//1799 2272//1799 2273//1800 
f 2129//1800 2273//1800 2274//1801 
f 2130//1801 2274//1801 2275//1802 
f 2131//1802 2275//1802 2276//1803 
f 2132//1803 2276//1803 2277//1804 
f 2133//1804 2277//1804 2278//1805 
f 2134//1805 2278//1805 2279//1806 
f 2135//1806 2279//1806 2280//1807 
f 2136//1807 2280//1807 2281//1808 
f 2137//1808 2281//1808 2282//1809 
f 2138//1809 2282//1809 2283//1810 
f 2139//1810 2283//1810 2284//1811 
f 2140//1811 2284//1811 2285//1812 
f 2141//1812 2285//1812 2286//1813 
f 2142//1813 2286//1813 2287//1814 
f 2143//1814 2287//1814 2288//1815 
f 2144//1815 2288//1815 2289//1816 
f 2145//1816 2289//1816 2290//1817 
f 2146//1817 2290//1817 2291//1818 
f 2147//1818 2291//1818 2292//1819 
f 2148//1819 2292//1819 2293//1820 
f 2149//1820 2293//1820 2294//1821 
f 2150//1821 2294//1821 2295//1822 
f 2151//1822 2295//1822 2296//1823 
f 2152//1823 2296//1823 2297//1824 
f 2153//1824 2297//1824 2298//1825 
f 2154//1825 2298//1825 2299//1826 
f 2155//1826 2299//1826 2300//1827 
f 2156//1827 2300//1827 2301//1828 
f 2157//1828 2301//1828 2302//1829 
f 2158//1829 2302//1829 2303//1830 
f 2159//1830 2303//1830 2304//1831 
f 2160//1831 2304//1831 2305//1832 
f 2161//1832 2305//1832 2306//1833 
f 2162//1833 2306//1833 2307//1834 
f 2163//1834 2307//1834 2308//1835 
f 2164//1835 2308//1835 2309//1836 
f 2165//1836 2309//1836 2310//1837 
f 2166//1837 2310//1837 2311//1838 
f 2167//1838 2311//1838 2312//1839 
f 2168//1839 2312//1839 2313//1840 
f 2169//1840 2313//1840 2314//1841 
f 2170//1841 2314//1841 2315//1842 
f 2171//1842 2315//1842 2316//1843 
f 2172//1843 2316//1843 2317//1844 
f 2173//1844 2317//1844 2318//1845 
f 2174//1845 2318//1845 2319//1846 
f 2175//1846 2319//1846 2320//1847 
f 2176//1847 2320//1847 2321//1848 
f 2177//1848 2321//1848 2322//1849 
f 2178//1849 2322//1849 2323//1850 
f 2179//1850 2323//1850 2324//1851 
f 2180//1851 2324//1851 2325//1852 
f 2181//1852 2325//1852 2326//1853 
f 2182//1853 2326//1853 2327//1854 
f 2183//1854 2327//1854 2328//1855 
f 2184//1855 2328//1855 2329//1856 
f 2185//1856 2329//1856 2330//1857 
f 2186//1857 2330//1857 2331//1858 
f 2187//1858 2331//1858 2332//1859 
f 2188//1859 2332//1859 2333//1860 
f 2189//1860 2333//1860 2334//1861 
f 2190//1861 2334//1861 2335//1862 
f 2191//1862 2335//1862 2336//1863 
f 2192//1863 2336//1863 2337//1864 
f 2193//1864 2337//1864 2338//1865 
f 2194//1865 2338//1865 2339//1866 
f 2195//1866 2339//1866 2340//1867 
f 2196//1867 2340//1867 2341//1868 
f 2197//1868 2341//1868 2342//1869 
f 2198//1869 2342//1869 2343//1870 
f 2199//1870 2343//1870 2344//1871 
f 2200//1871 2344//1871 2201//1728 
f 2201//1728 2057//1728 2200//1871 
f 2344//1871 2200//1871 2199//1870 
f 2343//1870 2199//1870 2198//1869 
f 2342//1869 2198//1869 2197//1868 
f 2341//1868 2197//1868 2196//1867 
f 2340//1867 2196//1867 2195//1866 
f 2339//1866 2195//1866 2194//1865 
f 2338//1865 2194//1865 2193//1864 
f 2337//1864 2193//1864 2192//1863 
f 2336//1863 2192//1863 2191//1862 
f 2335//1862 2191//1862 2190//1861 
f 2334//1861 2190//1861 2189//1860 
f 2333//1860 2189//1860 2188//1859 
f 2332//1859 2188//1859 2187//1858 
f 2331//1858 2187//1858 2186//1857 
f 2330//1857 2186//1857 2185//1856 
f 2329//1856 2185//1856 2184//1855 
f 2328//1855 2184//1855 2183//1854 
f 2327//1854 2183//1854 2182//1853 
f 2326//1853 2182//1853 2181//1852 
f 2325//1852 2181//1852 2180//1851 
f 2324//1851 2180//1851 2179//1850 
f 2323//1850 2179//1850 2178//1849 
f 2322//1849 2178//1849 2177//1848 
f 2321//1848 2177//1848 2176//1847 
f 2320//1847 2176//1847 2175//1846 
f 2319//1846 2175//1846 2174//1845 
f 2318//1845 2174//1845 2173//1844 
f 2317//1844 2173//1844 2172//1843 
f 2316//1843 2172//1843 2171//1842 
f 2315//1842 2171//1842 2170//1841 
f 2314//1841 2170//1841 2169//1840 
f 2313//1840 2169//1840 2168//1839 
f 2312//1839 2168//1839 2167//1838 
f 2311//1838 2167//1838 2166//1837 
f 2310//1837 2166//1837 2165//1836 
f 2309//1836 2165//1836 2164//1835 
f 2308//1835 2164//1835 2163//1834 
f 2307//1834 2163//1834 2162//1833 
f 2306//1833 2162//1833 2161//1832 
f 2305//1832 2161//1832 2160//1831 
f 2304//1831 2160//1831 2159//1830 
f 2303//1830 2159//1830 2158//1829 
f 2302//1829 2158//1829 2157//1828 
f 2301//1828 2157//1828 2156//1827 
f 2300//1827 2156//1827 2155//1826 
f 2299//1826 2155//1826 2154//1825 
f 2298//1825 2154//1825 2153//1824 
f 2297//1824 2153//1824 2152//1823 
f 2296//1823 2152//1823 2151//1822 
f 2295//1822 2151//1822 2150//1821 
f 2294//1821 2150//1821 2149//1820 
f 2293//1820 2149//1820 2148//1819 
f 2292//1819 2148//1819 2147//1818 
f 2291//1818 2147//1818 2146//1817 
f 2290//1817 2146//1817 2145//1816 
f 2289//1816 2145//1816 2144//1815 
f 2288//1815 2144//1815 2143//1814 
f 2287//1814 2143//1814 2142//1813 
f 2286//1813 2142//1813 2141//1812 
f 2285//1812 2141//1812 2140//1811 
f 2284//1811 2140//1811 2139//1810 
f 2283//1810 2139//1810 2138//1809 
f 2282//1809 2138//1809 2137//1808 
f 2281//1808 2137//1808 2136//1807 
f 2280//1807 2136//1807 2135//1806 
f 2279//1806 2135//1806 2134//1805 
f 2278//1805 2134//1805 2133//1804 
f 2277//1804 2133//1804 2132//1803 
f 2276//1803 2132//1803 2131//1802 
f 2275//1802 2131//1802 2130//1801 
f 2274//1801 2130//1801 2129//1800 
f 2273//1800 2129//1800 2128//1799 
f 2272//1799 2128//1799 2127//1798 
f 2271//1798 2127//1798 2126//1797 
f 2270//1797 2126//1797 2125//1796 
f 2269//1796 2125//1796 2124//1795 
f 2268//1795 2124//1795 2123//1794 
f 2267//1794 2123//1794 2122//1793 
f 2266//1793 2122//1793 2121//1792 
f 2265//1792 2121//1792 2120//1791 
f 2264//1791 2120//1791 2119//1790 
f 2263//1790 2119//1790 2118//1789 
f 2262//1789 2118//1789 2117//1788 
f 2261//1788 2117//1788 2116//1787 
f 2260//1787 2116//1787 2115//1786 
f 2259//1786 2115//1786 2114//1785 
f 2258//1785 2114//1785 2113//1784 
f 2257//1784 2113//1784 2112//1783 
f 2256//1783 2112//1783 2111//1782 
f 2255//1782 2111//1782 2110//1781 
f 2254//1781 2110//1781 2109//1780 
f 2253//1780 2109//1780 2108//1779 
f 2252//1779 2108//1779 2107//1778 
f 2251//1778 2107//1778 2106//1777 
f 2250//1777 2106//1777 2105//1776 
f 2249//1776 2105//1776 2104//1775 
f 2248//1775 2104//1775 2103//1774 
f 2247//1774 2103//1774 2102//1773 
f 2246//1773 2102//1773 2101//1772 
f 2245//1772 2101//1772 2100//1771 
f 2244//1771 2100//1771 2099//1770 
f 2243//1770 2099//1770 2098//1769 
f 2242//1769 2098//1769 2097//1768 
f 2241//1768 2097//1768 2096//1767 
f 2240//1767 2096//1767 2095//1766 
f 2239//1766 2095//1766 2094//1765 
f 2238//1765 2094//1765 2093//1764 
f 2237//1764 2093//1764 2092//1763 
f 2236//1763 2092//1763 2091//1762 
f 2235//1762 2091//1762 2090//1761 
f 2234//1761 2090//1761 2089//1760 
f 2233//1760 2089//1760 2088//1759 
f 2232//1759 2088//1759 2087//1758 
f 2231//1758 2087//1758 2086//1757 
f 2230//1757 2086//1757 2085//1756 
f 2229//1756 2085//1756 2084//1755 
f 2228//1755 2084//1755 2083//1754 
f 2227//1754 2083//1754 2082//1753 
f 2226//1753 2082//1753 2081//1752 
f 2225//1752 2081//1752 2080//1751 
f 2224//1751 2080//1751 2079//1750 
f 2223//1750 2079//1750 2078//1749 
f 2222//1749 2078//1749 2077//1748 
f 2221//1748 2077//1748 2076//1747 
f 2220//1747 2076//1747 2075//1746 
f 2219//1746 2075//1746 2074//1745 
f 2218//1745 2074//1745 2073//1744 
f 2217//1744 2073//1744 2072//1743 
f 2216//1743 2072//1743 2071//1742 
f 2215//1742 2071//1742 2070//1741 
f 2214//1741 2070//1741 2069//1740 
f 2213//1740 2069//1740 2068//1739 
f 2212//1739 2068//1739 2067//1738 
f 2211//1738 2067//1738 2066//1737 
f 2210//1737 2066//1737 2065//1736 
f 2209//1736 2065//1736 2064//1735 
f 2208//1735 2064//1735 2063//1734 
f 2207//1734 2063//1734 2062//1733 
f 2206//1733 2062//1733 2061//1732 
f 2205//1732 2061//1732 2060//1731 
f 2204//1731 2060//1731 2059//1730 
f 2203//1730 2059//1730 2058//1729 
f 2202//1729 2058//1729 2057//1728 
o mesh16
f 2345//1872 2272//1872 2271//1872 
f 2271//1872 2270//1872 2345//1872 
f 2270//1872 2269//1872 2345//1872 
f 2269//1872 2268//1872 2345//1872 
f 2268//1872 2267//1872 2345//1872 
f 2267//1872 2266//1872 2345//1872 
f 2266//1872 2265//1872 2345//1872 
f 2265//1872 2264//1872 2345//1872 
f 2264//1872 2263//1872 2345//1872 
f 2263//1872 2262//1872 2345//1872 
f 2262//1872 2261//1872 2345//1872 
f 2261//1872 2260//1872 2345//1872 
f 2260//1872 2259//1872 2345//1872 
f 2259//1872 2258//1872 2345//1872 
f 2258//1872 2257//1872 2345//1872 
f 2257//1872 2256//1872 2345//1872 
f 2256//1872 2255//1872 2345//1872 
f 2255//1872 2254//1872 2345//1872 
f 2254//1872 2253//1872 2345//1872 
f 2253//1872 2252//1872 2345//1872 
f 2252//1872 2251//1872 2345//1872 
f 2251//1872 2250//1872 2345//1872 
f 2250//1872 2249//1872 2345//1872 
f 2249//1872 2248//1872 2345//1872 
f 2248//1872 2247//1872 2345//1872 
f 2247//1872 2246//1872 2345//1872 
f 2246//1872 2245//1872 2345//1872 
f 2245//1872 2244//1872 2345//1872 
f 2244//1872 2243//1872 2345//1872 
f 2243//1872 2242//1872 2345//1872 
f 2242//1872 2241//1872 2345//1872 
f 2241//1872 2240//1872 2345//1872 
f 2240//1872 2239//1872 2345//1872 
f 2239//1872 2238//1872 2345//1872 
f 2238//1872 2237//1872 2345//1872 
f 2237//1872 2236//1872 2345//1872 
f 2236//1872 2235//1872 2345//1872 
f 2235//1872 2234//1872 2345//1872 
f 2234//1872 2233//1872 2345//1872 
f 2233//1872 2232//1872 2345//1872 
f 2232//1872 2231//1872 2345//1872 
f 2231//1872 2230//1872 2345//1872 
f 2230//1872 2229//1872 2345//1872 
f 2229//1872 2228//1872 2345//1872 
f 2228//1872 2227//1872 2345//1872 
f 2227//1872 2226//1872 2345//1872 
f 2226//1872 2225//1872 2345//1872 
f 2225//1872 2224//1872 2345//1872 
f 2224//1872 2223//1872 2345//1872 
f 2223//1872 2222//1872 2345//1872 
f 2222//1872 2221//1872 2345//1872 
f 2221//1872 2220//1872 2345//1872 
f 2220//1872 2219//1872 2345//1872 
f 2219//1872 2218//1872 2345//1872 
f 2218//1872 2217//1872 2345//1872 
f 2217//1872 2216//1872 2345//1872 
f 2216//1872 2215//1872 2345//1872 
f 2215//1872 2214//1872 2345//1872 
f 2214//1872 2213//1872 2345//1872 
f 2213//1872 2212//1872 2345//1872 
f 2212//1872 2211//1872 2345//1872 
f 2211//1872 2210//1872 2345//1872 
f 2210//1872 2209//1872 2345//1872 
f 2209//1872 2208//1872 2345//1872 
f 2208//1872 2207//1872 2345//1872 
f 2207//1872 2206//1872 2345//1872 
f 2206//1872 2205//1872 2345//1872 
f 2205//1872 2204//1872 2345//1872 
f 2204//1872 2203//1872 2345//1872 
f 2203//1872 2202//1872 2345//1872 
f 2202//1872 2201//1872 2345//1872 
f 2201//1872 2344//1872 2345//1872 
f 2344//1872 2343//1872 2345//1872 
f 2343//1872 2342//1872 2345//1872 
f 2342//1872 2341//1872 2345//1872 
f 2341//1872 2340//1872 2345//1872 
f 2340//1872 2339//1872 2345//1872 
f 2339//1872 2338//1872 2345//1872 
f 2338//1872 2337//1872 2345//1872 
f 2337//1872 2336//1872 2345//1872 
f 2336//1872 2335//1872 2345//1872 
f 2335//1872 2334//1872 2345//1872 
f 2334//1872 2333//1872 2345//1872 
f 2333//1872 2332//1872 2345//1872 
f 2332//1872 2331//1872 2345//1872 
f 2331//1872 2330//1872 2345//1872 
f 2330//1872 2329//1872 2345//1872 
f 2329//1872 2328//1872 2345//1872 
f 2328//1872 2327//1872 2345//1872 
f 2327//1872 2326//1872 2345//1872 
f 2326//1872 2325//1872 2345//1872 
f 2325//1872 2324//1872 2345//1872 
f 2324//1872 2323//1872 2345//1872 
f 2323//1872 2322//1872 2345//1872 
f 2322//1872 2321//1872 2345//1872 
f 2321//1872 2320//1872 2345//1872 
f 2320//1872 2319//1872 2345//1872 
f 2319//1872 2318//1872 2345//1872 
f 2318//1872 2317//1872 2345//1872 
f 2317//1872 2316//1872 2345//1872 
f 2316//1872 2315//1872 2345//1872 
f 2315//1872 2314//1872 2345//1872 
f 2314//1872 2313//1872 2345//1872 
f 2313//1872 2312//1872 2345//1872 
f 2312//1872 2311//1872 2345//1872 
f 2311//1872 2310//1872 2345//1872 
f 2310//1872 2309//1872 2345//1872 
f 2309//1872 2308//1872 2345//1872 
f 2308//1872 2307//1872 2345//1872 
f 2307//1872 2306//1872 2345//1872 
f 2306//1872 2305//1872 2345//1872 
f 2305//1872 2304//1872 2345//1872 
f 2304//1872 2303//1872 2345//1872 
f 2303//1872 2302//1872 2345//1872 
f 2302//1872 2301//1872 2345//1872 
f 2301//1872 2300//1872 2345//1872 
f 2300//1872 2299//1872 2345//1872 
f 2299//1872 2298//1872 2345//1872 
f 2298//1872 2297//1872 2345//1872 
f 2297//1872 2296//1872 2345//1872 
f 2296//1872 2295//1872 2345//1872 
f 2295//1872 2294//1872 2345//1872 
f 2294//1872 2293//1872 2345//1872 
f 2293//1872 2292//1872 2345//1872 
f 2292//1872 2291//1872 2345//1872 
f 2291//1872 2290//1872 2345//1872 
f 2290//1872 2289//1872 2345//1872 
f 2289//1872 2288//1872 2345//1872 
f 2288//1872 2287//1872 2345//1872 
f 2287//1872 2286//1872 2345//1872 
f 2286//1872 2285//1872 2345//1872 
f 2285//1872 2284//1872 2345//1872 
f 2284//1872 2283//1872 2345//1872 
f 2283//1872 2282//1872 2345//1872 
f 2282//1872 2281//1872 2345//1872 
f 2281//1872 2280//1872 2345//1872 
f 2280//1872 2279//1872 2345//1872 
f 2279//1872 2278//1872 2345//1872 
f 2278//1872 2277//1872 2345//1872 
f 2277//1872 2276//1872 2345//1872 
f 2276//1872 2275//1872 2345//1872 
f 2275//1872 2274//1872 2345//1872 
f 2274//1872 2273//1872 2345//1872 
f 2273//1872 2272//1872 2345//1872 
o mesh17
f 1913//1873 2346//1873 2347//1874 
f 1914//1874 2347//1874 2348//1875 
f 1915//1875 2348//1875 2349//1876 
f 1916//1876 2349//1876 2350//1877 
f 1917//1877 2350//1877 2351//1878 
f 1918//1878 2351//1878 2352//1879 
f 1919//1879 2352//1879 2353//1880 
f 1920//1880 2353//1880 2354//1881 
f 1921//1881 2354//1881 2355//1882 
f 1922//1882 2355//1882 2356//1883 
f 1923//1883 2356//1883 2357//1884 
f 1924//1884 2357//1884 2358//1885 
f 1925//1885 2358//1885 2359//1886 
f 1926//1886 2359//1886 2360//1887 
f 1927//1887 2360//1887 2361//1888 
f 1928//1888 2361//1888 2362//1889 
f 1929//1889 2362//1889 2363//1890 
f 1930//1890 2363//1890 2364//1891 
f 1931//1891 2364//1891 2365//1892 
f 1932//1892 2365//1892 2366//1893 
f 1933//1893 2366//1893 2367//1894 
f 1934//1894 2367//1894 2368//1895 
f 1935//1895 2368//1895 2369//1896 
f 1936//1896 2369//1896 2370//1897 
f 1937//1897 2370//1897 2371//1898 
f 1938//1898 2371//1898 2372//1899 
f 1939//1899 2372//1899 2373//1900 
f 1940//1900 2373//1900 2374//1901 
f 1941//1901 2374//1901 2375//1902 
f 1942//1902 2375//1902 2376//1903 
f 1943//1903 2376//1903 2377//1904 
f 1944//1904 2377//1904 2378//1905 
f 1945//1905 2378//1905 2379//1906 
f 1946//1906 2379//1906 2380//1907 
f 1947//1907 2380//1907 2381//1908 
f 1948//1908 2381//1908 2382//1909 
f 1949//1909 2382//1909 2383//1910 
f 1950//1910 2383//1910 2384//1911 
f 1951//1911 2384//1911 2385//1912 
f 1952//1912 2385//1912 2386//1913 
f 1953//1913 2386//1913 2387//1914 
f 1954//1914 2387//1914 2388//1915 
f 1955//1915 2388//1915 2389//1916 
f 1956//1916 2389//1916 2390//1917 
f 1957//1917 2390//1917 2391//1918 
f 1958//1918 2391//1918 2392//1919 
f 1959//1919 2392//1919 2393//1920 
f 1960//1920 2393//1920 2394//1921 
f 1961//1921 2394//1921 2395//1922 
f 1962//1922 2395//1922 2396//1923 
f 1963//1923 2396//1923 2397//1924 
f 1964//1924 2397//1924 2398//1925 
f 1965//1925 2398//1925 2399//1926 
f 1966//1926 2399//1926 2400//1927 
f 1967//1927 2400//1927 2401//1928 
f 1968//1928 2401//1928 2402//1929 
f 1969//1929 2402//1929 2403//1930 
f 1970//1930 2403//1930 2404//1931 
f 1971//1931 2404//1931 2405//1932 
f 1972//1932 2405//1932 2406//1933 
f 1973//1933 2406//1933 2407//1934 
f 1974//1934 2407//1934 2408//1935 
f 1975//1935 2408//1935 2409//1936 
f 1976//1936 2409//1936 2410//1937 
f 1977//1937 2410//1937 2411//1938 
f 1978//1938 2411//1938 2412//1939 
f 1979//1939 2412//1939 2413//1940 
f 1980//1940 2413//1940 2414//1941 
f 1981//1941 2414//1941 2415//1942 
f 1982//1942 2415//1942 2416//1943 
f 1983//1943 2416//1943 2417//1944 
f 1984//1944 2417//1944 2418//1945 
f 1985//1945 2418//1945 2419//1946 
f 1986//1946 2419//1946 2420//1947 
f 1987//1947 2420//1947 2421//1948 
f 1988//1948 2421//1948 2422//1949 
f 1989//1949 2422//1949 2423//1950 
f 1990//1950 2423//1950 2424//1951 
f 1991//1951 2424//1951 2425//1952 
f 1992//1952 2425//1952 2426//1953 
f 1993//1953 2426//1953 2427//1954 
f 1994//1954 2427//1954 2428//1955 
f 1995//1955 2428//1955 2429//1956 
f 1996//1956 2429//1956 2430//1957 
f 1997//1957 2430//1957 2431//1958 
f 1998//1958 2431//1958 2432//1959 
f 1999//1959 2432//1959 2433//1960 
f 2000//1960 2433//1960 2434//1961 
f 2001//1961 2434//1961 2435//1962 
f 2002//1962 2435//1962 2436//1963 
f 2003//1963 2436//1963 2437//1964 
f 2004//1964 2437//1964 2438//1965 
f 2005//1965 2438//1965 2439//1966 
f 2006//1966 2439//1966 2440//1967 
f 2007//1967 2440//1967 2441//1968 
f 2008//1968 2441//1968 2442//1969 
f 2009//1969 2442//1969 2443//1970 
f 2010//1970 2443//1970 2444//1971 
f 2011//1971 2444//1971 2445//1972 
f 2012//1972 2445//1972 2446//1973 
f 2013//1973 2446//1973 2447//1974 
f 2014//1974 2447//1974 2448//1975 
f 2015//1975 2448//1975 2449//1976 
f 2016//1976 2449//1976 2450//1977 
f 2017//1977 2450//1977 2451//1978 
f 2018//1978 2451//1978 2452//1979 
f 2019//1979 2452//1979 2453//1980 
f 2020//1980 2453//1980 2454//1981 
f 2021//1981 2454//1981 2455//1982 
f 2022//1982 2455//1982 2456//1983 
f 2023//1983 2456//1983 2457//1984 
f 2024//1984 2457//1984 2458//1985 
f 2025//1985 2458//1985 2459//1986 
f 2026//1986 2459//1986 2460//1987 
f 2027//1987 2460//1987 2461//1988 
f 2028//1988 2461//1988 2462//1989 
f 2029//1989 2462//1989 2463//1990 
f 2030//1990 2463//1990 2464//1991 
f 2031//1991 2464//1991 2465//1992 
f 2032//1992 2465//1992 2466//1993 
f 2033//1993 2466//1993 2467//1994 
f 2034//1994 2467//1994 2468//1995 
f 2035//1995 2468//1995 2469//1996 
f 2036//1996 2469//1996 2470//1997 
f 2037//1997 2470//1997 2471//1998 
f 2038//1998 2471//1998 2472//1999 
f 2039//1999 2472//1999 2473//2000 
f 2040//2000 2473//2000 2474//2001 
f 2041//2001 2474//2001 2475//2002 
f 2042//2002 2475//2002 2476//2003 
f 2043//2003 2476//2003 2477//2004 
f 2044//2004 2477//2004 2478//2005 
f 2045//2005 2478//2005 2479//2006 
f 2046//2006 2479//2006 2480//2007 
f 2047//2007 2480//2007 2481//2008 
f 2048//2008 2481//2008 2482//2009 
f 2049//2009 2482//2009 2483//2010 
f 2050//2010 2483//2010 2484//2011 
f 2051//2011 2484//2011 2485//2012 
f 2052//2012 2485//2012 2486//2013 
f 2053//2013 2486//2013 2487//2014 
f 2054//2014 2487//2014 2488//2015 
f 2055//2015 2488//2015 2489//2016 
f 2056//2016 2489//2016 2346//1873 
f 2346//1873 1913//1873 2056//2016 
f 2489//2016 2056//2016 2055//2015 
f 2488//2015 2055//2015 2054//2014 
f 2487//2014 2054//2014 2053//2013 
f 2486//2013 2053//2013 2052//2012 
f 2485//2012 2052//2012 2051//2011 
f 2484//2011 2051//2011 2050//2010 
f 2483//2010 2050//2010 2049//2009 
f 2482//2009 2049//2009 2048//2008 
f 2481//2008 2048//2008 2047//2007 
f 2480//2007 2047//2007 2046//2006 
f 2479//2006 2046//2006 2045//2005 
f 2478//2005 2045//2005 2044//2004 
f 2477//2004 2044//2004 2043//2003 
f 2476//2003 2043//2003 2042//2002 
f 2475//2002 2042//2002 2041//2001 
f 2474//2001 2041//2001 2040//2000 
f 2473//2000 2040//2000 2039//1999 
f 2472//1999 2039//1999 2038//1998 
f 2471//1998 2038//1998 2037//1997 
f 2470//1997 2037//1997 2036//1996 
f 2469//1996 2036//1996 2035//1995 
f 2468//1995 2035//1995 2034//1994 
f 2467//1994 2034//1994 2033//1993 
f 2466//1993 2033//1993 2032//1992 
f 2465//1992 2032//1992 2031//1991 
f 2464//1991 2031//1991 2030//1990 
f 2463//1990 2030//1990 2029//1989 
f 2462//1989 2029//1989 2028//1988 
f 2461//1988 2028//1988 2027//1987 
f 2460//1987 2027//1987 2026//1986 
f 2459//1986 2026//1986 2025//1985 
f 2458//1985 2025//1985 2024//1984 
f 2457//1984 2024//1984 2023//1983 
f 2456//1983 2023//1983 2022//1982 
f 2455//1982 2022//1982 2021//1981 
f 2454//1981 2021//1981 2020//1980 
f 2453//1980 2020//1980 2019//1979 
f 2452//1979 2019//1979 2018//1978 
f 2451//1978 2018//1978 2017//1977 
f 2450//1977 2017//1977 2016//1976 
f 2449//1976 2016//1976 2015//1975 
f 2448//1975 2015//1975 2014//1974 
f 2447//1974 2014//1974 2013//1973 
f 2446//1973 2013//1973 2012//1972 
f 2445//1972 2012//1972 2011//1971 
f 2444//1971 2011//1971 2010//1970 
f 2443//1970 2010//1970 2009//1969 
f 2442//1969 2009//1969 2008//1968 
f 2441//1968 2008//1968 2007//1967 
f 2440//1967 2007//1967 2006//1966 
f 2439//1966 2006//1966 2005//1965 
f 2438//1965 2005//1965 2004//1964 
f 2437//1964 2004//1964 2003//1963 
f 2436//1963 2003//1963 2002//1962 
f 2435//1962 2002//1962 2001//1961 
f 2434//1961 2001//1961 2000//1960 
f 2433//1960 2000//1960 1999//1959 
f 2432//1959 1999//1959 1998//1958 
f 2431//1958 1998//1958 1997//1957 
f 2430//1957 1997//1957 1996//1956 
f 2429//1956 1996//1956 1995//1955 
f 2428//1955 1995//1955 1994//1954 
f 2427//1954 1994//1954 1993//1953 
f 2426//1953 1993//1953 1992//1952 
f 2425//1952 1992//1952 1991//1951 
f 2424//1951 1991//1951 1990//1950 
f 2423//1950 1990//1950 1989//1949 
f 2422//1949 1989//1949 1988//1948 
f 2421//1948 1988//1948 1987//1947 
f 2420//1947 1987//1947 1986//1946 
f 2419//1946 1986//1946 1985//1945 
f 2418//1945 1985//1945 1984//1944 
f 2417//1944 1984//1944 1983//1943 
f 2416//1943 1983//1943 1982//1942 
f 2415//1942 1982//1942 1981//1941 
f 2414//1941 1981//1941 1980//1940 
f 2413//1940 1980//1940 1979//1939 
f 2412//1939 1979//1939 1978//1938 
f 2411//1938 1978//1938 1977//1937 
f 2410//1937 1977//1937 1976//1936 
f 2409//1936 1976//1936 1975//1935 
f 2408//1935 1975//1935 1974//1934 
f 2407//1934 1974//1934 1973//1933 
f 2406//1933 1973//1933 1972//1932 
f 2405//1932 1972//1932 1971//1931 
f 2404//1931 1971//1931 1970//1930 
f 2403//1930 1970//1930 1969//1929 
f 2402//1929 1969//1929 1968//1928 
f 2401//1928 1968//1928 1967//1927 
f 2400//1927 1967//1927 1966//1926 
f 2399//1926 1966//1926 1965//1925 
f 2398//1925 1965//1925 1964//1924 
f 2397//1924 1964//1924 1963//1923 
f 2396//1923 1963//1923 1962//1922 
f 2395//1922 1962//1922 1961//1921 
f 2394//1921 1961//1921 1960//1920 
f 2393//1920 1960//1920 1959//1919 
f 2392//1919 1959//1919 1958//1918 
f 2391//1918 1958//1918 1957//1917 
f 2390//1917 1957//1917 1956//1916 
f 2389//1916 1956//1916 1955//1915 
f 2388//1915 1955//1915 1954//1914 
f 2387//1914 1954//1914 1953//1913 
f 2386//1913 1953//1913 1952//1912 
f 2385//1912 1952//1912 1951//1911 
f 2384//1911 1951//1911 1950//1910 
f 2383//1910 1950//1910 1949//1909 
f 2382//1909 1949//1909 1948//1908 
f 2381//1908 1948//1908 1947//1907 
f 2380//1907 1947//1907 1946//1906 
f 2379//1906 1946//1906 1945//1905 
f 2378//1905 1945//1905 1944//1904 
f 2377//1904 1944//1904 1943//1903 
f 2376//1903 1943//1903 1942//1902 
f 2375//1902 1942//1902 1941//1901 
f 2374//1901 1941//1901 1940//1900 
f 2373//1900 1940//1900 1939//1899 
f 2372//1899 1939//1899 1938//1898 
f 2371//1898 1938//1898 1937//1897 
f 2370//1897 1937//1897 1936//1896 
f 2369//1896 1936//1896 1935//1895 
f 2368//1895 1935//1895 1934//1894 
f 2367//1894 1934//1894 1933//1893 
f 2366//1893 1933//1893 1932//1892 
f 2365//1892 1932//1892 1931//1891 
f 2364//1891 1931//1891 1930//1890 
f 2363//1890 1930//1890 1929//1889 
f 2362//1889 1929//1889 1928//1888 
f 2361//1888 1928//1888 1927//1887 
f 2360//1887 1927//1887 1926//1886 
f 2359//1886 1926//1886 1925//1885 
f 2358//1885 1925//1885 1924//1884 
f 2357//1884 1924//1884 1923//1883 
f 2356//1883 1923//1883 1922//1882 
f 2355//1882 1922//1882 1921//1881 
f 2354//1881 1921//1881 1920//1880 
f 2353//1880 1920//1880 1919//1879 
f 2352//1879 1919//1879 1918//1878 
f 2351//1878 1918//1878 1917//1877 
f 2350//1877 1917//1877 1916//1876 
f 2349//1876 1916//1876 1915//1875 
f 2348//1875 1915//1875 1914//1874 
f 2347//1874 1914//1874 1913//1873 
o mesh18
f 2490//2017 2417//2017 2416//2017 
f 2416//2017 2415//2017 2490//2017 
f 2415//2017 2414//2017 2490//2017 
f 2414//2017 2413//2017 2490//2017 
f 2413//2017 2412//2017 2490//2017 
f 2412//2017 2411//2017 2490//2017 
f 2411//2017 2410//2017 2490//2017 
f 2410//2017 2409//2017 2490//2017 
f 2409//2017 2408//2017 2490//2017 
f 2408//2017 2407//2017 2490//2017 
f 2407//2017 2406//2017 2490//2017 
f 2406//2017 2405//2017 2490//2017 
f 2405//2017 2404//2017 2490//2017 
f 2404//2017 2403//2017 2490//2017 
f 2403//2017 2402//2017 2490//2017 
f 2402//2017 2401//2017 2490//2017 
f 2401//2017 2400//2017 2490//2017 
f 2400//2017 2399//2017 2490//2017 
f 2399//2017 2398//2017 2490//2017 
f 2398//2017 2397//2017 2490//2017 
f 2397//2017 2396//2017 2490//2017 
f 2396//2017 2395//2017 2490//2017 
f 2395//2017 2394//2017 2490//2017 
f 2394//2017 2393//2017 2490//2017 
f 2393//2017 2392//2017 2490//2017 
f 2392//2017 2391//2017 2490//2017 
f 2391//2017 2390//2017 2490//2017 
f 2390//2017 2389//2017 2490//2017 
f 2389//2017 2388//2017 2490//2017 
f 2388//2017 2387//2017 2490//2017 
f 2387//2017 2386//2017 2490//2017 
f 2386//2017 2385//2017 2490//2017 
f 2385//2017 2384//2017 2490//2017 
f 2384//2017 2383//2017 2490//2017 
f 2383//2017 2382//2017 2490//2017 
f 2382//2017 2381//2017 2490//2017 
f 2381//2017 2380//2017 2490//2017 
f 2380//2017 2379//2017 2490//2017 
f 2379//2017 2378//2017 2490//2017 
f 2378//2017 2377//2017 2490//2017 
f 2377//2017 2376//2017 2490//2017 
f 2376//2017 2375//2017 2490//2017 
f 2375//2017 2374//2017 2490//2017 
f 2374//2017 2373//2017 2490//2017 
f 2373//2017 2372//2017 2490//2017 
f 2372//2017 2371//2017 2490//2017 
f 2371//2017 2370//2017 2490//2017 
f 2370//2017 2369//2017 2490//2017 
f 2369//2017 2368//2017 2490//2017 
f 2368//2017 2367//2017 2490//2017 
f 2367//2017 2366//2017 2490//2017 
f 2366//2017 2365//2017 2490//2017 
f 2365//2017 2364//2017 2490//2017 
f 2364//2017 2363//2017 2490//2017 
f 2363//2017 2362//2017 2490//2017 
f 2362//2017 2361//2017 2490//2017 
f 2361//2017 2360//2017 2490//2017 
f 2360//2017 2359//2017 2490//2017 
f 2359//2017 2358//2017 2490//2017 
f 2358//2017 2357//2017 2490//2017 
f 2357//2017 2356//2017 2490//2017 
f 2356//2017 2355//2017 2490//2017 
f 2355//2017 2354//2017 2490//2017 
f 2354//2017 2353//2017 2490//2017 
f 2353//2017 2352//2017 2490//2017 
f 2352//2017 2351//2017 2490//2017 
f 2351//2017 2350//2017 2490//2017 
f 2350//2017 2349//2017 2490//2017 
f 2349//2017 2348//2017 2490//2017 
f 2348//2017 2347//2017 2490//2017 
f 2347//2017 2346//2017 2490//2017 
f 2346//2017 2489//2017 2490//2017 
f 2489//2017 2488//2017 2490//2017 
f 2488//2017 2487//2017 2490//2017 
f 2487//2017 2486//2017 2490//2017 
f 2486//2017 2485//2017 2490//2017 
f 2485//2017 2484//2017 2490//2017 
f 2484//2017 2483//2017 2490//2017 
f 2483//2017 2482//2017 2490//2017 
f 2482//2017 2481//2017 2490//2017 
f 2481//2017 2480//2017 2490//2017 
f 2480//2017 2479//2017 2490//2017 
f 2479//2017 2478//2017 2490//2017 
f 2478//2017 2477//2017 2490//2017 
f 2477//2017 2476//2017 2490//2017 
f 2476//2017 2475//2017 2490//2017 
f 2475//2017 2474//2017 2490//2017 
f 2474//2017 2473//2017 2490//2017 
f 2473//2017 2472//2017 2490//2017 
f 2472//2017 2471//2017 2490//2017 
f 2471//2017 2470//2017 2490//2017 
f 2470//2017 2469//2017 2490//2017 
f 2469//2017 2468//2017 2490//2017 
f 2468//2017 2467//2017 2490//2017 
f 2467//2017 2466//2017 2490//2017 
f 2466//2017 2465//2017 2490//2017 
f 2465//2017 2464//2017 2490//2017 
f 2464//2017 2463//2017 2490//2017 
f 2463//2017 2462//2017 2490//2017 
f 2462//2017 2461//2017 2490//2017 
f 2461//2017 2460//2017 2490//2017 
f 2460//2017 2459//2017 2490//2017 
f 2459//2017 2458//2017 2490//2017 
f 2458//2017 2457//2017 2490//2017 
f 2457//2017 2456//2017 2490//2017 
f 2456//2017 2455//2017 2490//2017 
f 2455//2017 2454//2017 2490//2017 
f 2454//2017 2453//2017 2490//2017 
f 2453//2017 2452//2017 2490//2017 
f 2452//2017 2451//2017 2490//2017 
f 2451//2017 2450//2017 2490//2017 
f 2450//2017 2449//2017 2490//2017 
f 2449//2017 2448//2017 2490//2017 
f 2448//2017 2447//2017 2490//2017 
f 2447//2017 2446//2017 2490//2017 
f 2446//2017 2445//2017 2490//2017 
f 2445//2017 2444//2017 2490//2017 
f 2444//2017 2443//2017 2490//2017 
f 2443//2017 2442//2017 2490//2017 
f 2442//2017 2441//2017 2490//2017 
f 2441//2017 2440//2017 2490//2017 
f 2440//2017 2439//2017 2490//2017 
f 2439//2017 2438//2017 2490//2017 
f 2438//2017 2437//2017 2490//2017 
f 2437//2017 2436//2017 2490//2017 
f 2436//2017 2435//2017 2490//2017 
f 2435//2017 2434//2017 2490//2017 
f 2434//2017 2433//2017 2490//2017 
f 2433//2017 2432//2017 2490//2017 
f 2432//2017 2431//2017 2490//2017 
f 2431//2017 2430//2017 2490//2017 
f 2430//2017 2429//2017 2490//2017 
f 2429//2017 2428//2017 2490//2017 
f 2428//2017 2427//2017 2490//2017 
f 2427//2017 2426//2017 2490//2017 
f 2426//2017 2425//2017 2490//2017 
f 2425//2017 2424//2017 2490//2017 
f 2424//2017 2423//2017 2490//2017 
f 2423//2017 2422//2017 2490//2017 
f 2422//2017 2421//2017 2490//2017 
f 2421//2017 2420//2017 2490//2017 
f 2420//2017 2419//2017 2490//2017 
f 2419//2017 2418//2017 2490//2017 
f 2418//2017 2417//2017 2490//2017 
