# Copyright (c) 2023 NVIDIA CORPORATION & AFFILIATES. All rights reserved.
#
# Licensed under the NVIDIA Source Code License [see LICENSE for details].

# Vertices: 3593
# Faces: 7198

mtllib hole_round_16mm.mtl

vn -0.7167058 -0.0757891 0.6932452
v 0.0084535 0.0008326 0.0000000
vn -0.6860212 -0.2101001 0.6965867
v 0.0081170 0.0024625 0.0000000
vn -0.6408958 -0.3293120 0.6934019
v 0.0075101 0.0039618 0.0000000
vn -0.5753897 -0.4304255 0.6954572
v 0.0068466 0.0050202 0.0000000
vn -0.4879658 -0.5266644 0.6960704
v 0.0057637 0.0062214 0.0000000
vn -0.3874203 -0.6091067 0.6920221
v 0.0044856 0.0072135 0.0000000
vn -0.2825200 -0.6596247 0.6964753
v 0.0035010 0.0077261 0.0000000
vn -0.1441651 -0.7065436 0.6928294
v 0.0016563 0.0083268 0.0000000
vn -0.0105212 -0.7174742 0.6965057
v 0.0001620 0.0084742 0.0000000
vn 0.1291751 -0.7096955 0.6925650
v -0.0015192 0.0083499 0.0000000
vn 0.2685179 -0.6671829 0.6948130
v -0.0032026 0.0078530 0.0000000
vn 0.3787060 -0.6114435 0.6947796
v -0.0046420 0.0071139 0.0000000
vn 0.4578151 -0.5554073 0.6942105
v -0.0053191 0.0066274 0.0000000
vn 0.5322464 -0.4803204 0.6971414
v -0.0062214 0.0057637 0.0000000
vn 0.6178432 -0.3742603 0.6915194
v -0.0072581 0.0044043 0.0000000
vn 0.6720038 -0.2519029 0.6963877
v -0.0079852 0.0028571 0.0000000
vn 0.7041720 -0.1501227 0.6939778
v -0.0083347 0.0016579 0.0000000
vn 0.7171038 -0.0553522 0.6947649
v -0.0084535 0.0008326 0.0000000
vn 0.7173266 0.0589632 0.6942376
v -0.0084545 -0.0007863 0.0000000
vn 0.6992704 0.1815421 0.6914214
v -0.0082725 -0.0019289 0.0000000
vn 0.6394940 0.2964919 0.7093236
v -0.0076360 -0.0035651 0.0000000
vn 0.5847517 0.4280473 0.6890871
v -0.0068707 -0.0049805 0.0000000
vn 0.2903669 0.6646787 0.6883963
v -0.0032064 -0.0078623 0.0000000
vn 0.1566870 0.7035328 0.6931745
v -0.0017924 -0.0082997 0.0000000
vn 0.0489474 0.7187938 0.6934981
v -0.0006480 -0.0084697 0.0000000
vn -0.0765215 0.7075269 0.7025312
v 0.0008528 -0.0084249 0.0000000
vn -0.2091086 0.6937136 0.6892278
v 0.0024658 -0.0081287 0.0000000
vn -0.3398369 0.6357834 0.6930299
v 0.0040411 -0.0074620 0.0000000
vn -0.4458290 0.5687201 0.6912264
v 0.0052443 -0.0066823 0.0000000
vn -0.5355619 0.4826495 0.6929812
v 0.0062915 -0.0057021 0.0000000
vn -0.6150709 0.3783098 0.6917872
v 0.0071861 -0.0045230 0.0000000
vn -0.6766554 0.2441231 0.6946520
v 0.0080104 -0.0027922 0.0000000
vn -0.7079886 0.1282769 0.6944762
v 0.0083810 -0.0013837 0.0000000
vn -0.7187825 0.0323509 0.6944818
v 0.0084818 -0.0004631 0.0000000
vn -0.9212521 -0.0079378 0.3888852
v 0.0084990 -0.0000466 0.0240000
vn -0.9095631 0.1451659 0.3893865
v 0.0083991 -0.0012927 0.0240000
vn -0.8766564 0.2807413 0.3907144
v 0.0080768 -0.0026439 0.0240000
vn -0.8378977 0.3835742 0.3883276
v 0.0077410 -0.0035073 0.0240000
vn -0.7678702 0.5063692 0.3923844
v 0.0071173 -0.0046442 0.0240000
vn -0.6685569 0.6340200 0.3886520
v 0.0060745 -0.0059435 0.0240000
vn -0.5656043 0.7274147 0.3885354
v 0.0053191 -0.0066274 0.0240000
vn -0.4265534 0.8155516 0.3910599
v 0.0039038 -0.0075500 0.0240000
vn -0.2716694 0.8788332 0.3922346
v 0.0025556 -0.0081067 0.0240000
vn -0.1055812 0.9169047 0.3848875
v 0.0009251 -0.0084475 0.0240000
vn 0.0354769 0.9213064 0.3872156
v -0.0004172 -0.0084889 0.0240000
vn 0.1556186 0.9080327 0.3889210
v -0.0012927 -0.0083991 0.0240000
vn 0.3089815 0.8682862 0.3880844
v -0.0029079 -0.0079871 0.0240000
vn 0.4388302 0.8101918 0.3886096
v -0.0040874 -0.0074504 0.0240000
vn 0.5544817 0.7352493 0.3898188
v -0.0050249 -0.0068531 0.0240000
vn 0.6725239 0.6290403 0.3898974
v -0.0062976 -0.0057075 0.0240000
vn 0.7601379 0.5224123 0.3863623
v -0.0069353 -0.0049129 0.0240000
vn 0.8361619 0.3847819 0.3908661
v -0.0077223 -0.0035497 0.0240000
vn 0.8930082 0.2274696 0.3883220
v -0.0082544 -0.0020199 0.0240000
vn 0.9169035 0.0914664 0.3884867
v -0.0084475 -0.0009251 0.0240000
vn 0.9190404 -0.0448598 0.3916023
v -0.0084889 0.0004172 0.0240000
vn 0.9012747 -0.1872368 0.3906998
v -0.0083347 0.0016579 0.0240000
vn 0.8500136 -0.3482295 0.3952382
v -0.0078699 0.0032094 0.0240000
vn 0.7808832 -0.4881321 0.3898058
v -0.0071173 0.0046442 0.0240000
vn 0.7065649 -0.5895867 0.3913484
v -0.0066274 0.0053191 0.0240000
vn 0.5860974 -0.7101492 0.3900999
v -0.0053372 0.0066129 0.0240000
vn 0.4520992 -0.8028796 0.3885751
v -0.0042092 0.0073836 0.0240000
vn 0.2893589 -0.8736780 0.3910988
v -0.0026878 0.0080619 0.0240000
vn 0.1077291 -0.9143891 0.3902398
v -0.0010172 0.0084374 0.0240000
vn -0.0885610 -0.9152578 0.3930141
v 0.0007873 0.0084626 0.0240000
vn -0.2853952 -0.8753024 0.3903785
v 0.0027316 0.0080470 0.0240000
vn -0.4262010 -0.8146465 0.3933240
v 0.0040062 0.0074950 0.0240000
vn -0.5227358 -0.7590434 0.3880728
v 0.0047212 0.0070658 0.0240000
vn -0.6381246 -0.6632260 0.3910605
v 0.0059435 0.0060745 0.0240000
vn -0.7330354 -0.5577215 0.3893661
v 0.0067984 0.0050996 0.0240000
vn -0.8028680 -0.4536560 0.3867806
v 0.0074059 0.0041686 0.0240000
vn -0.8519633 -0.3511688 0.3883799
v 0.0078156 0.0033378 0.0240000
vn -0.9010866 -0.1895164 0.3900341
v 0.0083076 0.0017941 0.0240000
vn -0.3638344 -0.0462143 0.9303165
v 0.0094086 0.0012652 0.0249938
vn -0.3546017 -0.1093522 0.9286010
v 0.0090393 0.0029046 0.0249955
vn -0.3392128 -0.1471135 0.9291353
v 0.0087769 0.0036355 0.0250000
vn -0.3117260 -0.1992674 0.9290422
v 0.0079924 0.0051229 0.0249938
vn -0.2705153 -0.2508473 0.9294606
v 0.0069648 0.0064526 0.0249955
vn -0.2226220 -0.2925809 0.9299656
v 0.0057385 0.0075640 0.0249955
vn -0.1707644 -0.3277823 0.9291922
v 0.0043379 0.0084456 0.0249955
vn -0.1264582 -0.3469752 0.9293098
v 0.0032218 0.0089274 0.0249915
vn 0.0015719 -0.3649301 0.9310336
v 0.0001036 0.0094955 0.0249977
vn 0.0635682 -0.3636053 0.9293817
v -0.0016999 0.0093411 0.0249955
vn 0.1067677 -0.3550670 0.9287239
v -0.0027565 0.0090872 0.0249977
vn 0.1517106 -0.3338175 0.9303493
v -0.0038252 0.0086934 0.0250000
vn 0.2109594 -0.3023935 0.9295452
v -0.0054666 0.0077613 0.0249938
vn 0.2603114 -0.2574228 0.9305759
v -0.0067503 0.0066768 0.0249955
vn 0.3045065 -0.2096259 0.9291571
v -0.0078071 0.0054031 0.0249955
vn 0.3341731 -0.1617500 0.9285285
v -0.0086268 0.0039654 0.0249955
vn 0.3487915 -0.1162554 0.9299620
v -0.0089271 0.0032492 0.0250000
vn 0.3667272 -0.0630925 0.9281867
v -0.0093671 0.0015200 0.0249915
vn 0.3672529 -0.0026641 0.9301174
v -0.0094955 0.0002072 0.0250000
vn 0.3653402 0.0634334 0.9287102
v -0.0093444 -0.0016744 0.0249938
vn 0.3468481 0.1252941 0.9295149
v -0.0089040 -0.0032961 0.0249955
vn 0.3217023 0.1779418 0.9299701
v -0.0083747 -0.0044765 0.0249977
vn 0.2831427 0.2371032 0.9293075
v -0.0072553 -0.0061223 0.0249938
vn 0.2370233 0.2810538 0.9299617
v -0.0060630 -0.0073065 0.0249955
vn 0.1911835 0.3180901 0.9285837
v -0.0049248 -0.0081159 0.0249955
vn 0.1371454 0.3420541 0.9296183
v -0.0035380 -0.0088123 0.0249977
vn 0.0827759 0.3608669 0.9289367
v -0.0020042 -0.0092805 0.0249955
vn 0.0409040 0.3716544 0.9274697
v -0.0010340 -0.0094413 0.0250000
vn 0.0001806 0.3701471 0.9289731
v -0.0002072 -0.0094955 0.0250000
vn -0.0620347 0.3638114 0.9294046
v 0.0016744 -0.0093444 0.0249938
vn -0.1122068 0.3561355 0.9276730
v 0.0029542 -0.0090248 0.0249977
vn -0.1467070 0.3378443 0.9296980
v 0.0036355 -0.0087769 0.0250000
vn -0.1983090 0.3094562 0.9300056
v 0.0051229 -0.0079924 0.0249938
vn -0.2515644 0.2710481 0.9291115
v 0.0064526 -0.0069648 0.0249955
vn -0.2919075 0.2225491 0.9301946
v 0.0075640 -0.0057385 0.0249955
vn -0.3283195 0.1685115 0.9294139
v 0.0084456 -0.0043379 0.0249955
vn -0.3519548 0.1091586 0.9296302
v 0.0090706 -0.0028054 0.0249955
vn -0.3649109 0.0638144 0.9288529
v 0.0093692 -0.0015468 0.0249977
vn -0.3686764 0.0176016 0.9293912
v 0.0094774 -0.0006212 0.0250000
vn -0.2476225 -0.6404754 0.7269625
v -0.0106474 -0.0073220 0.0250000
vn -0.1327608 -0.6721908 0.7283777
v -0.0112803 -0.0071375 0.0250000
vn 0.5375444 -0.6112263 0.5809032
v 0.0070000 -0.0125000 0.0250000
vn 0.6497364 -0.2031071 0.7325232
v 0.0072642 -0.0108177 0.0250000
vn -0.5350740 -0.6134320 0.5808589
v -0.0070000 -0.0125000 0.0250000
vn -0.2153892 0.6413618 0.7363849
v -0.0106900 0.0073076 0.0250000
vn -0.6055783 -0.5411274 0.5834862
v -0.0125000 -0.0070000 0.0250000
vn -0.3693196 -0.5695314 0.7343276
v -0.0095963 -0.0078301 0.0250000
vn -0.5296307 -0.4165903 0.7388801
v -0.0081835 -0.0090933 0.0250000
vn 0.5548714 0.3840858 0.7379673
v 0.0079280 0.0094451 0.0250000
vn 0.4301289 0.5225205 0.7361804
v 0.0090414 0.0082252 0.0250000
vn 0.3039272 0.6063783 0.7348018
v 0.0099874 0.0076081 0.0250000
vn 0.5349094 0.6140683 0.5803379
v 0.0070000 0.0125000 0.0250000
vn -0.6368631 -0.2244148 0.7375930
v -0.0073074 -0.0106903 0.0250000
vn -0.3619862 0.5772100 0.7319800
v -0.0095962 0.0078302 0.0250000
vn -0.6124477 0.5360414 0.5810056
v -0.0125000 0.0070000 0.0250000
vn 0.1321678 0.6645183 0.7354911
v 0.0114711 0.0070982 0.0250000
vn -0.4767305 0.4813167 0.7355694
v -0.0087086 0.0085174 0.0250000
vn 0.6406232 0.2238641 0.7344977
v 0.0073373 0.0106045 0.0250000
vn 0.6143528 -0.5349510 0.5799983
v 0.0125000 -0.0070000 0.0250000
vn 0.4942909 -0.4727973 0.7294787
v 0.0085073 -0.0087192 0.0250000
vn 0.5803268 -0.3592208 0.7308770
v 0.0078536 -0.0095576 0.0250000
vn 0.2289915 -0.6367730 0.7362629
v 0.0106413 -0.0073241 0.0250000
vn 0.6036089 0.5422608 0.5844737
v 0.0125000 0.0070000 0.0250000
vn -0.5351909 0.6098819 0.5844781
v -0.0070000 0.0125000 0.0250000
vn -0.5819945 0.3356751 0.7406785
v -0.0077367 0.0097502 0.0250000
vn 0.3887104 -0.5570285 0.7339097
v 0.0092486 -0.0080656 0.0250000
vn 0.3336045 -0.3024780 0.8928690
v 0.0125000 -0.0070000 0.0000000
vn 0.7071068 0.0000000 0.7071068
v 0.0125000 0.0000000 0.0000000
vn 0.3378308 0.3015162 0.8916044
v 0.0125000 0.0070000 0.0000000
vn 0.0000000 0.7071068 0.7071067
v 0.0000000 0.0125000 0.0000000
vn 0.3024391 0.3356757 0.8921056
v 0.0070000 0.0125000 0.0000000
vn -0.3019364 0.3483115 0.8874196
v -0.0070000 0.0125000 0.0000000
vn -0.3432744 0.3021913 0.8892936
v -0.0125000 0.0070000 0.0000000
vn -0.7071068 0.0000000 0.7071068
v -0.0125000 0.0000000 0.0000000
vn -0.3483125 -0.3006566 0.8878536
v -0.0125000 -0.0070000 0.0000000
vn -0.3022132 -0.3427620 0.8894838
v -0.0070000 -0.0125000 0.0000000
vn 0.0000000 -0.7071068 0.7071068
v 0.0000000 -0.0125000 0.0000000
vn 0.3025208 -0.3270688 0.8952693
v 0.0070000 -0.0125000 0.0000000
vn 0.1867079 0.7039046 0.6853164
v 0.0110765 0.0071874 0.0000000
vn 0.3308050 0.6381152 0.6952533
v 0.0101768 0.0075526 0.0000000
vn 0.5000816 0.5328336 0.6826469
v 0.0086954 0.0085472 0.0000000
vn 0.6247541 0.3672988 0.6890384
v 0.0078209 0.0096592 0.0000000
vn 0.7103100 0.1574343 0.6860569
v 0.0071088 0.0114581 0.0000000
vn -0.2505869 -0.6822791 0.6868054
v -0.0106343 -0.0073530 0.0000000
vn -0.4266931 -0.5753248 0.6978068
v -0.0093050 -0.0080906 0.0000000
vn -0.6198104 -0.3786767 0.6873420
v -0.0078270 -0.0096562 0.0000000
vn -0.7096123 -0.1718483 0.6833144
v -0.0071478 -0.0113290 0.0000000
vn 0.7132183 -0.1121345 0.6919145
v 0.0070507 -0.0118507 0.0000000
vn 0.6769676 -0.2602302 0.6884730
v 0.0074452 -0.0103413 0.0000000
vn 0.6165064 -0.3794447 0.6898853
v 0.0077269 -0.0097790 0.0000000
vn 0.5110326 -0.5157096 0.6876695
v 0.0085344 -0.0087249 0.0000000
vn 0.3244135 -0.6485439 0.6885831
v 0.0101496 -0.0075653 0.0000000
vn 0.1404274 -0.7149029 0.6849773
v 0.0115766 -0.0070906 0.0000000
vn -0.7043949 0.1656123 0.6902177
v -0.0071716 0.0113033 0.0000000
vn -0.6318150 0.3642919 0.6841792
v -0.0077903 0.0096770 0.0000000
vn -0.5263272 0.5011140 0.6869239
v -0.0085355 0.0087048 0.0000000
vn -0.3841324 0.6165870 0.6872137
v -0.0095281 0.0078914 0.0000000
vn -0.1732108 0.7073494 0.6853137
v -0.0112844 0.0071554 0.0000000
vn 0.5773503 -0.5773503 0.5773504
v 0.0200000 -0.0200000 0.0000000
vn -0.0368190 0.6586134 0.7515802
v 0.0126470 -0.0157967 0.0000000
vn -0.3166887 0.5814866 0.7493876
v 0.0141487 -0.0153586 0.0000000
vn -0.2033283 -0.6184343 0.7590762
v 0.0134766 -0.0093481 0.0000000
vn 0.6413490 0.0330584 0.7665368
v 0.0092030 -0.0126397 0.0000000
vn 0.0000000 -0.7071068 0.7071068
v 0.0000000 -0.0200000 0.0000000
vn 0.2227680 -0.6235241 0.7493945
v 0.0114494 -0.0093725 0.0000000
vn 0.5868520 0.2913495 0.7554603
v 0.0096079 -0.0140876 0.0000000
vn -0.5219515 0.4020737 0.7522656
v 0.0150276 -0.0146215 0.0000000
vn 0.4515713 -0.4823885 0.7505896
v 0.0102066 -0.0101281 0.0000000
vn -0.4760720 -0.4397561 0.7615576
v 0.0149252 -0.0102624 0.0000000
vn 0.5934609 -0.2761248 0.7560154
v 0.0095511 -0.0110203 0.0000000
vn 0.2368046 0.6194133 0.7484990
v 0.0112988 -0.0155728 0.0000000
vn 0.4506747 0.4868271 0.7482591
v 0.0102575 -0.0149205 0.0000000
vn 0.7071068 0.0000000 0.7071068
v 0.0200000 0.0000000 0.0000000
vn -0.6294124 -0.1436768 0.7636734
v 0.0157199 -0.0117778 0.0000000
vn -0.6467069 0.0956369 0.7567192
v 0.0157738 -0.0129127 0.0000000
vn -0.5773503 -0.5773503 0.5773503
v -0.0200000 -0.0200000 0.0000000
vn 0.6558878 -0.0775713 0.7508621
v -0.0157854 -0.0121942 0.0000000
vn 0.6315160 0.1973583 0.7498248
v -0.0156628 -0.0134392 0.0000000
vn -0.5386993 -0.3754498 0.7542152
v -0.0098078 -0.0105921 0.0000000
vn -0.0422714 0.6631474 0.7472942
v -0.0123980 -0.0157978 0.0000000
vn -0.3166265 -0.5731325 0.7558220
v -0.0109133 -0.0096074 0.0000000
vn -0.0599498 -0.6664540 0.7431319
v -0.0123569 -0.0092031 0.0000000
vn 0.5625299 -0.3545987 0.7468734
v -0.0152028 -0.0106067 0.0000000
vn -0.3308951 0.5642797 0.7563709
v -0.0108508 -0.0153583 0.0000000
vn -0.5695285 0.3121741 0.7603846
v -0.0096293 -0.0141266 0.0000000
vn -0.6503567 -0.0388903 0.7586329
v -0.0092108 -0.0122395 0.0000000
vn 0.1541408 -0.6529157 0.7415805
v -0.0130884 -0.0092532 0.0000000
vn 0.4741429 0.4489956 0.7573583
v -0.0149333 -0.0147290 0.0000000
vn 0.4023505 -0.5334741 0.7439889
v -0.0145947 -0.0099507 0.0000000
vn 0.2149573 0.6252702 0.7502204
v -0.0134491 -0.0156599 0.0000000
vn -0.1328645 0.6336353 0.7621374
v -0.0117158 0.0092953 0.0000000
vn -0.5773503 0.5773503 0.5773503
v -0.0200000 0.0200000 0.0000000
vn 0.0000000 0.7071068 0.7071068
v 0.0000000 0.0200000 0.0000000
vn 0.6242460 0.2200454 0.7495978
v -0.0156302 0.0114572 0.0000000
vn 0.2058676 0.6128809 0.7628863
v -0.0135949 0.0093875 0.0000000
vn -0.5289212 0.3839191 0.7568676
v -0.0098448 0.0105418 0.0000000
vn -0.3763112 0.5445708 0.7495549
v -0.0106508 0.0097677 0.0000000
vn -0.6440644 0.1236817 0.7549065
v -0.0092483 0.0119387 0.0000000
vn -0.6347308 -0.1602321 0.7559381
v -0.0092724 0.0131848 0.0000000
vn -0.2205696 -0.6186044 0.7541072
v -0.0113699 0.0156005 0.0000000
vn 0.5800661 -0.3007834 0.7570025
v -0.0154214 0.0140341 0.0000000
vn 0.6523693 0.0009270 0.7579008
v -0.0157982 0.0124146 0.0000000
vn 0.0718941 -0.6499168 0.7565973
v -0.0128190 0.0157840 0.0000000
vn 0.3677758 -0.5405934 0.7566371
v -0.0143618 0.0152239 0.0000000
vn 0.4765531 0.4382081 0.7621489
v -0.0149360 0.0102740 0.0000000
vn -0.4730740 -0.4503810 0.7572041
v -0.0101660 0.0148330 0.0000000
vn 0.5567421 0.3540573 0.7514531
v 0.0097583 0.0106648 0.0000000
vn 0.5773503 0.5773503 0.5773503
v 0.0200000 0.0200000 0.0000000
vn 0.1250248 0.6437886 0.7549206
v 0.0118300 0.0092694 0.0000000
vn -0.0929301 0.6331688 0.7684149
v 0.0130106 0.0092405 0.0000000
vn 0.6634712 0.0236373 0.7478284
v 0.0092004 0.0125178 0.0000000
vn 0.3698794 0.5492532 0.7493399
v 0.0106601 0.0097614 0.0000000
vn -0.6269361 -0.1954775 0.7541482
v 0.0156737 0.0134017 0.0000000
vn 0.0762447 -0.6573444 0.7497234
v 0.0121051 0.0157757 0.0000000
vn 0.5142257 -0.4096937 0.7534741
v 0.0098365 0.0144470 0.0000000
vn -0.4562284 -0.4621429 0.7604470
v 0.0148342 0.0148328 0.0000000
vn -0.3891901 0.5354487 0.7495504
v 0.0145756 0.0099354 0.0000000
vn -0.1797314 -0.6278075 0.7573338
v 0.0133495 0.0156887 0.0000000
vn -0.5571500 0.3584748 0.7490525
v 0.0152028 0.0106067 0.0000000
vn -0.6519111 0.0875067 0.7532294
v 0.0157776 0.0121227 0.0000000
vn 0.2614482 -0.5963120 0.7589841
v 0.0112441 0.0155515 0.0000000
vn -0.5773503 -0.5773503 -0.5773503
v -0.0200000 -0.0200000 -0.0030000
vn -0.5773503 0.5773503 -0.5773503
v -0.0200000 0.0200000 -0.0030000
vn -0.5360135 -0.3710773 -0.7582818
v 0.0148522 -0.0101861 -0.0030000
vn 0.0101105 0.6449550 -0.7641537
v 0.0123875 0.0092025 -0.0030000
vn 0.3042456 0.5839471 -0.7526224
v 0.0109089 0.0096098 -0.0030000
vn -0.2999614 -0.5854924 -0.7531413
v -0.0111069 -0.0095085 -0.0030000
vn -0.6340806 -0.0822237 -0.7688830
v -0.0092351 -0.0120248 -0.0030000
vn 0.6444142 0.1093909 -0.7568118
v 0.0092494 0.0119319 -0.0030000
vn -0.0330195 -0.6580077 -0.7522870
v -0.0121676 -0.0092175 -0.0030000
vn 0.6610379 -0.0106737 -0.7502766
v 0.0092016 -0.0125745 -0.0030000
vn -0.6139191 -0.2177864 -0.7587308
v 0.0155875 -0.0113365 -0.0030000
vn -0.5170485 0.3970695 -0.7582853
v 0.0151218 0.0104962 -0.0030000
vn -0.6519108 -0.0805555 -0.7540047
v -0.0092223 0.0128769 -0.0030000
vn -0.5679996 0.3595439 -0.7403409
v -0.0096934 0.0107655 -0.0030000
vn -0.5907746 -0.2920927 -0.7521086
v -0.0095773 0.0140318 -0.0030000
vn -0.5218987 -0.3883755 -0.7594645
v -0.0098567 -0.0105255 -0.0030000
vn -0.6375827 0.1622737 -0.7530974
v -0.0093326 0.0115768 -0.0030000
vn 0.0000000 0.0000000 -1.0000000
v -0.0066643 0.0032863 -0.0030000
vn 0.3128828 -0.5677558 -0.7614183
v -0.0141043 -0.0096170 -0.0030000
vn -0.2488077 0.5995327 -0.7606940
v 0.0137567 0.0094488 -0.0030000
vn 0.5106609 0.4175426 -0.7515875
v 0.0099930 0.0103549 -0.0030000
vn 0.1085086 -0.6481788 -0.7537175
v 0.0122752 -0.0092084 -0.0030000
vn 0.0205323 0.6799854 -0.7329381
v -0.0135122 0.0093595 -0.0030000
vn 0.6243320 0.2445154 -0.7419042
v 0.0094413 -0.0137376 -0.0030000
vn -0.4367404 -0.4950012 -0.7511536
v -0.0102670 0.0149296 -0.0030000
vn 0.6639974 -0.0696022 -0.7444885
v -0.0157837 -0.0121788 -0.0030000
vn -0.6470379 0.0931199 -0.7567501
v 0.0157689 0.0120506 -0.0030000
vn -0.4325447 0.4910895 -0.7561324
v -0.0102244 0.0101112 -0.0030000
vn 0.5773503 -0.5773503 -0.5773503
v 0.0200000 -0.0200000 -0.0030000
vn -0.6544315 0.1028351 -0.7490957
v -0.0092487 -0.0130635 -0.0030000
vn 0.6452873 0.0491103 -0.7623599
v -0.0157863 0.0122025 -0.0030000
vn 0.6031697 -0.2701875 -0.7504566
v -0.0154292 0.0140195 -0.0030000
vn 0.5744077 -0.3209233 -0.7530366
v -0.0154437 -0.0110098 -0.0030000
vn -0.1481071 0.6276782 -0.7642542
v -0.0117495 0.0092871 -0.0030000
vn -0.3044430 0.5847062 -0.7519529
v 0.0139109 -0.0154828 -0.0030000
vn -0.0458694 0.6618810 -0.7482042
v 0.0127827 -0.0157877 -0.0030000
vn -0.3289908 0.5716547 -0.7516488
v -0.0109740 -0.0154259 -0.0030000
vn 0.4637164 -0.4743041 -0.7483333
v -0.0149334 0.0147289 -0.0030000
vn 0.0284715 -0.6679196 -0.7436887
v -0.0126079 0.0157977 -0.0030000
vn 0.2185759 -0.6178793 -0.7552813
v -0.0135015 0.0156442 -0.0030000
vn -0.1956075 -0.6301351 -0.7514436
v -0.0116199 0.0156800 -0.0030000
vn 0.6068417 -0.2262926 -0.7619284
v 0.0094105 0.0136583 -0.0030000
vn 0.3469305 -0.5566162 -0.7548627
v 0.0107193 -0.0097219 -0.0030000
vn -0.5406590 0.3793848 -0.7508363
v 0.0152849 -0.0142703 -0.0030000
vn 0.4923236 0.4408532 -0.7505105
v 0.0099495 -0.0145931 -0.0030000
vn 0.5773503 0.5773503 -0.5773503
v 0.0200000 0.0200000 -0.0030000
vn 0.5606030 -0.3385452 -0.7557191
v 0.0097165 -0.0107275 -0.0030000
vn 0.2382917 0.6116297 -0.7544045
v 0.0113506 -0.0155930 -0.0030000
vn -0.5578595 0.3530221 -0.7511113
v -0.0096461 -0.0141566 -0.0030000
vn -0.0879933 0.6619686 -0.7443485
v -0.0120333 -0.0157663 -0.0030000
vn 0.4262960 -0.4971422 -0.7557258
v 0.0103851 0.0150330 -0.0030000
vn 0.1617521 -0.6452996 -0.7466089
v 0.0117813 0.0157207 -0.0030000
vn -0.4010969 -0.5068608 -0.7630292
v 0.0145507 0.0150845 -0.0030000
vn -0.6485412 0.1290035 -0.7501683
v 0.0157004 -0.0133016 -0.0030000
vn 0.6321419 0.1864297 -0.7520908
v -0.0157047 -0.0132842 -0.0030000
vn 0.4457757 0.4718735 -0.7606704
v -0.0147291 -0.0149333 -0.0030000
vn -0.0971933 -0.6494633 -0.7541558
v 0.0128185 0.0157840 -0.0030000
vn 0.1709679 0.6373558 -0.7513638
v -0.0132751 -0.0157069 -0.0030000
vn -0.6111742 -0.2262610 -0.7584669
v 0.0156112 0.0135988 -0.0030000
vn 0.0000000 0.0000000 1.0000000
v 0.0053667 0.0005251 0.0000000
vn 0.0000000 0.0000000 1.0000000
v 0.0038846 0.0026083 0.0000000
vn 0.0000000 0.0000000 1.0000000
v 0.0027080 0.0034987 0.0000000
vn 0.0000000 0.0000000 1.0000000
v 0.0040996 0.0041169 0.0000000
vn 0.0000000 0.0000000 1.0000000
v -0.0011360 0.0042616 0.0000000
vn 0.0000000 0.0000000 1.0000000
v -0.0025864 0.0037395 0.0000000
vn 0.0000000 0.0000000 1.0000000
v -0.0042195 0.0030957 0.0000000
vn 0.0000000 0.0000000 1.0000000
v -0.0036883 0.0014450 0.0000000
vn 0.0000000 0.0000000 1.0000000
v -0.0061510 0.0004159 0.0000000
vn 0.0000000 0.0000000 1.0000000
v -0.0046187 0.0002473 0.0000000
vn 0.0000000 0.0000000 1.0000000
v -0.0040355 -0.0012043 0.0000000
vn 0.0000000 0.0000000 1.0000000
v -0.0050691 -0.0023522 0.0000000
vn 0.0000000 0.0000000 1.0000000
v -0.0035700 -0.0026624 0.0000000
vn 0.0000000 0.0000000 1.0000000
v -0.0031970 -0.0045578 0.0000000
vn 0.0000000 0.0000000 1.0000000
v -0.0008517 -0.0052438 0.0000000
vn 0.0000000 0.0000000 1.0000000
v 0.0006946 -0.0044312 0.0000000
vn 0.0000000 0.0000000 1.0000000
v 0.0024089 -0.0044003 0.0000000
vn 0.0000000 0.0000000 1.0000000
v 0.0032615 -0.0031564 0.0000000
vn 0.0000000 0.0000000 1.0000000
v 0.0053613 -0.0005323 0.0000000
vn -0.9986357 0.0519694 0.0050935
v 0.0084881 -0.0004282 0.0172448
vn -0.9204614 0.3908293 0.0018322
v 0.0078366 -0.0032901 0.0160841
vn -0.8514889 0.5243674 0.0023466
v 0.0072343 -0.0044591 0.0171189
vn -0.5972857 0.8020285 0.0003620
v 0.0050754 -0.0068162 0.0073586
vn -0.5936105 0.8047525 -0.0002458
v 0.0050419 -0.0068407 0.0106393
vn -0.4132474 0.9106155 0.0024629
v 0.0035158 -0.0077373 0.0166824
vn -0.2222621 0.9749868 0.0005433
v 0.0018925 -0.0082856 0.0168036
vn -0.2973003 0.9547831 -0.0012947
v 0.0025106 -0.0081198 0.0153558
vn -0.0267171 0.9996409 -0.0020475
v 0.0002093 -0.0084954 0.0169668
vn -0.1027101 0.9947113 0.0001338
v 0.0008533 -0.0084553 0.0154721
vn 0.0795422 0.9968315 -0.0003196
v -0.0007251 -0.0084687 0.0156451
vn 0.1619585 0.9867955 -0.0020006
v -0.0013948 -0.0083834 0.0169939
vn 0.3456853 0.9382867 -0.0109496
v -0.0029262 -0.0079800 0.0167353
vn 0.4973756 0.8675310 -0.0027281
v -0.0041775 -0.0074010 0.0156372
vn 0.8047642 0.5935947 -0.0002840
v -0.0068307 -0.0050555 0.0108548
vn 0.8701892 0.4927172 0.0007426
v -0.0074114 -0.0041586 0.0154860
vn 0.9476383 0.3193456 -0.0003350
v -0.0080629 -0.0026848 0.0153045
vn 0.9864991 0.1637508 0.0022641
v -0.0083906 -0.0013475 0.0152817
vn 0.9887672 0.1493998 -0.0043804
v -0.0083961 -0.0013121 0.0176244
vn 0.9995391 0.0303558 0.0003126
v -0.0084946 -0.0002486 0.0154238
vn 0.9351271 -0.3543123 0.0002300
v -0.0079494 0.0030050 0.0165386
vn 0.7875066 -0.6163062 0.0004288
v -0.0066882 0.0052434 0.0117902
vn 0.5954302 -0.8034069 -0.0005429
v -0.0050410 0.0068414 0.0081698
vn 0.6218635 -0.7831247 0.0012301
v -0.0053024 0.0066409 0.0106037
vn 0.5476210 -0.8367265 0.0000910
v -0.0046667 0.0071022 0.0160593
vn 0.4426817 -0.8966773 -0.0016563
v -0.0037903 0.0076060 0.0174148
vn 0.4073002 -0.9132926 -0.0018038
v -0.0034577 0.0077628 0.0156759
vn 0.1322040 -0.9912214 0.0015376
v -0.0011286 0.0084243 0.0161848
vn -0.1280253 -0.9917709 0.0003055
v 0.0010630 0.0084324 0.0171975
vn -0.3805516 -0.9247557 0.0027288
v 0.0032335 0.0078605 0.0163531
vn -0.4036979 -0.9148881 -0.0027750
v 0.0034292 0.0077754 0.0135576
vn -0.5341771 -0.8453718 -0.0012033
v 0.0045351 0.0071882 0.0166488
vn -0.6092060 -0.7930112 -0.0011721
v 0.0051598 0.0067543 0.0153076
vn -0.6404094 -0.7680307 0.0021801
v 0.0054577 0.0065162 0.0127017
vn -0.7417724 -0.6706517 -0.0002463
v 0.0063071 0.0056966 0.0151851
vn -0.7712473 -0.6365338 -0.0015518
v 0.0065545 0.0054100 0.0068308
vn -0.9532627 -0.3021428 0.0001287
v 0.0080984 0.0025802 0.0167772
vn -0.9707401 -0.2401294 0.0012456
v 0.0082564 0.0020120 0.0154933
vn -0.9929582 -0.1184549 0.0016015
v 0.0084370 0.0010204 0.0166388
vn 0.0000000 0.0000000 1.0000000
v 0.0043270 -0.0106204 0.0250000
vn 0.0000000 0.0000000 1.0000000
v 0.0030208 -0.0114586 0.0250000
vn -0.0003132 -0.0011706 0.9999993
v -0.0049376 0.0095735 0.0250000
vn 0.0000000 -0.7071068 0.7071068
v 0.0000000 -0.0125000 0.0250000
vn 0.0011061 0.0004607 0.9999993
v -0.0091974 -0.0062901 0.0250000
vn 0.0010604 0.0013955 0.9999985
v -0.0064406 -0.0086111 0.0250000
vn 0.0003524 0.0010922 0.9999993
v -0.0050325 -0.0096947 0.0250000
vn 0.0000000 0.0000000 1.0000000
v -0.0101676 0.0062804 0.0250000
vn 0.0000000 0.0000000 1.0000000
v -0.0112815 0.0028465 0.0250000
vn 0.0000000 0.0000000 1.0000000
v -0.0113360 -0.0028076 0.0250000
vn 0.0000000 0.0000000 1.0000000
v 0.0112788 0.0041286 0.0250000
vn -0.7071068 0.0000000 0.7071068
v -0.0125000 0.0000000 0.0250000
vn 0.0000000 0.0000000 1.0000000
v 0.0056663 0.0101904 0.0250000
vn -0.0011482 -0.0010979 0.9999987
v 0.0074582 0.0079526 0.0250000
vn -0.0010506 -0.0014716 0.9999984
v 0.0085430 0.0069067 0.0250000
vn 0.0000000 0.0000000 1.0000000
v -0.0043048 0.0110524 0.0250000
vn 0.0004189 -0.0005786 0.9999998
v -0.0033274 0.0099384 0.0250000
vn -0.0003617 -0.0007833 0.9999996
v 0.0065670 0.0091348 0.0250000
vn -0.0008361 -0.0004897 0.9999995
v 0.0098618 0.0061641 0.0250000
vn -0.0013076 0.0006051 0.9999990
v 0.0094331 -0.0056867 0.0250000
vn 0.0000000 0.0000000 1.0000000
v 0.0113434 -0.0042611 0.0250000
vn 0.0000000 0.0000000 1.0000000
v -0.0110215 0.0046664 0.0250000
vn 0.0006653 -0.0006532 0.9999996
v -0.0089252 0.0067065 0.0250000
vn 0.7071068 0.0000000 0.7071068
v 0.0125000 0.0000000 0.0250000
vn 0.0001497 -0.0003983 0.9999999
v -0.0007860 0.0111160 0.0250000
vn -0.0007619 0.0006438 0.9999995
v 0.0089679 -0.0068529 0.0250000
vn 0.0000000 0.7071067 0.7071068
v 0.0000000 0.0125000 0.0250000
vn 0.0006665 -0.0010186 0.9999993
v -0.0064549 0.0093335 0.0250000
vn -0.0010438 0.0012127 0.9999987
v 0.0079527 -0.0074555 0.0250000
vn 0.7071067 0.0000000 0.7071068
v 0.0125000 -0.0035000 0.0000000
vn 1.0000000 0.0000000 0.0000000
v 0.0125000 0.0029335 0.0130281
vn 0.7071068 0.0000000 0.7071068
v 0.0125000 0.0035000 0.0000000
vn 0.7429028 0.6693977 -0.0015099
v 0.0125000 0.0070000 0.0125000
vn 0.0000000 1.0000000 0.0000000
v 0.0028825 0.0125000 0.0117963
vn 0.0000000 1.0000000 0.0000000
v -0.0030771 0.0125000 0.0131124
vn 0.0000000 0.7071068 0.7071068
v 0.0035000 0.0125000 0.0000000
vn 0.0000000 0.7071068 0.7071068
v -0.0035000 0.0125000 0.0000000
vn -0.6651384 0.7467190 0.0012597
v -0.0070000 0.0125000 0.0125000
vn -0.7367913 0.6761203 0.0000000
v -0.0125000 0.0070000 0.0125000
vn -0.7071068 0.0000000 0.7071068
v -0.0125000 0.0035000 0.0000000
vn -1.0000000 0.0000000 0.0000000
v -0.0125000 0.0026212 0.0127255
vn -0.7071068 0.0000000 0.7071068
v -0.0125000 -0.0035000 0.0000000
vn -0.7557502 -0.6548454 0.0043793
v -0.0125000 -0.0070000 0.0125000
vn -0.6769648 -0.7360154 0.0000000
v -0.0070000 -0.0125000 0.0125000
vn 0.0000000 -0.7071068 0.7071068
v -0.0035000 -0.0125000 0.0000000
vn 0.0000000 -1.0000000 0.0000000
v -0.0028117 -0.0125000 0.0126074
vn 0.0000000 -1.0000000 0.0000000
v 0.0027357 -0.0125000 0.0127668
vn 0.0000000 -0.7071068 0.7071068
v 0.0035000 -0.0125000 0.0000000
vn 0.6625848 -0.7489869 -0.0004531
v 0.0070000 -0.0125000 0.0125000
vn 0.2030719 0.9791574 0.0035569
v 0.0114134 0.0071097 0.0150074
vn 0.3826252 0.9239034 0.0006589
v 0.0104759 0.0073873 0.0159635
vn 0.6265687 0.7793564 0.0039018
v 0.0090324 0.0082324 0.0156244
vn 0.7268345 0.6868051 -0.0032391
v 0.0085223 0.0087035 0.0073553
vn 0.9676618 0.2522366 0.0027057
v 0.0071734 0.0111336 0.0172347
vn -0.2443110 -0.9696794 -0.0058340
v -0.0111623 -0.0071664 0.0099747
vn -0.5101924 -0.8600595 0.0012275
v -0.0097201 -0.0077550 0.0155699
vn -0.6447231 -0.7643910 0.0062175
v -0.0089662 -0.0082855 0.0169114
vn -0.6910384 -0.7228153 -0.0020197
v -0.0086783 -0.0085464 0.0089999
vn -0.8586079 -0.5126313 -0.0013212
v -0.0077779 -0.0096823 0.0057130
vn -0.9841174 -0.1775188 0.0000365
v -0.0070757 -0.0115960 0.0125310
vn 0.8815470 -0.4720936 0.0015773
v 0.0076525 -0.0099038 0.0174415
vn 0.5881675 -0.8087221 -0.0052447
v 0.0092268 -0.0080816 0.0160393
vn 0.5958366 -0.8030917 0.0047399
v 0.0092190 -0.0080873 0.0066972
vn 0.5817185 -0.8133863 -0.0025260
v 0.0093096 -0.0080209 0.0143978
vn -0.9729885 0.2308393 0.0025617
v -0.0071509 0.0112258 0.0120626
vn -0.8850847 0.4654299 0.0003960
v -0.0076204 0.0099625 0.0115119
vn -0.8810367 0.4730428 0.0022245
v -0.0076570 0.0098956 0.0178957
vn -0.5226133 0.8525698 -0.0000489
v -0.0096318 0.0078086 0.0109698
vn -0.5147190 0.8573577 0.0014732
v -0.0096750 0.0077824 0.0069268
vn -0.2819006 0.9594164 -0.0072301
v -0.0109227 0.0072322 0.0165413
vn -0.3126566 0.9498562 0.0043745
v -0.0107390 0.0072909 0.0080953
vn -0.1828010 0.9831497 -0.0006709
v -0.0115653 0.0070804 0.0124388
vn 0.0000000 0.0000000 1.0000000
v 0.0165934 -0.0175688 0.0000000
vn 0.0000000 0.0000000 1.0000000
v 0.0082976 -0.0114261 0.0000000
vn 0.0000000 0.0000000 1.0000000
v 0.0145922 -0.0186504 0.0000000
vn 0.0000000 0.0000000 1.0000000
v 0.0177535 -0.0164256 0.0000000
vn 0.0000000 0.0000000 1.0000000
v 0.0114341 -0.0083743 0.0000000
vn 0.0000000 0.0000000 1.0000000
v 0.0100974 -0.0090336 0.0000000
vn 0.0000000 -0.7071068 0.7071068
v 0.0100000 -0.0200000 0.0000000
vn 0.0000000 0.0000000 1.0000000
v 0.0088334 -0.0100620 0.0000000
vn 0.0000000 0.0000000 1.0000000
v 0.0052935 -0.0175057 0.0000000
vn 0.0000000 0.0000000 1.0000000
v 0.0082042 -0.0138534 0.0000000
vn 0.0000000 0.0000000 1.0000000
v 0.0172729 -0.0073238 0.0000000
vn 0.0000000 0.0000000 1.0000000
v 0.0145608 -0.0081526 0.0000000
vn 0.7071068 0.0000000 0.7071068
v 0.0200000 -0.0100000 0.0000000
vn 0.0000000 -0.7071068 0.7071068
v -0.0100000 -0.0200000 0.0000000
vn 0.0000000 0.0000000 1.0000000
v -0.0144703 -0.0082553 0.0000000
vn 0.0000000 0.0000000 1.0000000
v -0.0162655 -0.0040323 0.0000000
vn 0.0000000 0.0000000 1.0000000
v -0.0065333 -0.0179636 0.0000000
vn 0.0000000 0.0000000 1.0000000
v -0.0001880 -0.0163383 0.0000000
vn 0.0000000 0.0000000 1.0000000
v -0.0042218 -0.0134791 0.0000000
vn 0.0000000 0.0000000 1.0000000
v -0.0054541 -0.0156261 0.0000000
vn 0.0000000 0.0000000 1.0000000
v -0.0171520 -0.0052248 0.0000000
vn -0.7071068 0.0000000 0.7071068
v -0.0200000 -0.0100000 0.0000000
vn 0.0000000 0.0000000 1.0000000
v -0.0178920 -0.0166753 0.0000000
vn 0.0000000 0.0000000 1.0000000
v -0.0053552 -0.0171077 0.0000000
vn 0.0000000 0.0000000 1.0000000
v -0.0041213 -0.0163232 0.0000000
vn 0.0000000 0.0000000 1.0000000
v -0.0086226 -0.0106433 0.0000000
vn 0.0000000 0.0000000 1.0000000
v -0.0107899 -0.0086139 0.0000000
vn 0.0000000 0.0000000 1.0000000
v -0.0118663 -0.0080487 0.0000000
vn 0.0000000 0.0000000 1.0000000
v -0.0170473 -0.0079632 0.0000000
vn 0.0000000 0.0000000 1.0000000
v -0.0080221 -0.0123592 0.0000000
vn 0.0000000 0.0000000 1.0000000
v -0.0178955 -0.0065344 0.0000000
vn 0.0000000 0.0000000 1.0000000
v -0.0130072 -0.0080858 0.0000000
vn 0.0000000 0.0000000 1.0000000
v -0.0165355 -0.0170542 0.0000000
vn -0.7071068 0.0000000 0.7071068
v -0.0200000 0.0100000 0.0000000
vn 0.0000000 0.0000000 1.0000000
v -0.0122449 0.0082415 0.0000000
vn 0.0000000 0.0000000 1.0000000
v -0.0175407 0.0160096 0.0000000
vn 0.0000000 0.0000000 1.0000000
v -0.0167843 0.0053876 0.0000000
vn 0.0000000 0.0000000 1.0000000
v -0.0096711 0.0093341 0.0000000
vn 0.0000000 0.0000000 1.0000000
v -0.0108489 0.0086083 0.0000000
vn 0.0000000 0.0000000 1.0000000
v -0.0065901 0.0173352 0.0000000
vn 0.0000000 0.0000000 1.0000000
v -0.0153172 0.0174656 0.0000000
vn 0.0000000 0.0000000 1.0000000
v -0.0161988 0.0037161 0.0000000
vn 0.0000000 0.0000000 1.0000000
v -0.0086327 0.0105222 0.0000000
vn 0.0000000 0.0000000 1.0000000
v -0.0081841 0.0121820 0.0000000
vn 0.0000000 0.0000000 1.0000000
v -0.0052244 0.0167568 0.0000000
vn 0.0000000 0.0000000 1.0000000
v -0.0149912 0.0086180 0.0000000
vn 0.0000000 0.7071068 0.7071068
v -0.0100000 0.0200000 0.0000000
vn 0.0000000 0.0000000 1.0000000
v -0.0048709 0.0153015 0.0000000
vn 0.0000000 0.0000000 1.0000000
v -0.0037843 0.0162921 0.0000000
vn 0.0000000 0.0000000 1.0000000
v 0.0085076 0.0110856 0.0000000
vn 0.0000000 0.0000000 1.0000000
v 0.0120766 0.0082770 0.0000000
vn 0.0000000 0.7071068 0.7071067
v 0.0100000 0.0200000 0.0000000
vn 0.0000000 0.0000000 1.0000000
v 0.0093217 0.0097210 0.0000000
vn 0.0000000 0.0000000 1.0000000
v 0.0105356 0.0086175 0.0000000
vn 0.0000000 0.0000000 1.0000000
v 0.0169517 0.0166718 0.0000000
vn 0.0000000 0.0000000 1.0000000
v 0.0162394 0.0177210 0.0000000
vn 0.0000000 0.0000000 1.0000000
v 0.0058832 0.0176369 0.0000000
vn 0.0000000 0.0000000 1.0000000
v 0.0170417 0.0045146 0.0000000
vn 0.0000000 0.0000000 1.0000000
v 0.0156988 0.0036782 0.0000000
vn 0.0000000 0.0000000 1.0000000
v 0.0135935 0.0083517 0.0000000
vn 0.0000000 0.0000000 1.0000000
v 0.0168339 0.0057424 0.0000000
vn 0.0000000 0.0000000 1.0000000
v 0.0181680 0.0054002 0.0000000
vn 0.0000000 0.0000000 1.0000000
v 0.0175016 0.0067272 0.0000000
vn 0.0000000 0.0000000 1.0000000
v 0.0177135 0.0154198 0.0000000
vn 0.0000000 0.0000000 1.0000000
v 0.0083287 0.0136972 0.0000000
vn 0.7071068 0.0000000 0.7071068
v 0.0200000 0.0100000 0.0000000
vn -1.0000000 0.0000000 0.0000000
v -0.0200000 -0.0089242 -0.0013103
vn -1.0000000 0.0000000 0.0000000
v -0.0200000 0.0120641 -0.0014789
vn -0.7071068 0.0000000 -0.7071068
v -0.0200000 -0.0006250 -0.0030000
vn -0.7071068 0.7071068 0.0000000
v -0.0200000 0.0200000 -0.0015000
vn 0.0000000 0.0000000 -1.0000000
v 0.0138906 0.0017131 -0.0030000
vn 0.0000000 0.0000000 -1.0000000
v -0.0135183 0.0002944 -0.0030000
vn 0.0000000 0.0000000 -1.0000000
v 0.0135992 -0.0010009 -0.0030000
vn 0.0000000 0.0000000 -1.0000000
v 0.0138910 -0.0021774 -0.0030000
vn 0.0000000 0.0000000 -1.0000000
v 0.0125888 -0.0002849 -0.0030000
vn 0.0000000 0.0000000 -1.0000000
v 0.0014471 0.0116912 -0.0030000
vn 0.0000000 0.0000000 -1.0000000
v -0.0005597 -0.0135414 -0.0030000
vn 0.0000000 0.0000000 -1.0000000
v 0.0009817 -0.0113999 -0.0030000
vn 0.0000000 0.0000000 -1.0000000
v 0.0148363 -0.0010480 -0.0030000
vn 0.0000000 0.0000000 -1.0000000
v 0.0000738 -0.0102238 -0.0030000
vn 0.0000000 0.0000000 -1.0000000
v -0.0003375 -0.0119217 -0.0030000
vn 0.0000000 0.0000000 -1.0000000
v 0.0140891 0.0003044 -0.0030000
vn 0.0000000 0.0000000 -1.0000000
v -0.0010288 0.0129071 -0.0030000
vn 0.0000000 0.0000000 -1.0000000
v -0.0155519 0.0023890 -0.0030000
vn 0.0000000 0.0000000 -1.0000000
v 0.0157623 0.0001532 -0.0030000
vn 0.0000000 0.0000000 -1.0000000
v -0.0018533 0.0115712 -0.0030000
vn 0.0000000 0.0000000 -1.0000000
v -0.0001287 0.0018436 -0.0030000
vn 0.0000000 0.0000000 -1.0000000
v -0.0000435 -0.0005494 -0.0030000
vn 0.0000000 0.0000000 -1.0000000
v -0.0010907 0.0102759 -0.0030000
vn 0.0000000 0.0000000 -1.0000000
v 0.0034027 0.0003421 -0.0030000
vn 0.0000000 0.0000000 -1.0000000
v -0.0015319 -0.0004923 -0.0030000
vn 0.0000000 0.0000000 -1.0000000
v 0.0160341 -0.0173490 -0.0030000
vn 0.0000000 0.0000000 -1.0000000
v 0.0008838 -0.0127534 -0.0030000
vn 0.0000000 0.0000000 -1.0000000
v 0.0007131 -0.0143709 -0.0030000
vn 0.0000000 -0.7071068 -0.7071068
v 0.0000000 -0.0200000 -0.0030000
vn 0.0000000 0.0000000 -1.0000000
v -0.0169929 0.0162867 -0.0030000
vn 0.0000000 0.0000000 -1.0000000
v -0.0155416 0.0186194 -0.0030000
vn 0.0000000 0.0000000 -1.0000000
v -0.0186405 0.0015372 -0.0030000
vn 0.0000000 0.0000000 -1.0000000
v -0.0151622 -0.0017325 -0.0030000
vn 0.0000000 0.0000000 -1.0000000
v 0.0170292 -0.0186227 -0.0030000
vn 0.0000000 0.0000000 -1.0000000
v -0.0149722 -0.0166766 -0.0030000
vn 0.0000000 0.0000000 -1.0000000
v -0.0153168 -0.0184983 -0.0030000
vn 0.0000000 0.0000000 -1.0000000
v 0.0018464 0.0146017 -0.0030000
vn 0.0000000 0.0000000 -1.0000000
v -0.0005142 0.0141070 -0.0030000
vn 0.0000000 0.0000000 -1.0000000
v -0.0038088 0.0180105 -0.0030000
vn 0.0000000 0.7071068 -0.7071068
v 0.0000000 0.0200000 -0.0030000
vn 0.0000000 0.0000000 -1.0000000
v 0.0151608 0.0190862 -0.0030000
vn 0.0000000 0.0000000 -1.0000000
v -0.0019681 -0.0145325 -0.0030000
vn 0.0000000 0.0000000 -1.0000000
v 0.0066831 -0.0174913 -0.0030000
vn 0.0000000 0.0000000 -1.0000000
v 0.0028324 -0.0166220 -0.0030000
vn 0.0000000 0.0000000 -1.0000000
v 0.0152368 0.0175445 -0.0030000
vn 0.0000000 0.0000000 -1.0000000
v 0.0182529 -0.0022426 -0.0030000
vn 0.0000000 0.0000000 -1.0000000
v 0.0176854 -0.0170024 -0.0030000
vn 0.0000000 0.0000000 -1.0000000
v 0.0145834 -0.0177348 -0.0030000
vn 0.0000000 0.0000000 -1.0000000
v 0.0083285 -0.0172234 -0.0030000
vn 0.0000000 0.0000000 -1.0000000
v 0.0042510 -0.0165510 -0.0030000
vn 0.0000000 0.0000000 -1.0000000
v -0.0176311 -0.0164507 -0.0030000
vn 0.0000000 0.0000000 -1.0000000
v 0.0179052 0.0143544 -0.0030000
vn 0.7071068 0.0000000 -0.7071068
v 0.0200000 0.0000000 -0.0030000
vn 0.0000000 0.0000000 -1.0000000
v 0.0177278 -0.0154677 -0.0030000
vn 0.0000000 0.0000000 -1.0000000
v -0.0164974 -0.0174181 -0.0030000
vn 0.0000000 0.0000000 -1.0000000
v 0.0189316 0.0153785 -0.0030000
vn 0.7071068 -0.7071068 0.0000000
v 0.0200000 -0.0200000 -0.0015000
vn 0.0000000 -1.0000000 0.0000000
v 0.0093386 -0.0200000 -0.0014968
vn 0.0000000 -1.0000000 0.0000000
v -0.0106509 -0.0200000 -0.0014915
vn 0.7071067 0.7071068 0.0000000
v 0.0200000 0.0200000 -0.0015000
vn 1.0000000 0.0000000 0.0000000
v 0.0200000 0.0089531 -0.0014115
vn 1.0000000 0.0000000 0.0000000
v 0.0200000 -0.0111787 -0.0008288
vn 0.0000000 1.0000000 0.0000000
v -0.0090680 0.0200000 -0.0014899
vn 0.0000000 1.0000000 0.0000000
v 0.0120653 0.0200000 -0.0014851
vn -0.9982401 -0.0592915 0.0011591
v -0.0092074 0.0127085 -0.0017430
vn -0.8849202 0.4655459 -0.0135362
v -0.0095831 0.0109576 -0.0017140
vn 0.9291089 0.3697426 0.0068714
v -0.0155752 0.0113051 -0.0013742
vn 0.9842131 -0.1769418 0.0040322
v -0.0157390 0.0131276 -0.0014715
vn 0.7853679 -0.6189843 -0.0074641
v -0.0150942 0.0145386 -0.0014991
vn 0.4306792 -0.9024980 0.0035765
v -0.0139350 0.0154709 -0.0015325
vn -0.0382977 -0.9992159 -0.0100459
v -0.0123697 0.0157972 -0.0017185
vn -0.5056862 -0.8627110 0.0033605
v -0.0108168 0.0153378 -0.0015376
vn -0.9439998 -0.3297460 -0.0114923
v 0.0156307 -0.0114587 -0.0010823
vn -0.9111224 0.4118091 -0.0164041
v 0.0155164 -0.0138365 -0.0015385
vn -0.6558013 0.7547793 0.0152601
v 0.0146604 -0.0149935 -0.0015075
vn -0.2755619 0.9612594 -0.0067982
v 0.0134037 -0.0156731 -0.0015041
vn 0.5661568 0.8242413 0.0096359
v 0.0106508 -0.0152324 -0.0015020
vn 0.9899737 0.1399011 -0.0194903
v 0.0092296 -0.0129393 -0.0020699
vn 0.9653389 -0.2601539 0.0209970
v 0.0093072 -0.0116673 -0.0019420
vn 0.7633087 -0.6460162 0.0047930
v 0.0099684 -0.0103834 -0.0017361
vn 0.0139744 -0.9998859 0.0057455
v 0.0124468 -0.0092012 -0.0013591
vn -0.7216511 -0.6922520 -0.0026111
v 0.0148829 -0.0102182 -0.0017569
vn -0.9570248 -0.2897913 0.0111702
v -0.0093294 -0.0115877 -0.0021366
vn -0.9978164 0.0642645 -0.0152513
v -0.0092054 -0.0126776 -0.0012731
vn -0.9112620 0.4115801 -0.0142641
v -0.0094945 -0.0138613 -0.0015963
vn -0.6763631 0.7365603 0.0034577
v -0.0102602 -0.0149230 -0.0015019
vn -0.3046999 0.9524052 -0.0090736
v -0.0115141 -0.0156492 -0.0015028
vn 0.1038904 0.9945853 0.0026091
v -0.0128202 -0.0157839 -0.0015025
vn 0.5186064 0.8550099 -0.0023502
v -0.0141865 -0.0153357 -0.0015015
vn 0.8538163 0.5204297 0.0122778
v -0.0153304 -0.0141954 -0.0015008
vn 0.9947478 0.1023501 -0.0011857
v -0.0157843 -0.0128162 -0.0015005
vn 0.9492509 -0.3143619 -0.0099710
v -0.0156359 -0.0114740 -0.0014957
vn 0.7443260 -0.6674998 0.0205672
v -0.0149407 -0.0102793 -0.0014548
vn 0.4473563 -0.8943433 -0.0047528
v -0.0139852 -0.0095538 -0.0011933
vn -0.3062982 -0.9519201 -0.0054399
v -0.0115496 -0.0093405 -0.0015093
vn -0.7156207 -0.6984551 0.0068995
v -0.0101228 -0.0102122 -0.0015287
vn -0.9346724 0.3555078 0.0013806
v 0.0155812 0.0113204 -0.0014969
vn -0.6707437 0.7416390 0.0086349
v 0.0147335 0.0100709 -0.0014348
vn -0.2786519 0.9603593 -0.0079455
v 0.0134082 0.0093282 -0.0010609
vn 0.0988966 0.9950848 0.0050856
v 0.0121582 0.0092185 -0.0019278
vn 0.7927996 0.6094822 0.0004769
v 0.0098697 0.0105077 -0.0012530
vn 0.9940518 -0.1081828 0.0125535
v 0.0092128 0.0127899 -0.0015033
vn 0.8070444 -0.5904855 0.0024827
v 0.0098521 0.0144682 -0.0014764
vn 0.4869381 -0.8733881 -0.0091966
v 0.0109574 0.0154168 -0.0008388
vn 0.0551960 -0.9984608 -0.0054390
v 0.0122752 0.0157916 -0.0014809
vn -0.4328279 -0.9014657 0.0044294
v 0.0139308 0.0154729 -0.0014981
vn -0.8208284 -0.5711616 0.0039098
v 0.0152146 0.0143757 -0.0014952
vn 0.0000000 0.0000000 1.0000000
v 0.0034976 0.0010899 0.0000000
vn 0.0000000 0.0000000 1.0000000
v 0.0009299 0.0011995 0.0000000
vn 0.0000000 0.0000000 1.0000000
v 0.0013208 0.0027534 0.0000000
vn 0.0000000 0.0000000 1.0000000
v 0.0000946 0.0021043 0.0000000
vn 0.0000000 0.0000000 1.0000000
v -0.0014387 -0.0003214 0.0000000
vn 0.0000000 0.0000000 1.0000000
v 0.0005154 -0.0028064 0.0000000
vn 0.0000000 0.0000000 1.0000000
v 0.0018835 -0.0021774 0.0000000
vn 0.0000000 0.0000000 1.0000000
v 0.0034837 -0.0016108 0.0000000
vn 0.0000000 0.0000000 1.0000000
v 0.0035197 -0.0001852 0.0000000
vn -0.9951258 -0.0986124 -0.0004603
v 0.0084566 0.0008416 0.0061778
vn -0.9262661 -0.3768701 -0.0000463
v 0.0078744 0.0031976 0.0065116
vn -0.7677190 -0.6407847 -0.0015936
v 0.0065456 0.0054211 0.0052342
vn -0.5727967 -0.8196936 0.0025304
v 0.0048606 0.0069727 0.0065774
vn -0.4484006 -0.8938326 0.0005150
v 0.0038369 0.0075830 0.0065201
vn -0.2968700 -0.9549173 -0.0011228
v 0.0025370 0.0081121 0.0064820
vn -0.1293224 -0.9916008 -0.0019014
v 0.0010975 0.0084286 0.0064233
vn 0.0725293 -0.9973610 0.0032525
v -0.0006376 0.0084744 0.0045085
vn 0.0400503 -0.9991956 -0.0020228
v -0.0003446 0.0084925 0.0061363
vn 0.3299597 -0.9439950 0.0001761
v -0.0027878 0.0080279 0.0064593
vn 0.9024212 -0.4308475 0.0025331
v -0.0076723 0.0036559 0.0058906
vn 0.9559647 -0.2934793 0.0011740
v -0.0081148 0.0025279 0.0062080
vn 0.9884568 -0.1515003 -0.0008665
v -0.0084048 0.0012556 0.0067132
vn 0.9993721 -0.0353173 0.0028677
v -0.0084936 0.0002938 0.0059473
vn 0.9596751 0.2811116 0.0002872
v -0.0081517 -0.0024013 0.0062165
vn 0.8954871 0.4450862 0.0011086
v -0.0075867 -0.0038294 0.0082787
vn 0.5071783 0.8618293 -0.0045098
v -0.0042886 -0.0073378 0.0044096
vn 0.3712643 0.9285216 -0.0032363
v -0.0031597 -0.0078892 0.0066639
vn 0.2633851 0.9646908 -0.0000329
v -0.0022585 -0.0081933 0.0059235
vn 0.1127125 0.9936252 0.0022334
v -0.0010095 -0.0084382 0.0060157
vn -0.2279752 0.9736633 0.0026732
v 0.0019777 -0.0082648 0.0064934
vn -0.3623435 0.9320441 0.0010146
v 0.0030785 -0.0079208 0.0067887
vn -0.4462582 0.8949038 -0.0008535
v 0.0037535 -0.0076241 0.0077818
vn -0.7221267 0.6917602 0.0008453
v 0.0061442 -0.0058707 0.0044497
vn -0.8067906 0.5908296 -0.0030759
v 0.0068246 -0.0050638 0.0055121
vn -0.8291475 0.5590244 -0.0024997
v 0.0070807 -0.0046989 0.0041684
vn -0.9441445 0.3295182 -0.0029824
v 0.0080398 -0.0027527 0.0060338
vn -0.9858878 0.1674066 0.0006169
v 0.0083849 -0.0013850 0.0060561
vn -0.9985965 0.0528979 -0.0026231
v 0.0084880 -0.0004307 0.0068509
vn 0.0000000 0.0000000 1.0000000
v 0.0043875 -0.0116764 0.0250000
vn 0.0000000 0.0000000 1.0000000
v 0.0013770 -0.0112617 0.0250000
vn 0.0007661 0.0024657 0.9999967
v 0.0010516 -0.0102013 0.0250000
vn 0.0009499 0.0006461 0.9999993
v -0.0098184 -0.0046864 0.0250000
vn 0.0000000 0.0000000 1.0000000
v -0.0112408 -0.0043622 0.0250000
vn 0.0010123 0.0007139 0.9999992
v -0.0106566 0.0004319 0.0250000
vn 0.0000000 0.0000000 1.0000000
v -0.0112452 -0.0012420 0.0250000
vn 0.0022828 -0.0008218 0.9999971
v -0.0102022 -0.0009288 0.0250000
vn 0.0000000 0.0000000 1.0000000
v 0.0059587 0.0114003 0.0250000
vn 0.0000000 0.0000000 1.0000000
v -0.0043181 -0.0112094 0.0250000
vn 0.0000000 0.0000000 1.0000000
v -0.0059355 -0.0110848 0.0250000
vn 0.0000000 0.0000000 1.0000000
v -0.0113760 0.0060955 0.0250000
vn 0.0000000 0.0000000 1.0000000
v 0.0113670 0.0026137 0.0250000
vn -0.0025620 -0.0007550 0.9999964
v 0.0103386 0.0019564 0.0250000
vn 0.7071068 0.0000000 0.7071068
v 0.0125000 -0.0035000 0.0250000
vn 0.0005592 -0.0024292 0.9999969
v -0.0017852 0.0100677 0.0250000
vn 0.0000000 0.7071068 0.7071068
v 0.0035000 0.0125000 0.0250000
vn 0.0000000 0.0000000 1.0000000
v 0.0018184 0.0117969 0.0250000
vn 0.0015839 -0.0010301 0.9999983
v -0.0071922 0.0081584 0.0250000
vn 0.0000000 0.0000000 1.0000000
v 0.0110486 -0.0056246 0.0250000
vn 1.0000000 0.0000000 0.0000000
v 0.0125000 -0.0051005 0.0061189
vn 1.0000000 0.0000000 0.0000000
v 0.0125000 -0.0034213 0.0060186
vn 1.0000000 0.0000000 0.0000000
v 0.0125000 -0.0045752 0.0121773
vn 1.0000000 0.0000000 0.0000000
v 0.0125000 -0.0015462 0.0177382
vn 1.0000000 0.0000000 0.0000000
v 0.0125000 0.0000878 0.0121502
vn 1.0000000 0.0000000 0.0000000
v 0.0125000 0.0057101 0.0060331
vn 1.0000000 0.0000000 0.0000000
v 0.0125000 0.0032540 0.0086497
vn 0.0000000 1.0000000 0.0000000
v 0.0015231 0.0125000 0.0176918
vn 0.0000000 1.0000000 0.0000000
v -0.0005138 0.0125000 0.0117428
vn 0.0000000 1.0000000 0.0000000
v -0.0012856 0.0125000 0.0196199
vn 0.0000000 1.0000000 0.0000000
v 0.0051295 0.0125000 0.0061053
vn 0.0000000 1.0000000 0.0000000
v 0.0035262 0.0125000 0.0060930
vn 0.0000000 1.0000000 0.0000000
v 0.0045551 0.0125000 0.0120948
vn 0.0000000 1.0000000 0.0000000
v -0.0057497 0.0125000 0.0059122
vn 0.0000000 1.0000000 0.0000000
v -0.0031060 0.0125000 0.0084742
vn -1.0000000 0.0000000 0.0000000
v -0.0125000 0.0052878 0.0061916
vn -1.0000000 0.0000000 0.0000000
v -0.0125000 -0.0017072 0.0190099
vn -1.0000000 0.0000000 0.0000000
v -0.0125000 0.0013423 0.0188936
vn -1.0000000 0.0000000 0.0000000
v -0.0125000 -0.0002300 0.0119319
vn -1.0000000 0.0000000 0.0000000
v -0.0125000 -0.0057549 0.0067751
vn -1.0000000 0.0000000 0.0000000
v -0.0125000 -0.0033056 0.0087408
vn 0.0000000 -1.0000000 0.0000000
v -0.0056374 -0.0125000 0.0065371
vn 0.0000000 -1.0000000 0.0000000
v -0.0040652 -0.0125000 0.0125960
vn 0.0000000 -1.0000000 0.0000000
v 0.0016773 -0.0125000 0.0190164
vn 0.0000000 -1.0000000 0.0000000
v -0.0013437 -0.0125000 0.0188954
vn 0.0000000 -1.0000000 0.0000000
v 0.0001948 -0.0125000 0.0119053
vn 0.0000000 -1.0000000 0.0000000
v 0.0059064 -0.0125000 0.0067992
vn 0.0000000 -1.0000000 0.0000000
v 0.0032744 -0.0125000 0.0087583
vn 0.7394081 0.6732575 0.0000000
v 0.0125000 0.0070000 0.0062500
vn 0.9287995 0.3705815 -0.0009685
v 0.0073880 0.0104741 0.0060729
vn 0.8143357 0.5803932 -0.0010498
v 0.0080195 0.0093114 0.0060123
vn 0.6494039 0.7604416 0.0018052
v 0.0089260 0.0083206 0.0059562
vn 0.4351929 0.9003356 0.0017359
v 0.0100844 0.0075603 0.0060484
vn 0.1962445 0.9805505 -0.0029579
v 0.0114870 0.0070951 0.0062006
vn -0.7551317 -0.6555692 -0.0022817
v -0.0125000 -0.0070000 0.0062500
vn -0.6690977 -0.7431563 0.0052050
v -0.0070000 -0.0125000 0.0187500
vn -0.9705284 -0.2407946 0.0096310
v -0.0071554 -0.0112075 0.0059348
vn -0.4732561 -0.8809097 -0.0051805
v -0.0098701 -0.0076709 0.0063146
vn -0.5020883 -0.8648034 0.0047429
v -0.0097226 -0.0077535 0.0050010
vn 0.2017799 -0.9794222 0.0041354
v 0.0114703 -0.0070984 0.0062688
vn 0.3946296 -0.9188400 0.0007790
v 0.0103362 -0.0074446 0.0072434
vn -0.6608160 0.7505476 0.0008001
v -0.0070000 0.0125000 0.0062500
vn -0.7517776 0.6593756 0.0073650
v -0.0125000 0.0070000 0.0187500
vn -0.8714708 0.4904460 0.0011418
v -0.0077103 0.0097983 0.0066520
vn 0.0000000 0.0000000 1.0000000
v 0.0182363 -0.0180493 0.0000000
vn 0.0000000 0.0000000 1.0000000
v 0.0063011 -0.0163148 0.0000000
vn 0.0000000 0.0000000 1.0000000
v 0.0048692 -0.0162658 0.0000000
vn 0.0000000 0.0000000 1.0000000
v 0.0128797 -0.0080069 0.0000000
vn 0.0000000 0.0000000 1.0000000
v 0.0046651 -0.0138041 0.0000000
vn 0.0000000 0.0000000 1.0000000
v 0.0056036 -0.0150579 0.0000000
vn 0.0000000 0.0000000 1.0000000
v 0.0077176 -0.0126501 0.0000000
vn 0.0000000 0.0000000 1.0000000
v 0.0141427 -0.0025698 0.0000000
vn 0.0000000 0.0000000 1.0000000
v 0.0029837 -0.0183576 0.0000000
vn 0.0000000 0.0000000 1.0000000
v 0.0187678 -0.0075019 0.0000000
vn 0.0000000 0.0000000 1.0000000
v 0.0191887 -0.0088446 0.0000000
vn 0.0000000 0.0000000 1.0000000
v 0.0157111 -0.0070535 0.0000000
vn 0.0000000 -0.7071068 0.7071068
v 0.0050000 -0.0200000 0.0000000
vn 0.0000000 0.0000000 1.0000000
v 0.0190395 -0.0173902 0.0000000
vn 0.0000000 0.0000000 1.0000000
v 0.0172686 -0.0109038 0.0000000
vn 0.0000000 0.0000000 1.0000000
v 0.0187561 -0.0020811 0.0000000
vn 0.0000000 0.0000000 1.0000000
v -0.0090016 -0.0186579 0.0000000
vn 0.0000000 0.0000000 1.0000000
v -0.0093373 -0.0171827 0.0000000
vn 0.0000000 0.0000000 1.0000000
v -0.0109945 -0.0167728 0.0000000
vn 0.0000000 0.0000000 1.0000000
v -0.0188896 -0.0177658 0.0000000
vn 0.0000000 0.0000000 1.0000000
v -0.0151060 -0.0066913 0.0000000
vn 0.0000000 0.0000000 1.0000000
v -0.0157209 -0.0053567 0.0000000
vn 0.0000000 0.0000000 1.0000000
v -0.0026011 -0.0184529 0.0000000
vn 0.0000000 0.0000000 1.0000000
v -0.0022638 -0.0147772 0.0000000
vn 0.0000000 0.0000000 1.0000000
v -0.0039423 -0.0147850 0.0000000
vn 0.0000000 0.0000000 1.0000000
v -0.0184830 -0.0125273 0.0000000
vn 0.0000000 0.0000000 1.0000000
v -0.0076681 -0.0188972 0.0000000
vn 0.0000000 0.0000000 1.0000000
v 0.0006065 -0.0175552 0.0000000
vn 0.0000000 0.0000000 1.0000000
v -0.0029982 -0.0157656 0.0000000
vn 0.0000000 0.0000000 1.0000000
v -0.0182532 -0.0025400 0.0000000
vn 0.0000000 0.0000000 1.0000000
v -0.0189311 -0.0035174 0.0000000
vn 0.0000000 -0.7071068 0.7071068
v -0.0017500 -0.0125000 0.0000000
vn 0.0000000 -0.7071068 0.7071068
v -0.0052500 -0.0125000 0.0000000
vn -0.7071068 0.0000000 0.7071068
v -0.0200000 -0.0050000 0.0000000
vn 0.0000000 0.0000000 1.0000000
v -0.0142651 -0.0054154 0.0000000
vn 0.0000000 0.0000000 1.0000000
v -0.0189798 0.0100144 0.0000000
vn 0.0000000 0.0000000 1.0000000
v -0.0182616 0.0087107 0.0000000
vn 0.0000000 0.0000000 1.0000000
v -0.0174894 0.0100032 0.0000000
vn 0.0000000 0.0000000 1.0000000
v -0.0191463 0.0187299 0.0000000
vn 0.0000000 0.0000000 1.0000000
v -0.0190238 0.0073894 0.0000000
vn 0.0000000 0.0000000 1.0000000
v -0.0135554 0.0029859 0.0000000
vn 0.0000000 0.0000000 1.0000000
v -0.0153447 0.0009550 0.0000000
vn 0.0000000 0.0000000 1.0000000
v -0.0158759 0.0071267 0.0000000
vn 0.0000000 0.0000000 1.0000000
v -0.0135231 0.0080436 0.0000000
vn 0.0000000 0.7071068 0.7071068
v -0.0050000 0.0200000 0.0000000
vn 0.0000000 0.0000000 1.0000000
v -0.0078496 0.0181823 0.0000000
vn 0.0000000 0.0000000 1.0000000
v -0.0033329 0.0187265 0.0000000
vn 0.0000000 0.0000000 1.0000000
v -0.0126455 0.0171068 0.0000000
vn 0.0000000 0.0000000 1.0000000
v -0.0061504 0.0141024 0.0000000
vn 0.0000000 0.0000000 1.0000000
v -0.0151738 0.0059881 0.0000000
vn 0.0000000 0.0000000 1.0000000
v 0.0090149 0.0175533 0.0000000
vn 0.0000000 0.0000000 1.0000000
v 0.0105767 0.0177400 0.0000000
vn 0.0000000 0.0000000 1.0000000
v 0.0185448 0.0169223 0.0000000
vn 0.0000000 0.0000000 1.0000000
v 0.0019426 0.0187336 0.0000000
vn 0.0000000 0.0000000 1.0000000
v 0.0143945 0.0047568 0.0000000
vn 0.0000000 0.0000000 1.0000000
v 0.0157685 0.0067889 0.0000000
vn 0.0000000 0.0000000 1.0000000
v 0.0078673 0.0125030 0.0000000
vn 0.0000000 0.0000000 1.0000000
v 0.0081776 0.0188014 0.0000000
vn 0.0000000 0.0000000 1.0000000
v 0.0040921 0.0137933 0.0000000
vn 0.7071068 0.0000000 0.7071068
v 0.0200000 0.0050000 0.0000000
vn 0.0000000 0.0000000 1.0000000
v 0.0183657 0.0078460 0.0000000
vn 0.0000000 0.0000000 1.0000000
v 0.0061364 0.0150318 0.0000000
vn 0.0000000 0.0000000 1.0000000
v 0.0186779 0.0129798 0.0000000
vn 0.0000000 0.0000000 1.0000000
v 0.0168732 0.0133043 0.0000000
vn 0.0000000 0.0000000 1.0000000
v 0.0151629 0.0022538 0.0000000
vn 0.0000000 0.0000000 1.0000000
v 0.0162638 0.0011247 0.0000000
vn 0.0000000 0.0000000 1.0000000
v 0.0139940 0.0035777 0.0000000
vn 0.0000000 0.0000000 1.0000000
v -0.0023125 0.0157926 0.0000000
vn 0.0000000 0.0000000 1.0000000
v -0.0012882 0.0167766 0.0000000
vn 0.0000000 0.0000000 1.0000000
v -0.0029785 0.0136074 0.0000000
vn 0.0000000 0.0000000 1.0000000
v -0.0158279 -0.0015209 0.0000000
vn 0.0000000 0.0000000 1.0000000
v -0.0138529 -0.0030420 0.0000000
vn 0.0000000 0.0000000 1.0000000
v 0.0030345 -0.0139599 0.0000000
vn -1.0000000 0.0000000 0.0000000
v -0.0200000 0.0008032 -0.0017829
vn -1.0000000 0.0000000 0.0000000
v -0.0200000 0.0174532 -0.0010949
vn 0.0000000 0.0000000 -1.0000000
v -0.0140253 -0.0028824 -0.0030000
vn 0.0000000 0.0000000 -1.0000000
v 0.0126961 -0.0046545 -0.0030000
vn 0.0000000 0.0000000 -1.0000000
v 0.0046568 0.0120404 -0.0030000
vn 0.0000000 0.0000000 -1.0000000
v 0.0035195 -0.0104072 -0.0030000
vn 0.0000000 0.0000000 -1.0000000
v 0.0024480 -0.0118987 -0.0030000
vn 0.0000000 0.0000000 -1.0000000
v -0.0057552 -0.0112123 -0.0030000
vn 0.0000000 0.0000000 -1.0000000
v -0.0041696 0.0066106 -0.0030000
vn 0.0000000 0.0000000 -1.0000000
v -0.0124238 0.0049626 -0.0030000
vn 0.0000000 0.0000000 -1.0000000
v 0.0157993 -0.0063615 -0.0030000
vn 0.0000000 0.0000000 -1.0000000
v -0.0042254 0.0106679 -0.0030000
vn 0.0000000 0.0000000 -1.0000000
v -0.0042433 0.0094041 -0.0030000
vn 0.0000000 0.0000000 -1.0000000
v 0.0037185 0.0106669 -0.0030000
vn 0.0000000 0.0000000 -1.0000000
v 0.0018600 0.0051298 -0.0030000
vn 0.0000000 0.0000000 -1.0000000
v -0.0185987 0.0125269 -0.0030000
vn 0.0000000 0.0000000 -1.0000000
v -0.0173056 0.0137339 -0.0030000
vn 0.0000000 0.0000000 -1.0000000
v 0.0073172 0.0051089 -0.0030000
vn 0.0000000 0.0000000 -1.0000000
v -0.0183981 0.0187870 -0.0030000
vn 0.0000000 0.0000000 -1.0000000
v 0.0032919 0.0144163 -0.0030000
vn 0.0000000 0.0000000 -1.0000000
v -0.0191562 -0.0185477 -0.0030000
vn 0.0000000 0.0000000 -1.0000000
v -0.0185770 0.0029086 -0.0030000
vn 0.0000000 0.0000000 -1.0000000
v -0.0185120 0.0102183 -0.0030000
vn 0.0000000 0.0000000 -1.0000000
v -0.0082088 0.0040342 -0.0030000
vn 0.0000000 0.0000000 -1.0000000
v -0.0046110 -0.0153244 -0.0030000
vn 0.0000000 -0.7071068 -0.7071068
v 0.0100000 -0.0200000 -0.0030000
vn 0.0000000 0.0000000 -1.0000000
v 0.0029431 -0.0189140 -0.0030000
vn 0.0000000 0.0000000 -1.0000000
v -0.0043181 0.0153259 -0.0030000
vn 0.0000000 0.0000000 -1.0000000
v -0.0057084 0.0154659 -0.0030000
vn 0.0000000 0.0000000 -1.0000000
v 0.0078865 0.0175286 -0.0030000
vn 0.0000000 0.0000000 -1.0000000
v -0.0173314 -0.0053356 -0.0030000
vn 0.0000000 0.0000000 -1.0000000
v -0.0048755 0.0024795 -0.0030000
vn 0.0000000 0.0000000 -1.0000000
v 0.0035225 -0.0143665 -0.0030000
vn 0.0000000 0.0000000 -1.0000000
v 0.0104731 -0.0186285 -0.0030000
vn 0.0000000 0.0000000 -1.0000000
v 0.0117717 -0.0184957 -0.0030000
vn 0.0000000 0.0000000 -1.0000000
v -0.0168258 -0.0188120 -0.0030000
vn 0.0000000 0.7071068 -0.7071068
v -0.0100000 0.0200000 -0.0030000
vn 0.0000000 0.0000000 -1.0000000
v -0.0029606 0.0189978 -0.0030000
vn 0.0000000 0.0000000 -1.0000000
v 0.0186302 -0.0007071 -0.0030000
vn 0.0000000 0.0000000 -1.0000000
v 0.0131629 -0.0181817 -0.0030000
vn 0.0000000 0.0000000 -1.0000000
v 0.0165414 0.0047746 -0.0030000
vn 0.0000000 0.0000000 -1.0000000
v 0.0189610 0.0168216 -0.0030000
vn 0.0000000 0.0000000 -1.0000000
v 0.0191850 -0.0173371 -0.0030000
vn 0.0000000 0.0000000 -1.0000000
v 0.0175978 -0.0101764 -0.0030000
vn 0.0000000 0.0000000 -1.0000000
v 0.0179245 0.0175802 -0.0030000
vn 0.0000000 -1.0000000 0.0000000
v -0.0010303 -0.0200000 -0.0016982
vn 0.0000000 -1.0000000 0.0000000
v 0.0045971 -0.0200000 -0.0020474
vn 0.0000000 -1.0000000 0.0000000
v -0.0174449 -0.0200000 -0.0009235
vn 1.0000000 0.0000000 0.0000000
v 0.0200000 -0.0009987 -0.0014744
vn 1.0000000 0.0000000 0.0000000
v 0.0200000 -0.0174949 -0.0012981
vn 0.0000000 1.0000000 0.0000000
v -0.0148370 0.0200000 -0.0008664
vn 0.0000000 1.0000000 0.0000000
v 0.0009800 0.0200000 -0.0015179
vn 0.0000000 1.0000000 0.0000000
v 0.0175644 0.0200000 -0.0010982
vn 0.5602813 0.8117210 -0.1649059
v -0.0143638 0.0097775 -0.0017029
vn -0.3859871 -0.9224735 -0.0075189
v 0.0137236 -0.0094359 -0.0009474
vn 0.1187596 -0.9926526 0.0231742
v -0.0128928 -0.0092241 -0.0014610
vn 0.0000000 0.0000000 1.0000000
v 0.0066954 0.0013054 0.0000000
vn 0.0000000 0.0000000 1.0000000
v 0.0063596 0.0024670 0.0000000
vn 0.0000000 0.0000000 1.0000000
v 0.0065901 0.0036138 0.0000000
vn 0.0000000 0.0000000 1.0000000
v 0.0052597 0.0032063 0.0000000
vn 0.0000000 0.0000000 1.0000000
v 0.0043270 0.0056391 0.0000000
vn 0.0000000 0.0000000 1.0000000
v -0.0008289 0.0057049 0.0000000
vn 0.0000000 0.0000000 1.0000000
v -0.0019325 0.0067707 0.0000000
vn 0.0000000 0.0000000 1.0000000
v -0.0034275 0.0062829 0.0000000
vn 0.0000000 0.0000000 1.0000000
v -0.0037686 0.0047955 0.0000000
vn 0.0000000 0.0000000 1.0000000
v -0.0053900 0.0044918 0.0000000
vn 0.0000000 0.0000000 1.0000000
v -0.0061445 0.0030509 0.0000000
vn 0.0000000 0.0000000 1.0000000
v -0.0068890 0.0017122 0.0000000
vn 0.0000000 0.0000000 1.0000000
v -0.0066110 -0.0021837 0.0000000
vn 0.0000000 0.0000000 1.0000000
v -0.0060513 -0.0035584 0.0000000
vn 0.0000000 0.0000000 1.0000000
v -0.0055101 -0.0046775 0.0000000
vn 0.0000000 0.0000000 1.0000000
v -0.0043556 -0.0050021 0.0000000
vn 0.0000000 0.0000000 1.0000000
v -0.0022204 -0.0058575 0.0000000
vn 0.0000000 0.0000000 1.0000000
v -0.0010874 -0.0069114 0.0000000
vn 0.0000000 0.0000000 1.0000000
v 0.0003262 -0.0060895 0.0000000
vn 0.0000000 0.0000000 1.0000000
v 0.0017699 -0.0056471 0.0000000
vn 0.0000000 0.0000000 1.0000000
v 0.0030787 -0.0053922 0.0000000
vn 0.0000000 0.0000000 1.0000000
v 0.0039348 -0.0044858 0.0000000
vn 0.0000000 0.0000000 1.0000000
v 0.0047467 -0.0034906 0.0000000
vn 0.0000000 0.0000000 1.0000000
v 0.0066167 -0.0018077 0.0000000
vn 0.0000000 0.0000000 1.0000000
v 0.0069938 -0.0002615 0.0000000
vn -0.7770168 0.6294791 0.0010347
v 0.0066027 -0.0053499 0.0183669
vn 0.7962803 0.6049222 -0.0026333
v -0.0067789 -0.0051261 0.0180404
vn -0.6034111 -0.7974285 -0.0017212
v 0.0051250 0.0067798 0.0181787
vn -0.7380992 -0.6746898 -0.0018518
v 0.0062874 0.0057190 0.0182579
vn -0.0008430 0.0016382 0.9999983
v 0.0026604 -0.0101877 0.0250000
vn 0.0000000 0.0000000 1.0000000
v -0.0002887 -0.0106845 0.0250000
vn 0.0000000 -0.7071068 0.7071068
v -0.0035000 -0.0125000 0.0250000
vn 0.0000000 0.0000000 1.0000000
v -0.0013392 -0.0114844 0.0250000
vn 0.0000000 -0.7071068 0.7071068
v 0.0035000 -0.0125000 0.0250000
vn 0.0003313 0.0012776 0.9999992
v 0.0041131 -0.0093847 0.0250000
vn 0.0019944 -0.0051905 0.9999846
v 0.0009597 0.0108245 0.0250000
vn 0.0005767 0.0012517 0.9999990
v -0.0032778 -0.0101149 0.0250000
vn 0.0025163 -0.0016004 0.9999956
v -0.0102737 0.0021692 0.0250000
vn 0.0000000 0.0000000 1.0000000
v -0.0027039 -0.0113592 0.0250000
vn 0.0000000 0.0000000 1.0000000
v -0.0114501 0.0014239 0.0250000
vn -0.7071068 0.0000000 0.7071068
v -0.0125000 0.0035000 0.0250000
vn -0.7071068 0.0000000 0.7071068
v -0.0125000 -0.0035000 0.0250000
vn 0.0026624 0.0004507 0.9999964
v -0.0102258 -0.0022676 0.0250000
vn 0.0000000 0.0000000 1.0000000
v 0.0112512 0.0056958 0.0250000
vn -0.0004107 0.0012778 0.9999991
v -0.0018107 -0.0103862 0.0250000
vn 0.0008192 0.0003199 0.9999996
v -0.0099230 0.0036533 0.0250000
vn -0.0013215 0.0004973 0.9999990
v 0.0106734 0.0004730 0.0250000
vn 0.7071068 0.0000000 0.7071068
v 0.0125000 0.0035000 0.0250000
vn 0.0000000 0.7071067 0.7071068
v -0.0035000 0.0125000 0.0250000
vn -0.0009664 0.0001080 0.9999995
v 0.0107995 -0.0027315 0.0250000
vn -0.0017951 -0.0021354 0.9999961
v 0.0043178 0.0097442 0.0250000
vn -0.0014937 0.0006558 0.9999987
v 0.0099991 -0.0042394 0.0250000
vn 1.0000000 0.0000000 0.0000000
v 0.0125000 -0.0041092 0.0193581
vn 0.7399768 -0.6726324 0.0000000
v 0.0125000 -0.0070000 0.0062500
vn 0.7071068 0.0000000 0.7071068
v 0.0125000 -0.0052500 0.0000000
vn 0.7071068 0.0000000 0.7071068
v 0.0125000 -0.0017500 0.0000000
vn 1.0000000 0.0000000 0.0000000
v 0.0125000 0.0018590 0.0059936
vn 0.7071068 0.0000000 0.7071068
v 0.0125000 0.0017500 0.0000000
vn 0.7071068 0.0000000 0.7071068
v 0.0125000 0.0052500 0.0000000
vn 0.7445861 0.6674922 -0.0067644
v 0.0125000 0.0070000 0.0171875
vn 0.0000000 1.0000000 0.0000000
v 0.0042303 0.0125000 0.0193130
vn 0.0000000 1.0000000 0.0000000
v 0.0019802 0.0125000 0.0061973
vn 0.0000000 1.0000000 0.0000000
v -0.0019131 0.0125000 0.0055283
vn 0.6799612 0.7332481 0.0000000
v 0.0070000 0.0125000 0.0062500
vn 0.0000000 0.7071068 0.7071067
v 0.0052500 0.0125000 0.0000000
vn 0.0000000 0.7071068 0.7071068
v 0.0017500 0.0125000 0.0000000
vn 0.0000000 0.7071068 0.7071068
v -0.0017500 0.0125000 0.0000000
vn 0.0000000 0.7071068 0.7071068
v -0.0052500 0.0125000 0.0000000
vn -1.0000000 0.0000000 0.0000000
v -0.0125000 0.0052386 0.0182746
vn -0.7470474 0.6647280 -0.0075469
v -0.0125000 0.0070000 0.0062500
vn -0.7071068 0.0000000 0.7071068
v -0.0125000 0.0052500 0.0000000
vn -0.7071068 0.0000000 0.7071068
v -0.0125000 0.0017500 0.0000000
vn -1.0000000 0.0000000 0.0000000
v -0.0125000 -0.0018528 0.0060726
vn -0.7071068 0.0000000 0.7071068
v -0.0125000 -0.0017500 0.0000000
vn -0.7071068 0.0000000 0.7071068
v -0.0125000 -0.0052500 0.0000000
vn 0.0000000 -1.0000000 0.0000000
v -0.0052305 -0.0125000 0.0182794
vn -0.6671128 -0.7449381 0.0052803
v -0.0070000 -0.0125000 0.0062500
vn 0.0000000 -1.0000000 0.0000000
v -0.0014645 -0.0125000 0.0060176
vn 0.0000000 -1.0000000 0.0000000
v 0.0019576 -0.0125000 0.0060740
vn 0.0000000 -0.7071068 0.7071068
v 0.0017500 -0.0125000 0.0000000
vn 0.0000000 -0.7071068 0.7071068
v 0.0052500 -0.0125000 0.0000000
vn 0.6640689 -0.7476711 -0.0006994
v 0.0070000 -0.0125000 0.0171875
vn 0.4090015 0.9125330 0.0011300
v 0.0102752 0.0074715 0.0187962
vn 0.5432244 0.8395852 -0.0019770
v 0.0094945 0.0078950 0.0202773
vn 0.6210473 0.7837710 0.0018574
v 0.0090670 0.0082046 0.0186165
vn 0.7948442 0.6068099 0.0021359
v 0.0081300 0.0091607 0.0185623
vn 0.9163064 0.4004682 0.0027799
v 0.0074568 0.0103084 0.0186155
vn 0.9820487 0.1885899 0.0037711
v 0.0070931 0.0114968 0.0185154
vn 0.9870722 0.1602760 0.0003537
v 0.0070611 0.0116907 0.0061643
vn -0.3641257 -0.9313402 -0.0042384
v -0.0105541 -0.0073569 0.0188633
vn -0.8838927 -0.4676851 0.0021133
v -0.0076429 -0.0099212 0.0183114
vn -0.9767280 -0.2144676 -0.0024508
v -0.0071210 -0.0113565 0.0210036
vn 0.9841910 -0.1770899 0.0026863
v 0.0070881 -0.0115219 0.0183530
vn 0.9234682 -0.3836243 -0.0062396
v 0.0074105 -0.0104163 0.0185564
vn 0.6823877 -0.7309903 -0.0004616
v 0.0087516 -0.0084762 0.0192699
vn 0.1747665 -0.9845948 0.0054506
v 0.0115507 -0.0070827 0.0212156
vn -0.9672743 0.2537101 0.0034131
v -0.0071813 0.0111014 0.0189748
vn -0.7408764 0.6716304 0.0038433
v -0.0084117 0.0088222 0.0187659
vn 0.0000000 0.0000000 1.0000000
v 0.0138157 -0.0170951 0.0000000
vn 0.0000000 0.0000000 1.0000000
v 0.0151376 -0.0170219 0.0000000
vn 0.0000000 0.0000000 1.0000000
v 0.0159169 -0.0159585 0.0000000
vn -0.0001899 -0.6640083 0.7477252
v 0.0124595 -0.0092009 0.0000000
vn 0.0000000 0.0000000 1.0000000
v 0.0088901 -0.0189777 0.0000000
vn 0.0000000 -0.7071068 0.7071068
v 0.0150000 -0.0200000 0.0000000
vn 0.0000000 0.0000000 1.0000000
v 0.0088403 -0.0150893 0.0000000
vn 0.0000000 0.0000000 1.0000000
v 0.0174773 0.0001708 0.0000000
vn 0.0000000 0.0000000 1.0000000
v 0.0173989 -0.0013379 0.0000000
vn 0.0000000 0.0000000 1.0000000
v 0.0136529 0.0004823 0.0000000
vn 0.0000000 0.0000000 1.0000000
v 0.0137868 -0.0055494 0.0000000
vn 0.0000000 0.0000000 1.0000000
v 0.0079151 -0.0163294 0.0000000
vn 0.0000000 0.0000000 1.0000000
v 0.0191113 -0.0136150 0.0000000
vn 0.7071068 0.0000000 0.7071068
v 0.0200000 -0.0150000 0.0000000
vn 0.7071068 0.0000000 0.7071068
v 0.0200000 -0.0050000 0.0000000
vn 0.0000000 0.0000000 1.0000000
v 0.0176300 -0.0090214 0.0000000
vn 0.0000000 0.0000000 1.0000000
v 0.0160640 -0.0084340 0.0000000
vn 0.0000000 -0.7071068 0.7071068
v -0.0050000 -0.0200000 0.0000000
vn 0.0000000 0.0000000 1.0000000
v -0.0117337 -0.0179789 0.0000000
vn 0.0000000 0.0000000 1.0000000
v -0.0162793 -0.0143452 0.0000000
vn 0.0000000 0.0000000 1.0000000
v -0.0169997 -0.0155146 0.0000000
vn 0.0000000 0.0000000 1.0000000
v -0.0126410 -0.0169936 0.0000000
vn 0.0000000 0.0000000 1.0000000
v -0.0173137 -0.0013660 0.0000000
vn 0.0000000 0.0000000 1.0000000
v -0.0158228 -0.0077626 0.0000000
vn 0.0000000 0.0000000 1.0000000
v 0.0003982 -0.0138712 0.0000000
vn 0.0000000 0.0000000 1.0000000
v -0.0179102 -0.0110743 0.0000000
vn 0.0000000 0.0000000 1.0000000
v -0.0186449 -0.0080623 0.0000000
vn -0.7071068 0.0000000 0.7071068
v -0.0200000 -0.0150000 0.0000000
vn 0.0000000 0.0000000 1.0000000
v -0.0068725 -0.0134218 0.0000000
vn 0.0000000 0.0000000 1.0000000
v -0.0070251 -0.0149620 0.0000000
vn 0.0000000 0.0000000 1.0000000
v -0.0174734 -0.0095010 0.0000000
vn 0.0000000 0.0000000 1.0000000
v -0.0153777 -0.0159301 0.0000000
vn -0.7071068 0.0000000 0.7071068
v -0.0200000 0.0150000 0.0000000
vn 0.0000000 0.0000000 1.0000000
v -0.0186376 0.0124530 0.0000000
vn -0.7071068 0.0000000 0.7071068
v -0.0200000 0.0050000 0.0000000
vn 0.0000000 0.0000000 1.0000000
v -0.0074202 0.0149896 0.0000000
vn 0.0000000 0.0000000 1.0000000
v -0.0141863 0.0164771 0.0000000
vn 0.0000000 0.0000000 1.0000000
v -0.0158090 0.0158582 0.0000000
vn 0.0000000 0.0000000 1.0000000
v -0.0178467 -0.0000039 0.0000000
vn 0.0000000 0.0000000 1.0000000
v -0.0172631 0.0026262 0.0000000
vn 0.0000000 0.0000000 1.0000000
v -0.0136071 -0.0006219 0.0000000
vn 0.0000000 0.0000000 1.0000000
v -0.0138727 0.0057092 0.0000000
vn 0.0000000 0.0000000 1.0000000
v -0.0080340 0.0164114 0.0000000
vn 0.0000000 0.0000000 1.0000000
v -0.0093624 0.0175808 0.0000000
vn 0.0000000 0.0000000 1.0000000
v -0.0090006 0.0190485 0.0000000
vn 0.0000000 0.7071068 0.7071068
v -0.0150000 0.0200000 0.0000000
vn 0.0000000 0.0000000 1.0000000
v -0.0018248 0.0183756 0.0000000
vn 0.0000000 0.0000000 1.0000000
v -0.0043501 0.0138267 0.0000000
vn 0.0000000 0.7071068 0.7071068
v 0.0150000 0.0200000 0.0000000
vn 0.0000000 0.7071068 0.7071068
v 0.0050000 0.0200000 0.0000000
vn 0.0000000 0.0000000 1.0000000
v 0.0122689 0.0181519 0.0000000
vn 0.0000000 0.0000000 1.0000000
v 0.0174932 0.0016115 0.0000000
vn 0.0000000 0.0000000 1.0000000
v 0.0167732 0.0080856 0.0000000
vn 0.0000000 0.0000000 1.0000000
v 0.0151757 0.0083335 0.0000000
vn 0.0000000 0.0000000 1.0000000
v 0.0155789 0.0165179 0.0000000
vn 0.0000000 0.0000000 1.0000000
v 0.0162687 0.0150240 0.0000000
vn 0.0000000 0.0000000 1.0000000
v -0.0003281 0.0177889 0.0000000
vn 0.0000000 0.0000000 1.0000000
v 0.0012049 0.0174633 0.0000000
vn 0.0000000 0.0000000 1.0000000
v -0.0004753 0.0138010 0.0000000
vn 0.0000000 0.0000000 1.0000000
v 0.0142094 0.0166159 0.0000000
vn 0.0000000 0.0000000 1.0000000
v 0.0082735 0.0162478 0.0000000
vn 0.7071068 0.0000000 0.7071068
v 0.0200000 0.0150000 0.0000000
vn -1.0000000 0.0000000 0.0000000
v -0.0200000 -0.0147274 -0.0014981
vn -1.0000000 0.0000000 0.0000000
v -0.0200000 0.0053874 -0.0009881
vn -1.0000000 0.0000000 0.0000000
v -0.0200000 0.0051528 -0.0021333
vn -0.7071068 0.0000000 -0.7071068
v -0.0200000 0.0100000 -0.0030000
vn -0.7071068 0.0000000 -0.7071068
v -0.0200000 -0.0100000 -0.0030000
vn 0.0000000 0.0000000 -1.0000000
v -0.0135549 -0.0053951 -0.0030000
vn 0.0000000 0.0000000 -1.0000000
v 0.0114061 0.0050789 -0.0030000
vn 0.0000000 0.0000000 -1.0000000
v -0.0042417 -0.0108366 -0.0030000
vn 0.0000000 0.0000000 -1.0000000
v -0.0075027 -0.0006436 -0.0030000
vn 0.0000000 0.0000000 -1.0000000
v 0.0032070 -0.0060963 -0.0030000
vn 0.0000000 0.0000000 -1.0000000
v -0.0067934 -0.0099640 -0.0030000
vn 0.0000000 0.0000000 -1.0000000
v 0.0137959 0.0038848 -0.0030000
vn 0.0000000 0.0000000 -1.0000000
v -0.0050497 0.0117849 -0.0030000
vn 0.0000000 0.0000000 -1.0000000
v -0.0034342 0.0116434 -0.0030000
vn 0.0000000 0.0000000 -1.0000000
v -0.0054141 0.0056913 -0.0030000
vn 0.0000000 0.0000000 -1.0000000
v -0.0052226 -0.0097021 -0.0030000
vn 0.0000000 0.0000000 -1.0000000
v 0.0051964 -0.0104707 -0.0030000
vn 0.0000000 0.0000000 -1.0000000
v 0.0138899 0.0051665 -0.0030000
vn 0.0000000 0.0000000 -1.0000000
v 0.0059413 -0.0026839 -0.0030000
vn 0.0000000 0.0000000 -1.0000000
v -0.0144453 -0.0044198 -0.0030000
vn 0.0000000 0.0000000 -1.0000000
v 0.0150390 0.0042436 -0.0030000
vn 0.0000000 0.0000000 -1.0000000
v 0.0050244 -0.0134970 -0.0030000
vn 0.0000000 0.0000000 -1.0000000
v -0.0163456 0.0150233 -0.0030000
vn 0.0000000 0.0000000 -1.0000000
v 0.0055985 0.0136149 -0.0030000
vn 0.0000000 0.0000000 -1.0000000
v -0.0177962 0.0150468 -0.0030000
vn 0.0000000 0.0000000 -1.0000000
v 0.0084744 0.0004223 -0.0030000
vn 0.0000000 0.0000000 -1.0000000
v 0.0048408 -0.0061680 -0.0030000
vn 0.0000000 0.0000000 -1.0000000
v -0.0046677 -0.0123919 -0.0030000
vn 0.0000000 0.0000000 -1.0000000
v -0.0002412 -0.0185847 -0.0030000
vn 0.0000000 -0.7071068 -0.7071068
v -0.0100000 -0.0200000 -0.0030000
vn 0.0000000 0.0000000 -1.0000000
v -0.0053629 -0.0180706 -0.0030000
vn 0.0000000 0.0000000 -1.0000000
v 0.0040828 -0.0046653 -0.0030000
vn 0.0000000 0.0000000 -1.0000000
v 0.0149882 -0.0162169 -0.0030000
vn 0.0000000 0.0000000 -1.0000000
v -0.0136975 -0.0175674 -0.0030000
vn 0.0000000 0.0000000 -1.0000000
v 0.0038009 0.0169365 -0.0030000
vn 0.0000000 0.0000000 -1.0000000
v -0.0006186 0.0177195 -0.0030000
vn 0.0000000 0.7071068 -0.7071068
v 0.0100000 0.0200000 -0.0030000
vn 0.0000000 0.0000000 -1.0000000
v 0.0047780 0.0180044 -0.0030000
vn 0.0000000 0.0000000 -1.0000000
v -0.0043155 -0.0169530 -0.0030000
vn 0.0000000 0.0000000 -1.0000000
v -0.0090219 0.0168163 -0.0030000
vn 0.0000000 0.0000000 -1.0000000
v -0.0102520 0.0174261 -0.0030000
vn 0.0000000 0.0000000 -1.0000000
v -0.0015973 0.0165488 -0.0030000
vn 0.0000000 0.0000000 -1.0000000
v 0.0140486 0.0166088 -0.0030000
vn 0.0000000 0.0000000 -1.0000000
v 0.0170378 -0.0141119 -0.0030000
vn 0.0000000 0.0000000 -1.0000000
v 0.0122777 -0.0169960 -0.0030000
vn 0.0000000 0.0000000 -1.0000000
v 0.0108710 -0.0171888 -0.0030000
vn 0.0000000 0.0000000 -1.0000000
v 0.0047413 -0.0152200 -0.0030000
vn 0.0000000 0.0000000 -1.0000000
v 0.0061927 -0.0148874 -0.0030000
vn 0.0000000 0.0000000 -1.0000000
v 0.0186430 0.0088691 -0.0030000
vn 0.7071068 0.0000000 -0.7071068
v 0.0200000 0.0100000 -0.0030000
vn 0.7071068 0.0000000 -0.7071068
v 0.0200000 -0.0100000 -0.0030000
vn 0.0000000 0.0000000 -1.0000000
v 0.0164502 -0.0157347 -0.0030000
vn 0.0000000 0.0000000 -1.0000000
v 0.0136338 -0.0167344 -0.0030000
vn 0.0000000 0.0000000 -1.0000000
v -0.0161909 -0.0145158 -0.0030000
vn 0.0000000 0.0000000 -1.0000000
v 0.0168162 -0.0023820 -0.0030000
vn 0.0000000 0.0000000 -1.0000000
v -0.0162487 -0.0158488 -0.0030000
vn 0.0000000 0.0000000 -1.0000000
v 0.0166513 0.0149725 -0.0030000
vn 0.0000000 -1.0000000 0.0000000
v 0.0140266 -0.0200000 -0.0016404
vn 0.0000000 -1.0000000 0.0000000
v -0.0053134 -0.0200000 -0.0006988
vn 1.0000000 0.0000000 0.0000000
v 0.0200000 -0.0052492 -0.0007791
vn 1.0000000 0.0000000 0.0000000
v 0.0200000 -0.0042984 -0.0017100
vn 0.0000000 1.0000000 0.0000000
v 0.0057889 0.0200000 -0.0014603
vn 0.0000000 0.0000000 1.0000000
v 0.0002636 -0.0003249 0.0000000
vn 0.0000000 0.0000000 1.0000000
v 0.0017900 -0.0008337 0.0000000
vn 0.0000000 0.0000000 1.0000000
v 0.0019519 0.0003871 0.0000000
vn -0.8164477 -0.5774189 0.0006946
v 0.0069205 0.0049331 0.0105314
vn -0.7757561 -0.6310287 0.0023291
v 0.0066210 0.0053272 0.0037654
vn -0.6819046 -0.7314374 -0.0023479
v 0.0058271 0.0061859 0.0027412
vn 0.6173274 -0.7867048 -0.0015774
v -0.0052455 0.0066865 0.0066146
vn 0.6296843 -0.7768493 -0.0016644
v -0.0053629 0.0065922 0.0031611
vn 0.6329035 -0.7742259 -0.0027477
v -0.0053619 0.0065931 0.0049783
vn 0.8195123 0.5730477 -0.0040012
v -0.0069695 -0.0048653 0.0050448
vn 0.0000000 0.0000000 1.0000000
v -0.0110349 -0.0060183 0.0250000
vn 0.0012078 0.0015991 0.9999980
v -0.0077858 -0.0075455 0.0250000
vn 1.0000000 0.0000000 0.0000000
v 0.0125000 -0.0033998 0.0091387
vn 1.0000000 0.0000000 0.0000000
v 0.0125000 0.0000699 0.0183121
vn 1.0000000 0.0000000 0.0000000
v 0.0125000 -0.0007353 0.0149347
vn 0.0000000 1.0000000 0.0000000
v 0.0000157 0.0125000 0.0198188
vn 0.0000000 1.0000000 0.0000000
v 0.0035300 0.0125000 0.0089520
vn -1.0000000 0.0000000 0.0000000
v -0.0125000 -0.0001289 0.0188276
vn -1.0000000 0.0000000 0.0000000
v -0.0125000 0.0014699 0.0162929
vn -1.0000000 0.0000000 0.0000000
v -0.0125000 -0.0001717 0.0161491
vn 0.0000000 -1.0000000 0.0000000
v 0.0001226 -0.0125000 0.0188294
vn 0.0000000 -1.0000000 0.0000000
v -0.0014744 -0.0125000 0.0163006
vn 0.0000000 -1.0000000 0.0000000
v 0.0001709 -0.0125000 0.0161479
vn 0.6705739 0.7418380 -0.0026802
v 0.0070000 0.0125000 0.0218750
vn 0.7883766 0.6151913 0.0013637
v 0.0081796 0.0090982 0.0090161
vn -0.6669655 -0.7450866 -0.0017311
v -0.0070000 -0.0125000 0.0218750
vn -0.5727692 -0.8196985 -0.0054641
v -0.0093254 -0.0080093 0.0074885
vn -0.2000051 -0.9797900 0.0031106
v -0.0114072 -0.0071110 0.0086320
vn 0.7391296 -0.6735599 -0.0021300
v 0.0125000 -0.0070000 0.0218750
vn 0.7379034 -0.6748895 -0.0047773
v 0.0084491 -0.0087799 0.0041858
vn -0.7419261 0.6704817 -0.0001141
v -0.0125000 0.0070000 0.0218750
vn 0.0000000 0.0000000 1.0000000
v 0.0124426 -0.0172284 0.0000000
vn 0.0000000 0.0000000 1.0000000
v 0.0168991 -0.0058931 0.0000000
vn 0.0000000 0.0000000 1.0000000
v 0.0163963 -0.0044950 0.0000000
vn 0.0000000 0.0000000 1.0000000
v 0.0187623 -0.0103319 0.0000000
vn 0.0000000 0.0000000 1.0000000
v 0.0187419 -0.0006478 0.0000000
vn 0.0000000 0.0000000 1.0000000
v 0.0148098 -0.0042901 0.0000000
vn 0.0000000 0.0000000 1.0000000
v -0.0104192 -0.0183024 0.0000000
vn 0.0000000 0.0000000 1.0000000
v -0.0012315 -0.0191703 0.0000000
vn 0.0000000 0.0000000 1.0000000
v -0.0169190 -0.0126193 0.0000000
vn 0.0000000 0.0000000 1.0000000
v -0.0011334 -0.0176472 0.0000000
vn 0.0000000 0.0000000 1.0000000
v -0.0187730 -0.0012702 0.0000000
vn 0.0000000 0.0000000 1.0000000
v -0.0192143 -0.0063814 0.0000000
vn 0.0000000 0.0000000 1.0000000
v -0.0012100 -0.0136789 0.0000000
vn 0.0000000 0.0000000 1.0000000
v -0.0064443 0.0187615 0.0000000
vn 0.0000000 0.0000000 1.0000000
v -0.0008051 0.0190989 0.0000000
vn 0.0000000 0.0000000 1.0000000
v -0.0118427 0.0185893 0.0000000
vn 0.0000000 0.0000000 1.0000000
v -0.0150802 0.0047348 0.0000000
vn 0.0000000 0.0000000 1.0000000
v 0.0096038 0.0188546 0.0000000
vn 0.0000000 0.0000000 1.0000000
v 0.0186963 0.0022831 0.0000000
vn 0.0000000 0.0000000 1.0000000
v 0.0190164 0.0064575 0.0000000
vn 0.0000000 0.0000000 1.0000000
v 0.0051825 0.0163208 0.0000000
vn 0.0000000 0.0000000 1.0000000
v 0.0046418 0.0150211 0.0000000
vn 0.0000000 0.0000000 -1.0000000
v -0.0135923 0.0076609 -0.0030000
vn 0.0000000 0.0000000 -1.0000000
v 0.0126392 -0.0061737 -0.0030000
vn 0.0000000 0.0000000 -1.0000000
v 0.0076540 0.0119703 -0.0030000
vn 0.0000000 0.0000000 -1.0000000
v -0.0036273 -0.0071196 -0.0030000
vn 0.0000000 0.0000000 -1.0000000
v -0.0061336 -0.0081998 -0.0030000
vn 0.0000000 0.0000000 -1.0000000
v -0.0041828 -0.0059867 -0.0030000
vn 0.0000000 0.0000000 -1.0000000
v 0.0069297 -0.0106500 -0.0030000
vn 0.0000000 0.0000000 -1.0000000
v 0.0068099 0.0107286 -0.0030000
vn 0.0000000 0.0000000 -1.0000000
v -0.0018336 0.0034847 -0.0030000
vn 0.0000000 0.0000000 -1.0000000
v -0.0069129 0.0079837 -0.0030000
vn -0.0754775 -0.0390076 -0.9963843
v 0.0152149 -0.0088764 -0.0030000
vn 0.0000000 0.0000000 -1.0000000
v -0.0068807 0.0095951 -0.0030000
vn 0.0000000 0.0000000 -1.0000000
v -0.0043024 0.0079873 -0.0030000
vn 0.0000000 0.0000000 -1.0000000
v 0.0086066 -0.0026591 -0.0030000
vn 0.0000000 0.0000000 -1.0000000
v 0.0098971 -0.0002079 -0.0030000
vn 0.0000000 0.0000000 -1.0000000
v -0.0028176 0.0101899 -0.0030000
vn 0.0000000 0.0000000 -1.0000000
v -0.0031946 0.0074350 -0.0030000
vn 0.0000000 0.0000000 -1.0000000
v -0.0190642 0.0175502 -0.0030000
vn 0.0000000 0.0000000 -1.0000000
v 0.0162641 -0.0011581 -0.0030000
vn 0.0000000 0.0000000 -1.0000000
v 0.0042383 0.0072984 -0.0030000
vn 0.0000000 0.0000000 -1.0000000
v -0.0100731 -0.0175569 -0.0030000
vn 0.0000000 0.0000000 -1.0000000
v -0.0149114 -0.0073330 -0.0030000
vn 0.0000000 0.0000000 -1.0000000
v -0.0110176 0.0056327 -0.0030000
vn 0.0000000 0.0000000 -1.0000000
v 0.0059475 -0.0188095 -0.0030000
vn 0.0000000 0.0000000 -1.0000000
v -0.0048406 0.0169253 -0.0030000
vn 0.0000000 0.0000000 -1.0000000
v -0.0053597 0.0185863 -0.0030000
vn 0.0000000 0.0000000 -1.0000000
v -0.0069295 0.0187398 -0.0030000
vn 0.0000000 0.0000000 -1.0000000
v 0.0183489 0.0190710 -0.0030000
vn 0.0000000 0.0000000 -1.0000000
v 0.0177395 0.0024569 -0.0030000
vn 0.0000000 0.0000000 -1.0000000
v 0.0168453 0.0013733 -0.0030000
vn 0.0000000 -1.0000000 0.0000000
v 0.0020241 -0.0200000 -0.0015521
vn 1.0000000 0.0000000 0.0000000
v 0.0200000 0.0020934 -0.0015382
vn 0.0000000 1.0000000 0.0000000
v -0.0022229 0.0200000 -0.0015171
vn 0.0337085 0.9994252 -0.0036217
v -0.0126190 0.0092026 -0.0015040
vn 0.0000000 0.0000000 1.0000000
v 0.0054764 0.0046351 0.0000000
vn 0.0000000 0.0000000 1.0000000
v 0.0032254 0.0065097 0.0000000
vn 0.0000000 0.0000000 1.0000000
v 0.0005483 0.0059203 0.0000000
vn 0.0000000 0.0000000 1.0000000
v -0.0047882 0.0058473 0.0000000
vn 0.0000000 0.0000000 1.0000000
v -0.0075557 0.0005124 0.0000000
vn 0.0000000 0.0000000 1.0000000
v 0.0013882 -0.0070355 0.0000000
vn 0.0000000 0.0000000 1.0000000
v 0.0028563 -0.0065836 0.0000000
vn -0.6598971 0.7513559 0.0000604
v 0.0056137 -0.0063798 0.0090534
vn -0.7218341 0.6920661 -0.0004302
v 0.0061408 -0.0058742 0.0106337
vn 0.7473849 0.6643900 -0.0013328
v -0.0063329 -0.0056672 0.0135430
vn 0.7408823 0.6716349 0.0002037
v -0.0062748 -0.0057335 0.0092908
vn 0.6704496 0.7419530 -0.0017772
v -0.0056820 -0.0063199 0.0107117
vn 0.7629967 0.6464017 -0.0010202
v -0.0064825 -0.0054966 0.0150218
vn 0.8361313 0.5485249 0.0022207
v -0.0071046 -0.0046632 0.0123638
vn 0.7162239 -0.6978694 0.0012972
v -0.0060721 0.0059460 0.0091299
vn 0.7554741 -0.6551632 0.0044828
v -0.0064246 0.0055626 0.0106655
vn 0.6471085 -0.7623978 -0.0005184
v -0.0055066 0.0064737 0.0149947
vn 0.6321041 -0.7748820 0.0015172
v -0.0053598 0.0065947 0.0134001
vn -0.7694683 -0.6386847 0.0005766
v 0.0065455 0.0054212 0.0087562
vn -0.9994407 0.0333815 -0.0020317
v 0.0084938 -0.0002862 0.0099966
vn -0.9790002 -0.2038586 -0.0005960
v 0.0083286 0.0016885 0.0087031
vn -0.9737492 -0.2276239 -0.0001135
v 0.0082800 0.0019155 0.0071358
vn -0.9478368 -0.3187553 -0.0006362
v 0.0080501 0.0027224 0.0097859
vn -0.9588673 -0.2838352 0.0033334
v 0.0081381 0.0024478 0.0113870
vn -0.9177603 -0.3971345 -0.0005922
v 0.0078122 0.0033454 0.0121898
vn -0.8432163 -0.5375739 -0.0007225
v 0.0071827 0.0045443 0.0123343
vn -0.6266062 -0.7793257 0.0040226
v 0.0052986 0.0066439 0.0092978
vn -0.6300496 -0.7765466 -0.0035948
v 0.0053596 0.0065949 0.0110756
vn -0.3660966 -0.9305726 -0.0028346
v 0.0030491 0.0079322 0.0028082
vn -0.3335198 -0.9427425 0.0010430
v 0.0028018 0.0080232 0.0120541
vn -0.1692511 -0.9855621 0.0046430
v 0.0014130 0.0083806 0.0121879
vn -0.0488623 -0.9988053 0.0007001
v 0.0004072 0.0084895 0.0109358
vn 0.1303026 -0.9914712 -0.0024800
v -0.0011054 0.0084277 0.0104514
vn 0.2236644 -0.9746659 0.0007895
v -0.0018474 0.0082967 0.0038666
vn 0.2931665 -0.9560592 -0.0020494
v -0.0024609 0.0081343 0.0097637
vn 0.4837035 -0.8752306 -0.0015515
v -0.0041022 0.0074423 0.0029993
vn 0.5495003 -0.8354874 0.0032154
v -0.0046648 0.0071035 0.0120394
vn 0.9139401 -0.4058459 -0.0016641
v -0.0077688 0.0034440 0.0031233
vn 0.9728108 -0.2316015 0.0001825
v -0.0082700 0.0019562 0.0124138
vn 0.9964647 -0.0839983 0.0015374
v -0.0084694 0.0007137 0.0132119
vn 0.9679718 0.2510208 -0.0043804
v -0.0082272 -0.0021311 0.0104053
vn 0.9949450 0.1004199 -0.0005121
v -0.0084542 -0.0008635 0.0031523
vn 0.9103625 0.4138043 -0.0024834
v -0.0077512 -0.0034842 0.0110449
vn 0.8242191 0.5662651 -0.0026178
v -0.0070245 -0.0047831 0.0067161
vn 0.4454681 0.8952895 0.0038660
v -0.0038006 -0.0076008 0.0035008
vn -0.0329556 0.9994566 -0.0006143
v 0.0002508 -0.0084945 0.0114914
vn -0.1141902 0.9934589 0.0004442
v 0.0009787 -0.0084416 0.0104289
vn -0.2077121 0.9781896 -0.0009342
v 0.0017610 -0.0083142 0.0091365
vn -0.2845446 0.9586616 -0.0014962
v 0.0024192 -0.0081465 0.0106018
vn -0.3674390 0.9300466 0.0014426
v 0.0031405 -0.0078967 0.0119979
vn -0.5257164 0.8506598 -0.0005701
v 0.0044622 -0.0072325 0.0120879
vn -0.8250369 0.5650702 -0.0031274
v 0.0070264 -0.0047801 0.0105224
vn -0.8975207 0.4409685 -0.0018597
v 0.0076324 -0.0037367 0.0038543
vn -0.9139460 0.4058072 0.0048191
v 0.0077519 -0.0034826 0.0077133
vn -0.9963757 0.0850189 -0.0027077
v 0.0084675 -0.0007423 0.0126655
vn 1.0000000 0.0000000 0.0000000
v 0.0125000 -0.0037122 0.0153457
vn 1.0000000 0.0000000 0.0000000
v 0.0125000 -0.0027507 0.0187295
vn 1.0000000 0.0000000 0.0000000
v 0.0125000 -0.0052077 0.0030428
vn 1.0000000 0.0000000 0.0000000
v 0.0125000 0.0007871 0.0094684
vn 1.0000000 0.0000000 0.0000000
v 0.0125000 -0.0006079 0.0091761
vn 1.0000000 0.0000000 0.0000000
v 0.0125000 0.0002248 0.0063575
vn 1.0000000 0.0000000 0.0000000
v 0.0125000 0.0043270 0.0220080
vn 1.0000000 0.0000000 0.0000000
v 0.0125000 0.0028240 0.0216325
vn 1.0000000 0.0000000 0.0000000
v 0.0125000 0.0032637 0.0189919
vn 1.0000000 0.0000000 0.0000000
v 0.0125000 -0.0045077 0.0208320
vn 0.0000000 1.0000000 0.0000000
v -0.0015948 0.0125000 0.0222663
vn 0.0000000 1.0000000 0.0000000
v -0.0034438 0.0125000 0.0181972
vn 0.0000000 1.0000000 0.0000000
v -0.0043762 0.0125000 0.0217906
vn 0.0000000 1.0000000 0.0000000
v 0.0052547 0.0125000 0.0221415
vn 0.0000000 1.0000000 0.0000000
v 0.0045900 0.0125000 0.0207892
vn 0.0000000 1.0000000 0.0000000
v 0.0007429 0.0125000 0.0091372
vn 0.0000000 1.0000000 0.0000000
v 0.0004651 0.0125000 0.0064049
vn 0.0000000 1.0000000 0.0000000
v -0.0007626 0.0125000 0.0092799
vn 0.0000000 1.0000000 0.0000000
v 0.0041496 0.0125000 0.0152916
vn 0.0000000 1.0000000 0.0000000
v 0.0026742 0.0125000 0.0150656
vn 0.0000000 1.0000000 0.0000000
v 0.0028403 0.0125000 0.0186182
vn 0.0000000 1.0000000 0.0000000
v 0.0051621 0.0125000 0.0030347
vn 0.0000000 1.0000000 0.0000000
v 0.0018970 0.0125000 0.0023042
vn -1.0000000 0.0000000 0.0000000
v -0.0125000 0.0053982 0.0154332
vn -1.0000000 0.0000000 0.0000000
v -0.0125000 0.0052244 0.0031257
vn -1.0000000 0.0000000 0.0000000
v -0.0125000 0.0025024 0.0021421
vn -1.0000000 0.0000000 0.0000000
v -0.0125000 -0.0008623 0.0092254
vn -1.0000000 0.0000000 0.0000000
v -0.0125000 0.0007586 0.0094612
vn -1.0000000 0.0000000 0.0000000
v -0.0125000 -0.0002843 0.0063945
vn -1.0000000 0.0000000 0.0000000
v -0.0125000 -0.0038822 0.0223122
vn -1.0000000 0.0000000 0.0000000
v -0.0125000 -0.0027925 0.0215960
vn -1.0000000 0.0000000 0.0000000
v -0.0125000 -0.0032684 0.0184597
vn -1.0000000 0.0000000 0.0000000
v -0.0125000 0.0041731 0.0216824
vn 0.0000000 -1.0000000 0.0000000
v -0.0054112 -0.0125000 0.0154821
vn 0.0000000 -1.0000000 0.0000000
v -0.0052022 -0.0125000 0.0029482
vn 0.0000000 -1.0000000 0.0000000
v 0.0007766 -0.0125000 0.0094707
vn 0.0000000 -1.0000000 0.0000000
v -0.0008638 -0.0125000 0.0092760
vn 0.0000000 -1.0000000 0.0000000
v 0.0002439 -0.0125000 0.0063838
vn 0.0000000 -1.0000000 0.0000000
v 0.0040636 -0.0125000 0.0219836
vn 0.0000000 -1.0000000 0.0000000
v 0.0027239 -0.0125000 0.0214968
vn 0.0000000 -1.0000000 0.0000000
v 0.0032240 -0.0125000 0.0185425
vn 0.0000000 -1.0000000 0.0000000
v -0.0041568 -0.0125000 0.0216409
vn 0.7407025 0.6718256 -0.0032308
v 0.0125000 0.0070000 0.0218750
vn 0.1772268 0.9841610 0.0042321
v 0.0115287 0.0070868 0.0212965
vn 0.5041118 0.8636347 0.0025440
v 0.0097098 0.0077612 0.0172556
vn 0.8174129 0.5760445 0.0029855
v 0.0079909 0.0093509 0.0148988
vn 0.8701514 0.4927841 -0.0005935
v 0.0077235 0.0097744 0.0172820
vn 0.9168603 0.3992002 0.0025420
v 0.0074654 0.0102889 0.0159691
vn 0.9844736 0.1753772 0.0073860
v 0.0070731 0.0116131 0.0157741
vn 0.6777156 0.7353242 0.0000000
v 0.0070000 0.0125000 0.0031250
vn 0.9850520 0.1722398 0.0024269
v 0.0070806 0.0115641 0.0087358
vn 0.9647717 0.2630484 -0.0046127
v 0.0071975 0.0110418 0.0131265
vn 0.5670294 0.8236730 -0.0063765
v 0.0093934 0.0079625 0.0108940
vn 0.4524764 0.8917755 -0.0012391
v 0.0100195 0.0075923 0.0030798
vn 0.2202227 0.9753744 0.0121137
v 0.0112973 0.0071334 0.0092554
vn -0.7386125 -0.6741303 0.0000000
v -0.0125000 -0.0070000 0.0218750
vn -0.2703832 -0.9627203 0.0079120
v -0.0109806 -0.0072154 0.0162319
vn -0.4243531 -0.9054944 0.0020988
v -0.0101811 -0.0075129 0.0171965
vn -0.9045253 -0.4264201 -0.0000823
v -0.0075171 -0.0101719 0.0154778
vn -0.6745465 -0.7382324 0.0000000
v -0.0070000 -0.0125000 0.0031250
vn -0.9647361 -0.2631347 -0.0066670
v -0.0071990 -0.0110367 0.0086167
vn -0.7115186 -0.7026644 -0.0020214
v -0.0085625 -0.0086615 0.0045916
vn 0.6478828 -0.7616311 0.0128807
v 0.0070000 -0.0125000 0.0218750
vn 0.9634592 -0.2677900 0.0059084
v 0.0072169 -0.0109754 0.0172818
vn 0.9017931 -0.4321647 0.0016837
v 0.0075352 -0.0101353 0.0160308
vn 0.7613391 -0.6483526 -0.0013326
v 0.0083211 -0.0089255 0.0152469
vn 0.3847831 -0.9230008 -0.0033933
v 0.0104217 -0.0074083 0.0151606
vn 0.7368288 -0.6760795 0.0000000
v 0.0125000 -0.0070000 0.0031250
vn 0.3950370 -0.9186652 0.0002010
v 0.0103352 -0.0074451 0.0133132
vn 0.2276262 -0.9737327 0.0055611
v 0.0112878 -0.0071357 0.0120525
vn 0.8826919 -0.4699441 0.0027513
v 0.0076393 -0.0099279 0.0128467
vn 0.9734632 -0.2288392 -0.0013725
v 0.0071439 -0.0112544 0.0086758
vn -0.6692709 0.7429998 -0.0052728
v -0.0070000 0.0125000 0.0218750
vn -0.9716502 0.2364104 -0.0024461
v -0.0071571 0.0112002 0.0170691
vn -0.8960881 0.4438207 -0.0070273
v -0.0075704 0.0100639 0.0162702
vn -0.8712343 0.4908664 0.0010322
v -0.0077238 0.0097739 0.0193456
vn -0.8075524 0.5897878 -0.0030660
v -0.0080496 0.0092704 0.0154930
vn -0.7681115 0.6403015 -0.0043502
v -0.0082817 0.0089710 0.0125736
vn -0.4332789 0.9012522 0.0037345
v -0.0101304 0.0075376 0.0152185
vn -0.1868872 0.9823769 0.0029772
v -0.0115377 0.0070850 0.0154116
vn -0.7446398 0.6674666 0.0000000
v -0.0125000 0.0070000 0.0031250
vn -0.1838255 0.9829565 0.0021720
v -0.0115548 0.0070820 0.0094687
vn -0.4160241 0.9093396 -0.0050510
v -0.0101942 0.0075071 0.0123250
vn -0.4111378 0.9115709 0.0020563
v -0.0102098 0.0075003 0.0096457
vn -0.6039651 0.7970098 -0.0012361
v -0.0091786 0.0081169 0.0098389
vn -0.7445133 0.6675990 0.0033838
v -0.0084205 0.0088121 0.0091468
vn -0.8533131 0.5213985 -0.0004617
v -0.0078109 0.0096280 0.0034680
vn -0.9441587 0.3294821 0.0024230
v -0.0073014 0.0107082 0.0090631
vn -0.9611871 0.2758878 0.0022988
v -0.0072204 0.0109634 0.0025887
vn -0.9889000 0.1485723 -0.0017747
v -0.0070547 0.0117325 0.0091975
vn 0.0000000 0.0000000 1.0000000
v 0.0173416 -0.0030687 0.0000000
vn 0.0000000 0.0000000 1.0000000
v 0.0110248 -0.0173288 0.0000000
vn 0.0000000 0.0000000 1.0000000
v 0.0164663 -0.0136588 0.0000000
vn 0.0000000 0.0000000 1.0000000
v 0.0192047 -0.0162419 0.0000000
vn 0.0000000 0.0000000 1.0000000
v 0.0184438 -0.0149291 0.0000000
vn 0.0000000 0.0000000 1.0000000
v -0.0177119 -0.0139859 0.0000000
vn 0.0000000 0.0000000 1.0000000
v -0.0149116 -0.0186178 0.0000000
vn 0.0000000 0.0000000 1.0000000
v -0.0038480 -0.0191236 0.0000000
vn 0.0000000 0.0000000 1.0000000
v -0.0131171 -0.0185690 0.0000000
vn 0.0000000 0.0000000 1.0000000
v -0.0017108 -0.0160678 0.0000000
vn 0.0000000 0.0000000 1.0000000
v -0.0007111 -0.0149849 0.0000000
vn 0.0000000 0.0000000 1.0000000
v -0.0188670 -0.0097663 0.0000000
vn 0.0000000 0.0000000 1.0000000
v -0.0054721 -0.0141238 0.0000000
vn 0.0000000 0.0000000 1.0000000
v -0.0081799 -0.0161059 0.0000000
vn 0.0000000 0.0000000 1.0000000
v -0.0082848 -0.0137981 0.0000000
vn 0.0000000 0.0000000 1.0000000
v -0.0190724 0.0136991 0.0000000
vn 0.0000000 0.0000000 1.0000000
v -0.0185699 0.0045210 0.0000000
vn 0.0000000 0.0000000 1.0000000
v -0.0146188 0.0187561 0.0000000
vn 0.0000000 0.0000000 1.0000000
v -0.0162051 0.0188992 0.0000000
vn 0.0000000 0.0000000 1.0000000
v -0.0077929 0.0136471 0.0000000
vn 0.0000000 0.0000000 1.0000000
v 0.0136900 0.0190041 0.0000000
vn 0.0000000 0.0000000 1.0000000
v 0.0149522 0.0180979 0.0000000
vn 0.0000000 0.0000000 1.0000000
v 0.0128530 0.0167789 0.0000000
vn 0.0000000 0.0000000 1.0000000
v 0.0136103 0.0177373 0.0000000
vn 0.0000000 0.0000000 1.0000000
v 0.0160571 0.0094904 0.0000000
vn 0.0000000 0.0000000 1.0000000
v 0.0186829 0.0143830 0.0000000
vn 0.0000000 0.0000000 1.0000000
v 0.0070897 0.0137501 0.0000000
vn 0.0000000 0.0000000 1.0000000
v 0.0088888 0.0148504 0.0000000
vn 0.0000000 0.0000000 1.0000000
v 0.0191243 0.0089905 0.0000000
vn 0.0000000 0.0000000 1.0000000
v 0.0189622 0.0155988 0.0000000
vn 0.0000000 0.0000000 1.0000000
v 0.0011485 -0.0164134 0.0000000
vn -0.7071068 0.0000000 0.7071068
v -0.0200000 -0.0125000 0.0000000
vn -0.7071068 0.0000000 0.7071068
v -0.0200000 -0.0025000 0.0000000
vn -1.0000000 0.0000000 0.0000000
v -0.0200000 -0.0122260 -0.0020246
vn -0.7071068 0.0000000 0.7071068
v -0.0200000 0.0025000 0.0000000
vn -1.0000000 0.0000000 0.0000000
v -0.0200000 0.0023905 -0.0008474
vn 0.0000000 0.0000000 -1.0000000
v -0.0127804 -0.0040653 -0.0030000
vn 0.0000000 0.0000000 -1.0000000
v -0.0113880 -0.0029334 -0.0030000
vn 0.0000000 0.0000000 -1.0000000
v -0.0066204 0.0017306 -0.0030000
vn 0.0000000 0.0000000 -1.0000000
v -0.0111397 0.0024161 -0.0030000
vn 0.0000000 0.0000000 -1.0000000
v 0.0038765 -0.0075627 -0.0030000
vn 0.0000000 0.0000000 -1.0000000
v -0.0030902 -0.0118453 -0.0030000
vn 0.0000000 0.0000000 -1.0000000
v 0.0087163 -0.0042349 -0.0030000
vn 0.0000000 0.0000000 -1.0000000
v -0.0108911 0.0071769 -0.0030000
vn 0.0000000 0.0000000 -1.0000000
v 0.0083602 -0.0102979 -0.0030000
vn 0.0000000 0.0000000 -1.0000000
v -0.0167935 0.0107816 -0.0030000
vn 0.0000000 0.0000000 -1.0000000
v 0.0139628 0.0082460 -0.0030000
vn 0.0000000 0.0000000 -1.0000000
v 0.0073841 0.0096994 -0.0030000
vn 0.0000000 0.0000000 -1.0000000
v -0.0054678 0.0102560 -0.0030000
vn 0.0000000 0.0000000 -1.0000000
v -0.0029348 0.0023187 -0.0030000
vn 0.0000000 0.0000000 -1.0000000
v 0.0110980 -0.0069501 -0.0030000
vn 0.0000000 0.0000000 -1.0000000
v -0.0162956 -0.0078410 -0.0030000
vn 0.0000000 0.0000000 -1.0000000
v -0.0028490 -0.0102429 -0.0030000
vn 0.0000000 0.0000000 -1.0000000
v 0.0162479 0.0029987 -0.0030000
vn 0.0000000 0.0000000 -1.0000000
v 0.0092086 0.0031512 -0.0030000
vn 0.0000000 0.0000000 -1.0000000
v 0.0088474 0.0046579 -0.0030000
vn 0.0000000 0.0000000 -1.0000000
v 0.0055711 0.0010332 -0.0030000
vn 0.0000000 0.0000000 -1.0000000
v 0.0015604 0.0068194 -0.0030000
vn 0.0000000 0.0000000 -1.0000000
v -0.0000114 0.0072988 -0.0030000
vn 0.0000000 0.0000000 -1.0000000
v 0.0104660 0.0029270 -0.0030000
vn 0.0000000 0.0000000 -1.0000000
v -0.0052489 -0.0139163 -0.0030000
vn 0.0000000 0.0000000 -1.0000000
v -0.0079929 -0.0162594 -0.0030000
vn 0.0000000 0.0000000 -1.0000000
v -0.0123410 -0.0185733 -0.0030000
vn 0.0000000 0.0000000 -1.0000000
v -0.0027058 -0.0190197 -0.0030000
vn 0.0000000 0.0000000 -1.0000000
v -0.0040285 -0.0185945 -0.0030000
vn 0.0000000 0.0000000 -1.0000000
v -0.0143884 0.0162283 -0.0030000
vn 0.0000000 0.0000000 -1.0000000
v 0.0045436 0.0143745 -0.0030000
vn 0.0000000 0.0000000 -1.0000000
v 0.0069458 0.0148881 -0.0030000
vn 0.0000000 0.0000000 -1.0000000
v -0.0161566 0.0081925 -0.0030000
vn 0.0000000 0.0000000 -1.0000000
v 0.0058316 -0.0045887 -0.0030000
vn 0.0000000 0.0000000 -1.0000000
v -0.0067097 -0.0141879 -0.0030000
vn 0.0000000 0.0000000 -1.0000000
v -0.0000372 0.0163807 -0.0030000
vn 0.0000000 0.0000000 -1.0000000
v 0.0009114 0.0175106 -0.0030000
vn 0.0000000 0.0000000 -1.0000000
v 0.0120594 0.0185563 -0.0030000
vn 0.0000000 0.0000000 -1.0000000
v 0.0017912 0.0186664 -0.0030000
vn 0.0000000 0.0000000 -1.0000000
v 0.0041801 0.0192343 -0.0030000
vn 0.0000000 0.0000000 -1.0000000
v -0.0168580 -0.0134658 -0.0030000
vn 0.0000000 0.0000000 -1.0000000
v -0.0187440 -0.0074177 -0.0030000
vn 0.0000000 0.0000000 -1.0000000
v -0.0189336 -0.0121843 -0.0030000
vn 0.0000000 0.0000000 -1.0000000
v -0.0187799 -0.0090607 -0.0030000
vn 0.0000000 0.0000000 -1.0000000
v -0.0187686 0.0055504 -0.0030000
vn 0.0000000 0.0000000 -1.0000000
v -0.0187775 0.0069580 -0.0030000
vn 0.0000000 0.0000000 -1.0000000
v -0.0073843 -0.0115539 -0.0030000
vn 0.0000000 0.0000000 -1.0000000
v 0.0080508 -0.0067486 -0.0030000
vn 0.0000000 0.0000000 -1.0000000
v 0.0074208 -0.0145413 -0.0030000
vn 0.0000000 0.0000000 -1.0000000
v 0.0066247 -0.0133040 -0.0030000
vn 0.0000000 0.0000000 -1.0000000
v -0.0108568 0.0185865 -0.0030000
vn 0.0000000 0.0000000 -1.0000000
v -0.0102919 0.0162038 -0.0030000
vn 0.0000000 0.0000000 -1.0000000
v 0.0006166 -0.0160005 -0.0030000
vn 0.0000000 0.0000000 -1.0000000
v 0.0173236 0.0097288 -0.0030000
vn 0.0000000 0.0000000 -1.0000000
v 0.0191688 0.0139474 -0.0030000
vn 0.0000000 0.0000000 -1.0000000
v 0.0188637 -0.0103839 -0.0030000
vn 0.0000000 0.0000000 -1.0000000
v 0.0181376 -0.0113948 -0.0030000
vn 0.0000000 0.0000000 -1.0000000
v -0.0176469 -0.0009514 -0.0030000
vn 0.0000000 0.0000000 -1.0000000
v 0.0175181 -0.0065333 -0.0030000
vn 0.0000000 0.0000000 -1.0000000
v 0.0186764 -0.0145537 -0.0030000
vn 0.0000000 0.0000000 -1.0000000
v 0.0034849 -0.0156046 -0.0030000
vn 0.0000000 0.0000000 -1.0000000
v 0.0020978 -0.0153075 -0.0030000
vn 0.0000000 0.0000000 -1.0000000
v 0.0167187 -0.0050213 -0.0030000
vn 0.0000000 -0.7071068 0.7071068
v 0.0125000 -0.0200000 0.0000000
vn 0.0000000 -0.7071067 0.7071068
v 0.0031250 -0.0200000 0.0000000
vn 0.0000000 -1.0000000 0.0000000
v 0.0124543 -0.0200000 -0.0021802
vn 0.0000000 -0.7071068 0.7071068
v -0.0025000 -0.0200000 0.0000000
vn 0.0000000 -1.0000000 0.0000000
v -0.0120792 -0.0200000 -0.0014853
vn 0.7071068 0.0000000 0.7071068
v 0.0200000 0.0125000 0.0000000
vn 0.7071068 0.0000000 0.7071068
v 0.0200000 0.0031250 0.0000000
vn 1.0000000 0.0000000 0.0000000
v 0.0200000 0.0124663 -0.0021395
vn 0.7071068 0.0000000 0.7071068
v 0.0200000 -0.0025000 0.0000000
vn 1.0000000 0.0000000 0.0000000
v 0.0200000 -0.0124789 -0.0013131
vn 0.0000000 0.7071068 0.7071068
v -0.0125000 0.0200000 0.0000000
vn 0.0000000 0.7071068 0.7071068
v -0.0025000 0.0200000 0.0000000
vn 0.0000000 1.0000000 0.0000000
v -0.0122239 0.0200000 -0.0019679
vn 0.0000000 0.7071068 0.7071068
v 0.0025000 0.0200000 0.0000000
vn 0.0000000 1.0000000 0.0000000
v 0.0024917 0.0200000 -0.0008711
vn 0.0000000 0.0000000 1.0000000
v 0.0013869 0.0045162 0.0000000
vn 0.0000000 0.0000000 1.0000000
v 0.0000798 0.0034715 0.0000000
vn 0.0000000 0.0000000 1.0000000
v -0.0013266 0.0025720 0.0000000
vn 0.0000000 0.0000000 1.0000000
v -0.0021825 0.0011791 0.0000000
vn 0.0000000 0.0000000 1.0000000
v -0.0030562 -0.0000287 0.0000000
vn 0.0000000 0.0000000 1.0000000
v -0.0055850 -0.0009637 0.0000000
vn 0.0000000 0.0000000 1.0000000
v -0.0020613 -0.0018358 0.0000000
vn 0.0000000 0.0000000 1.0000000
v -0.0007961 -0.0036533 0.0000000
vn -0.9999857 -0.0002453 -0.0053474
v 0.0084995 -0.0000216 0.0113981
vn -0.9922463 -0.1241942 -0.0048112
v 0.0084290 0.0010942 0.0121449
vn -0.9963548 -0.0853004 0.0009655
v 0.0084680 0.0007352 0.0034865
vn -0.8989471 -0.4380544 0.0016102
v 0.0076414 0.0037185 0.0108978
vn -0.7200400 -0.6939206 0.0040935
v 0.0061240 0.0058917 0.0102742
vn -0.5008258 -0.8655477 -0.0009427
v 0.0042711 0.0073484 0.0120304
vn -0.5328694 -0.8461928 0.0028488
v 0.0045382 0.0071864 0.0035468
vn -0.3973005 -0.9176869 -0.0017750
v 0.0034107 0.0077835 0.0105794
vn 0.1089491 -0.9940446 0.0023613
v -0.0008936 0.0084509 0.0120706
vn 0.4493074 -0.8933771 -0.0004561
v -0.0038271 0.0075878 0.0106630
vn 0.7359385 -0.6770426 0.0028207
v -0.0062376 0.0057731 0.0141620
vn 0.9199848 -0.3919537 0.0005280
v -0.0078235 0.0033198 0.0101876
vn 0.9973074 0.0733348 0.0001810
v -0.0084773 -0.0005939 0.0124776
vn 0.9967757 0.0802274 -0.0013842
v -0.0084702 -0.0007024 0.0105570
vn 0.3729510 0.9278498 -0.0015020
v -0.0031675 -0.0078862 0.0100900
vn -0.0242687 0.9997016 -0.0028123
v 0.0001633 -0.0084964 0.0128044
vn -0.4466187 0.8947244 -0.0001156
v 0.0037950 -0.0076036 0.0106389
vn -0.4695856 0.8828850 0.0018709
v 0.0040078 -0.0074941 0.0030605
vn -0.8905440 0.4548970 -0.0004004
v 0.0075719 -0.0038593 0.0117856
vn -0.8971878 0.4416443 -0.0020988
v 0.0076200 -0.0037619 0.0102616
vn -0.9489872 0.3152998 -0.0030549
v 0.0080553 -0.0027071 0.0106590
vn 0.7071068 0.0000000 0.7071068
v 0.0125000 -0.0017500 0.0250000
vn 0.0000000 0.7071068 0.7071068
v 0.0017500 0.0125000 0.0250000
vn 0.7560534 -0.6545080 -0.0016143
v 0.0125000 -0.0070000 0.0093750
vn 1.0000000 0.0000000 0.0000000
v 0.0125000 -0.0058699 0.0124210
vn 1.0000000 0.0000000 0.0000000
v 0.0125000 0.0025245 0.0157777
vn 1.0000000 0.0000000 0.0000000
v 0.0125000 0.0015154 0.0125723
vn 1.0000000 0.0000000 0.0000000
v 0.0125000 0.0005760 0.0201795
vn 1.0000000 0.0000000 0.0000000
v 0.0125000 -0.0008833 0.0211523
vn 1.0000000 0.0000000 0.0000000
v 0.0125000 -0.0002209 0.0106095
vn 1.0000000 0.0000000 0.0000000
v 0.0125000 0.0058738 0.0098965
vn 0.0000000 1.0000000 0.0000000
v 0.0008610 0.0125000 0.0208293
vn 0.0000000 1.0000000 0.0000000
v -0.0007061 0.0125000 0.0209532
vn 0.0000000 1.0000000 0.0000000
v -0.0017390 0.0125000 0.0123169
vn 0.6720894 0.7404600 -0.0038629
v 0.0070000 0.0125000 0.0093750
vn 0.0000000 1.0000000 0.0000000
v 0.0059202 0.0125000 0.0123546
vn 0.0000000 1.0000000 0.0000000
v -0.0057794 0.0125000 0.0100363
vn -1.0000000 0.0000000 0.0000000
v -0.0125000 -0.0019970 0.0160785
vn -1.0000000 0.0000000 0.0000000
v -0.0125000 -0.0013704 0.0132424
vn -1.0000000 0.0000000 0.0000000
v -0.0125000 -0.0013564 0.0221552
vn -1.0000000 0.0000000 0.0000000
v -0.0125000 0.0011037 0.0213582
vn -1.0000000 0.0000000 0.0000000
v -0.0125000 0.0030422 0.0164973
vn -1.0000000 0.0000000 0.0000000
v -0.0125000 0.0013895 0.0123851
vn -1.0000000 0.0000000 0.0000000
v -0.0125000 -0.0054022 0.0102351
vn 0.0000000 -1.0000000 0.0000000
v 0.0020308 -0.0125000 0.0160772
vn 0.0000000 -1.0000000 0.0000000
v 0.0012787 -0.0125000 0.0132073
vn 0.0000000 -1.0000000 0.0000000
v 0.0013378 -0.0125000 0.0221351
vn 0.0000000 -1.0000000 0.0000000
v -0.0011111 -0.0125000 0.0213642
vn 0.0000000 -1.0000000 0.0000000
v -0.0030488 -0.0125000 0.0165170
vn 0.0000000 -1.0000000 0.0000000
v -0.0014447 -0.0125000 0.0123019
vn 0.0000000 -1.0000000 0.0000000
v 0.0050312 -0.0125000 0.0105673
vn 0.7424683 0.6698617 0.0051162
v 0.0125000 0.0070000 0.0093750
vn 0.6774568 0.7355626 0.0000000
v 0.0070000 0.0125000 0.0156250
vn 0.6624048 0.7491433 0.0020496
v 0.0088497 0.0083875 0.0138051
vn 0.6390671 0.7691411 0.0039085
v 0.0090056 0.0082539 0.0097234
vn 0.4498452 0.8931009 0.0031967
v 0.0100052 0.0075993 0.0094713
vn 0.4368362 0.8995410 -0.0002263
v 0.0101411 0.0075323 0.0143337
vn -0.7461994 -0.6657083 -0.0043531
v -0.0125000 -0.0070000 0.0093750
vn -0.6762204 -0.7366993 0.0000000
v -0.0070000 -0.0125000 0.0156250
vn -0.9585899 -0.2847899 -0.0004699
v -0.0072312 -0.0109263 0.0140016
vn -0.7433317 -0.6689191 -0.0022958
v -0.0084197 -0.0088130 0.0124394
vn -0.7190811 -0.6949160 0.0037662
v -0.0085483 -0.0086764 0.0107425
vn -0.4415209 -0.8972507 0.0007783
v -0.0101316 -0.0075370 0.0087998
vn -0.4469147 -0.8945765 0.0002955
v -0.0100388 -0.0075828 0.0141905
vn -0.5026303 -0.8644972 0.0027116
v -0.0097414 -0.0077421 0.0103365
vn 0.6646354 -0.7471676 -0.0007369
v 0.0070000 -0.0125000 0.0093750
vn 0.7360301 -0.6769488 0.0000000
v 0.0125000 -0.0070000 0.0156250
vn 0.8757071 -0.4828085 0.0057582
v 0.0076498 -0.0099086 0.0112460
vn 0.8962514 -0.4435465 -0.0001696
v 0.0075660 -0.0100728 0.0079454
vn -0.6815153 0.7318040 0.0000000
v -0.0070000 0.0125000 0.0093750
vn -0.7375560 0.6752860 0.0000000
v -0.0125000 0.0070000 0.0156250
vn -0.2813066 0.9596180 -0.0001892
v -0.0109207 0.0072328 0.0109688
vn -0.4756206 0.8796416 0.0039880
v -0.0098960 0.0076567 0.0037128
vn -0.7821333 0.6230932 0.0047490
v -0.0081729 0.0091065 0.0141577
vn -0.8994988 0.4369214 0.0012467
v -0.0075503 0.0101047 0.0131463
vn 0.0000000 0.0000000 1.0000000
v 0.0173097 -0.0189367 0.0000000
vn 0.0000000 0.0000000 1.0000000
v 0.0119246 -0.0186499 0.0000000
vn 0.0000000 0.0000000 1.0000000
v 0.0065387 -0.0136265 0.0000000
vn 0.0000000 0.0000000 1.0000000
v 0.0043159 -0.0186794 0.0000000
vn 0.0000000 -0.7071068 0.7071068
v 0.0075000 -0.0200000 0.0000000
vn 0.0000000 0.0000000 1.0000000
v 0.0058316 -0.0188006 0.0000000
vn 0.0000000 0.0000000 1.0000000
v 0.0141240 -0.0069011 0.0000000
vn 0.0000000 0.0000000 1.0000000
v 0.0180744 -0.0047000 0.0000000
vn 0.0000000 0.0000000 1.0000000
v -0.0191848 -0.0163890 0.0000000
vn 0.0000000 0.0000000 1.0000000
v -0.0051893 -0.0185249 0.0000000
vn 0.0000000 0.0000000 1.0000000
v -0.0192086 -0.0111895 0.0000000
vn 0.0000000 0.0000000 1.0000000
v 0.0001769 -0.0188686 0.0000000
vn 0.0000000 0.0000000 1.0000000
v -0.0187056 -0.0049042 0.0000000
vn -0.7071068 0.0000000 0.7071068
v -0.0200000 -0.0075000 0.0000000
vn 0.0000000 0.0000000 1.0000000
v -0.0028355 -0.0135922 0.0000000
vn 0.0000000 0.0000000 1.0000000
v -0.0148540 -0.0041665 0.0000000
vn 0.0000000 0.0000000 1.0000000
v -0.0176228 -0.0182041 0.0000000
vn 0.0000000 0.0000000 1.0000000
v -0.0040031 -0.0177514 0.0000000
vn 0.0000000 0.0000000 1.0000000
v -0.0177990 0.0187312 0.0000000
vn 0.0000000 0.0000000 1.0000000
v -0.0186477 0.0031309 0.0000000
vn 0.0000000 0.0000000 1.0000000
v -0.0174939 0.0038747 0.0000000
vn 0.0000000 0.0000000 1.0000000
v -0.0054872 0.0179376 0.0000000
vn 0.0000000 0.7071068 0.7071068
v -0.0075000 0.0200000 0.0000000
vn 0.0000000 0.0000000 1.0000000
v -0.0049244 0.0190279 0.0000000
vn 0.0000000 0.0000000 1.0000000
v -0.0042424 0.0176870 0.0000000
vn 0.0000000 0.0000000 1.0000000
v -0.0104155 0.0187121 0.0000000
vn 0.0000000 0.0000000 1.0000000
v -0.0143116 0.0070587 0.0000000
vn 0.0000000 0.0000000 1.0000000
v 0.0050176 0.0189974 0.0000000
vn 0.0000000 0.0000000 1.0000000
v 0.0042863 0.0175992 0.0000000
vn 0.0000000 0.0000000 1.0000000
v 0.0142419 0.0073090 0.0000000
vn 0.0000000 0.0000000 1.0000000
v 0.0141725 0.0060563 0.0000000
vn 0.0000000 0.0000000 1.0000000
v 0.0156499 0.0052537 0.0000000
vn 0.0000000 0.0000000 1.0000000
v 0.0173904 0.0181891 0.0000000
vn 0.0000000 0.0000000 1.0000000
v 0.0185464 0.0039057 0.0000000
vn 0.7071068 0.0000000 0.7071068
v 0.0200000 0.0075000 0.0000000
vn 0.0000000 0.0000000 1.0000000
v 0.0186306 0.0105556 0.0000000
vn 0.0000000 0.0000000 1.0000000
v 0.0190088 0.0118220 0.0000000
vn 0.0000000 0.0000000 1.0000000
v 0.0075714 0.0149932 0.0000000
vn -1.0000000 0.0000000 0.0000000
v -0.0200000 -0.0123539 -0.0008779
vn -0.7071068 0.0000000 0.7071068
v -0.0200000 0.0125000 0.0000000
vn 0.0000000 0.0000000 -1.0000000
v 0.0129332 0.0028033 -0.0030000
vn 0.0000000 0.0000000 -1.0000000
v 0.0125505 -0.0017024 -0.0030000
vn 0.0000000 0.0000000 -1.0000000
v -0.0119471 -0.0074716 -0.0030000
vn 0.0000000 0.0000000 -1.0000000
v 0.0018557 -0.0102832 -0.0030000
vn 0.0000000 0.0000000 -1.0000000
v -0.0030300 -0.0031772 -0.0030000
vn 0.0000000 0.0000000 -1.0000000
v -0.0043653 -0.0031548 -0.0030000
vn 0.0000000 0.0000000 -1.0000000
v -0.0088481 -0.0074513 -0.0030000
vn 0.0000000 0.0000000 -1.0000000
v 0.0142430 -0.0037384 -0.0030000
vn 0.0000000 0.0000000 -1.0000000
v 0.0153544 -0.0023531 -0.0030000
vn 0.0000000 0.0000000 -1.0000000
v -0.0038339 0.0052258 -0.0030000
vn 0.0000000 0.0000000 -1.0000000
v 0.0113454 -0.0054505 -0.0030000
vn 0.0000000 0.0000000 -1.0000000
v 0.0113261 -0.0039912 -0.0030000
vn 0.0000000 0.0000000 -1.0000000
v 0.0072966 -0.0018885 -0.0030000
vn 0.0000000 0.0000000 -1.0000000
v -0.0017557 0.0076892 -0.0030000
vn 0.0000000 0.0000000 -1.0000000
v 0.0021605 0.0034543 -0.0030000
vn 0.0000000 0.0000000 -1.0000000
v -0.0018303 -0.0127484 -0.0030000
vn 0.0000000 0.0000000 -1.0000000
v -0.0025895 0.0128203 -0.0030000
vn 0.0000000 0.0000000 -1.0000000
v -0.0147954 -0.0001946 -0.0030000
vn 0.0000000 0.0000000 -1.0000000
v -0.0164329 0.0050646 -0.0030000
vn 0.0000000 0.0000000 -1.0000000
v -0.0176527 0.0048537 -0.0030000
vn 0.0000000 0.0000000 -1.0000000
v 0.0084705 0.0077874 -0.0030000
vn 0.0000000 0.0000000 -1.0000000
v 0.0036434 0.0029737 -0.0030000
vn 0.0000000 0.0000000 -1.0000000
v 0.0028211 0.0094219 -0.0030000
vn 0.0000000 0.0000000 -1.0000000
v 0.0126683 -0.0031509 -0.0030000
vn 0.0000000 0.0000000 -1.0000000
v 0.0033208 -0.0028859 -0.0030000
vn 0.0000000 0.0000000 -1.0000000
v 0.0076256 -0.0186968 -0.0030000
vn 0.0000000 0.0000000 -1.0000000
v -0.0172986 0.0092155 -0.0030000
vn 0.0000000 0.0000000 -1.0000000
v -0.0030540 -0.0004700 -0.0030000
vn 0.0000000 0.0000000 -1.0000000
v 0.0186537 -0.0186119 -0.0030000
vn 0.0000000 -0.7071068 -0.7071068
v 0.0150000 -0.0200000 -0.0030000
vn 0.0000000 -0.7071068 -0.7071068
v 0.0050000 -0.0200000 -0.0030000
vn 0.0000000 0.0000000 -1.0000000
v -0.0165493 -0.0091160 -0.0030000
vn 0.0000000 0.0000000 -1.0000000
v -0.0187849 -0.0030049 -0.0030000
vn 0.0000000 0.0000000 -1.0000000
v -0.0006644 -0.0152532 -0.0030000
vn 0.0000000 0.7071068 -0.7071068
v -0.0050000 0.0200000 -0.0030000
vn 0.0000000 0.0000000 -1.0000000
v 0.0175224 -0.0036374 -0.0030000
vn 0.0000000 0.0000000 -1.0000000
v 0.0172906 -0.0000642 -0.0030000
vn 0.0000000 0.0000000 -1.0000000
v 0.0168957 -0.0110884 -0.0030000
vn 0.0000000 0.0000000 -1.0000000
v 0.0187833 -0.0075645 -0.0030000
vn 0.0000000 0.0000000 -1.0000000
v 0.0169324 -0.0089808 -0.0030000
vn 0.0000000 0.0000000 -1.0000000
v 0.0169747 -0.0123886 -0.0030000
vn 0.0000000 0.0000000 -1.0000000
v 0.0183707 0.0128133 -0.0030000
vn 0.0000000 0.0000000 -1.0000000
v -0.0178747 -0.0180500 -0.0030000
vn 0.0000000 0.0000000 -1.0000000
v 0.0192067 0.0182837 -0.0030000
vn 0.0000000 0.0000000 -1.0000000
v -0.0078850 0.0176739 -0.0030000
vn 0.0000000 -1.0000000 0.0000000
v 0.0124543 -0.0200000 -0.0008948
vn 0.0000000 -0.7071068 0.7071068
v -0.0125000 -0.0200000 0.0000000
vn 1.0000000 0.0000000 0.0000000
v 0.0200000 0.0124663 -0.0008541
vn 0.7071068 0.0000000 0.7071068
v 0.0200000 -0.0125000 0.0000000
vn 0.0000000 1.0000000 0.0000000
v -0.0123524 0.0200000 -0.0008298
vn 0.0000000 0.7071068 0.7071068
v 0.0125000 0.0200000 0.0000000
vn 0.0000000 0.0000000 1.0000000
v -0.0022686 0.0052738 0.0000000
vn 0.0000000 0.0000000 1.0000000
v -0.0070968 -0.0008125 0.0000000
vn 0.0000000 0.0000000 1.0000000
v -0.0046222 -0.0037087 0.0000000
vn 0.0000000 0.0000000 1.0000000
v 0.0044273 -0.0058416 0.0000000
vn -0.9993156 0.0369693 -0.0013035
v 0.0084934 -0.0003008 0.0201516
vn -0.9839466 0.1784543 0.0018006
v 0.0083616 -0.0015226 0.0195746
vn -0.9449917 0.3270805 0.0030117
v 0.0080344 -0.0027688 0.0190199
vn -0.8564871 0.5161634 -0.0022935
v 0.0072807 -0.0043827 0.0212893
vn -0.8145174 0.5801392 0.0000055
v 0.0069284 -0.0049223 0.0198468
vn -0.7474275 0.6643432 0.0005524
v 0.0063514 -0.0056461 0.0211541
vn -0.6497076 0.7601839 0.0006940
v 0.0055180 -0.0064638 0.0181821
vn -0.7429287 0.6693667 -0.0022629
v 0.0063238 -0.0056776 0.0062693
vn -0.5860664 0.8102561 0.0033475
v 0.0049861 -0.0068816 0.0166606
vn -0.2727662 0.9620742 -0.0034314
v 0.0023386 -0.0081700 0.0196612
vn 0.0755383 0.9971404 0.0022313
v -0.0006482 -0.0084737 0.0203630
vn 0.2307223 0.9730135 0.0034735
v -0.0019622 -0.0082686 0.0196819
vn 0.4931227 0.8699581 0.0017444
v -0.0041724 -0.0074038 0.0200746
vn 0.6234166 0.7818899 0.0002295
v -0.0052451 -0.0066868 0.0207924
vn 0.6926761 0.7212465 0.0018302
v -0.0058673 -0.0061474 0.0031129
vn 0.7271400 0.6864864 -0.0019550
v -0.0061777 -0.0058357 0.0058313
vn 0.8156430 0.5785397 0.0042882
v -0.0069413 -0.0049048 0.0032885
vn 0.8436209 0.5369372 -0.0015336
v -0.0071548 -0.0045880 0.0196055
vn 0.9390863 0.3436781 -0.0015546
v -0.0079814 -0.0029225 0.0198028
vn 0.9818341 -0.1897017 0.0038955
v -0.0083397 0.0016327 0.0205996
vn 0.9317514 -0.3630967 -0.0000201
v -0.0079134 0.0030975 0.0198385
vn 0.7826815 -0.6224218 0.0008566
v -0.0066489 0.0052924 0.0212787
vn 0.6570168 -0.7538733 0.0020478
v -0.0055839 0.0064059 0.0214187
vn 0.6760130 -0.7368889 0.0010582
v -0.0057321 0.0062760 0.0164268
vn 0.7438784 -0.6683145 0.0008830
v -0.0063124 0.0056906 0.0057271
vn 0.5483079 -0.8362756 0.0012982
v -0.0046594 0.0071071 0.0202379
vn 0.2410091 -0.9705200 0.0023729
v -0.0020769 0.0082405 0.0213675
vn 0.0319220 -0.9994767 -0.0052296
v -0.0002223 0.0084952 0.0200347
vn -0.1141080 -0.9934622 -0.0034967
v 0.0009877 0.0084406 0.0212161
vn -0.2502964 -0.9681627 -0.0035828
v 0.0021053 0.0082335 0.0201301
vn -0.4045733 -0.9145036 0.0019258
v 0.0034462 0.0077679 0.0203649
vn -0.3530816 -0.9355926 -0.0002091
v 0.0029862 0.0079567 0.0190004
vn -0.5445824 -0.8387072 -0.0005670
v 0.0046193 0.0071339 0.0206647
vn -0.6221086 -0.7829303 -0.0011188
v 0.0052630 0.0066725 0.0215656
vn -0.6673829 -0.7447053 0.0037610
v 0.0056732 0.0063277 0.0059328
vn -0.7588289 -0.6512899 0.0003840
v 0.0064838 0.0054951 0.0211525
vn -0.7413864 -0.6710752 -0.0021149
v 0.0062809 0.0057265 0.0117177
vn -0.9267647 -0.3756404 -0.0012846
v 0.0078682 0.0032138 0.0203424
vn -0.9713019 -0.2378456 0.0014842
v 0.0082583 0.0020039 0.0197065
vn -0.9938589 -0.1106545 -0.0000131
v 0.0084484 0.0009167 0.0207405
vn -0.9331130 -0.3595828 -0.0006504
v 0.0079283 0.0030591 0.0029262
vn -0.8658708 -0.5002675 0.0004390
v 0.0073506 0.0042675 0.0033603
vn -0.2029773 -0.9791800 -0.0025973
v 0.0017233 0.0083217 0.0025145
vn -0.0567487 -0.9983829 0.0033444
v 0.0005352 0.0084811 0.0035703
vn 0.7402965 -0.6722730 -0.0031995
v -0.0063005 0.0057042 0.0026268
vn 0.8319432 -0.5548552 -0.0025284
v -0.0070442 0.0047536 0.0029321
vn 0.9715548 -0.2368067 -0.0020068
v -0.0082589 0.0020018 0.0032025
vn 0.9977837 -0.0665292 -0.0013228
v -0.0084800 0.0005522 0.0032117
vn 0.9650782 0.2619618 -0.0000440
v -0.0082022 -0.0022280 0.0031001
vn 0.9075036 0.4200404 0.0018408
v -0.0077256 -0.0035423 0.0030662
vn 0.5630307 0.8264246 0.0043376
v -0.0047462 -0.0070491 0.0031897
vn 0.3187540 0.9478320 0.0032112
v -0.0027618 -0.0080367 0.0032398
vn 0.1454535 0.9893647 -0.0008724
v -0.0012856 -0.0084002 0.0030305
vn -0.0550308 0.9984836 -0.0014407
v 0.0004633 -0.0084858 0.0025465
vn -0.7706149 0.6373010 -0.0004134
v 0.0065722 -0.0053879 0.0028689
vn -0.9307530 0.3656400 0.0025067
v 0.0079040 -0.0031216 0.0028113
vn -0.9745328 0.2242449 -0.0004921
v 0.0082789 -0.0019199 0.0030067
vn -0.9974635 0.0711801 -0.0002573
v 0.0084764 -0.0006073 0.0032159
vn 0.0000000 -0.7071068 0.7071068
v -0.0052500 -0.0125000 0.0250000
vn 0.0000000 -0.7071068 0.7071068
v -0.0017500 -0.0125000 0.0250000
vn 0.0000000 -0.7071068 0.7071068
v 0.0017500 -0.0125000 0.0250000
vn 0.0000000 -0.7071068 0.7071068
v 0.0052500 -0.0125000 0.0250000
vn -0.7071068 0.0000000 0.7071068
v -0.0125000 0.0052500 0.0250000
vn -0.7071068 0.0000000 0.7071068
v -0.0125000 0.0017500 0.0250000
vn -0.7071068 0.0000000 0.7071068
v -0.0125000 -0.0017500 0.0250000
vn -0.7071068 0.0000000 0.7071068
v -0.0125000 -0.0052500 0.0250000
vn 0.7071068 0.0000000 0.7071068
v 0.0125000 -0.0052500 0.0250000
vn 0.7071068 0.0000000 0.7071068
v 0.0125000 0.0017500 0.0250000
vn 0.7071068 0.0000000 0.7071068
v 0.0125000 0.0052500 0.0250000
vn 0.0000000 0.7071068 0.7071068
v 0.0052500 0.0125000 0.0250000
vn 0.0000000 0.7071068 0.7071068
v -0.0017500 0.0125000 0.0250000
vn 0.0000000 0.7071068 0.7071068
v -0.0052500 0.0125000 0.0250000
vn 1.0000000 0.0000000 0.0000000
v 0.0125000 -0.0019105 0.0222669
vn 1.0000000 0.0000000 0.0000000
v 0.0125000 -0.0054417 0.0155054
vn 1.0000000 0.0000000 0.0000000
v 0.0125000 -0.0019725 0.0090955
vn 1.0000000 0.0000000 0.0000000
v 0.0125000 -0.0004775 0.0026480
vn 1.0000000 0.0000000 0.0000000
v 0.0125000 0.0002772 0.0036795
vn 1.0000000 0.0000000 0.0000000
v 0.0125000 0.0022318 0.0098299
vn 1.0000000 0.0000000 0.0000000
v 0.0125000 0.0040890 0.0153214
vn 0.0000000 1.0000000 0.0000000
v -0.0042453 0.0125000 0.0157094
vn 0.0000000 1.0000000 0.0000000
v 0.0017715 0.0125000 0.0221296
vn 0.0000000 1.0000000 0.0000000
v 0.0055510 0.0125000 0.0154466
vn 0.0000000 1.0000000 0.0000000
v -0.0020742 0.0125000 0.0093270
vn 0.0000000 1.0000000 0.0000000
v 0.0021739 0.0125000 0.0089939
vn 0.0000000 1.0000000 0.0000000
v 0.0005828 0.0125000 0.0025191
vn 0.0000000 1.0000000 0.0000000
v -0.0009206 0.0125000 0.0028025
vn -0.7370440 0.6758448 0.0000000
v -0.0125000 0.0070000 0.0093750
vn -1.0000000 0.0000000 0.0000000
v -0.0125000 0.0022296 0.0099030
vn -1.0000000 0.0000000 0.0000000
v -0.0125000 0.0010669 0.0025703
vn -1.0000000 0.0000000 0.0000000
v -0.0125000 -0.0023350 0.0097994
vn -1.0000000 0.0000000 0.0000000
v -0.0125000 -0.0034795 0.0154489
vn -0.6658421 -0.7460423 -0.0086698
v -0.0070000 -0.0125000 0.0077881
vn 0.0000000 -1.0000000 0.0000000
v -0.0022814 -0.0125000 0.0100121
vn 0.0000000 -1.0000000 0.0000000
v -0.0007049 -0.0125000 0.0031008
vn 0.0000000 -1.0000000 0.0000000
v 0.0005299 -0.0125000 0.0037217
vn 0.0000000 -1.0000000 0.0000000
v 0.0022308 -0.0125000 0.0098399
vn 0.0000000 -1.0000000 0.0000000
v 0.0037911 -0.0125000 0.0154044
vn 0.3860913 0.9224595 0.0014411
v 0.0104178 0.0074099 0.0215977
vn 0.5924229 0.8056209 -0.0031849
v 0.0092391 0.0080726 0.0220321
vn 0.7746476 0.6323678 -0.0056686
v 0.0082770 0.0089768 0.0225685
vn 0.8497238 0.5272282 0.0002147
v 0.0078243 0.0096058 0.0134315
vn 0.8993537 0.4372173 -0.0019869
v 0.0075487 0.0101079 0.0216202
vn 0.9808047 0.1948731 -0.0068284
v 0.0070947 0.0114889 0.0211050
vn 0.9844346 0.1757480 0.0010862
v 0.0070717 0.0116218 0.0031306
vn 0.9135510 0.4067212 0.0015569
v 0.0074855 0.0102434 0.0025066
vn 0.8275411 0.5614006 0.0022980
v 0.0079204 0.0094564 0.0031589
vn 0.6683833 0.7438112 0.0029623
v 0.0088179 0.0084155 0.0030567
vn 0.2156084 0.9764510 -0.0075154
v 0.0113417 0.0071240 0.0031095
vn -0.1881738 -0.9821340 -0.0018632
v -0.0115094 -0.0070906 0.0217834
vn -0.3932891 -0.9194120 0.0023273
v -0.0103250 -0.0074496 0.0221694
vn -0.5855083 -0.8106652 0.0013809
v -0.0093157 -0.0080164 0.0215172
vn -0.7725278 -0.6349807 0.0006289
v -0.0082582 -0.0090003 0.0207750
vn -0.8946427 -0.4467815 -0.0008707
v -0.0075712 -0.0100622 0.0217032
vn -0.9725823 -0.2325473 -0.0023235
v -0.0071431 -0.0112576 0.0225693
vn -0.9819294 -0.1892465 0.0006127
v -0.0070886 -0.0115198 0.0030943
vn -0.9054307 -0.4244847 0.0028187
v -0.0075249 -0.0101561 0.0030811
vn -0.2642927 -0.9644353 -0.0037269
v -0.0110862 -0.0071850 0.0024261
vn 0.8482549 -0.5294637 0.0114812
v 0.0078055 -0.0096369 0.0220621
vn 0.6271287 -0.7789156 -0.0004137
v 0.0090774 -0.0081963 0.0221821
vn 0.5894128 -0.8078118 0.0057150
v 0.0092757 -0.0080457 0.0129221
vn 0.3874664 -0.9218802 -0.0026210
v 0.0104423 -0.0074003 0.0215360
vn 0.2823935 -0.9592967 0.0019326
v 0.0109521 -0.0072237 0.0200083
vn 0.1956117 -0.9806801 -0.0016275
v 0.0114424 -0.0071040 0.0224843
vn 0.1857612 -0.9825899 0.0031502
v 0.0115637 -0.0070807 0.0028898
vn 0.6617832 -0.7496918 0.0022844
v 0.0088552 -0.0083828 0.0029042
vn -0.9756371 0.2193864 -0.0013736
v -0.0071370 0.0112824 0.0220533
vn -0.8003397 0.5995064 0.0069665
v -0.0080678 0.0092456 0.0218333
vn -0.6663828 0.7456075 0.0018477
v -0.0088175 0.0084158 0.0226495
vn -0.4051306 0.9142541 -0.0029539
v -0.0102782 0.0074702 0.0206894
vn -0.2080662 0.9781104 -0.0029194
v -0.0114107 0.0071103 0.0215800
vn -0.2263032 0.9740565 0.0008723
v -0.0113086 0.0071306 0.0030791
vn -0.6825283 0.7308577 -0.0014720
v -0.0087609 0.0084674 0.0027797
vn 0.0000000 0.0000000 1.0000000
v 0.0016957 -0.0186950 0.0000000
vn 0.0000000 0.0000000 1.0000000
v 0.0020933 -0.0172152 0.0000000
vn 0.0000000 0.0000000 1.0000000
v 0.0096766 -0.0163540 0.0000000
vn 0.0000000 0.0000000 1.0000000
v 0.0133459 -0.0186613 0.0000000
vn 0.0000000 0.0000000 1.0000000
v 0.0187503 0.0007610 0.0000000
vn 0.0000000 0.0000000 1.0000000
v 0.0068486 -0.0175860 0.0000000
vn 0.0000000 0.0000000 1.0000000
v 0.0150368 -0.0092159 0.0000000
vn 0.0000000 0.0000000 1.0000000
v 0.0084088 -0.0176317 0.0000000
vn 0.0000000 0.0000000 1.0000000
v 0.0185324 -0.0120625 0.0000000
vn 0.7071068 0.0000000 0.7071068
v 0.0200000 -0.0175000 0.0000000
vn 0.0000000 0.0000000 1.0000000
v 0.0185160 -0.0061105 0.0000000
vn 0.7071068 0.0000000 0.7071068
v 0.0200000 -0.0075000 0.0000000
vn 0.0000000 0.0000000 1.0000000
v 0.0161087 -0.0099226 0.0000000
vn 0.0000000 -0.7071068 0.7071068
v -0.0175000 -0.0200000 0.0000000
vn 0.0000000 0.0000000 1.0000000
v -0.0115022 -0.0191543 0.0000000
vn 0.0000000 -0.7071068 0.7071068
v -0.0075000 -0.0200000 0.0000000
vn 0.0000000 0.0000000 1.0000000
v -0.0063564 -0.0192286 0.0000000
vn 0.0000000 0.0000000 1.0000000
v -0.0153697 -0.0173925 0.0000000
vn 0.0000000 0.0000000 1.0000000
v -0.0167817 -0.0026990 0.0000000
vn 0.0000000 0.0000000 1.0000000
v -0.0078976 -0.0175456 0.0000000
vn 0.0000000 0.0000000 1.0000000
v -0.0067318 -0.0165368 0.0000000
vn 0.0000000 0.0000000 1.0000000
v -0.0191116 -0.0138227 0.0000000
vn -0.7071068 0.0000000 0.7071068
v -0.0200000 -0.0175000 0.0000000
vn 0.0000000 0.0000000 1.0000000
v -0.0096106 -0.0157366 0.0000000
vn 0.0000000 0.0000000 1.0000000
v -0.0158803 -0.0092739 0.0000000
vn 0.0000000 0.0000000 1.0000000
v -0.0164909 -0.0065974 0.0000000
vn 0.0000000 0.0000000 1.0000000
v -0.0165260 -0.0108696 0.0000000
vn -0.7071068 0.0000000 0.7071068
v -0.0200000 0.0175000 0.0000000
vn 0.0000000 0.0000000 1.0000000
v -0.0190362 0.0161556 0.0000000
vn 0.0000000 0.0000000 1.0000000
v -0.0181827 0.0112346 0.0000000
vn -0.7071068 0.0000000 0.7071068
v -0.0200000 0.0075000 0.0000000
vn 0.0000000 0.0000000 1.0000000
v -0.0063850 0.0158382 0.0000000
vn 0.0000000 0.0000000 1.0000000
v -0.0109221 0.0172471 0.0000000
vn 0.0000000 0.0000000 1.0000000
v -0.0171281 0.0122635 0.0000000
vn 0.0000000 0.0000000 1.0000000
v -0.0160912 0.0099991 0.0000000
vn 0.0000000 0.0000000 1.0000000
v -0.0174756 0.0072073 0.0000000
vn 0.0000000 0.0000000 1.0000000
v -0.0191654 0.0000183 0.0000000
vn 0.0000000 0.0000000 1.0000000
v -0.0087450 0.0148646 0.0000000
vn 0.0000000 0.7071068 0.7071068
v -0.0175000 0.0200000 0.0000000
vn 0.0000000 0.0000000 1.0000000
v -0.0097791 0.0160792 0.0000000
vn 0.0000000 0.7071068 0.7071068
v 0.0175000 0.0200000 0.0000000
vn 0.0000000 0.0000000 1.0000000
v 0.0162324 0.0190110 0.0000000
vn 0.0000000 0.0000000 1.0000000
v 0.0110440 0.0191154 0.0000000
vn 0.0000000 0.7071067 0.7071068
v 0.0075000 0.0200000 0.0000000
vn 0.0000000 0.0000000 1.0000000
v 0.0067104 0.0188469 0.0000000
vn 0.0000000 0.0000000 1.0000000
v 0.0074673 0.0175784 0.0000000
vn 0.0000000 0.0000000 1.0000000
v 0.0173160 0.0030595 0.0000000
vn 0.0000000 0.0000000 1.0000000
v 0.0115068 0.0166883 0.0000000
vn 0.0000000 0.0000000 1.0000000
v 0.0168500 0.0106614 0.0000000
vn 0.0000000 0.0000000 1.0000000
v 0.0067371 0.0163190 0.0000000
vn 0.7071068 0.0000000 0.7071068
v 0.0200000 0.0175000 0.0000000
vn -1.0000000 0.0000000 0.0000000
v -0.0200000 -0.0173387 -0.0020648
vn -1.0000000 0.0000000 0.0000000
v -0.0200000 -0.0174325 -0.0007769
vn -1.0000000 0.0000000 0.0000000
v -0.0200000 0.0080675 -0.0014979
vn -1.0000000 0.0000000 0.0000000
v -0.0200000 0.0024692 -0.0021293
vn -0.7071068 0.0000000 -0.7071068
v -0.0200000 0.0150000 -0.0030000
vn -0.7071068 0.0000000 -0.7071068
v -0.0200000 0.0050000 -0.0030000
vn -1.0000000 0.0000000 0.0000000
v -0.0200000 -0.0071338 -0.0015023
vn -0.7071068 0.0000000 -0.7071068
v -0.0200000 -0.0050000 -0.0030000
vn 0.0000000 0.0000000 -1.0000000
v 0.0112901 0.0066088 -0.0030000
vn 0.0000000 0.0000000 -1.0000000
v -0.0135142 -0.0067114 -0.0030000
vn 0.0000000 0.0000000 -1.0000000
v 0.0139725 0.0066960 -0.0030000
vn 0.0000000 0.0000000 -1.0000000
v -0.0014915 -0.0031733 -0.0030000
vn 0.0000000 0.0000000 -1.0000000
v 0.0061771 -0.0091219 -0.0030000
vn 0.0000000 0.0000000 -1.0000000
v 0.0145133 0.0028489 -0.0030000
vn 0.0000000 0.0000000 -1.0000000
v -0.0059356 0.0129103 -0.0030000
vn 0.0000000 0.0000000 -1.0000000
v 0.0023738 0.0131267 -0.0030000
vn 0.0000000 0.0000000 -1.0000000
v 0.0154743 0.0073943 -0.0030000
vn 0.0000000 0.0000000 -1.0000000
v 0.0060418 -0.0007672 -0.0030000
vn 0.0000000 0.0000000 -1.0000000
v -0.0080565 0.0138556 -0.0030000
vn 0.0000000 0.0000000 -1.0000000
v -0.0018410 0.0140732 -0.0030000
vn 0.0000000 0.0000000 -1.0000000
v -0.0173784 0.0005040 -0.0030000
vn 0.0000000 0.0000000 -1.0000000
v -0.0174880 0.0076396 -0.0030000
vn 0.0000000 0.0000000 -1.0000000
v 0.0098443 0.0015715 -0.0030000
vn 0.0000000 0.0000000 -1.0000000
v -0.0078445 -0.0130329 -0.0030000
vn 0.0000000 -0.7071068 -0.7071068
v -0.0050000 -0.0200000 -0.0030000
vn 0.0000000 -0.7071068 -0.7071068
v -0.0150000 -0.0200000 -0.0030000
vn 0.0000000 0.0000000 -1.0000000
v 0.0017033 -0.0030885 -0.0030000
vn 0.0000000 0.0000000 -1.0000000
v 0.0071201 -0.0078570 -0.0030000
vn 0.0000000 0.0000000 -1.0000000
v 0.0071440 0.0133737 -0.0030000
vn 0.0000000 0.0000000 -1.0000000
v 0.0028358 0.0157989 -0.0030000
vn 0.0000000 0.7071068 -0.7071068
v 0.0050000 0.0200000 -0.0030000
vn 0.0000000 0.0000000 -1.0000000
v 0.0090326 0.0187300 -0.0030000
vn 0.0000000 0.7071068 -0.7071068
v 0.0150000 0.0200000 -0.0030000
vn 0.0000000 0.0000000 -1.0000000
v -0.0186723 -0.0044307 -0.0030000
vn 0.0000000 0.0000000 -1.0000000
v 0.0013246 -0.0189795 -0.0030000
vn 0.0000000 0.0000000 -1.0000000
v -0.0140118 0.0185892 -0.0030000
vn 0.0000000 0.7071068 -0.7071068
v -0.0150000 0.0200000 -0.0030000
vn 0.0000000 0.0000000 -1.0000000
v 0.0081457 0.0160306 -0.0030000
vn 0.0000000 0.0000000 -1.0000000
v 0.0189931 0.0044314 -0.0030000
vn 0.7071068 0.0000000 -0.7071068
v 0.0200000 0.0150000 -0.0030000
vn 0.7071068 0.0000000 -0.7071068
v 0.0200000 0.0050000 -0.0030000
vn 0.0000000 0.0000000 -1.0000000
v 0.0189285 -0.0061859 -0.0030000
vn 0.7071068 0.0000000 -0.7071068
v 0.0200000 -0.0050000 -0.0030000
vn 0.7071068 0.0000000 -0.7071068
v 0.0200000 -0.0150000 -0.0030000
vn 0.0000000 0.0000000 -1.0000000
v -0.0058106 -0.0151218 -0.0030000
vn 0.0000000 0.0000000 -1.0000000
v 0.0159757 -0.0036728 -0.0030000
vn 0.0000000 0.0000000 -1.0000000
v 0.0052666 0.0166493 -0.0030000
vn 0.0000000 -1.0000000 0.0000000
v 0.0172464 -0.0200000 -0.0015176
vn 0.0000000 -1.0000000 0.0000000
v 0.0078543 -0.0200000 -0.0014930
vn 0.0000000 -1.0000000 0.0000000
v -0.0076714 -0.0200000 -0.0014326
vn 1.0000000 0.0000000 0.0000000
v 0.0200000 0.0174877 -0.0021680
vn 1.0000000 0.0000000 0.0000000
v 0.0200000 0.0175980 -0.0008817
vn 1.0000000 0.0000000 0.0000000
v 0.0200000 0.0077288 -0.0006223
vn 1.0000000 0.0000000 0.0000000
v 0.0200000 -0.0077220 -0.0014546
vn 1.0000000 0.0000000 0.0000000
v 0.0200000 -0.0028628 -0.0017390
vn 0.0000000 1.0000000 0.0000000
v -0.0175775 0.0200000 -0.0021654
vn 0.0000000 1.0000000 0.0000000
v -0.0175158 0.0200000 -0.0008791
vn 0.0000000 1.0000000 0.0000000
v -0.0075611 0.0200000 -0.0008144
vn 0.0000000 1.0000000 0.0000000
v 0.0076029 0.0200000 -0.0012781
vn 0.0000000 1.0000000 0.0000000
v 0.0024972 0.0200000 -0.0021537
vn 0.0000000 1.0000000 0.0000000
v -0.0075612 0.0200000 -0.0021006
vn -0.7981410 -0.6024654 -0.0025416
v 0.0067991 0.0050987 0.0023451
vn -1.0000000 0.0000000 0.0000000
v -0.0125000 0.0006067 0.0175371
vn 0.0000000 -1.0000000 0.0000000
v -0.0006078 -0.0125000 0.0175396
vn 0.0000000 0.0000000 -1.0000000
v 0.0127661 -0.0073081 -0.0030000
vn 0.0000000 0.0000000 -1.0000000
v -0.0049971 -0.0069624 -0.0030000
vn 0.0000000 0.0000000 -1.0000000
v 0.0085947 -0.0011035 -0.0030000
vn 0.0000000 0.0000000 -1.0000000
v 0.0099238 -0.0017946 -0.0030000
vn 0.0000000 0.0000000 -1.0000000
v 0.0102325 -0.0082689 -0.0030000
vn 0.0000000 0.0000000 -1.0000000
v -0.0027094 0.0063175 -0.0030000
vn 0.0000000 0.0000000 -1.0000000
v 0.0053662 0.0066805 -0.0030000
vn 0.0000000 0.0000000 -1.0000000
v -0.0113101 -0.0177051 -0.0030000
vn 0.0000000 0.0000000 -1.0000000
v 0.0043893 -0.0188748 -0.0030000
vn 0.0000000 0.0000000 -1.0000000
v -0.0188531 -0.0015261 -0.0030000
vn 0.0000000 0.0000000 -1.0000000
v -0.0082457 -0.0146393 -0.0030000
vn -0.5149526 0.8571371 0.0118212
v -0.0107856 0.0096812 -0.0013151
vn 0.9135749 -0.4066382 -0.0051305
v 0.0095198 -0.0110838 -0.0009214
vn 0.9440171 0.3296826 0.0118815
v 0.0093854 0.0114115 -0.0019492
vn 0.0000000 0.0000000 1.0000000
v 0.0051420 0.0018616 0.0000000
vn 0.0000000 0.0000000 1.0000000
v -0.0037017 -0.0061040 0.0000000
vn -0.7349995 0.6780607 0.0030736
v 0.0062427 -0.0057678 0.0167992
vn 0.6407308 0.7677561 -0.0038407
v -0.0054839 -0.0064937 0.0161221
vn 0.7846542 -0.6199337 -0.0002928
v -0.0066617 0.0052764 0.0169103
vn 0.6842352 -0.7292614 -0.0002715
v -0.0058406 0.0061730 0.0118826
vn -0.6742408 -0.7385116 -0.0001367
v 0.0057295 0.0062783 0.0167673
vn -0.2612705 -0.9652649 -0.0012355
v 0.0021609 0.0082199 0.0134163
vn 0.1269629 -0.9919069 -0.0010850
v -0.0011118 0.0084269 0.0147798
vn 0.9250681 -0.3797943 -0.0022839
v -0.0078730 0.0032013 0.0132820
vn -0.9218197 0.3876187 -0.0004318
v 0.0078370 -0.0032891 0.0131679
vn -0.9690666 0.2467992 -0.0002825
v 0.0082217 -0.0021537 0.0136842
vn -0.9970403 0.0768796 0.0005664
v 0.0084713 -0.0006846 0.0142626
vn 1.0000000 0.0000000 0.0000000
v 0.0125000 -0.0030959 0.0171697
vn 1.0000000 0.0000000 0.0000000
v 0.0125000 0.0003921 0.0080271
vn 0.0000000 1.0000000 0.0000000
v -0.0001502 0.0125000 0.0078637
vn 0.0000000 1.0000000 0.0000000
v 0.0031064 0.0125000 0.0168255
vn -1.0000000 0.0000000 0.0000000
v -0.0125000 0.0002418 0.0079573
vn -1.0000000 0.0000000 0.0000000
v -0.0125000 -0.0030120 0.0200459
vn -1.0000000 0.0000000 0.0000000
v -0.0125000 0.0034970 0.0204093
vn 0.0000000 -1.0000000 0.0000000
v 0.0003152 -0.0125000 0.0080602
vn 0.0000000 -1.0000000 0.0000000
v 0.0028795 -0.0125000 0.0200184
vn 0.0000000 -1.0000000 0.0000000
v 0.0037950 -0.0125000 0.0207740
vn 0.0000000 -1.0000000 0.0000000
v -0.0034809 -0.0125000 0.0204022
vn 0.8765829 0.4812447 -0.0024571
v 0.0076764 0.0098602 0.0119406
vn 0.7060942 0.7081050 -0.0042804
v 0.0086000 0.0086224 0.0122180
vn 0.4594995 0.8881721 -0.0032524
v 0.0100039 0.0076000 0.0124317
vn 0.2053673 0.9786598 -0.0070232
v 0.0114212 0.0071082 0.0117193
vn -0.8820832 -0.4710863 -0.0026423
v -0.0076431 -0.0099210 0.0234974
vn -0.9665659 -0.2564183 -0.0000048
v -0.0071881 -0.0110742 0.0102736
vn 0.7303276 -0.6830182 0.0103826
v 0.0084955 -0.0087315 0.0120531
vn 0.9715676 -0.2367597 -0.0011036
v 0.0071535 -0.0112150 0.0103203
vn -0.2185320 0.9758251 -0.0030427
v -0.0114033 0.0071117 0.0230241
vn -0.6148823 0.7886168 -0.0017908
v -0.0091226 0.0081600 0.0120819
vn -0.9519225 0.3061921 0.0094908
v -0.0072859 0.0107537 0.0012297
vn 0.0000000 0.0000000 1.0000000
v -0.0143256 -0.0016878 0.0000000
vn -0.7071068 0.0000000 0.7071068
v -0.0200000 -0.0112500 0.0000000
vn -0.7071068 0.0000000 0.7071068
v -0.0200000 -0.0012500 0.0000000
vn -0.7071068 0.0000000 0.7071068
v -0.0200000 0.0006250 0.0000000
vn 0.0000000 0.0000000 -1.0000000
v 0.0126318 0.0059277 -0.0030000
vn 0.0000000 0.0000000 -1.0000000
v 0.0127108 0.0011843 -0.0030000
vn 0.0000000 0.0000000 -1.0000000
v 0.0082831 0.0106462 -0.0030000
vn 0.0000000 0.0000000 -1.0000000
v -0.0096843 0.0013341 -0.0030000
vn 0.0000000 0.0000000 -1.0000000
v 0.0028767 -0.0089320 -0.0030000
vn 0.0000000 0.0000000 -1.0000000
v -0.0083904 -0.0042260 -0.0030000
vn 0.0000000 0.0000000 -1.0000000
v -0.0082616 0.0071727 -0.0030000
vn 0.0000000 0.0000000 -1.0000000
v 0.0013011 0.0086801 -0.0030000
vn 0.0000000 0.0000000 -1.0000000
v -0.0096528 0.0048125 -0.0030000
vn 0.0000000 0.0000000 -1.0000000
v 0.0023557 0.0172354 -0.0030000
vn 0.0000000 0.0000000 -1.0000000
v -0.0186037 -0.0107410 -0.0030000
vn 0.0000000 0.0000000 -1.0000000
v 0.0016341 -0.0166651 -0.0030000
vn 0.0000000 0.0000000 -1.0000000
v 0.0189151 0.0116651 -0.0030000
vn 0.0000000 -0.7071068 0.7071068
v 0.0112500 -0.0200000 0.0000000
vn 0.0000000 -0.7071068 0.7071068
v 0.0012500 -0.0200000 0.0000000
vn 0.0000000 -0.7071068 0.7071068
v -0.0012500 -0.0200000 0.0000000
vn 0.7071068 0.0000000 0.7071068
v 0.0200000 0.0112500 0.0000000
vn 0.7071068 0.0000000 0.7071068
v 0.0200000 0.0012500 0.0000000
vn 0.7071068 0.0000000 0.7071068
v 0.0200000 -0.0012500 0.0000000
vn 0.0000000 0.7071068 0.7071068
v -0.0112500 0.0200000 0.0000000
vn 0.0000000 0.7071068 0.7071068
v -0.0012500 0.0200000 0.0000000
vn 0.0000000 0.7071068 0.7071068
v 0.0012500 0.0200000 0.0000000
vn 0.6259159 -0.2124078 0.7504081
v 0.0093668 0.0135338 0.0000000
vn 0.0000000 0.0000000 1.0000000
v -0.0028095 0.0024080 0.0000000
vn -0.9923263 -0.1236416 -0.0011457
v 0.0084305 0.0010805 0.0048281
vn -0.5334783 -0.8458104 -0.0023897
v 0.0045294 0.0071917 0.0078249
vn -0.3848138 -0.9229941 -0.0005113
v 0.0032833 0.0078396 0.0078394
vn -0.3138027 -0.9494881 -0.0005132
v 0.0026800 0.0080645 0.0092228
vn -0.1462139 -0.9892524 0.0010830
v 0.0012229 0.0084098 0.0093334
vn 0.1603505 -0.9870581 -0.0020162
v -0.0013690 0.0083873 0.0071998
vn 0.3699937 -0.9290320 -0.0020696
v -0.0031524 0.0078920 0.0045494
vn 0.5693886 -0.8220685 0.0001345
v -0.0048179 0.0070012 0.0094493
vn 0.8378919 -0.5458300 0.0026209
v -0.0071420 0.0046071 0.0096437
vn 0.8297843 -0.5580764 -0.0029339
v -0.0070735 0.0047098 0.0081126
vn 0.9122286 -0.4096809 -0.0006690
v -0.0077603 0.0034634 0.0086950
vn 0.9611068 -0.2761756 -0.0008519
v -0.0081691 0.0023414 0.0077159
vn 0.9666516 -0.2560943 -0.0006032
v -0.0082184 0.0021672 0.0092308
vn 0.9954283 -0.0954903 -0.0020424
v -0.0084574 0.0008345 0.0098259
vn 0.9922360 -0.1243659 -0.0010026
v -0.0084339 0.0010490 0.0082276
vn 0.9937252 0.1118480 -0.0004683
v -0.0084524 -0.0008804 0.0060674
vn 0.9994316 0.0336738 -0.0016615
v -0.0084938 -0.0002836 0.0087475
vn 0.9877066 0.1563158 0.0010219
v -0.0083966 -0.0013088 0.0075620
vn 0.9808868 0.1945794 0.0002364
v -0.0083355 -0.0016540 0.0091143
vn 0.8811172 0.4728940 0.0019562
v -0.0074910 -0.0040134 0.0043248
vn 0.8575175 0.5144324 -0.0048032
v -0.0073132 -0.0043291 0.0095632
vn 0.6117486 0.7910519 -0.0007743
v -0.0051560 -0.0067570 0.0096258
vn 0.4911272 0.8710878 0.0003158
v -0.0041899 -0.0073942 0.0091058
vn 0.5000129 0.8660179 0.0001660
v -0.0042392 -0.0073671 0.0057931
vn 0.3615510 0.9323521 0.0007145
v -0.0030883 -0.0079170 0.0083822
vn 0.1032530 0.9946550 -0.0005344
v -0.0008726 -0.0084532 0.0087183
vn -0.1321271 0.9912323 0.0010210
v 0.0011292 -0.0084242 0.0076758
vn -0.0442268 0.9990194 -0.0020679
v 0.0003530 -0.0084923 0.0089577
vn -0.4795182 0.8775319 0.0001756
v 0.0040916 -0.0074481 0.0047431
vn -0.5222858 0.8527703 0.0006010
v 0.0044324 -0.0072505 0.0091196
vn -0.8296138 0.5583284 0.0032055
v 0.0070546 -0.0047380 0.0076651
vn -0.8905793 0.4547526 -0.0082720
v 0.0075687 -0.0038659 0.0051295
vn -0.9373467 0.3483858 0.0029339
v 0.0079542 -0.0029926 0.0091602
vn -0.9809608 0.1942056 0.0001885
v 0.0083376 -0.0016432 0.0095048
vn 1.0000000 0.0000000 0.0000000
v 0.0125000 0.0018801 0.0141524
vn 1.0000000 0.0000000 0.0000000
v 0.0125000 0.0048435 0.0105336
vn 1.0000000 0.0000000 0.0000000
v 0.0125000 0.0057637 0.0114917
vn 0.0000000 1.0000000 0.0000000
v -0.0044968 0.0125000 0.0107736
vn 0.0000000 1.0000000 0.0000000
v -0.0057582 0.0125000 0.0116220
vn -1.0000000 0.0000000 0.0000000
v -0.0125000 0.0059682 0.0077931
vn -1.0000000 0.0000000 0.0000000
v -0.0125000 0.0044008 0.0076244
vn -1.0000000 0.0000000 0.0000000
v -0.0125000 0.0005641 0.0200808
vn -1.0000000 0.0000000 0.0000000
v -0.0125000 -0.0006366 0.0199643
vn -1.0000000 0.0000000 0.0000000
v -0.0125000 0.0018308 0.0137450
vn -1.0000000 0.0000000 0.0000000
v -0.0125000 -0.0056812 0.0119216
vn 0.0000000 -1.0000000 0.0000000
v -0.0005696 -0.0125000 0.0200825
vn 0.0000000 -1.0000000 0.0000000
v 0.0006227 -0.0125000 0.0199633
vn 0.0000000 -1.0000000 0.0000000
v -0.0018921 -0.0125000 0.0137090
vn 0.0000000 -1.0000000 0.0000000
v 0.0057560 -0.0125000 0.0115508
vn 0.9770865 0.2127886 -0.0047935
v 0.0071223 0.0113501 0.0099920
vn 0.9476222 0.3193558 0.0049185
v 0.0073027 0.0107043 0.0145936
vn 0.3515539 0.9361629 -0.0029801
v 0.0106077 0.0073361 0.0107006
vn 0.3040287 0.9526626 -0.0006354
v 0.0107831 0.0072759 0.0046207
vn -0.8527510 -0.5223035 -0.0038590
v -0.0078097 -0.0096299 0.0042301
vn -0.8696327 -0.4936986 0.0008498
v -0.0077010 -0.0098154 0.0111967
vn -0.2869431 -0.9579462 0.0016314
v -0.0109075 -0.0072367 0.0072785
vn -0.2723297 -0.9621983 0.0033156
v -0.0110186 -0.0072043 0.0040353
vn 0.2435670 -0.9698766 0.0038039
v 0.0111484 -0.0071698 0.0104732
vn 0.8839062 -0.4676072 -0.0073027
v 0.0076121 -0.0099793 0.0096113
vn 0.7656496 -0.6432576 0.0006615
v 0.0083012 -0.0089482 0.0072446
vn -0.9631454 0.2689156 -0.0059580
v -0.0072118 0.0109929 0.0104528
vn -0.9683464 0.2495145 0.0069114
v -0.0071674 0.0111584 0.0075483
vn 0.0000000 0.0000000 1.0000000
v -0.0027883 -0.0169950 0.0000000
vn 0.0000000 0.0000000 1.0000000
v -0.0033642 0.0148647 0.0000000
vn -1.0000000 0.0000000 0.0000000
v -0.0200000 -0.0108671 -0.0014722
vn -0.7071068 0.0000000 0.7071068
v -0.0200000 0.0137500 0.0000000
vn 0.0000000 0.0000000 -1.0000000
v -0.0039560 -0.0045822 -0.0030000
vn 0.0000000 0.0000000 -1.0000000
v -0.0014645 -0.0058201 -0.0030000
vn 0.0000000 0.0000000 -1.0000000
v -0.0078562 -0.0086728 -0.0030000
vn 0.0000000 0.0000000 -1.0000000
v -0.0152672 0.0039196 -0.0030000
vn 0.0000000 0.0000000 -1.0000000
v -0.0150684 0.0054953 -0.0030000
vn 0.0000000 0.0000000 -1.0000000
v 0.0112711 -0.0025016 -0.0030000
vn 0.0000000 0.0000000 -1.0000000
v -0.0004669 0.0088822 -0.0030000
vn 0.0000000 0.0000000 -1.0000000
v -0.0055563 0.0072124 -0.0030000
vn 0.0000000 0.0000000 -1.0000000
v -0.0011502 0.0060821 -0.0030000
vn 0.0000000 0.0000000 -1.0000000
v 0.0009677 0.0024605 -0.0030000
vn 0.0000000 0.0000000 -1.0000000
v -0.0162716 0.0066029 -0.0030000
vn 0.0000000 0.0000000 -1.0000000
v 0.0071574 0.0084981 -0.0030000
vn 0.0000000 0.0000000 -1.0000000
v 0.0085318 0.0092693 -0.0030000
vn 0.0000000 0.0000000 -1.0000000
v 0.0043430 0.0090805 -0.0030000
vn 0.0000000 0.0000000 -1.0000000
v -0.0069119 -0.0173902 -0.0030000
vn 0.0000000 0.0000000 -1.0000000
v 0.0063291 0.0177613 -0.0030000
vn 0.0000000 0.0000000 -1.0000000
v -0.0172796 -0.0036099 -0.0030000
vn 0.0000000 0.0000000 -1.0000000
v 0.0091544 -0.0186534 -0.0030000
vn 0.0000000 0.0000000 -1.0000000
v -0.0041936 0.0191136 -0.0030000
vn 0.0000000 0.0000000 -1.0000000
v -0.0081186 0.0189557 -0.0030000
vn 0.0000000 0.0000000 -1.0000000
v 0.0177679 0.0038285 -0.0030000
vn 0.0000000 0.0000000 -1.0000000
v -0.0032310 -0.0157258 -0.0030000
vn 0.0000000 0.0000000 -1.0000000
v -0.0009945 0.0152582 -0.0030000
vn 0.0000000 0.0000000 -1.0000000
v 0.0162982 0.0106898 -0.0030000
vn 0.0000000 0.0000000 -1.0000000
v -0.0063806 0.0172660 -0.0030000
vn 0.0000000 -1.0000000 0.0000000
v 0.0109267 -0.0200000 -0.0015074
vn 0.0000000 -1.0000000 0.0000000
v 0.0045478 -0.0200000 -0.0010127
vn 0.0000000 -0.7071068 0.7071068
v -0.0143750 -0.0200000 0.0000000
vn 1.0000000 0.0000000 0.0000000
v 0.0200000 0.0108927 -0.0015032
vn 1.0000000 0.0000000 0.0000000
v 0.0200000 0.0038766 -0.0017040
vn 0.7071068 0.0000000 0.7071068
v 0.0200000 -0.0137500 0.0000000
vn 0.0000000 1.0000000 0.0000000
v -0.0108790 0.0200000 -0.0014785
vn 0.0000000 1.0000000 0.0000000
v -0.0037039 0.0200000 -0.0009051
vn 0.0000000 1.0000000 0.0000000
v -0.0037026 0.0200000 -0.0021911
vn 0.0000000 0.7071068 0.7071068
v 0.0137500 0.0200000 0.0000000
vn -0.9998849 0.0149694 -0.0024912
v 0.0084976 -0.0001098 0.0214598
vn -0.9009602 0.4338946 0.0024751
v 0.0076657 -0.0036692 0.0228269
vn -0.5954349 0.8033990 0.0026957
v 0.0050630 -0.0068252 0.0041358
vn -0.4930660 0.8699874 -0.0028024
v 0.0041649 -0.0074079 0.0150253
vn -0.5292625 0.8484579 0.0007510
v 0.0045161 -0.0071997 0.0224856
vn -0.6077673 0.7941141 0.0013711
v 0.0051965 -0.0067259 0.0210321
vn -0.5589125 0.8292183 -0.0037403
v 0.0047290 -0.0070606 0.0195253
vn -0.5010516 0.8654117 0.0031557
v 0.0042540 -0.0073588 0.0180883
vn -0.3601465 0.9328896 0.0034056
v 0.0030510 -0.0079315 0.0225407
vn -0.0432457 0.9990623 0.0020891
v 0.0003644 -0.0084920 0.0229640
vn -0.0642999 0.9979282 0.0022335
v 0.0005308 -0.0084814 0.0216540
vn 0.0918213 0.9957653 0.0045194
v -0.0007714 -0.0084643 0.0224737
vn 0.3858196 0.9225741 0.0005113
v -0.0032769 -0.0078424 0.0223808
vn 0.4863936 0.8737398 0.0002232
v -0.0040993 -0.0074439 0.0212822
vn 0.6670332 0.7450237 0.0025497
v -0.0057402 -0.0062689 0.0177077
vn 0.5465258 0.8374414 0.0012436
v -0.0046386 -0.0071210 0.0224954
vn 0.8541300 0.5200565 0.0018177
v -0.0072674 -0.0044046 0.0169742
vn 0.8917595 0.4525086 0.0010395
v -0.0075912 -0.0038202 0.0227552
vn 0.8767238 0.4809874 0.0025674
v -0.0074473 -0.0040931 0.0212439
vn 0.9499466 0.3124035 0.0023342
v -0.0080705 -0.0026625 0.0216731
vn 0.9996595 -0.0260932 0.0001507
v -0.0084945 0.0002512 0.0214668
vn 0.9809415 -0.1942972 -0.0015398
v -0.0083308 0.0016776 0.0222178
vn 0.8745084 -0.4850086 0.0013025
v -0.0074342 0.0041170 0.0174386
vn 0.7981694 -0.6024290 -0.0022207
v -0.0068035 0.0050926 0.0184242
vn 0.8363126 -0.5482503 -0.0016927
v -0.0071175 0.0046439 0.0198581
vn 0.5947611 -0.8039021 0.0008211
v -0.0050464 0.0068374 0.0228293
vn 0.7042335 -0.7099681 -0.0006953
v -0.0059851 0.0060347 0.0196636
vn 0.5213423 -0.8533477 -0.0001079
v -0.0044159 0.0072606 0.0145817
vn 0.4477378 -0.8941478 0.0055401
v -0.0038114 0.0075955 0.0228196
vn -0.3004266 -0.9538047 -0.0007737
v 0.0025927 0.0080941 0.0214621
vn -0.6644775 -0.7473075 0.0010250
v 0.0056857 0.0063167 0.0043491
vn -0.7523199 -0.6587951 0.0019522
v 0.0063652 0.0056303 0.0133810
vn -0.8401402 -0.5423544 0.0040123
v 0.0071361 0.0046160 0.0156410
vn -0.8273543 -0.5616791 0.0012445
v 0.0070438 0.0047542 0.0224639
vn -0.9610288 -0.2764478 0.0006353
v 0.0081620 0.0023661 0.0228151
vn -0.9778996 -0.2090749 0.0002739
v 0.0083237 0.0017133 0.0181132
vn -0.9669943 -0.2547835 -0.0027396
v 0.0082178 0.0021696 0.0213847
vn -0.9978163 -0.0660053 0.0024649
v 0.0084795 0.0005597 0.0179394
vn -0.8818139 -0.4715975 0.0002618
v 0.0074760 0.0040407 0.0018303
vn -0.6133186 -0.7898262 0.0038710
v 0.0052094 0.0067154 0.0013985
vn -0.0420475 -0.9991139 -0.0018872
v 0.0004367 0.0084876 0.0019334
vn 0.2729946 -0.9619998 0.0055151
v -0.0023167 0.0081763 0.0013911
vn 0.7967353 -0.6042694 0.0084477
v -0.0067591 0.0051531 0.0014396
vn 0.9999189 0.0122564 0.0034740
v -0.0084978 -0.0001025 0.0015961
vn 0.9846450 0.1745664 0.0009037
v -0.0083701 -0.0014799 0.0015740
vn 0.9388054 0.3440689 0.0161563
v -0.0080053 -0.0028544 0.0015558
vn 0.7377518 0.6750705 0.0014678
v -0.0062892 -0.0057171 0.0043878
vn -0.2713397 0.9624833 0.0007964
v 0.0023016 -0.0081807 0.0026376
vn 0.0013542 0.0002271 0.9999990
v -0.0102967 -0.0035227 0.0250000
vn -0.0009101 -0.0021045 0.9999974
v 0.0053153 0.0090240 0.0250000
vn 1.0000000 0.0000000 0.0000000
v 0.0125000 -0.0026811 0.0205511
vn 1.0000000 0.0000000 0.0000000
v 0.0125000 -0.0019595 0.0160485
vn 1.0000000 0.0000000 0.0000000
v 0.0125000 -0.0054368 0.0107712
vn 1.0000000 0.0000000 0.0000000
v 0.0125000 -0.0048438 0.0091835
vn 1.0000000 0.0000000 0.0000000
v 0.0125000 -0.0040710 0.0106597
vn 0.7506120 -0.6607430 0.0006916
v 0.0125000 -0.0070000 0.0046875
vn 1.0000000 0.0000000 0.0000000
v 0.0125000 -0.0059413 0.0046251
vn 1.0000000 0.0000000 0.0000000
v 0.0125000 -0.0043247 0.0045285
vn 1.0000000 0.0000000 0.0000000
v 0.0125000 -0.0025869 0.0107741
vn 1.0000000 0.0000000 0.0000000
v 0.0125000 -0.0011365 0.0040759
vn 1.0000000 0.0000000 0.0000000
v 0.0125000 -0.0013668 0.0102681
vn 1.0000000 0.0000000 0.0000000
v 0.0125000 0.0037950 0.0165999
vn 1.0000000 0.0000000 0.0000000
v 0.0125000 0.0032068 0.0231100
vn 1.0000000 0.0000000 0.0000000
v 0.0125000 0.0018141 0.0225918
vn 1.0000000 0.0000000 0.0000000
v 0.0125000 -0.0046071 0.0169362
vn 1.0000000 0.0000000 0.0000000
v 0.0125000 -0.0060611 0.0169864
vn 1.0000000 0.0000000 0.0000000
v 0.0125000 -0.0057901 0.0238578
vn 1.0000000 0.0000000 0.0000000
v 0.0125000 0.0005223 0.0013715
vn 1.0000000 0.0000000 0.0000000
v 0.0125000 0.0036562 0.0102356
vn 0.7378007 0.6750064 -0.0040467
v 0.0125000 0.0070000 0.0109375
vn 1.0000000 0.0000000 0.0000000
v 0.0125000 0.0055496 0.0148394
vn 1.0000000 0.0000000 0.0000000
v 0.0125000 0.0042545 0.0137697
vn 0.7454399 0.6665702 -0.0018926
v 0.0125000 0.0070000 0.0234375
vn 0.0000000 1.0000000 0.0000000
v -0.0060432 0.0125000 0.0234403
vn 0.0000000 1.0000000 0.0000000
v -0.0008574 0.0125000 0.0236348
vn 0.0000000 1.0000000 0.0000000
v -0.0031303 0.0125000 0.0221252
vn 0.0000000 1.0000000 0.0000000
v -0.0041518 0.0125000 0.0171062
vn 0.0000000 1.0000000 0.0000000
v 0.0059879 0.0125000 0.0235048
vn 0.0000000 1.0000000 0.0000000
v 0.0061051 0.0125000 0.0169267
vn 0.0000000 1.0000000 0.0000000
v 0.0016624 0.0125000 0.0104729
vn 0.0000000 1.0000000 0.0000000
v -0.0004198 0.0125000 0.0052488
vn 0.0000000 1.0000000 0.0000000
v 0.0015269 0.0125000 0.0161627
vn 0.0000000 1.0000000 0.0000000
v 0.0056511 0.0125000 0.0104408
vn 0.0000000 1.0000000 0.0000000
v 0.0048906 0.0125000 0.0089784
vn 0.0000000 1.0000000 0.0000000
v 0.0040892 0.0125000 0.0104199
vn 0.6661161 0.7458476 0.0008435
v 0.0070000 0.0125000 0.0046875
vn 0.0000000 1.0000000 0.0000000
v 0.0059423 0.0125000 0.0046220
vn 0.0000000 1.0000000 0.0000000
v 0.0043038 0.0125000 0.0045659
vn 0.0000000 1.0000000 0.0000000
v 0.0028951 0.0125000 0.0101444
vn 0.0000000 1.0000000 0.0000000
v 0.0010937 0.0125000 0.0049501
vn 0.0000000 1.0000000 0.0000000
v -0.0005441 0.0125000 0.0013832
vn 0.0000000 1.0000000 0.0000000
v -0.0031806 0.0125000 0.0100062
vn -0.6612450 0.7501664 -0.0023555
v -0.0070000 0.0125000 0.0109375
vn 0.0000000 1.0000000 0.0000000
v -0.0043629 0.0125000 0.0139978
vn -0.6617162 0.7497483 -0.0030334
v -0.0070000 0.0125000 0.0234375
vn -0.7430059 0.6692838 -0.0012373
v -0.0125000 0.0070000 0.0234375
vn -1.0000000 0.0000000 0.0000000
v -0.0125000 0.0058000 0.0236108
vn -0.7550320 0.6556617 -0.0058740
v -0.0125000 0.0070000 0.0171875
vn -1.0000000 0.0000000 0.0000000
v -0.0125000 0.0045676 0.0167532
vn -0.7497606 0.6617036 0.0027115
v -0.0125000 0.0070000 0.0046875
vn -1.0000000 0.0000000 0.0000000
v -0.0125000 0.0060127 0.0046753
vn -1.0000000 0.0000000 0.0000000
v -0.0125000 0.0045027 0.0046643
vn -1.0000000 0.0000000 0.0000000
v -0.0125000 0.0025178 0.0114353
vn -1.0000000 0.0000000 0.0000000
v -0.0125000 0.0030126 0.0046812
vn -1.0000000 0.0000000 0.0000000
v -0.0125000 0.0017703 0.0046977
vn -1.0000000 0.0000000 0.0000000
v -0.0125000 -0.0013189 0.0108069
vn -1.0000000 0.0000000 0.0000000
v -0.0125000 0.0011218 0.0109299
vn -1.0000000 0.0000000 0.0000000
v -0.0125000 -0.0034143 0.0168787
vn -1.0000000 0.0000000 0.0000000
v -0.0125000 -0.0059990 0.0234921
vn -1.0000000 0.0000000 0.0000000
v -0.0125000 -0.0026592 0.0233214
vn -1.0000000 0.0000000 0.0000000
v -0.0125000 -0.0008151 0.0236270
vn -1.0000000 0.0000000 0.0000000
v -0.0125000 0.0037004 0.0179394
vn -1.0000000 0.0000000 0.0000000
v -0.0125000 0.0025343 0.0238398
vn -1.0000000 0.0000000 0.0000000
v -0.0125000 0.0047433 0.0227907
vn -1.0000000 0.0000000 0.0000000
v -0.0125000 -0.0026423 0.0015385
vn -1.0000000 0.0000000 0.0000000
v -0.0125000 -0.0010835 0.0015365
vn -1.0000000 0.0000000 0.0000000
v -0.0125000 -0.0037406 0.0101626
vn -0.7550088 -0.6556912 -0.0055644
v -0.0125000 -0.0070000 0.0109375
vn -1.0000000 0.0000000 0.0000000
v -0.0125000 -0.0040255 0.0141847
vn -0.7509879 -0.6603123 -0.0022099
v -0.0125000 -0.0070000 0.0234375
vn -0.6673689 -0.7447252 0.0017418
v -0.0070000 -0.0125000 0.0234375
vn 0.0000000 -1.0000000 0.0000000
v -0.0059415 -0.0125000 0.0233931
vn -0.6576462 -0.7533259 -0.0013226
v -0.0070000 -0.0125000 0.0171875
vn 0.0000000 -1.0000000 0.0000000
v -0.0045734 -0.0125000 0.0167762
vn -0.6564762 -0.7543446 -0.0017863
v -0.0070000 -0.0125000 0.0046875
vn 0.0000000 -1.0000000 0.0000000
v -0.0058270 -0.0125000 0.0047153
vn 0.0000000 -1.0000000 0.0000000
v -0.0043934 -0.0125000 0.0053499
vn 0.0000000 -1.0000000 0.0000000
v -0.0028720 -0.0125000 0.0112935
vn 0.0000000 -1.0000000 0.0000000
v -0.0032163 -0.0125000 0.0042671
vn 0.0000000 -1.0000000 0.0000000
v -0.0018140 -0.0125000 0.0045112
vn 0.0000000 -1.0000000 0.0000000
v -0.0003480 -0.0125000 0.0047793
vn 0.0000000 -1.0000000 0.0000000
v 0.0012580 -0.0125000 0.0108405
vn 0.0000000 -1.0000000 0.0000000
v -0.0011644 -0.0125000 0.0108795
vn 0.0000000 -1.0000000 0.0000000
v 0.0035316 -0.0125000 0.0170177
vn 0.0000000 -1.0000000 0.0000000
v 0.0060639 -0.0125000 0.0234758
vn 0.0000000 -1.0000000 0.0000000
v 0.0026766 -0.0125000 0.0232630
vn 0.0000000 -1.0000000 0.0000000
v 0.0008099 -0.0125000 0.0236218
vn 0.0000000 -1.0000000 0.0000000
v -0.0036982 -0.0125000 0.0179467
vn 0.0000000 -1.0000000 0.0000000
v -0.0025382 -0.0125000 0.0238573
vn 0.0000000 -1.0000000 0.0000000
v -0.0047406 -0.0125000 0.0227634
vn 0.0000000 -1.0000000 0.0000000
v 0.0008246 -0.0125000 0.0011171
vn 0.0000000 -1.0000000 0.0000000
v 0.0037152 -0.0125000 0.0102950
vn 0.6634628 -0.7482091 -0.0004444
v 0.0070000 -0.0125000 0.0109375
vn 0.0000000 -1.0000000 0.0000000
v 0.0054328 -0.0125000 0.0148421
vn 0.6664500 -0.7455370 0.0043616
v 0.0070000 -0.0125000 0.0234375
vn 0.1887130 0.9820300 -0.0021425
v 0.0114662 0.0070992 0.0189932
vn 0.2881533 0.9575835 0.0012171
v 0.0109250 0.0072316 0.0201938
vn 0.6953435 0.7186728 -0.0026347
v 0.0086914 0.0085338 0.0237206
vn 0.7992367 0.6009895 0.0057025
v 0.0080831 0.0092247 0.0161598
vn 0.8522239 0.5231655 -0.0035204
v 0.0078221 0.0096096 0.0199546
vn 0.9464937 0.3227135 -0.0023854
v 0.0072783 0.0107763 0.0199772
vn 0.9896978 0.1431593 -0.0019397
v 0.0070524 0.0117474 0.0197303
vn 0.6652554 0.7466103 -0.0028722
v 0.0070000 0.0125000 0.0109375
vn 0.9184192 0.3951999 0.0179813
v 0.0074170 0.0103994 0.0012731
vn 0.8813828 0.4723965 -0.0024797
v 0.0076463 0.0099151 0.0045907
vn 0.5773170 0.8164303 0.0121112
v 0.0093493 0.0079920 0.0015350
vn 0.1511560 0.9885075 0.0021942
v 0.0117434 0.0070530 0.0015625
vn -0.1842173 -0.9828842 -0.0016701
v -0.0115330 -0.0070859 0.0200649
vn -0.1557158 -0.9878019 -0.0002546
v -0.0117186 -0.0070568 0.0187484
vn -0.2512507 -0.9679067 0.0054594
v -0.0110842 -0.0071855 0.0134251
vn -0.5270053 -0.8498617 -0.0007450
v -0.0096296 -0.0078099 0.0233475
vn -0.6008865 -0.7993330 -0.0015160
v -0.0091766 -0.0081184 0.0196635
vn -0.7445359 -0.6675740 -0.0033606
v -0.0084109 -0.0088231 0.0224483
vn -0.8395595 -0.5432651 0.0016881
v -0.0078766 -0.0095221 0.0139840
vn -0.9147556 -0.4039968 -0.0029699
v -0.0074592 -0.0103032 0.0199044
vn -0.9768658 -0.2137617 -0.0062628
v -0.0071215 -0.0113543 0.0239000
vn -0.6591796 -0.7519748 0.0040293
v -0.0070000 -0.0125000 0.0109375
vn -0.4828969 -0.8756059 0.0111709
v -0.0098281 -0.0076940 0.0014087
vn 0.9332062 -0.3593393 -0.0012283
v 0.0073926 -0.0104622 0.0210826
vn 0.7521036 -0.6590449 -0.0000721
v 0.0083797 -0.0088587 0.0136602
vn 0.4026287 -0.9153615 0.0018659
v 0.0103440 -0.0074412 0.0231476
vn 0.7482929 -0.6633641 0.0024457
v 0.0125000 -0.0070000 0.0109375
vn 0.3040297 -0.9526339 0.0073979
v 0.0108296 -0.0072602 0.0014290
vn 0.5682239 -0.8226638 0.0185985
v 0.0093677 -0.0079797 0.0014483
vn -0.9163937 0.4002762 0.0013088
v -0.0074513 0.0103210 0.0206814
vn -0.5814860 0.8135527 -0.0024584
v -0.0092930 0.0080330 0.0136345
vn -0.5146124 0.8574045 -0.0056260
v -0.0097032 0.0077653 0.0166750
vn -0.5895057 0.8077624 -0.0017318
v -0.0092885 0.0080363 0.0197700
vn -0.4365647 0.8996460 -0.0069549
v -0.0100829 0.0075610 0.0222139
vn -0.4066143 0.9135932 0.0034955
v -0.0102842 0.0074675 0.0192728
vn -0.7498344 0.6616257 -0.0001621
v -0.0125000 0.0070000 0.0109375
vn -0.2734446 0.9618822 0.0032660
v -0.0109424 0.0072265 0.0015530
vn -0.4812803 0.8765592 -0.0036574
v -0.0098609 0.0076760 0.0053034
vn -0.6736271 0.7390699 -0.0015322
v -0.0087951 0.0084355 0.0012011
vn -0.8449175 0.5348833 -0.0037799
v -0.0078510 0.0095619 0.0018367
vn 0.0000000 0.0000000 1.0000000
v 0.0161213 -0.0003335 0.0000000
vn 0.0000000 0.0000000 1.0000000
v 0.0159054 -0.0018992 0.0000000
vn 0.0000000 0.0000000 1.0000000
v 0.0147100 -0.0007466 0.0000000
vn 0.0000000 0.0000000 1.0000000
v 0.0157222 -0.0032705 0.0000000
vn 0.0000000 0.0000000 1.0000000
v -0.0168648 0.0012115 0.0000000
vn 0.0000000 0.0000000 1.0000000
v -0.0143041 0.0020157 0.0000000
vn 0.0000000 0.0000000 1.0000000
v -0.0137092 0.0042600 0.0000000
vn 0.0000000 0.0000000 1.0000000
v 0.0099183 0.0161503 0.0000000
vn 0.0000000 0.0000000 1.0000000
v 0.0002669 0.0163007 0.0000000
vn 0.0000000 0.0000000 1.0000000
v 0.0019555 0.0160349 0.0000000
vn 0.0000000 0.0000000 1.0000000
v 0.0008726 0.0147874 0.0000000
vn 0.0000000 0.0000000 1.0000000
v 0.0024261 0.0137876 0.0000000
vn 0.0000000 0.0000000 1.0000000
v 0.0027328 0.0149599 0.0000000
vn 0.0000000 0.0000000 1.0000000
v 0.0137811 0.0020531 0.0000000
vn 0.0000000 0.0000000 1.0000000
v 0.0149421 0.0007939 0.0000000
vn 0.0000000 0.0000000 1.0000000
v 0.0163827 0.0023408 0.0000000
vn 0.0000000 0.0000000 1.0000000
v -0.0008178 0.0152733 0.0000000
vn 0.0000000 0.0000000 1.0000000
v -0.0148813 -0.0003834 0.0000000
vn 0.0000000 0.0000000 1.0000000
v -0.0153193 -0.0028594 0.0000000
vn 0.0000000 0.0000000 1.0000000
v -0.0163512 -0.0001741 0.0000000
vn -1.0000000 0.0000000 0.0000000
v -0.0200000 -0.0187071 -0.0012406
vn -0.7071068 0.0000000 0.7071068
v -0.0200000 -0.0187500 0.0000000
vn -0.7071068 0.0000000 0.7071068
v -0.0200000 -0.0087500 0.0000000
vn -1.0000000 0.0000000 0.0000000
v -0.0200000 0.0093690 -0.0014973
vn -0.7071068 0.0000000 0.7071068
v -0.0200000 0.0087500 0.0000000
vn 0.0000000 0.0000000 -1.0000000
v -0.0123154 0.0065633 -0.0030000
vn 0.0000000 0.0000000 -1.0000000
v -0.0066985 0.0004285 -0.0030000
vn 0.0000000 0.0000000 -1.0000000
v -0.0060856 -0.0006607 -0.0030000
vn 0.0000000 0.0000000 -1.0000000
v -0.0022799 -0.0018324 -0.0030000
vn 0.0000000 0.0000000 -1.0000000
v 0.0007026 -0.0073175 -0.0030000
vn 0.0000000 0.0000000 -1.0000000
v -0.0007706 -0.0071472 -0.0030000
vn 0.0000000 0.0000000 -1.0000000
v -0.0101772 -0.0017571 -0.0030000
vn 0.0000000 0.0000000 -1.0000000
v -0.0098683 -0.0034716 -0.0030000
vn 0.0000000 0.0000000 -1.0000000
v -0.0054630 -0.0021927 -0.0030000
vn 0.0000000 0.0000000 -1.0000000
v -0.0084712 -0.0059380 -0.0030000
vn 0.0000000 0.0000000 -1.0000000
v -0.0102800 -0.0075310 -0.0030000
vn 0.0000000 0.0000000 -1.0000000
v -0.0051823 0.0041979 -0.0030000
vn 0.0000000 0.0000000 -1.0000000
v 0.0034008 -0.0010076 -0.0030000
vn 0.0000000 0.0000000 -1.0000000
v -0.0117495 -0.0013916 -0.0030000
vn 0.0000000 0.0000000 -1.0000000
v 0.0126848 0.0044077 -0.0030000
vn 0.0000000 0.0000000 -1.0000000
v 0.0161799 -0.0101022 -0.0030000
vn 0.0000000 0.0000000 -1.0000000
v -0.0106559 0.0086502 -0.0030000
vn 0.0000000 0.0000000 -1.0000000
v -0.0122865 -0.0057526 -0.0030000
vn 0.0000000 0.0000000 -1.0000000
v -0.0028685 -0.0085847 -0.0030000
vn 0.0000000 0.0000000 -1.0000000
v 0.0060810 0.0094339 -0.0030000
vn 0.0000000 0.0000000 -1.0000000
v 0.0022790 -0.0000882 -0.0030000
vn 0.0000000 0.0000000 -1.0000000
v 0.0072947 -0.0035560 -0.0030000
vn 0.0000000 0.0000000 -1.0000000
v -0.0096231 0.0063722 -0.0030000
vn 0.0000000 0.0000000 -1.0000000
v -0.0088865 0.0153518 -0.0030000
vn 0.0000000 0.0000000 -1.0000000
v -0.0050318 0.0138403 -0.0030000
vn 0.0000000 0.0000000 -1.0000000
v 0.0039211 0.0132049 -0.0030000
vn 0.0000000 0.0000000 -1.0000000
v -0.0162701 -0.0005957 -0.0030000
vn 0.0000000 0.0000000 -1.0000000
v -0.0156101 -0.0032901 -0.0030000
vn 0.0000000 0.0000000 -1.0000000
v 0.0152953 0.0057916 -0.0030000
vn 0.0000000 0.0000000 -1.0000000
v 0.0066101 0.0023188 -0.0030000
vn 0.0000000 0.0000000 -1.0000000
v 0.0114637 0.0021049 -0.0030000
vn 0.0000000 0.0000000 -1.0000000
v 0.0112971 0.0005669 -0.0030000
vn 0.0000000 0.0000000 -1.0000000
v 0.0025063 0.0016016 -0.0030000
vn 0.0000000 0.0000000 -1.0000000
v -0.0107192 -0.0187742 -0.0030000
vn 0.0000000 0.0000000 -1.0000000
v -0.0085723 -0.0174647 -0.0030000
vn 0.0000000 0.0000000 -1.0000000
v -0.0067053 0.0112473 -0.0030000
vn 0.0000000 0.0000000 -1.0000000
v -0.0082653 0.0056158 -0.0030000
vn 0.0000000 0.0000000 -1.0000000
v 0.0009039 -0.0045483 -0.0030000
vn 0.0000000 0.0000000 -1.0000000
v 0.0000776 -0.0031710 -0.0030000
vn 0.0000000 0.0000000 -1.0000000
v 0.0007277 -0.0018173 -0.0030000
vn 0.0000000 0.0000000 -1.0000000
v -0.0018899 -0.0163256 -0.0030000
vn 0.0000000 0.0000000 -1.0000000
v 0.0042394 0.0155496 -0.0030000
vn 0.0000000 0.0000000 -1.0000000
v 0.0082412 0.0144464 -0.0030000
vn 0.0000000 0.0000000 -1.0000000
v -0.0022363 0.0178343 -0.0030000
vn 0.0000000 0.0000000 -1.0000000
v 0.0104561 0.0161699 -0.0030000
vn 0.0000000 0.0000000 -1.0000000
v 0.0105159 0.0186555 -0.0030000
vn 0.0000000 0.0000000 -1.0000000
v 0.0095263 0.0171709 -0.0030000
vn 0.0000000 0.0000000 -1.0000000
v -0.0175893 -0.0083622 -0.0030000
vn 0.0000000 0.0000000 -1.0000000
v -0.0175819 -0.0097129 -0.0030000
vn 0.0000000 0.0000000 -1.0000000
v -0.0186663 0.0042380 -0.0030000
vn -0.7071068 0.0000000 -0.7071068
v -0.0200000 0.0175000 -0.0030000
vn 0.0000000 0.0000000 -1.0000000
v 0.0047105 -0.0033550 -0.0030000
vn 0.0000000 0.0000000 -1.0000000
v 0.0032475 0.0183563 -0.0030000
vn 0.0000000 0.0000000 -1.0000000
v 0.0172865 0.0115502 -0.0030000
vn 0.0000000 0.0000000 -1.0000000
v -0.0035023 -0.0137758 -0.0030000
vn 0.0000000 0.0000000 -1.0000000
v 0.0179955 0.0053495 -0.0030000
vn 0.0000000 0.0000000 -1.0000000
v 0.0187381 0.0104646 -0.0030000
vn 0.0000000 0.0000000 -1.0000000
v 0.0188649 -0.0159344 -0.0030000
vn 0.0000000 0.0000000 -1.0000000
v 0.0185540 -0.0091115 -0.0030000
vn 0.0000000 0.0000000 -1.0000000
v 0.0095591 -0.0160175 -0.0030000
vn 0.0000000 0.0000000 -1.0000000
v 0.0067251 0.0163776 -0.0030000
vn 0.0000000 -1.0000000 0.0000000
v 0.0189199 -0.0200000 -0.0014978
vn 0.0000000 -1.0000000 0.0000000
v -0.0093069 -0.0200000 -0.0014858
vn 0.0000000 -0.7071068 0.7071068
v -0.0087500 -0.0200000 0.0000000
vn 0.0000000 -1.0000000 0.0000000
v -0.0065401 -0.0200000 -0.0007799
vn 0.0000000 -0.7071068 0.7071068
v -0.0187500 -0.0200000 0.0000000
vn 0.0000000 -1.0000000 0.0000000
v -0.0162290 -0.0200000 -0.0017070
vn 1.0000000 0.0000000 0.0000000
v 0.0200000 0.0188846 -0.0017543
vn 0.7071068 0.0000000 0.7071068
v 0.0200000 0.0087500 0.0000000
vn 1.0000000 0.0000000 0.0000000
v 0.0200000 -0.0096548 -0.0014915
vn 0.7071068 0.0000000 0.7071068
v 0.0200000 -0.0087500 0.0000000
vn 1.0000000 0.0000000 0.0000000
v 0.0200000 -0.0065334 -0.0008284
vn 1.0000000 0.0000000 0.0000000
v 0.0200000 -0.0162473 -0.0019030
vn 0.0000000 0.7071068 0.7071068
v -0.0187500 0.0200000 0.0000000
vn 0.0000000 0.7071068 0.7071068
v -0.0087500 0.0200000 0.0000000
vn 0.0000000 1.0000000 0.0000000
v 0.0092956 0.0200000 -0.0014640
vn 0.0000000 0.7071068 0.7071068
v 0.0087500 0.0200000 0.0000000
vn 0.0000000 1.0000000 0.0000000
v 0.0162590 0.0200000 -0.0018604
vn -0.8624803 -0.5060861 -0.0021756
v 0.0073367 0.0042904 0.0075713
vn -0.8771102 -0.4802863 0.0016615
v 0.0074661 0.0040587 0.0092672
vn 0.5690087 -0.8223299 -0.0015973
v -0.0048585 0.0069741 0.0015308
vn -0.5533072 0.8329773 -0.0001367
v 0.0047183 -0.0070678 0.0015064
vn 1.0000000 0.0000000 0.0000000
v 0.0125000 -0.0041902 0.0076110
vn 1.0000000 0.0000000 0.0000000
v 0.0125000 0.0012510 0.0170654
vn 1.0000000 0.0000000 0.0000000
v 0.0125000 -0.0010325 0.0132683
vn 1.0000000 0.0000000 0.0000000
v 0.0125000 0.0004174 0.0137634
vn 1.0000000 0.0000000 0.0000000
v 0.0125000 0.0046657 0.0090795
vn 0.0000000 1.0000000 0.0000000
v -0.0003164 0.0125000 0.0144054
vn 0.0000000 1.0000000 0.0000000
v -0.0010384 0.0125000 0.0168513
vn 0.0000000 1.0000000 0.0000000
v 0.0042657 0.0125000 0.0075478
vn 0.0000000 1.0000000 0.0000000
v -0.0045009 0.0125000 0.0091566
vn -1.0000000 0.0000000 0.0000000
v -0.0125000 -0.0009652 0.0175090
vn -1.0000000 0.0000000 0.0000000
v -0.0125000 0.0021618 0.0176869
vn -1.0000000 0.0000000 0.0000000
v -0.0125000 0.0002798 0.0134987
vn -1.0000000 0.0000000 0.0000000
v -0.0125000 -0.0008454 0.0147019
vn -1.0000000 0.0000000 0.0000000
v -0.0125000 -0.0045341 0.0090555
vn 0.0000000 -1.0000000 0.0000000
v 0.0009648 -0.0125000 0.0175134
vn 0.0000000 -1.0000000 0.0000000
v -0.0021623 -0.0125000 0.0176921
vn 0.0000000 -1.0000000 0.0000000
v -0.0003093 -0.0125000 0.0134684
vn 0.0000000 -1.0000000 0.0000000
v 0.0008200 -0.0125000 0.0146821
vn 0.0000000 -1.0000000 0.0000000
v 0.0044440 -0.0125000 0.0074475
vn 0.0000000 -1.0000000 0.0000000
v 0.0048839 -0.0125000 0.0092892
vn 0.7420503 0.6703307 -0.0042503
v 0.0125000 0.0070000 0.0031250
vn 0.6777326 0.7352954 -0.0043969
v 0.0070000 0.0125000 0.0203125
vn -0.7526532 -0.6584159 -0.0013313
v -0.0125000 -0.0070000 0.0031250
vn -0.6726217 -0.7399754 -0.0040736
v -0.0070000 -0.0125000 0.0203125
vn -0.2249610 -0.9742693 0.0138532
v -0.0112950 -0.0071339 0.0010907
vn 0.6593080 -0.7518533 -0.0054465
v 0.0070000 -0.0125000 0.0031250
vn 0.7480452 -0.6636341 0.0042731
v 0.0125000 -0.0070000 0.0203125
vn -0.6562389 0.7545516 0.0015391
v -0.0070000 0.0125000 0.0031250
vn -0.7427906 0.6695234 0.0007120
v -0.0125000 0.0070000 0.0203125
vn 0.0000000 0.0000000 1.0000000
v -0.0185482 0.0015144 0.0000000
vn 0.0000000 0.0000000 -1.0000000
v -0.0022016 -0.0071048 -0.0030000
vn 0.0000000 0.0000000 -1.0000000
v -0.0029558 -0.0058298 -0.0030000
vn 0.0000000 0.0000000 -1.0000000
v -0.0044755 -0.0083529 -0.0030000
vn 0.0000000 0.0000000 -1.0000000
v -0.0061577 -0.0066027 -0.0030000
vn 0.0000000 0.0000000 -1.0000000
v -0.0053008 -0.0055527 -0.0030000
vn 0.0000000 0.0000000 -1.0000000
v 0.0141985 -0.0063304 -0.0030000
vn 0.0000000 0.0000000 -1.0000000
v -0.0149522 0.0071332 -0.0030000
vn 0.0000000 0.0000000 -1.0000000
v 0.0058424 -0.0119182 -0.0030000
vn 0.0000000 0.0000000 -1.0000000
v -0.0189895 0.0152772 -0.0030000
vn 0.0000000 0.0000000 -1.0000000
v 0.0057966 0.0054277 -0.0030000
vn 0.0000000 0.0000000 -1.0000000
v 0.0068812 0.0068305 -0.0030000
vn 0.0000000 0.0000000 -1.0000000
v 0.0032884 0.0046159 -0.0030000
vn 0.0000000 0.0000000 -1.0000000
v 0.0056446 0.0079862 -0.0030000
vn 0.0000000 0.0000000 -1.0000000
v -0.0187972 0.0140469 -0.0030000
vn 0.0000000 0.0000000 -1.0000000
v 0.0140928 -0.0191211 -0.0030000
vn 0.9997715 0.0136634 -0.0164412
v 0.0092003 -0.0125122 -0.0009181
vn 0.8783168 0.4778230 -0.0156468
v 0.0096094 -0.0140903 -0.0014974
vn -0.9387321 -0.3445905 -0.0062732
v -0.0093895 -0.0113992 -0.0009930
vn -0.7412623 0.6712069 -0.0034001
v 0.0062988 -0.0057061 0.0136596
vn -0.6751422 0.7376822 0.0028458
v 0.0057391 -0.0062698 0.0225369
vn -0.9188688 -0.3945628 -0.0006749
v 0.0077948 0.0033850 0.0047028
vn -0.8559323 -0.5170859 -0.0014892
v 0.0072668 0.0044056 0.0059201
vn -0.6655632 -0.7463294 -0.0042429
v 0.0056280 0.0063673 0.0075378
vn -0.4722863 -0.8814450 0.0006591
v 0.0039975 0.0074997 0.0091914
vn -0.2306505 -0.9730344 0.0021123
v 0.0019634 0.0082683 0.0050587
vn 0.4918562 -0.8706749 -0.0016616
v -0.0041888 0.0073948 0.0057923
vn 0.9389157 -0.3441430 0.0017397
v -0.0079796 0.0029272 0.0046947
vn 0.9870099 -0.1606449 0.0021673
v -0.0083922 0.0013376 0.0049618
vn 0.9821789 0.1879430 -0.0014304
v -0.0083462 -0.0016002 0.0046471
vn 0.8967734 0.4424779 -0.0032764
v -0.0076119 -0.0037781 0.0056629
vn 0.7251498 0.6885900 -0.0012490
v -0.0061298 -0.0058857 0.0074917
vn 0.2093866 0.9778303 0.0022923
v -0.0018329 -0.0082999 0.0045894
vn -0.3290819 0.9442943 0.0036534
v 0.0027690 -0.0080343 0.0040911
vn -0.4851798 0.8744140 0.0008262
v 0.0040856 -0.0074514 0.0062712
vn -0.4508077 0.8926212 -0.0000760
v 0.0037846 -0.0076088 0.0133619
vn -0.7269031 0.6867370 0.0020290
v 0.0061999 -0.0058125 0.0075387
vn -0.8585722 0.5126912 0.0012575
v 0.0072730 -0.0043955 0.0065130
vn -0.8674999 0.4974342 0.0017571
v 0.0073739 -0.0042270 0.0090867
vn -0.9445177 0.3284471 -0.0029579
v 0.0080154 -0.0028246 0.0042767
vn -0.9822522 0.1875528 -0.0021350
v 0.0083436 -0.0016132 0.0046207
vn -0.9968702 -0.0790503 0.0009607
v 0.0084724 0.0006676 0.0077249
vn -0.9977489 0.0670083 0.0026372
v 0.0084824 -0.0005154 0.0084674
vn 1.0000000 0.0000000 0.0000000
v 0.0125000 -0.0049190 0.0138423
vn 1.0000000 0.0000000 0.0000000
v 0.0125000 -0.0035716 0.0133951
vn 1.0000000 0.0000000 0.0000000
v 0.0125000 0.0013798 0.0072004
vn 1.0000000 0.0000000 0.0000000
v 0.0125000 -0.0010610 0.0076759
vn 1.0000000 0.0000000 0.0000000
v 0.0125000 0.0047583 0.0192411
vn 1.0000000 0.0000000 0.0000000
v 0.0125000 0.0042745 0.0178264
vn 1.0000000 0.0000000 0.0000000
v 0.0125000 0.0046659 0.0235996
vn 1.0000000 0.0000000 0.0000000
v 0.0125000 0.0022846 0.0202325
vn 1.0000000 0.0000000 0.0000000
v 0.0125000 0.0032599 0.0030656
vn 1.0000000 0.0000000 0.0000000
v 0.0125000 0.0061551 0.0030711
vn 0.0000000 1.0000000 0.0000000
v -0.0043582 0.0125000 0.0232985
vn 0.0000000 1.0000000 0.0000000
v -0.0042642 0.0125000 0.0194740
vn 0.0000000 1.0000000 0.0000000
v 0.0057054 0.0125000 0.0197018
vn 0.0000000 1.0000000 0.0000000
v 0.0013350 0.0125000 0.0076747
vn 0.0000000 1.0000000 0.0000000
v -0.0016370 0.0125000 0.0081011
vn 0.0000000 1.0000000 0.0000000
v 0.0047303 0.0125000 0.0168134
vn 0.0000000 1.0000000 0.0000000
v 0.0050247 0.0125000 0.0138311
vn 0.0000000 1.0000000 0.0000000
v 0.0036119 0.0125000 0.0136245
vn 0.0000000 1.0000000 0.0000000
v -0.0021354 0.0125000 0.0032009
vn 0.0000000 1.0000000 0.0000000
v -0.0033914 0.0125000 0.0030277
vn 0.0000000 1.0000000 0.0000000
v -0.0061672 0.0125000 0.0030674
vn -1.0000000 0.0000000 0.0000000
v -0.0125000 -0.0012680 0.0075756
vn -1.0000000 0.0000000 0.0000000
v -0.0125000 -0.0000862 0.0104794
vn -1.0000000 0.0000000 0.0000000
v -0.0125000 -0.0045941 0.0177277
vn -1.0000000 0.0000000 0.0000000
v -0.0125000 -0.0044372 0.0235365
vn -1.0000000 0.0000000 0.0000000
v -0.0125000 0.0019889 0.0202205
vn -1.0000000 0.0000000 0.0000000
v -0.0125000 0.0042384 0.0238486
vn -1.0000000 0.0000000 0.0000000
v -0.0125000 -0.0018245 0.0030514
vn -1.0000000 0.0000000 0.0000000
v -0.0125000 -0.0007933 0.0046258
vn -1.0000000 0.0000000 0.0000000
v -0.0125000 -0.0033933 0.0030700
vn -1.0000000 0.0000000 0.0000000
v -0.0125000 -0.0062302 0.0031601
vn 0.0000000 -1.0000000 0.0000000
v 0.0013716 -0.0125000 0.0072713
vn 0.0000000 -1.0000000 0.0000000
v 0.0000420 -0.0125000 0.0104767
vn 0.0000000 -1.0000000 0.0000000
v 0.0042312 -0.0125000 0.0195669
vn 0.0000000 -1.0000000 0.0000000
v 0.0046544 -0.0125000 0.0180786
vn 0.0000000 -1.0000000 0.0000000
v 0.0045253 -0.0125000 0.0234731
vn 0.0000000 -1.0000000 0.0000000
v -0.0019888 -0.0125000 0.0202232
vn 0.0000000 -1.0000000 0.0000000
v -0.0042621 -0.0125000 0.0238595
vn 0.0000000 -1.0000000 0.0000000
v 0.0018358 -0.0125000 0.0034105
vn 0.0000000 -1.0000000 0.0000000
v 0.0011653 -0.0125000 0.0048446
vn 0.0000000 -1.0000000 0.0000000
v 0.0034524 -0.0125000 0.0031174
vn 0.7487987 0.6627973 0.0004003
v 0.0125000 0.0070000 0.0201172
vn 0.7139481 0.7001985 0.0004626
v 0.0085578 0.0086664 0.0172199
vn 0.9661126 0.2581210 0.0003145
v 0.0071894 0.0110698 0.0075395
vn 0.9230180 0.3847485 -0.0025200
v 0.0073967 0.0104516 0.0088835
vn 0.5523515 0.8335928 -0.0055681
v 0.0094413 0.0079305 0.0071247
vn -0.7355931 -0.6774176 -0.0028831
v -0.0125000 -0.0070000 0.0195312
vn -0.8291622 -0.5590074 0.0008970
v -0.0079409 -0.0094258 0.0168954
vn -0.9842023 -0.1770447 -0.0010541
v -0.0070768 -0.0115886 0.0196815
vn -0.9175891 -0.3975165 0.0033157
v -0.0074375 -0.0103524 0.0072193
vn -0.6734832 -0.7392016 -0.0011848
v -0.0087690 -0.0084596 0.0021234
vn -0.7801833 -0.6255481 0.0018996
v -0.0081992 -0.0090738 0.0073385
vn 0.7708201 -0.6370367 0.0045461
v 0.0082501 -0.0090103 0.0168104
vn 0.1861369 -0.9824789 -0.0093941
v 0.0115015 -0.0070922 0.0079219
vn 0.5810457 -0.8138562 -0.0048926
v 0.0093105 -0.0080202 0.0080468
vn 0.9778639 -0.2092345 0.0017849
v 0.0071170 -0.0113769 0.0016011
vn -0.6660281 0.7458768 0.0086181
v -0.0070000 0.0125000 0.0195312
vn -0.7370324 0.6758522 -0.0026663
v -0.0084366 0.0087938 0.0169315
vn -0.7686443 0.6396466 -0.0061682
v -0.0082765 0.0089775 0.0204038
vn -0.5535057 0.8328176 0.0068134
v -0.0094455 0.0079277 0.0182050
vn -0.2053403 0.9786876 0.0024657
v -0.0113615 0.0071200 0.0198332
vn -0.5601222 0.8283914 0.0055435
v -0.0094112 0.0079506 0.0085232
vn -0.8707071 0.4917410 0.0077527
v -0.0077072 0.0098041 0.0082806
vn 0.0000000 0.0000000 1.0000000
v 0.0135012 -0.0009182 0.0000000
vn 0.0000000 0.0000000 1.0000000
v -0.0138543 0.0006372 0.0000000
vn 0.0000000 0.0000000 1.0000000
v 0.0008825 0.0135001 0.0000000
vn 0.0000000 0.0000000 1.0000000
v 0.0017300 -0.0142806 0.0000000
vn -1.0000000 0.0000000 0.0000000
v -0.0200000 -0.0160662 -0.0012416
vn -0.7071068 0.0000000 0.7071068
v -0.0200000 -0.0137500 0.0000000
vn -0.7071068 0.0000000 0.7071068
v -0.0200000 -0.0037500 0.0000000
vn -1.0000000 0.0000000 0.0000000
v -0.0200000 0.0039964 -0.0013028
vn -0.7071068 0.0000000 0.7071068
v -0.0200000 0.0037500 0.0000000
vn -1.0000000 0.0000000 0.0000000
v -0.0200000 0.0149661 -0.0010429
vn -1.0000000 0.0000000 0.0000000
v -0.0200000 0.0135674 -0.0014123
vn 0.0000000 0.0000000 -1.0000000
v -0.0137126 0.0060044 -0.0030000
vn 0.0000000 0.0000000 -1.0000000
v 0.0061827 0.0120636 -0.0030000
vn 0.0000000 0.0000000 -1.0000000
v -0.0081333 0.0024147 -0.0030000
vn 0.0000000 0.0000000 -1.0000000
v -0.0096483 0.0031789 -0.0030000
vn 0.0000000 0.0000000 -1.0000000
v -0.0090523 -0.0004351 -0.0030000
vn 0.0000000 0.0000000 -1.0000000
v -0.0106741 -0.0001765 -0.0030000
vn 0.0000000 0.0000000 -1.0000000
v -0.0112699 0.0010507 -0.0030000
vn 0.0000000 0.0000000 -1.0000000
v 0.0022577 -0.0074651 -0.0030000
vn 0.0000000 0.0000000 -1.0000000
v 0.0045290 -0.0090165 -0.0030000
vn 0.0000000 0.0000000 -1.0000000
v 0.0012530 -0.0088093 -0.0030000
vn 0.0000000 0.0000000 -1.0000000
v -0.0068833 -0.0018115 -0.0030000
vn 0.0000000 0.0000000 -1.0000000
v -0.0084031 -0.0022359 -0.0030000
vn 0.0000000 0.0000000 -1.0000000
v -0.0069390 -0.0032918 -0.0030000
vn 0.0000000 0.0000000 -1.0000000
v -0.0068941 -0.0052401 -0.0030000
vn 0.0000000 0.0000000 -1.0000000
v -0.0097133 -0.0051474 -0.0030000
vn 0.0000000 0.0000000 -1.0000000
v 0.0095373 -0.0070571 -0.0030000
vn 0.0000000 0.0000000 -1.0000000
v -0.0062632 -0.0127187 -0.0030000
vn 0.0000000 0.0000000 -1.0000000
v 0.0151439 -0.0050407 -0.0030000
vn 0.0000000 0.0000000 -1.0000000
v -0.0121283 0.0080994 -0.0030000
vn 0.0000000 0.0000000 -1.0000000
v -0.0039295 -0.0095480 -0.0030000
vn 0.0000000 0.0000000 -1.0000000
v 0.0081297 0.0019721 -0.0030000
vn 0.0000000 0.0000000 -1.0000000
v -0.0178593 -0.0022202 -0.0030000
vn 0.0000000 0.0000000 -1.0000000
v 0.0082156 -0.0116000 -0.0030000
vn 0.0000000 0.0000000 -1.0000000
v 0.0100439 0.0056735 -0.0030000
vn 0.0000000 0.0000000 -1.0000000
v 0.0077082 0.0035322 -0.0030000
vn 0.0000000 0.0000000 -1.0000000
v 0.0070243 0.0007535 -0.0030000
vn 0.0000000 0.0000000 -1.0000000
v 0.0003958 0.0056586 -0.0030000
vn 0.0000000 0.0000000 -1.0000000
v -0.0068063 0.0048491 -0.0030000
vn 0.0000000 0.0000000 -1.0000000
v 0.0035066 -0.0130381 -0.0030000
vn 0.0000000 0.0000000 -1.0000000
v -0.0139024 -0.0189319 -0.0030000
vn 0.0000000 0.0000000 -1.0000000
v -0.0063695 -0.0188609 -0.0030000
vn 0.0000000 0.0000000 -1.0000000
v 0.0077597 -0.0092111 -0.0030000
vn 0.0000000 0.0000000 -1.0000000
v 0.0057757 0.0189909 -0.0030000
vn 0.0000000 0.0000000 -1.0000000
v -0.0174380 -0.0068695 -0.0030000
vn 0.0000000 0.0000000 -1.0000000
v -0.0176119 -0.0121451 -0.0030000
vn 0.0000000 0.0000000 -1.0000000
v -0.0188648 0.0086466 -0.0030000
vn 0.0000000 0.0000000 -1.0000000
v -0.0029964 -0.0174517 -0.0030000
vn 0.0000000 -0.7071068 0.7071068
v 0.0137500 -0.0200000 0.0000000
vn 0.0000000 -0.7071068 0.7071067
v -0.0037500 -0.0200000 0.0000000
vn 0.0000000 -1.0000000 0.0000000
v -0.0151056 -0.0200000 -0.0012291
vn 0.0000000 -1.0000000 0.0000000
v -0.0136938 -0.0200000 -0.0014480
vn 1.0000000 0.0000000 0.0000000
v 0.0200000 0.0159666 -0.0014534
vn 0.7071068 0.0000000 0.7071068
v 0.0200000 0.0137500 0.0000000
vn 0.7071068 0.0000000 0.7071067
v 0.0200000 -0.0037500 0.0000000
vn 1.0000000 0.0000000 0.0000000
v 0.0200000 -0.0149993 -0.0011336
vn 1.0000000 0.0000000 0.0000000
v 0.0200000 -0.0137481 -0.0019075
vn 0.0000000 1.0000000 0.0000000
v -0.0160002 0.0200000 -0.0017031
vn 0.0000000 0.7071068 0.7071068
v -0.0137500 0.0200000 0.0000000
vn 0.0000000 0.7071068 0.7071068
v -0.0037500 0.0200000 0.0000000
vn 0.0000000 1.0000000 0.0000000
v 0.0040307 0.0200000 -0.0014956
vn 0.0000000 0.7071068 0.7071068
v 0.0037500 0.0200000 0.0000000
vn 0.0000000 1.0000000 0.0000000
v 0.0149744 0.0200000 -0.0010524
vn 0.0000000 1.0000000 0.0000000
v 0.0135751 0.0200000 -0.0014283
vn -0.9953893 -0.0959089 0.0012540
v 0.0084549 0.0008568 0.0136119
vn -0.9117165 -0.4108180 -0.0012511
v 0.0077517 0.0034831 0.0134979
vn -0.5460259 -0.8377673 0.0013392
v 0.0046730 0.0070980 0.0138250
vn -0.1274492 -0.9918427 -0.0021501
v 0.0011433 0.0084221 0.0142086
vn 0.0520161 -0.9986455 -0.0012256
v -0.0004469 0.0084869 0.0136578
vn 0.2326865 -0.9725483 0.0026079
v -0.0019686 0.0082670 0.0133871
vn 0.5004493 -0.8657654 0.0008139
v -0.0042140 0.0073810 0.0133117
vn 0.4325328 -0.9015978 0.0060766
v -0.0037015 0.0076497 0.0014684
vn 0.8452595 -0.5343560 -0.0001952
v -0.0071638 0.0045746 0.0141455
vn 0.9982926 0.0582624 0.0041676
v -0.0084868 -0.0004487 0.0141393
vn 0.9736827 0.2278914 0.0027482
v -0.0082722 -0.0019474 0.0137027
vn 0.8501770 0.5264959 0.0010518
v -0.0072483 -0.0044360 0.0138909
vn 0.8663536 0.4992312 0.0141255
v -0.0073504 -0.0042679 0.0015766
vn 0.6244121 0.7810941 -0.0012714
v -0.0052884 -0.0066521 0.0047464
vn 0.5677087 0.8232281 0.0015302
v -0.0048471 -0.0069817 0.0120788
vn 0.6297993 0.7767549 -0.0021530
v -0.0053623 -0.0065927 0.0132402
vn 0.4829625 0.8756409 0.0003394
v -0.0041077 -0.0074393 0.0137289
vn 0.3100517 0.9507189 -0.0011944
v -0.0025821 -0.0080977 0.0134598
vn 0.1411335 0.9899875 -0.0024769
v -0.0012179 -0.0084106 0.0132091
vn -0.1703402 0.9853812 -0.0028563
v 0.0014944 -0.0083672 0.0139049
vn -0.7901317 0.6129369 -0.0006192
v 0.0067024 -0.0052257 0.0120782
vn -0.8638343 0.5037710 0.0022716
v 0.0073562 -0.0042582 0.0027589
vn 0.7391268 -0.6735661 0.0004691
v 0.0125000 -0.0070000 0.0078125
vn 1.0000000 0.0000000 0.0000000
v 0.0125000 0.0031240 0.0143994
vn 1.0000000 0.0000000 0.0000000
v 0.0125000 0.0027927 0.0174993
vn 1.0000000 0.0000000 0.0000000
v 0.0125000 0.0006498 0.0235155
vn 1.0000000 0.0000000 0.0000000
v 0.0125000 -0.0011950 0.0194518
vn 1.0000000 0.0000000 0.0000000
v 0.0125000 0.0033394 0.0058368
vn 1.0000000 0.0000000 0.0000000
v 0.0125000 0.0026780 0.0072137
vn 0.0000000 1.0000000 0.0000000
v 0.0013151 0.0125000 0.0193074
vn 0.0000000 1.0000000 0.0000000
v -0.0027721 0.0125000 0.0166179
vn 0.0000000 1.0000000 0.0000000
v -0.0029828 0.0125000 0.0147740
vn 0.6666310 0.7453853 0.0019876
v 0.0070000 0.0125000 0.0078125
vn 0.0000000 1.0000000 0.0000000
v -0.0033995 0.0125000 0.0056835
vn 0.0000000 1.0000000 0.0000000
v -0.0026088 0.0125000 0.0069621
vn -1.0000000 0.0000000 0.0000000
v -0.0125000 0.0060567 0.0109715
vn -1.0000000 0.0000000 0.0000000
v -0.0125000 -0.0025336 0.0143820
vn -1.0000000 0.0000000 0.0000000
v -0.0125000 -0.0022936 0.0175789
vn -1.0000000 0.0000000 0.0000000
v -0.0125000 -0.0016346 0.0206698
vn -1.0000000 0.0000000 0.0000000
v -0.0125000 0.0008577 0.0237673
vn -1.0000000 0.0000000 0.0000000
v -0.0125000 -0.0033908 0.0059781
vn -1.0000000 0.0000000 0.0000000
v -0.0125000 -0.0027197 0.0073782
vn 0.0000000 -1.0000000 0.0000000
v -0.0058574 -0.0125000 0.0113557
vn 0.0000000 -1.0000000 0.0000000
v 0.0024768 -0.0125000 0.0143107
vn 0.0000000 -1.0000000 0.0000000
v 0.0023002 -0.0125000 0.0176120
vn 0.0000000 -1.0000000 0.0000000
v 0.0015949 -0.0125000 0.0206513
vn 0.0000000 -1.0000000 0.0000000
v -0.0008653 -0.0125000 0.0237762
vn 0.0000000 -1.0000000 0.0000000
v 0.0035325 -0.0125000 0.0059360
vn 0.0000000 -1.0000000 0.0000000
v 0.0027176 -0.0125000 0.0073205
vn 0.7576246 0.6526902 -0.0007119
v 0.0125000 0.0070000 0.0078125
vn 0.7587129 0.6514155 -0.0035687
v 0.0083444 0.0088989 0.0107198
vn 0.5913033 0.8064482 0.0013449
v 0.0092478 0.0080662 0.0084239
vn 0.1569821 0.9876006 -0.0013268
v 0.0116563 0.0070664 0.0103972
vn 0.3364679 0.9416945 -0.0009366
v 0.0105804 0.0073467 0.0077687
vn 0.3565906 0.9342580 0.0022595
v 0.0105933 0.0073417 0.0015531
vn -0.7513773 -0.6598148 0.0087564
v -0.0125000 -0.0070000 0.0078125
vn -0.6616933 -0.7497747 0.0002145
v -0.0070000 -0.0125000 0.0140625
vn -0.7464490 -0.6654425 0.0004886
v -0.0083761 -0.0088628 0.0154771
vn -0.6551758 -0.7554762 -0.0006053
v -0.0089215 -0.0083246 0.0140891
vn -0.8616577 -0.5074541 -0.0060266
v -0.0077623 -0.0097081 0.0084026
vn -0.2946502 -0.9556052 -0.0000719
v -0.0108414 -0.0072562 0.0116959
vn 0.6655203 -0.7463798 -0.0002166
v 0.0070000 -0.0125000 0.0078125
vn 0.8756553 -0.4829136 -0.0047232
v 0.0076855 -0.0098437 0.0046381
vn 0.9044800 -0.4264993 -0.0037776
v 0.0075292 -0.0101474 0.0015854
vn -0.6658180 0.7460803 0.0071170
v -0.0070000 0.0125000 0.0078125
vn -0.7515525 0.6596714 0.0016282
v -0.0125000 0.0070000 0.0140625
vn -0.7248211 0.6889257 0.0039880
v -0.0085153 0.0087108 0.0075529
vn -0.7359821 0.6770003 -0.0010284
v -0.0084724 0.0087556 0.0108663
vn -0.6516788 0.7584949 0.0004822
v -0.0088828 0.0083585 0.0153299
vn 0.0000000 -0.7071068 0.7071068
v 0.0062500 -0.0200000 0.0000000
vn 0.0000000 -0.7071068 0.7071068
v 0.0087500 -0.0200000 0.0000000
vn -0.7071068 0.0000000 0.7071068
v -0.0200000 -0.0062500 0.0000000
vn 0.0000000 0.0000000 1.0000000
v -0.0147726 0.0033492 0.0000000
vn 0.0000000 0.7071068 0.7071068
v -0.0062500 0.0200000 0.0000000
vn 0.7071068 0.0000000 0.7071068
v 0.0200000 0.0062500 0.0000000
vn -1.0000000 0.0000000 0.0000000
v -0.0200000 -0.0134480 -0.0017335
vn -1.0000000 0.0000000 0.0000000
v -0.0200000 0.0001114 -0.0010493
vn -1.0000000 0.0000000 0.0000000
v -0.0200000 -0.0056916 -0.0015029
vn -0.7071068 0.0000000 0.7071068
v -0.0200000 0.0112500 0.0000000
vn 0.0000000 0.0000000 -1.0000000
v -0.0127087 0.0015944 -0.0030000
vn 0.0000000 0.0000000 -1.0000000
v -0.0038008 -0.0018866 -0.0030000
vn 0.0000000 0.0000000 -1.0000000
v -0.0022648 -0.0045038 -0.0030000
vn 0.0000000 0.0000000 -1.0000000
v -0.0055064 -0.0039980 -0.0030000
vn 0.0000000 0.0000000 -1.0000000
v -0.0002748 -0.0085501 -0.0030000
vn 0.0000000 0.0000000 -1.0000000
v -0.0014824 -0.0095006 -0.0030000
vn 0.0000000 0.0000000 -1.0000000
v -0.0073921 -0.0070328 -0.0030000
vn 0.0000000 0.0000000 -1.0000000
v -0.0096086 -0.0089511 -0.0030000
vn 0.0000000 0.0000000 -1.0000000
v -0.0034531 0.0037852 -0.0030000
vn 0.0000000 0.0000000 -1.0000000
v -0.0013813 0.0020927 -0.0030000
vn 0.0000000 0.0000000 -1.0000000
v -0.0140072 0.0027921 -0.0030000
vn 0.0000000 0.0000000 -1.0000000
v -0.0022503 0.0049158 -0.0030000
vn 0.0000000 0.0000000 -1.0000000
v -0.0007231 0.0045613 -0.0030000
vn 0.0000000 0.0000000 -1.0000000
v 0.0112577 -0.0009847 -0.0030000
vn 0.0000000 0.0000000 -1.0000000
v -0.0018214 0.0091435 -0.0030000
vn 0.0000000 0.0000000 -1.0000000
v -0.0030220 0.0086372 -0.0030000
vn 0.0000000 0.0000000 -1.0000000
v -0.0175515 0.0061016 -0.0030000
vn 0.0000000 0.0000000 -1.0000000
v 0.0061978 0.0038872 -0.0030000
vn 0.0000000 0.0000000 -1.0000000
v 0.0041374 0.0013978 -0.0030000
vn 0.0000000 0.0000000 -1.0000000
v 0.0021754 -0.0136045 -0.0030000
vn 0.0000000 0.0000000 -1.0000000
v -0.0093090 -0.0187612 -0.0030000
vn 0.0000000 0.0000000 -1.0000000
v 0.0012021 -0.0006582 -0.0030000
vn 0.0000000 0.0000000 -1.0000000
v -0.0046048 -0.0005658 -0.0030000
vn 0.0000000 0.0000000 -1.0000000
v 0.0035999 -0.0177557 -0.0030000
vn 0.0000000 -0.7071068 -0.7071068
v 0.0125000 -0.0200000 -0.0030000
vn 0.0000000 -0.7071068 -0.7071068
v 0.0025000 -0.0200000 -0.0030000
vn 0.0000000 0.0000000 -1.0000000
v -0.0187626 0.0000503 -0.0030000
vn 0.0000000 0.0000000 -1.0000000
v 0.0057362 -0.0163564 -0.0030000
vn 0.0000000 0.0000000 -1.0000000
v -0.0074591 0.0160651 -0.0030000
vn 0.0000000 0.7071068 -0.7071068
v -0.0075000 0.0200000 -0.0030000
vn 0.0000000 0.7071068 -0.7071068
v -0.0025000 0.0200000 -0.0030000
vn 0.0000000 0.0000000 -1.0000000
v 0.0168449 0.0063959 -0.0030000
vn 0.0000000 0.0000000 -1.0000000
v -0.0093071 0.0184693 -0.0030000
vn 0.0000000 -1.0000000 0.0000000
v 0.0005582 -0.0200000 -0.0015464
vn 0.0000000 -1.0000000 0.0000000
v 0.0060059 -0.0200000 -0.0013823
vn 0.0000000 -0.7071068 0.7071068
v -0.0112500 -0.0200000 0.0000000
vn 1.0000000 0.0000000 0.0000000
v 0.0200000 0.0140741 -0.0014467
vn 1.0000000 0.0000000 0.0000000
v 0.0200000 0.0005816 -0.0015198
vn 0.7071068 0.0000000 0.7071068
v 0.0200000 -0.0112500 0.0000000
vn 0.0000000 1.0000000 0.0000000
v -0.0134747 0.0200000 -0.0014589
vn 0.0000000 1.0000000 0.0000000
v -0.0006203 0.0200000 -0.0015137
vn 0.0000000 1.0000000 0.0000000
v -0.0062665 0.0200000 -0.0012749
vn 0.0000000 0.7071068 0.7071068
v 0.0112500 0.0200000 0.0000000
vn -0.9985732 0.0533992 -0.0001366
v 0.0084884 -0.0004240 0.0186738
vn -0.9802056 0.1979702 0.0021952
v 0.0083336 -0.0016632 0.0180930
vn -0.9672554 0.2538044 0.0007114
v 0.0082279 -0.0021283 0.0226563
vn -0.7979906 0.6026676 -0.0016728
v 0.0067637 -0.0051469 0.0226169
vn -0.5992139 0.8005792 -0.0039658
v 0.0050874 -0.0068073 0.0135983
vn -0.3303123 0.9438672 0.0029199
v 0.0028346 -0.0080120 0.0181505
vn -0.1914495 0.9815024 -0.0005781
v 0.0015697 -0.0083522 0.0227259
vn -0.1424377 0.9898038 -0.0002176
v 0.0012454 -0.0084064 0.0183670
vn 0.0634195 0.9979870 0.0003158
v -0.0005714 -0.0084788 0.0186640
vn 0.2406776 0.9706051 -0.0003744
v -0.0020246 -0.0082533 0.0228350
vn 0.2607600 0.9654033 -0.0008836
v -0.0021585 -0.0082205 0.0181631
vn 0.3995289 0.9166707 0.0095702
v -0.0034201 -0.0077794 0.0189143
vn 0.6855757 0.7280013 0.0002213
v -0.0058285 -0.0061846 0.0224643
vn 0.7197788 0.6941998 -0.0022890
v -0.0061188 -0.0058971 0.0193383
vn 0.8050915 0.5931429 0.0030477
v -0.0068360 -0.0050483 0.0225729
vn 0.7659957 0.6428446 0.0011692
v -0.0065256 -0.0054460 0.0209899
vn 0.8922214 0.4515748 -0.0046130
v -0.0075828 -0.0038373 0.0182052
vn 0.9896822 0.1432132 0.0043784
v -0.0084053 -0.0012525 0.0225133
vn 0.9879250 0.1548705 -0.0044101
v -0.0083956 -0.0013156 0.0189877
vn 0.9998633 -0.0160662 -0.0039224
v -0.0084978 0.0001002 0.0179307
vn 0.9822690 -0.1874734 -0.0011701
v -0.0083452 0.0016052 0.0189258
vn 0.9406549 -0.3393645 -0.0000409
v -0.0079843 0.0029152 0.0181257
vn 0.8824633 -0.4703692 -0.0033707
v -0.0075003 0.0039965 0.0187451
vn 0.8474268 -0.5309122 -0.0002546
v -0.0071872 0.0045367 0.0226040
vn 0.5697857 -0.8217850 -0.0037305
v -0.0048452 0.0069829 0.0186157
vn 0.2872074 -0.9578683 -0.0004325
v -0.0023969 0.0081530 0.0183575
vn 0.1795731 -0.9837366 -0.0039741
v -0.0015561 0.0083549 0.0226125
vn 0.0820529 -0.9966260 0.0020050
v -0.0007428 0.0084674 0.0212987
vn 0.1420220 -0.9898593 -0.0028852
v -0.0012039 0.0084127 0.0177245
vn -0.1909193 -0.9816044 0.0016115
v 0.0016222 0.0083418 0.0187264
vn -0.2055180 -0.9786398 -0.0051569
v 0.0017660 0.0083132 0.0226895
vn -0.2892241 -0.9572613 -0.0005636
v 0.0024527 0.0081367 0.0175244
vn -0.4630151 -0.8863401 -0.0042643
v 0.0038922 0.0075557 0.0215778
vn -0.4498908 -0.8930827 -0.0012618
v 0.0038142 0.0075942 0.0178766
vn -0.5705844 -0.8212384 0.0010437
v 0.0048536 0.0069774 0.0228922
vn -0.6708458 -0.7415969 -0.0001412
v 0.0056985 0.0063055 0.0198392
vn -0.8394430 -0.5434462 -0.0013265
v 0.0071339 0.0046193 0.0141993
vn -0.8584397 -0.5129120 -0.0016079
v 0.0073062 0.0043407 0.0208562
vn -0.8458039 -0.5334937 0.0005681
v 0.0071839 0.0045422 0.0182380
vn -0.9284977 -0.3713332 0.0019247
v 0.0078841 0.0031728 0.0184838
vn -0.9958992 -0.0904609 -0.0012641
v 0.0084659 0.0007567 0.0192081
vn -0.9988885 -0.0471365 -0.0000528
v 0.0084892 0.0004116 0.0016518
vn -0.9701492 -0.2425089 0.0000408
v 0.0082561 0.0020130 0.0039709
vn -0.9411581 -0.3379159 0.0058686
v 0.0080102 0.0028399 0.0013519
vn -0.8453452 -0.5342186 -0.0014305
v 0.0071629 0.0045759 0.0046059
vn -0.5286180 -0.8488466 0.0047347
v 0.0044732 0.0072258 0.0051451
vn -0.4614409 -0.8871700 -0.0013575
v 0.0039417 0.0075304 0.0013914
vn -0.0732528 -0.9973124 0.0014694
v 0.0005938 0.0084773 0.0050302
vn 0.1032129 -0.9946489 0.0045411
v -0.0009115 0.0084490 0.0013757
vn 0.6894184 -0.7243566 0.0031345
v -0.0058392 0.0061744 0.0014708
vn 0.7455465 -0.6664467 -0.0030348
v -0.0063221 0.0056795 0.0040418
vn 0.8512099 -0.5248225 0.0017793
v -0.0072406 0.0044487 0.0047208
vn 0.8901504 -0.4556310 0.0057170
v -0.0075601 0.0038832 0.0015266
vn 0.9534746 -0.3014654 0.0021889
v -0.0081177 0.0025179 0.0015823
vn 0.9895542 -0.1441519 -0.0016430
v -0.0084082 0.0012337 0.0016024
vn 0.9997755 0.0211679 0.0009896
v -0.0084955 -0.0002046 0.0046870
vn 0.7483706 0.6631048 0.0152822
v -0.0064009 -0.0055897 0.0015833
vn 0.6079310 0.7933916 0.0308162
v -0.0052000 -0.0067230 0.0016093
vn 0.4535281 0.8911093 0.0153782
v -0.0038022 -0.0076001 0.0018673
vn 0.2737491 0.9618005 0.0011171
v -0.0023078 -0.0081789 0.0016106
vn 0.1009044 0.9948869 -0.0042942
v -0.0008268 -0.0084582 0.0014492
vn 0.0097797 0.9999520 0.0005885
v -0.0000689 -0.0084985 0.0044574
vn -0.3837308 0.9234438 0.0015040
v 0.0032510 -0.0078537 0.0014060
vn -0.6977792 0.7163120 0.0012169
v 0.0059385 -0.0060792 0.0014660
vn -0.9608517 0.2770138 0.0052360
v 0.0081729 -0.0023283 0.0014697
vn -0.9927183 0.1204575 -0.0005865
v 0.0084341 -0.0010473 0.0015549
vn -0.9996288 0.0272389 0.0006098
v 0.0084955 -0.0002046 0.0050242
vn 1.0000000 0.0000000 0.0000000
v 0.0125000 -0.0062159 0.0140991
vn 1.0000000 0.0000000 0.0000000
v 0.0125000 -0.0057207 0.0077039
vn 0.7519389 -0.6592265 0.0029064
v 0.0125000 -0.0070000 0.0015625
vn 1.0000000 0.0000000 0.0000000
v 0.0125000 -0.0059782 0.0015363
vn 1.0000000 0.0000000 0.0000000
v 0.0125000 -0.0043852 0.0014913
vn 1.0000000 0.0000000 0.0000000
v 0.0125000 -0.0026215 0.0075647
vn 1.0000000 0.0000000 0.0000000
v 0.0125000 -0.0011080 0.0013912
vn 1.0000000 0.0000000 0.0000000
v 0.0125000 0.0018019 0.0083825
vn 1.0000000 0.0000000 0.0000000
v 0.0125000 0.0053434 0.0165545
vn 0.7404697 -0.6720896 0.0003571
v 0.0125000 -0.0070000 0.0234375
vn 1.0000000 0.0000000 0.0000000
v 0.0125000 0.0059473 0.0079510
vn 0.0000000 1.0000000 0.0000000
v -0.0055483 0.0125000 0.0168570
vn 0.6688747 0.7433746 0.0008981
v 0.0070000 0.0125000 0.0234375
vn 0.0000000 1.0000000 0.0000000
v 0.0062516 0.0125000 0.0140754
vn 0.0000000 1.0000000 0.0000000
v 0.0020753 0.0125000 0.0135460
vn 0.0000000 1.0000000 0.0000000
v 0.0057221 0.0125000 0.0075932
vn 0.6675164 0.7445918 0.0022399
v 0.0070000 0.0125000 0.0015625
vn 0.0000000 1.0000000 0.0000000
v 0.0059685 0.0125000 0.0015282
vn 0.0000000 1.0000000 0.0000000
v 0.0043297 0.0125000 0.0014655
vn 0.0000000 1.0000000 0.0000000
v 0.0028005 0.0125000 0.0075668
vn 0.0000000 1.0000000 0.0000000
v 0.0010843 0.0125000 0.0012546
vn 0.0000000 1.0000000 0.0000000
v -0.0060057 0.0125000 0.0071613
vn 0.0000000 1.0000000 0.0000000
v -0.0057153 0.0125000 0.0194842
vn -1.0000000 0.0000000 0.0000000
v -0.0125000 0.0050879 0.0207017
vn -1.0000000 0.0000000 0.0000000
v -0.0125000 0.0060927 0.0139932
vn -1.0000000 0.0000000 0.0000000
v -0.0125000 0.0046878 0.0138707
vn -1.0000000 0.0000000 0.0000000
v -0.0125000 0.0032637 0.0138229
vn -0.7558899 0.6546888 0.0036153
v -0.0125000 0.0070000 0.0078125
vn -0.7526153 0.6584550 0.0027272
v -0.0125000 0.0070000 0.0015625
vn -1.0000000 0.0000000 0.0000000
v -0.0125000 0.0059497 0.0015560
vn -1.0000000 0.0000000 0.0000000
v -0.0125000 0.0041301 0.0015526
vn -1.0000000 0.0000000 0.0000000
v -0.0125000 0.0028343 0.0072855
vn -1.0000000 0.0000000 0.0000000
v -0.0125000 0.0013529 0.0012121
vn -1.0000000 0.0000000 0.0000000
v -0.0125000 0.0001728 0.0016580
vn -1.0000000 0.0000000 0.0000000
v -0.0125000 -0.0020995 0.0085344
vn -1.0000000 0.0000000 0.0000000
v -0.0125000 -0.0057053 0.0084425
vn 0.0000000 -1.0000000 0.0000000
v -0.0051263 -0.0125000 0.0205797
vn 0.0000000 -1.0000000 0.0000000
v -0.0060872 -0.0125000 0.0140442
vn 0.0000000 -1.0000000 0.0000000
v -0.0047335 -0.0125000 0.0140060
vn 0.0000000 -1.0000000 0.0000000
v -0.0033630 -0.0125000 0.0138973
vn -0.6547022 -0.7558751 0.0042385
v -0.0070000 -0.0125000 0.0015625
vn 0.0000000 -1.0000000 0.0000000
v -0.0059785 -0.0125000 0.0015167
vn 0.0000000 -1.0000000 0.0000000
v -0.0043626 -0.0125000 0.0014303
vn 0.0000000 -1.0000000 0.0000000
v -0.0026816 -0.0125000 0.0071036
vn 0.0000000 -1.0000000 0.0000000
v -0.0024454 -0.0125000 0.0085901
vn 0.0000000 -1.0000000 0.0000000
v -0.0008097 -0.0125000 0.0014285
vn 0.0000000 -1.0000000 0.0000000
v 0.0050939 -0.0125000 0.0164926
vn 0.0000000 -1.0000000 0.0000000
v 0.0058296 -0.0125000 0.0084451
vn 0.7178379 0.6961901 -0.0052999
v 0.0085339 0.0086913 0.0196931
vn 0.9748971 0.2226539 -0.0009205
v 0.0071272 0.0113258 0.0227077
vn 0.9683897 0.2494420 -0.0000342
v 0.0071822 0.0110979 0.0046347
vn 0.7447742 0.6673165 0.0004380
v 0.0083922 0.0088444 0.0045488
vn 0.7881640 0.6154364 0.0059659
v 0.0081497 0.0091354 0.0015654
vn 0.5521024 0.8337760 0.0006839
v 0.0094530 0.0079227 0.0045617
vn -0.2777015 -0.9606673 0.0006074
v -0.0109447 -0.0072258 0.0234634
vn -0.3905366 -0.9205821 0.0031160
v -0.0103843 -0.0074235 0.0206884
vn -0.5521429 -0.8337365 -0.0046585
v -0.0094575 -0.0079197 0.0181665
vn -0.7937044 -0.6082752 -0.0058955
v -0.0081306 -0.0091599 0.0193816
vn -0.9528087 -0.3035678 -0.0014755
v -0.0072706 -0.0107987 0.0169840
vn -0.9737624 -0.2274807 0.0062674
v -0.0071411 -0.0112656 0.0184674
vn -0.9486586 -0.3160199 0.0133499
v -0.0072935 -0.0107314 0.0015960
vn -0.9527593 -0.3036554 -0.0065706
v -0.0072825 -0.0107639 0.0044739
vn -0.8315719 -0.5553632 0.0077436
v -0.0079592 -0.0093984 0.0018203
vn 0.9706733 -0.2404025 0.0003412
v 0.0071597 -0.0111899 0.0119322
vn 0.9735158 -0.2278642 -0.0185722
v 0.0071415 -0.0112640 0.0196472
vn 0.9806606 -0.1956607 -0.0046523
v 0.0071116 -0.0114037 0.0239410
vn 0.8643330 -0.5026823 -0.0154647
v 0.0077271 -0.0097678 0.0199289
vn 0.7465023 -0.6653647 -0.0049049
v 0.0084559 -0.0087728 0.0207712
vn 0.5786353 -0.8155864 -0.0000186
v 0.0092858 -0.0080383 0.0239797
vn 0.5317501 -0.8469010 0.0007754
v 0.0095653 -0.0078490 0.0203528
vn 0.3412321 -0.9399678 -0.0046172
v 0.0105871 -0.0073441 0.0169497
vn 0.4506721 -0.8926854 0.0027455
v 0.0100435 -0.0075805 0.0186393
vn 0.1892911 -0.9818640 -0.0105780
v 0.0114626 -0.0070999 0.0238044
vn 0.1921704 -0.9810951 0.0228696
v 0.0114407 -0.0071043 0.0186726
vn 0.5439886 -0.8390790 -0.0047839
v 0.0094888 -0.0078988 0.0042636
vn 0.7702351 -0.6377422 0.0047960
v 0.0082310 -0.0090342 0.0015040
vn 0.8413438 -0.5404973 -0.0018556
v 0.0078940 -0.0094961 0.0030509
vn 0.9709373 -0.2393195 0.0026293
v 0.0071584 -0.0111952 0.0052541
vn -0.9755673 0.2196993 0.0008683
v -0.0071341 0.0112945 0.0137033
vn -0.9860401 0.1664978 0.0018500
v -0.0070612 0.0116900 0.0206104
vn -0.8365616 0.5477937 -0.0093142
v -0.0079230 0.0094526 0.0234922
vn -0.6945185 0.7194740 -0.0011242
v -0.0087052 0.0085207 0.0241264
vn -0.2816196 0.9595038 0.0065452
v -0.0109227 0.0072322 0.0180506
vn -0.2760486 0.9611280 -0.0054961
v -0.0109653 0.0072198 0.0045745
vn -0.7049361 0.7092693 0.0014922
v -0.0086246 0.0085978 0.0059482
vn -0.8618324 0.5071918 0.0011287
v -0.0077599 0.0097120 0.0050373
vn 0.0000000 -0.7071068 0.7071068
v 0.0162500 -0.0200000 0.0000000
vn 0.7071068 0.0000000 0.7071068
v 0.0200000 -0.0162500 0.0000000
vn 0.7071068 0.0000000 0.7071068
v 0.0200000 -0.0062500 0.0000000
vn 0.0000000 -0.7071068 0.7071068
v -0.0162500 -0.0200000 0.0000000
vn 0.0000000 -0.7071068 0.7071068
v -0.0062500 -0.0200000 0.0000000
vn -0.7071068 0.0000000 0.7071068
v -0.0200000 -0.0162500 0.0000000
vn -0.7071068 0.0000000 0.7071068
v -0.0200000 0.0162500 0.0000000
vn -0.7071067 0.0000000 0.7071068
v -0.0200000 0.0062500 0.0000000
vn 0.0000000 0.7071068 0.7071068
v -0.0162500 0.0200000 0.0000000
vn 0.0000000 0.7071068 0.7071068
v 0.0162500 0.0200000 0.0000000
vn 0.0000000 0.7071068 0.7071068
v 0.0062500 0.0200000 0.0000000
vn 0.7071068 0.0000000 0.7071068
v 0.0200000 0.0162500 0.0000000
vn -0.7071068 0.0000000 -0.7071068
v -0.0200000 0.0131250 -0.0030000
vn -0.7071068 0.0000000 -0.7071068
v -0.0200000 0.0075000 -0.0030000
vn -0.7071068 0.0000000 -0.7071068
v -0.0200000 0.0025000 -0.0030000
vn -0.7071068 0.0000000 -0.7071068
v -0.0200000 -0.0025000 -0.0030000
vn -0.7071068 0.0000000 -0.7071068
v -0.0200000 -0.0175000 -0.0030000
vn 0.0000000 0.0000000 -1.0000000
v -0.0126716 -0.0024756 -0.0030000
vn 0.0000000 0.0000000 -1.0000000
v -0.0136389 -0.0082087 -0.0030000
vn 0.0000000 0.0000000 -1.0000000
v 0.0111560 0.0081515 -0.0030000
vn 0.0000000 0.0000000 -1.0000000
v 0.0000626 -0.0058892 -0.0030000
vn 0.0000000 0.0000000 -1.0000000
v 0.0016193 -0.0059950 -0.0030000
vn 0.0000000 0.0000000 -1.0000000
v -0.0084448 -0.0102986 -0.0030000
vn 0.0000000 0.0000000 -1.0000000
v -0.0068914 0.0064105 -0.0030000
vn 0.0000000 0.0000000 -1.0000000
v 0.0005314 0.0102246 -0.0030000
vn 0.0000000 0.0000000 -1.0000000
v 0.0116883 -0.0082668 -0.0030000
vn 0.0000000 0.0000000 -1.0000000
v 0.0008738 0.0007622 -0.0030000
vn 0.0000000 0.0000000 -1.0000000
v -0.0022568 0.0008903 -0.0030000
vn 0.0000000 0.0000000 -1.0000000
v 0.0081304 -0.0131934 -0.0030000
vn 0.0000000 0.0000000 -1.0000000
v -0.0134538 -0.0011955 -0.0030000
vn 0.0000000 0.0000000 -1.0000000
v 0.0152242 0.0015483 -0.0030000
vn 0.0000000 0.0000000 -1.0000000
v 0.0045380 -0.0001555 -0.0030000
vn 0.0000000 0.0000000 -1.0000000
v -0.0171338 0.0019707 -0.0030000
vn 0.0000000 0.0000000 -1.0000000
v -0.0152039 -0.0087209 -0.0030000
vn 0.0000000 0.0000000 -1.0000000
v 0.0102567 0.0041891 -0.0030000
vn 0.0000000 0.0000000 -1.0000000
v -0.0080037 0.0122030 -0.0030000
vn 0.0000000 0.0000000 -1.0000000
v -0.0083279 0.0105238 -0.0030000
vn 0.0000000 -0.7071068 -0.7071068
v -0.0025000 -0.0200000 -0.0030000
vn 0.0000000 -0.7071068 -0.7071068
v -0.0068750 -0.0200000 -0.0030000
vn 0.0000000 -0.7071068 -0.7071068
v -0.0131250 -0.0200000 -0.0030000
vn 0.0000000 -0.7071067 -0.7071068
v -0.0181250 -0.0200000 -0.0030000
vn 0.0000000 0.0000000 -1.0000000
v -0.0160951 -0.0063728 -0.0030000
vn 0.0000000 0.0000000 -1.0000000
v 0.0064792 -0.0063700 -0.0030000
vn 0.0000000 0.0000000 -1.0000000
v 0.0021530 -0.0177740 -0.0030000
vn 0.0000000 0.7071068 -0.7071068
v 0.0025000 0.0200000 -0.0030000
vn 0.0000000 0.7071068 -0.7071068
v 0.0068750 0.0200000 -0.0030000
vn 0.0000000 0.7071068 -0.7071068
v 0.0131250 0.0200000 -0.0030000
vn 0.0000000 0.7071068 -0.7071068
v 0.0175000 0.0200000 -0.0030000
vn 0.0000000 0.0000000 -1.0000000
v -0.0186794 -0.0058752 -0.0030000
vn 0.0000000 0.0000000 -1.0000000
v -0.0189144 -0.0169361 -0.0030000
vn 0.0000000 0.0000000 -1.0000000
v 0.0025071 -0.0045878 -0.0030000
vn 0.0000000 0.0000000 -1.0000000
v -0.0005528 -0.0169531 -0.0030000
vn 0.0000000 0.0000000 -1.0000000
v -0.0169519 0.0186951 -0.0030000
vn 0.0000000 0.7071068 -0.7071068
v -0.0175000 0.0200000 -0.0030000
vn 0.0000000 0.0000000 -1.0000000
v 0.0014183 0.0160945 -0.0030000
vn 0.0000000 0.0000000 -1.0000000
v 0.0079565 -0.0159019 -0.0030000
vn 0.0000000 0.0000000 -1.0000000
v 0.0169323 0.0132999 -0.0030000
vn 0.0000000 0.0000000 -1.0000000
v 0.0189069 0.0030098 -0.0030000
vn 0.7071068 0.0000000 -0.7071068
v 0.0200000 0.0175000 -0.0030000
vn 0.7071068 0.0000000 -0.7071068
v 0.0200000 0.0125000 -0.0030000
vn 0.7071068 0.0000000 -0.7071068
v 0.0200000 0.0081250 -0.0030000
vn 0.7071068 0.0000000 -0.7071068
v 0.0200000 0.0025000 -0.0030000
vn 0.0000000 0.0000000 -1.0000000
v 0.0182946 -0.0049857 -0.0030000
vn 0.0000000 0.0000000 -1.0000000
v 0.0190203 -0.0035804 -0.0030000
vn 0.7071068 0.0000000 -0.7071068
v 0.0200000 -0.0018750 -0.0030000
vn 0.7071068 0.0000000 -0.7071068
v 0.0200000 -0.0068750 -0.0030000
vn 0.7071068 0.0000000 -0.7071068
v 0.0200000 -0.0125000 -0.0030000
vn 0.7071068 0.0000000 -0.7071068
v 0.0200000 -0.0175000 -0.0030000
vn 0.0000000 0.0000000 -1.0000000
v -0.0068685 -0.0156972 -0.0030000
vn 0.0000000 0.0000000 -1.0000000
v -0.0094956 -0.0160175 -0.0030000
vn 0.0000000 -1.0000000 0.0000000
v -0.0059642 -0.0200000 -0.0017604
vn 0.0000000 -1.0000000 0.0000000
v -0.0186094 -0.0200000 -0.0017486
vn 1.0000000 0.0000000 0.0000000
v 0.0200000 -0.0059543 -0.0018242
vn 1.0000000 0.0000000 0.0000000
v 0.0200000 -0.0187460 -0.0020987
vn -0.0668530 -0.3674013 0.9276567
v 0.0016625 0.0093255 0.0249729
vn -0.0013857 0.0011709 0.9999984
v 0.0069690 -0.0083996 0.0250000
vn 0.0000000 -0.7071068 -0.7071068
v 0.0181250 -0.0200000 -0.0030000
vn -0.8506456 -0.5256267 -0.0108931
v -0.0097158 0.0142714 -0.0015402
vn 0.0000000 0.0000000 1.0000000
v 0.0000456 0.0047833 0.0000000
vn -0.2878152 -0.9576857 0.0007417
v 0.0023370 0.0081704 0.0147600
vn 0.0000000 0.0000000 1.0000000
v -0.0065945 -0.0098495 0.0250000
vn 0.0000000 0.0000000 1.0000000
v -0.0059407 0.0107970 0.0250000
vn 0.1536506 0.9881241 0.0015169
v 0.0120007 -0.0157612 -0.0015044
vn 0.8319591 -0.5548364 -0.0008414
v -0.0070952 0.0046773 0.0065262
vn 0.6138289 0.7894391 0.0000921
v -0.0051969 -0.0067255 0.0065931
vn 0.4913745 0.8709483 -0.0004821
v -0.0041720 -0.0074040 0.0074763
vn -0.0620073 0.9980714 0.0029383
v 0.0005331 -0.0084813 0.0061670
vn -0.0010419 -0.0007833 0.9999992
v 0.0101242 0.0032842 0.0250000
vn 1.0000000 0.0000000 0.0000000
v 0.0125000 -0.0012712 0.0116381
vn 0.0000000 1.0000000 0.0000000
v 0.0009777 0.0125000 0.0121314
vn 0.0000000 0.0000000 1.0000000
v 0.0010116 0.0072036 0.0000000
vn 0.0000000 0.0000000 1.0000000
v -0.0020094 -0.0045326 0.0000000
vn 0.0000000 0.0000000 1.0000000
v 0.0054875 -0.0045705 0.0000000
vn 0.4792716 0.8776641 -0.0021124
v -0.0040182 -0.0074884 0.0175090
vn 1.0000000 0.0000000 0.0000000
v 0.0125000 -0.0056170 0.0197109
vn -1.0000000 0.0000000 0.0000000
v -0.0125000 0.0060407 0.0170195
vn 0.0000000 -1.0000000 0.0000000
v -0.0060432 -0.0125000 0.0170308
vn 0.7429800 0.6693122 0.0013790
v 0.0125000 0.0070000 0.0142578
vn -0.7514193 -0.6598250 0.0002477
v -0.0125000 -0.0070000 0.0142578
vn -0.9830082 -0.1835566 -0.0013591
v -0.0070798 -0.0115690 0.0155553
vn 0.6615320 -0.7499115 0.0028790
v 0.0070000 -0.0125000 0.0142578
vn -0.6666141 0.7454029 -0.0003368
v -0.0070000 0.0125000 0.0142578
vn 0.0000000 0.0000000 1.0000000
v -0.0027842 0.0172696 0.0000000
vn 0.0000000 0.0000000 -1.0000000
v 0.0074595 -0.0005156 -0.0030000
vn 0.0000000 0.0000000 -1.0000000
v -0.0173744 -0.0149132 -0.0030000
vn 0.0000000 1.0000000 0.0000000
v -0.0004131 0.0125000 0.0130214
vn 0.7175325 0.6965207 0.0024841
v -0.0060816 -0.0059360 0.0120955
vn -0.2154038 -0.9765246 -0.0010152
v 0.0018701 0.0082911 0.0078615
vn 0.9966855 -0.0813330 0.0017363
v -0.0084696 0.0007103 0.0115234
vn 0.9999987 -0.0005635 -0.0015420
v -0.0084997 0.0000124 0.0072166
vn 0.2291621 0.9733827 -0.0033048
v -0.0019390 -0.0082742 0.0093379
vn 0.0703742 0.9975207 -0.0001857
v -0.0005905 -0.0084775 0.0102620
vn -0.1604953 0.9870348 0.0019103
v 0.0013738 -0.0083866 0.0036940
vn 1.0000000 0.0000000 0.0000000
v 0.0125000 -0.0019836 0.0028289
vn 1.0000000 0.0000000 0.0000000
v 0.0125000 -0.0026798 0.0043947
vn 1.0000000 0.0000000 0.0000000
v 0.0125000 -0.0058831 0.0210075
vn 1.0000000 0.0000000 0.0000000
v 0.0125000 0.0025365 0.0045591
vn 1.0000000 0.0000000 0.0000000
v 0.0125000 0.0053767 0.0044791
vn 0.7313968 0.6819522 0.0000000
v 0.0125000 0.0070000 0.0015625
vn 0.0000000 1.0000000 0.0000000
v -0.0027032 0.0125000 0.0043408
vn 0.0000000 1.0000000 0.0000000
v -0.0054065 0.0125000 0.0044505
vn -0.6515226 0.7586285 0.0010302
v -0.0070000 0.0125000 0.0015625
vn -1.0000000 0.0000000 0.0000000
v -0.0125000 0.0021130 0.0035328
vn -1.0000000 0.0000000 0.0000000
v -0.0125000 -0.0025744 0.0045614
vn -0.7479950 -0.6636936 -0.0038061
v -0.0125000 -0.0070000 0.0015625
vn 0.0000000 -1.0000000 0.0000000
v -0.0020583 -0.0125000 0.0028716
vn 0.0000000 -1.0000000 0.0000000
v 0.0027196 -0.0125000 0.0046371
vn 0.0000000 -1.0000000 0.0000000
v 0.0059489 -0.0125000 0.0015399
vn 0.6707273 -0.7416990 -0.0027577
v 0.0070000 -0.0125000 0.0015625
vn 0.4424036 0.8968086 -0.0036797
v 0.0101200 0.0075427 0.0231800
vn 0.6752377 0.7375932 0.0032381
v 0.0070000 0.0125000 0.0185547
vn -0.7380918 -0.6747001 -0.0004527
v -0.0125000 -0.0070000 0.0207031
vn 0.6460661 -0.7631595 -0.0136500
v 0.0070000 -0.0125000 0.0207031
vn 0.7492481 -0.6621309 0.0144962
v 0.0125000 -0.0070000 0.0185547
vn 0.9615334 -0.2746687 -0.0032570
v 0.0072112 -0.0109948 0.0033588
vn -0.6799358 0.7332717 0.0000000
v -0.0070000 0.0125000 0.0207031
vn 0.0000000 0.0000000 1.0000000
v 0.0169087 -0.0124523 0.0000000
vn 0.0000000 0.0000000 1.0000000
v 0.0190372 -0.0035343 0.0000000
vn 0.0000000 0.0000000 1.0000000
v -0.0184607 -0.0152113 0.0000000
vn 0.0000000 0.0000000 1.0000000
v 0.0176587 0.0092780 0.0000000
vn 0.0000000 0.0000000 -1.0000000
v 0.0089956 -0.0057270 -0.0030000
vn 0.0000000 0.0000000 -1.0000000
v 0.0170982 0.0080587 -0.0030000
vn 0.0000000 0.0000000 -1.0000000
v 0.0174627 -0.0012999 -0.0030000
vn 0.0000000 0.0000000 1.0000000
v -0.0006547 0.0010032 0.0000000
vn -0.9159976 -0.4011823 0.0010728
v 0.0077821 0.0034139 0.0152150
vn -0.2150730 -0.9765976 -0.0009236
v 0.0018594 0.0082937 0.0159516
vn -0.0325950 -0.9994685 0.0006308
v 0.0002662 0.0084942 0.0154445
vn 0.3942384 -0.9190024 0.0032711
v -0.0033819 0.0077962 0.0124886
vn 0.3814089 -0.9244060 0.0008789
v -0.0032721 0.0078445 0.0140945
vn 0.8634153 -0.5044929 0.0010177
v -0.0073340 0.0042949 0.0158842
vn 0.8590963 -0.5118061 -0.0028599
v -0.0072856 0.0043746 0.0124794
vn 0.9256670 -0.3783393 -0.0001322
v -0.0078690 0.0032116 0.0116988
vn 0.9710495 -0.2388785 -0.0001766
v -0.0082532 0.0020251 0.0107972
vn 0.9960720 -0.0885297 0.0017715
v -0.0084688 0.0007238 0.0147897
vn 0.9214843 0.3884114 0.0018065
v -0.0078325 -0.0032993 0.0128229
vn 0.9220284 0.3871212 0.0009599
v -0.0078340 -0.0032960 0.0142064
vn 0.2365794 0.9716116 0.0010715
v -0.0020066 -0.0082577 0.0109828
vn -0.3690205 0.9294211 -0.0006394
v 0.0031283 -0.0079014 0.0092179
vn -0.3463054 0.9381009 -0.0062690
v 0.0029421 -0.0079738 0.0141935
vn -0.8506725 0.5256907 -0.0023718
v 0.0072497 -0.0044338 0.0134718
vn -0.8119361 0.5837344 0.0037359
v 0.0069040 -0.0049556 0.0014136
vn -0.9724324 0.2331826 -0.0010416
v 0.0082635 -0.0019829 0.0151991
vn 1.0000000 0.0000000 0.0000000
v 0.0125000 -0.0035681 0.0029546
vn 1.0000000 0.0000000 0.0000000
v 0.0125000 -0.0003561 0.0166097
vn 1.0000000 0.0000000 0.0000000
v 0.0125000 0.0039907 0.0044282
vn 0.0000000 1.0000000 0.0000000
v 0.0003694 0.0125000 0.0169042
vn 0.0000000 1.0000000 0.0000000
v -0.0040641 0.0125000 0.0043633
vn -1.0000000 0.0000000 0.0000000
v -0.0125000 0.0036054 0.0032520
vn -1.0000000 0.0000000 0.0000000
v -0.0125000 0.0033605 0.0088516
vn -1.0000000 0.0000000 0.0000000
v -0.0125000 -0.0041136 0.0045827
vn 0.0000000 -1.0000000 0.0000000
v -0.0044639 -0.0125000 0.0093315
vn 0.0000000 -1.0000000 0.0000000
v 0.0042833 -0.0125000 0.0044521
vn 0.3286924 -0.9444337 -0.0024883
v 0.0106549 -0.0073195 0.0089457
vn 0.0000000 0.0000000 1.0000000
v -0.0136633 -0.0067765 0.0000000
vn 0.0000000 0.0000000 -1.0000000
v -0.0003833 0.0030950 -0.0030000
vn 0.0000000 0.0000000 -1.0000000
v -0.0122987 -0.0169877 -0.0030000
vn 0.0000000 -0.7071068 -0.7071068
v 0.0087500 -0.0200000 -0.0030000
vn 0.0000000 0.0000000 -1.0000000
v 0.0074508 0.0188559 -0.0030000
vn 0.0000000 0.7071068 -0.7071068
v -0.0087500 0.0200000 -0.0030000
vn 0.0000000 0.7071068 -0.7071068
v -0.0037500 0.0200000 -0.0030000
vn -0.9768205 0.2140516 0.0019193
v 0.0083054 -0.0018051 0.0166502
vn -0.9161339 0.4008327 -0.0056361
v 0.0077997 -0.0033740 0.0145561
vn -0.4295706 0.9030315 -0.0017865
v 0.0036539 -0.0076732 0.0208344
vn 0.9975014 -0.0705212 -0.0042244
v -0.0084791 0.0005657 0.0162798
vn 0.9808981 -0.1944983 -0.0030727
v -0.0083316 0.0016736 0.0172457
vn 0.4121947 -0.9110919 -0.0026875
v -0.0035049 0.0077420 0.0192419
vn 1.0000000 0.0000000 0.0000000
v 0.0125000 -0.0027381 0.0014399
vn 1.0000000 0.0000000 0.0000000
v 0.0125000 0.0011694 0.0109848
vn 0.7608074 -0.6488373 -0.0135064
v 0.0125000 -0.0070000 0.0167969
vn 1.0000000 0.0000000 0.0000000
v 0.0125000 -0.0010571 0.0236501
vn 0.7443478 0.6677743 0.0048894
v 0.0125000 0.0070000 0.0183594
vn 0.6675826 0.7445268 -0.0036608
v 0.0070000 0.0125000 0.0167969
vn 0.0000000 1.0000000 0.0000000
v -0.0016088 0.0125000 0.0106883
vn 0.0000000 1.0000000 0.0000000
v 0.0026697 0.0125000 0.0013211
vn 0.0000000 1.0000000 0.0000000
v -0.0056400 0.0125000 0.0149912
vn -0.6619501 0.7495462 -0.0015781
v -0.0070000 0.0125000 0.0177734
vn -0.7389280 -0.6737694 0.0044957
v -0.0125000 -0.0070000 0.0177734
vn 0.0000000 -1.0000000 0.0000000
v -0.0026650 -0.0125000 0.0013389
vn 0.6700507 -0.7423006 -0.0046846
v 0.0070000 -0.0125000 0.0189453
vn 0.6546819 0.7558824 0.0057847
v 0.0070000 0.0125000 0.0144531
vn -0.7077011 -0.7065064 -0.0028056
v -0.0086043 -0.0086178 0.0238546
vn 0.8011687 -0.5984085 -0.0059942
v 0.0080768 -0.0092333 0.0183282
vn 0.7384009 -0.6743593 0.0019647
v 0.0125000 -0.0070000 0.0144531
vn -0.9066566 0.4218648 0.0019744
v -0.0075180 0.0101701 0.0147217
vn -0.9750870 0.2218139 -0.0020168
v -0.0071383 0.0112773 0.0153688
vn 0.0000000 0.0000000 1.0000000
v 0.0135402 -0.0042216 0.0000000
vn 0.0000000 0.0000000 1.0000000
v -0.0157954 0.0023198 0.0000000
vn 0.0000000 0.0000000 -1.0000000
v -0.0108158 -0.0061733 -0.0030000
vn 0.0000000 0.0000000 -1.0000000
v -0.0095208 0.0079053 -0.0030000
vn 0.0000000 0.0000000 -1.0000000
v -0.0034121 0.0139917 -0.0030000
vn 0.0000000 -0.7071068 -0.7071068
v -0.0012500 -0.0200000 -0.0030000
vn 0.0000000 -0.7071068 -0.7071067
v -0.0112500 -0.0200000 -0.0030000
vn 0.0000000 -0.7071068 -0.7071068
v -0.0162500 -0.0200000 -0.0030000
vn 0.0000000 0.0000000 -1.0000000
v -0.0110385 -0.0165812 -0.0030000
vn 0.0000000 0.0000000 -1.0000000
v 0.0083267 0.0130838 -0.0030000
vn 0.0000000 0.7071068 -0.7071068
v 0.0012500 0.0200000 -0.0030000
vn 0.0000000 0.7071068 -0.7071068
v 0.0112500 0.0200000 -0.0030000
vn 0.0000000 0.7071068 -0.7071068
v 0.0162500 0.0200000 -0.0030000
vn 0.0000000 0.0000000 -1.0000000
v -0.0187476 -0.0153437 -0.0030000
vn -0.7071068 0.0000000 -0.7071068
v -0.0200000 -0.0156250 -0.0030000
vn -0.7071068 0.0000000 -0.7071068
v -0.0200000 -0.0112500 -0.0030000
vn -0.7071067 0.0000000 -0.7071068
v -0.0200000 -0.0062500 -0.0030000
vn -0.7071068 0.0000000 -0.7071068
v -0.0200000 0.0037500 -0.0030000
vn -0.7071068 0.0000000 -0.7071068
v -0.0200000 0.0087500 -0.0030000
vn 0.0000000 0.0000000 -1.0000000
v 0.0050995 -0.0176700 -0.0030000
vn 0.0000000 0.7071068 -0.7071067
v -0.0162500 0.0200000 -0.0030000
vn 0.0000000 0.7071068 -0.7071068
v -0.0112500 0.0200000 -0.0030000
vn 0.7071068 0.0000000 -0.7071068
v 0.0200000 0.0162500 -0.0030000
vn 0.7071068 0.0000000 -0.7071068
v 0.0200000 0.0112500 -0.0030000
vn 0.0000000 0.0000000 -1.0000000
v 0.0191293 0.0056181 -0.0030000
vn 0.7071068 0.0000000 -0.7071068
v 0.0200000 0.0062500 -0.0030000
vn 0.7071068 0.0000000 -0.7071068
v 0.0200000 0.0012500 -0.0030000
vn 0.7071068 0.0000000 -0.7071068
v 0.0200000 -0.0037500 -0.0030000
vn 0.7071068 0.0000000 -0.7071068
v 0.0200000 -0.0087500 -0.0030000
vn 0.7071068 0.0000000 -0.7071068
v 0.0200000 -0.0112500 -0.0030000
vn 0.7071067 0.0000000 -0.7071068
v 0.0200000 -0.0162500 -0.0030000
vn 0.0000000 -0.7071067 -0.7071068
v 0.0162500 -0.0200000 -0.0030000
vn 0.3966667 0.9179627 -0.0002945
v -0.0033295 -0.0078192 0.0119236
vn -0.9894834 -0.1446452 -0.0006426
v 0.0084126 0.0012049 0.0103775
vn -0.5291197 -0.8485465 0.0011063
v 0.0044994 0.0072099 0.0104285
vn 0.0087814 -0.9999610 0.0009863
v -0.0000807 0.0084982 0.0095136
vn 0.5181651 0.8552687 -0.0045364
v -0.0044025 -0.0072687 0.0106290
vn -0.9869797 0.1608329 -0.0019752
v 0.0083922 -0.0013372 0.0110871
vn 1.0000000 0.0000000 0.0000000
v 0.0125000 0.0056323 0.0131313
vn 0.0000000 1.0000000 0.0000000
v 0.0007345 0.0125000 0.0136413
vn 0.0000000 1.0000000 0.0000000
v -0.0057102 0.0125000 0.0132599
vn -0.2383529 0.9711767 0.0019274
v 0.0019775 -0.0082648 0.0212383
vn 1.0000000 0.0000000 0.0000000
v 0.0125000 0.0055490 0.0209003
vn 1.0000000 0.0000000 0.0000000
v 0.0125000 0.0015886 0.0213425
vn 1.0000000 0.0000000 0.0000000
v 0.0125000 -0.0026873 0.0236108
vn 0.0000000 1.0000000 0.0000000
v -0.0056480 0.0125000 0.0219799
vn 0.0000000 1.0000000 0.0000000
v 0.0026271 0.0125000 0.0235670
vn 0.0000000 1.0000000 0.0000000
v 0.0043715 0.0125000 0.0235638
vn -1.0000000 0.0000000 0.0000000
v -0.0125000 -0.0052392 0.0221183
vn 0.0000000 -1.0000000 0.0000000
v 0.0056181 -0.0125000 0.0220482
vn 0.7379571 0.6748400 0.0032008
v 0.0125000 0.0070000 0.0160156
vn -0.7514758 -0.6597514 0.0035114
v -0.0125000 -0.0070000 0.0160156
vn 0.6767048 -0.7362546 0.0000000
v 0.0070000 -0.0125000 0.0160156
vn -0.6649559 0.7468814 -0.0014335
v -0.0070000 0.0125000 0.0160156
vn 0.0000000 0.0000000 -1.0000000
v -0.0096073 -0.0064640 -0.0030000
vn -0.7071068 0.0000000 -0.7071068
v -0.0200000 0.0162500 -0.0030000
vn 0.0000000 1.0000000 0.0000000
v 0.0011484 0.0125000 0.0148082
vn 0.7536310 0.6572957 0.0016770
v 0.0125000 0.0070000 0.0046875
vn -0.7536578 -0.6572670 0.0002644
v -0.0125000 -0.0070000 0.0046875
vn -0.6589231 0.7522095 0.0011025
v -0.0070000 0.0125000 0.0046875
vn 0.0000000 0.0000000 -1.0000000
v -0.0077814 -0.0187541 -0.0030000
vn 0.4258620 -0.9047757 0.0047329
v 0.0110882 -0.0095177 -0.0015273
vn -0.2347499 -0.9720558 0.0000790
v 0.0020188 0.0082547 0.0106728
vn -0.0226536 -0.9997433 0.0005331
v 0.0001899 0.0084959 0.0079226
vn 0.3031275 -0.9529499 0.0004340
v -0.0025600 0.0081052 0.0081304
vn 0.4414490 -0.8972852 0.0014413
v -0.0037628 0.0076195 0.0089311
vn 0.9063941 -0.4224269 -0.0023312
v -0.0077091 0.0035798 0.0072116
vn 0.9514791 0.3077134 -0.0000687
v -0.0080787 -0.0026381 0.0079323
vn 0.9349101 0.3548835 -0.0009166
v -0.0079489 -0.0030062 0.0094008
vn 0.2158442 0.9764279 0.0001249
v -0.0018354 -0.0082994 0.0075095
vn 1.0000000 0.0000000 0.0000000
v 0.0125000 0.0057261 0.0180776
vn 1.0000000 0.0000000 0.0000000
v 0.0125000 -0.0043516 0.0236429
vn 1.0000000 0.0000000 0.0000000
v 0.0125000 -0.0052421 0.0182936
vn 1.0000000 0.0000000 0.0000000
v 0.0125000 0.0041525 0.0015347
vn 0.0000000 1.0000000 0.0000000
v -0.0051144 0.0125000 0.0206989
vn 0.0000000 1.0000000 0.0000000
v -0.0048484 0.0125000 0.0182247
vn 0.0000000 1.0000000 0.0000000
v 0.0001097 0.0125000 0.0105748
vn 0.0000000 1.0000000 0.0000000
v -0.0041904 0.0125000 0.0015445
vn -1.0000000 0.0000000 0.0000000
v -0.0125000 -0.0058111 0.0204932
vn -1.0000000 0.0000000 0.0000000
v -0.0125000 -0.0042492 0.0015515
vn 0.0000000 -1.0000000 0.0000000
v 0.0060796 -0.0125000 0.0176562
vn 0.0000000 -1.0000000 0.0000000
v 0.0050704 -0.0125000 0.0207300
vn 0.0000000 -1.0000000 0.0000000
v 0.0042834 -0.0125000 0.0015528
vn -0.7631570 -0.6462117 -0.0013915
v -0.0082695 -0.0089862 0.0031950
vn -0.5346413 -0.8450758 -0.0023372
v -0.0095237 -0.0078755 0.0032637
vn 0.0000000 0.0000000 -1.0000000
v -0.0079418 0.0008235 -0.0030000
vn 0.0000000 0.0000000 -1.0000000
v -0.0111381 -0.0045861 -0.0030000
vn 1.0000000 0.0000000 0.0000000
v 0.0200000 -0.0111791 -0.0021134
vn -0.9641595 -0.2653229 0.0004351
v 0.0081844 0.0022890 0.0142486
vn -0.4603574 -0.8877329 0.0011632
v 0.0039637 0.0075183 0.0151154
vn -0.0300144 -0.9995494 0.0004985
v 0.0002478 0.0084946 0.0125075
vn 0.2737822 -0.9617907 0.0013888
v -0.0022969 0.0081821 0.0114768
vn 0.7611914 -0.6485217 -0.0027237
v -0.0064767 0.0055033 0.0129562
vn 0.7652286 -0.6437587 0.0002049
v -0.0064884 0.0054899 0.0154075
vn 0.9270791 -0.3748618 0.0017275
v -0.0078922 0.0031519 0.0149197
vn 0.9755601 -0.2197324 -0.0005597
v -0.0082974 0.0018442 0.0156367
vn 0.9713415 0.2376881 0.0004489
v -0.0082589 -0.0020016 0.0118326
vn 0.2335867 0.9723346 -0.0016570
v -0.0020033 -0.0082585 0.0157870
vn 0.0177079 0.9998432 0.0000180
v -0.0001968 -0.0084957 0.0142561
vn -0.0457510 0.9989059 0.0096906
v 0.0003513 -0.0084923 0.0010483
vn -0.8220383 0.5694317 -0.0007654
v 0.0069902 -0.0048344 0.0152989
vn 0.7433626 -0.6688825 0.0028644
v 0.0125000 -0.0070000 0.0126953
vn 1.0000000 0.0000000 0.0000000
v 0.0125000 0.0005136 0.0219086
vn 0.6596810 0.7515419 -0.0024097
v 0.0070000 0.0125000 0.0126953
vn 0.2221130 0.9750185 0.0021988
v 0.0113230 0.0071277 0.0133593
vn 0.8873962 -0.4609878 0.0042941
v 0.0075987 -0.0100066 0.0062754
vn 0.0000000 0.0000000 -1.0000000
v 0.0028447 0.0079480 -0.0030000
vn 0.0000000 -0.7071068 -0.7071068
v 0.0137500 -0.0200000 -0.0030000
vn 0.0000000 -0.7071068 -0.7071068
v 0.0112500 -0.0200000 -0.0030000
vn 0.0000000 -0.7071068 -0.7071068
v 0.0068750 -0.0200000 -0.0030000
vn 0.0000000 -0.7071068 -0.7071068
v 0.0012500 -0.0200000 -0.0030000
vn 0.0000000 -0.7071068 -0.7071068
v 0.0037500 -0.0200000 -0.0030000
vn 0.0000000 0.7071068 -0.7071068
v -0.0062500 0.0200000 -0.0030000
vn 0.0000000 0.7071068 -0.7071068
v -0.0012500 0.0200000 -0.0030000
vn -0.9969919 0.0774994 0.0010135
v 0.0084717 -0.0006793 0.0226386
vn 0.9471166 -0.3208845 0.0018462
v -0.0080465 0.0027329 0.0213386
vn -0.8864172 -0.4628866 -0.0008030
v 0.0075254 0.0039508 0.0168461
vn -0.1972738 0.9803421 0.0035326
v 0.0016674 -0.0083328 0.0012497
vn 1.0000000 0.0000000 0.0000000
v 0.0125000 0.0059973 0.0193191
vn 0.0000000 1.0000000 0.0000000
v -0.0060205 0.0125000 0.0183511
vn -1.0000000 0.0000000 0.0000000
v -0.0125000 -0.0057994 0.0168688
vn -1.0000000 0.0000000 0.0000000
v -0.0125000 -0.0058004 0.0188923
vn 0.0000000 -1.0000000 0.0000000
v 0.0056845 -0.0125000 0.0192725
vn 0.8889091 0.4580798 0.0018699
v 0.0075897 0.0100248 0.0235624
vn 0.7687928 -0.6394163 0.0102196
v 0.0082637 -0.0089934 0.0236245
vn 0.7071068 0.0000000 0.7071068
v 0.0200000 -0.0187500 0.0000000
vn -0.7071068 0.0000000 -0.7071068
v -0.0200000 0.0112500 -0.0030000
vn -0.7071068 0.0000000 -0.7071068
v -0.0200000 0.0062500 -0.0030000
vn -0.7071068 0.0000000 -0.7071068
v -0.0200000 0.0012500 -0.0030000
vn -0.7071068 0.0000000 -0.7071068
v -0.0200000 -0.0037500 -0.0030000
vn -0.7071068 0.0000000 -0.7071068
v -0.0200000 -0.0081250 -0.0030000
vn -0.7071068 0.0000000 -0.7071068
v -0.0200000 -0.0131250 -0.0030000
vn -0.7071068 0.0000000 -0.7071068
v -0.0200000 -0.0187500 -0.0030000
vn 0.0000000 -0.7071068 -0.7071068
v -0.0037500 -0.0200000 -0.0030000
vn 0.0000000 -0.7071068 -0.7071068
v -0.0087500 -0.0200000 -0.0030000
vn 0.0000000 0.7071068 -0.7071068
v 0.0037500 0.0200000 -0.0030000
vn 0.0000000 0.7071068 -0.7071068
v 0.0087500 0.0200000 -0.0030000
vn 0.0000000 0.7071068 -0.7071068
v 0.0187500 0.0200000 -0.0030000
vn 0.0000000 0.7071068 -0.7071068
v -0.0131250 0.0200000 -0.0030000
vn 0.7071068 0.0000000 -0.7071068
v 0.0200000 0.0187500 -0.0030000
vn 0.7071068 0.0000000 -0.7071068
v 0.0200000 0.0137500 -0.0030000
vn 0.7071068 0.0000000 -0.7071068
v 0.0200000 0.0037500 -0.0030000
vn 0.7071068 0.0000000 -0.7071068
v 0.0200000 -0.0137500 -0.0030000
vn 0.7071068 0.0000000 -0.7071068
v 0.0200000 -0.0187500 -0.0030000
vn 1.0000000 0.0000000 0.0000000
v 0.0200000 -0.0187459 -0.0008124
vn 0.0014626 -0.0014500 0.9999979
v -0.0078785 0.0070943 0.0250000
vn 0.6931376 -0.7207976 -0.0033191
v -0.0058762 0.0061389 0.0178974
vn 0.0016697 -0.0006891 0.9999984
v -0.0094087 0.0051062 0.0250000
vn -0.2003943 -0.9797023 0.0050554
v -0.0114219 -0.0071080 0.0174725
vn 0.0000000 0.0000000 -1.0000000
v 0.0096903 -0.0175019 -0.0030000
vn 0.6010771 0.2795725 -0.7486960
v -0.0152812 0.0107239 -0.0030000
vn -0.9932609 -0.1158096 0.0045661
v 0.0157779 0.0128749 -0.0014836
vn 0.0000000 -1.0000000 0.0000000
v -0.0038328 -0.0125000 0.0081775
vn 0.0000000 0.0000000 1.0000000
v 0.0176688 0.0119104 0.0000000
vn 0.0000000 0.0000000 1.0000000
v -0.0019421 0.0143040 0.0000000
vn 0.0000000 0.0000000 -1.0000000
v 0.0177801 0.0159762 -0.0030000
vn 0.0000000 0.0000000 -1.0000000
v -0.0176510 0.0175079 -0.0030000
vn -0.3907644 -0.9204906 -0.0005213
v 0.0033009 0.0078318 0.0227339
vn 1.0000000 0.0000000 0.0000000
v 0.0125000 0.0026276 0.0114144
vn 0.0000000 0.0000000 1.0000000
v -0.0163314 -0.0185613 0.0000000
vn 0.0000000 0.0000000 1.0000000
v -0.0136045 -0.0042763 0.0000000
vn 0.0000000 0.0000000 -1.0000000
v -0.0147428 -0.0058810 -0.0030000
vn 0.0000000 0.0000000 -1.0000000
v 0.0055938 0.0152292 -0.0030000
vn 0.0000000 0.0000000 -1.0000000
v 0.0055152 -0.0076685 -0.0030000
vn 0.0000000 0.0000000 -1.0000000
v 0.0042620 -0.0118566 -0.0030000
vn 0.0000000 0.0000000 -1.0000000
v -0.0013006 0.0190614 -0.0030000
vn 0.0000000 0.0000000 -1.0000000
v 0.0154291 0.0158106 -0.0030000
vn 1.0000000 0.0000000 0.0000000
v 0.0125000 0.0008221 0.0154002
vn 0.0000000 0.0000000 1.0000000
v 0.0187421 -0.0191517 0.0000000
vn 0.0000000 0.0000000 1.0000000
v -0.0187847 -0.0191192 0.0000000
vn -1.0000000 0.0000000 0.0000000
v -0.0200000 -0.0043882 -0.0014956
vn 0.0000000 0.0000000 -1.0000000
v 0.0155005 -0.0188036 -0.0030000
vn 0.0000000 0.0000000 1.0000000
v 0.0029422 0.0050777 0.0000000
vn 0.0000000 1.0000000 0.0000000
v -0.0036501 0.0125000 0.0207536
vn 0.6947328 -0.7192520 -0.0047718
v 0.0087389 -0.0084884 0.0106865
vn -1.0000000 0.0000000 0.0000000
v -0.0200000 -0.0030976 -0.0014968
vn -1.0000000 0.0000000 0.0000000
v -0.0200000 0.0162342 -0.0018560
vn -0.6727666 0.7398548 -0.0003319
v 0.0057163 -0.0062898 0.0151855
vn -0.9015267 0.4325825 0.0110427
v 0.0076604 -0.0036798 0.0014096
vn -0.9740850 0.2261823 -0.0003605
v 0.0082823 -0.0019060 0.0076912
vn 1.0000000 0.0000000 0.0000000
v 0.0125000 0.0017009 0.0187213
vn 1.0000000 0.0000000 0.0000000
v 0.0125000 0.0043280 0.0071993
vn 0.0000000 1.0000000 0.0000000
v -0.0019113 0.0125000 0.0182044
vn 0.0000000 1.0000000 0.0000000
v -0.0016997 0.0125000 0.0138323
vn 0.0000000 1.0000000 0.0000000
v -0.0044770 0.0125000 0.0071931
vn -1.0000000 0.0000000 0.0000000
v -0.0125000 -0.0043279 0.0074564
vn -0.5085701 -0.8610048 0.0052162
v -0.0097135 -0.0077590 0.0129201
vn -1.0000000 0.0000000 0.0000000
v -0.0200000 -0.0016909 -0.0014826
vn -0.6977308 0.7163602 0.0000121
v 0.0059320 -0.0060855 0.0196790
vn 0.3271566 -0.9449694 0.0012312
v -0.0028117 0.0080198 0.0028103
vn -1.0000000 0.0000000 0.0000000
v -0.0125000 0.0001655 0.0224661
vn 0.0000000 -1.0000000 0.0000000
v -0.0001767 -0.0125000 0.0224703
vn 0.9700877 -0.2420621 0.0183257
v 0.0071661 -0.0111634 0.0226643
vn 0.1923334 -0.9813293 0.0008031
v 0.0114734 -0.0070978 0.0138322
vn 0.0000000 0.0000000 1.0000000
v 0.0187831 0.0186964 0.0000000
vn -1.0000000 0.0000000 0.0000000
v -0.0200000 0.0065790 -0.0015118
vn 0.1078000 0.1949558 -0.9748700
v -0.0148441 0.0089114 -0.0030000
vn 0.0000000 0.0000000 -1.0000000
v -0.0110044 -0.0085504 -0.0030000
vn 0.0000000 0.0000000 -1.0000000
v 0.0046284 -0.0018274 -0.0030000
vn 0.0000000 0.0000000 -1.0000000
v 0.0100768 -0.0048099 -0.0030000
vn 0.0000000 0.0000000 -1.0000000
v -0.0006902 -0.0045166 -0.0030000
vn 0.8557732 -0.5173450 0.0025114
v -0.0072628 0.0044122 0.0110682
vn 0.1070861 0.9942496 0.0005787
v -0.0009104 -0.0084491 0.0118563
vn 0.0000000 1.0000000 0.0000000
v -0.0044439 0.0125000 0.0123537
vn -1.0000000 0.0000000 0.0000000
v -0.0125000 0.0050562 0.0094617
vn -0.2596004 -0.9657153 0.0013064
v -0.0110319 -0.0072004 0.0056225
vn 0.0000000 0.0000000 -1.0000000
v 0.0007251 0.0040552 -0.0030000
vn 0.6130663 0.7900302 -0.0014148
v -0.0051730 -0.0067446 0.0082565
vn 0.5223338 -0.8527408 -0.0007349
v -0.0044670 0.0072295 0.0043360
vn 0.3762947 0.9265001 -0.0001353
v -0.0032322 -0.0078610 0.0048673
vn 0.0000000 1.0000000 0.0000000
v 0.0060536 0.0125000 0.0088471
vn 0.0000000 -1.0000000 0.0000000
v -0.0173321 -0.0200000 -0.0020774
vn -1.0000000 0.0000000 0.0000000
v -0.0125000 0.0037417 0.0060725
vn 0.0000000 -1.0000000 0.0000000
v -0.0041599 -0.0125000 0.0068133
vn 0.0000000 0.0000000 -1.0000000
v -0.0082282 0.0087665 -0.0030000
vn 0.0000000 0.0000000 -1.0000000
v -0.0055716 0.0087349 -0.0030000
vn 0.9054413 0.4244623 0.0027765
v -0.0077011 -0.0035973 0.0070466
vn -0.2917272 0.9565005 -0.0014032
v 0.0024832 -0.0081278 0.0078586
vn 1.0000000 0.0000000 0.0000000
v 0.0125000 -0.0039641 0.0181095
vn 1.0000000 0.0000000 0.0000000
v 0.0125000 0.0057332 0.0015332
vn 0.0000000 1.0000000 0.0000000
v 0.0040614 0.0125000 0.0179893
vn 0.0000000 1.0000000 0.0000000
v -0.0023490 0.0125000 0.0017029
vn 0.0000000 1.0000000 0.0000000
v -0.0057470 0.0125000 0.0015341
vn -1.0000000 0.0000000 0.0000000
v -0.0125000 0.0028369 0.0190720
vn -1.0000000 0.0000000 0.0000000
v -0.0125000 -0.0057749 0.0015671
vn 0.0000000 -1.0000000 0.0000000
v -0.0028322 -0.0125000 0.0190737
vn 0.0000000 -1.0000000 0.0000000
v 0.0023511 -0.0125000 0.0016683
vn 0.9738594 -0.2271499 0.0008864
v 0.0071411 -0.0112656 0.0069876
vn 0.6643459 -0.7474242 0.0012933
v 0.0070000 -0.0125000 0.0060547
vn 0.0000000 0.0000000 -1.0000000
v -0.0122183 0.0000402 -0.0030000
vn 0.1442475 -0.9895356 0.0034628
v -0.0012153 0.0084110 0.0088560
vn 0.9731398 -0.2302143 0.0006682
v -0.0082761 0.0019312 0.0140392
vn 0.2431584 0.9699839 0.0022927
v -0.0020267 -0.0082528 0.0123052
vn -0.9598914 0.2803696 0.0012349
v 0.0081465 -0.0024191 0.0121732
vn 1.0000000 0.0000000 0.0000000
v 0.0125000 -0.0034598 0.0119373
vn 1.0000000 0.0000000 0.0000000
v 0.0125000 0.0047915 0.0030195
vn 1.0000000 0.0000000 0.0000000
v 0.0125000 0.0042424 0.0119405
vn 0.0000000 1.0000000 0.0000000
v -0.0001430 0.0125000 0.0183398
vn 0.0000000 1.0000000 0.0000000
v -0.0048371 0.0125000 0.0030072
vn -1.0000000 0.0000000 0.0000000
v -0.0125000 0.0054346 0.0124482
vn -1.0000000 0.0000000 0.0000000
v -0.0125000 0.0036700 0.0104917
vn -1.0000000 0.0000000 0.0000000
v -0.0125000 -0.0049121 0.0031345
vn 0.0000000 -1.0000000 0.0000000
v 0.0051322 -0.0125000 0.0030141
vn 0.0000000 1.0000000 0.0000000
v -0.0049923 0.0200000 -0.0017272
vn 0.9993373 -0.0362949 0.0027869
v -0.0084926 0.0003394 0.0230251
vn 0.5850874 -0.8109683 -0.0017937
v -0.0050052 0.0068676 0.0172864
vn 1.0000000 0.0000000 0.0000000
v 0.0125000 -0.0005598 0.0225084
vn 0.0000000 1.0000000 0.0000000
v 0.0008684 0.0125000 0.0235881
vn 0.0000000 1.0000000 0.0000000
v 0.0000375 0.0125000 0.0222458
vn 0.9706365 -0.2405510 -0.0001330
v 0.0071661 -0.0111635 0.0135074
vn 0.4562148 -0.8898658 0.0026493
v 0.0100068 -0.0075985 0.0057026
vn 0.6594422 -0.7517473 0.0034674
v 0.0070000 -0.0125000 0.0042969
vn 0.0000000 -0.7071068 0.7071068
v 0.0181250 -0.0200000 0.0000000
vn 0.0000000 0.0000000 -1.0000000
v -0.0007628 -0.0018423 -0.0030000
vn 0.0000000 0.0000000 -1.0000000
v -0.0016364 -0.0180567 -0.0030000
vn -0.6585835 -0.7525073 0.0007665
v -0.0070000 -0.0125000 0.0096191
vn 1.0000000 0.0000000 0.0000000
v 0.0125000 -0.0035657 0.0221834
vn 0.0000000 1.0000000 0.0000000
v 0.0035595 0.0125000 0.0221193
vn -0.7071068 0.0000000 0.7071068
v -0.0200000 0.0187500 0.0000000
vn 0.0000000 1.0000000 0.0000000
v 0.0186163 0.0200000 -0.0017209
vn 0.0000000 0.0000000 1.0000000
v -0.0140349 0.0176459 0.0000000
vn 0.0000000 0.0000000 -1.0000000
v -0.0138235 0.0043840 -0.0030000
vn 0.0000000 0.0000000 -1.0000000
v 0.0166943 0.0185888 -0.0030000
vn 0.0000000 0.0000000 -1.0000000
v 0.0176419 -0.0079716 -0.0030000
vn 0.0000000 0.0000000 1.0000000
v 0.0061765 -0.0032645 0.0000000
vn 0.0000000 0.0000000 1.0000000
v 0.0047984 -0.0017851 0.0000000
vn 0.0000000 1.0000000 0.0000000
v -0.0025495 0.0125000 0.0235871
vn -1.0000000 0.0000000 0.0000000
v -0.0125000 0.0038879 0.0122619
vn 0.0000000 0.0000000 1.0000000
v -0.0185689 0.0059629 0.0000000
vn 0.0000000 0.0000000 -1.0000000
v 0.0165956 0.0167666 -0.0030000
vn 0.0000000 0.0000000 1.0000000
v 0.0072869 -0.0188375 0.0000000
vn 0.0000000 0.0000000 -1.0000000
v -0.0183858 0.0162954 -0.0030000
vn -1.0000000 0.0000000 0.0000000
v -0.0125000 0.0026098 0.0215073
vn 0.0000000 -1.0000000 0.0000000
v -0.0026072 -0.0125000 0.0215142
vn 0.0000000 0.0000000 -1.0000000
v -0.0040479 0.0127960 -0.0030000
vn -0.6608067 -0.7505550 -0.0013056
v 0.0056075 0.0063853 0.0141037
vn 0.6288041 0.7775636 -0.0005588
v -0.0053469 -0.0066051 0.0145827
vn -0.3045634 0.9524920 0.0004620
v 0.0026099 -0.0080883 0.0131231
vn -1.0000000 0.0000000 0.0000000
v -0.0125000 0.0024099 0.0150858
vn 0.0000000 -1.0000000 0.0000000
v -0.0024371 -0.0125000 0.0151103
vn 0.0000000 0.0000000 1.0000000
v 0.0072562 -0.0150410 0.0000000
vn 0.0000000 0.0000000 -1.0000000
v 0.0047237 0.0042147 -0.0030000
vn 0.0000000 0.0000000 -1.0000000
v -0.0054355 0.0007613 -0.0030000
vn -0.8766689 0.4810904 0.0019209
v 0.0074535 -0.0040818 0.0186359
vn -0.0931602 0.9956459 0.0032419
v 0.0007890 -0.0084624 0.0200183
vn 0.7717496 0.6359123 0.0042583
v -0.0065790 -0.0053795 0.0165175
vn -0.8774933 -0.4795838 0.0022026
v 0.0074626 0.0040653 0.0194849
vn 1.0000000 0.0000000 0.0000000
v 0.0125000 -0.0022488 0.0143044
vn 0.0000000 -1.0000000 0.0000000
v 0.0006538 -0.0125000 0.0024157
vn 0.9075835 -0.4198380 0.0053235
v 0.0074993 -0.0102121 0.0236845
vn 0.0000000 0.0000000 -1.0000000
v 0.0092679 -0.0093627 -0.0030000
vn 0.0000000 0.0000000 -1.0000000
v -0.0015130 -0.0081928 -0.0030000
vn 0.0000000 0.0000000 -1.0000000
v 0.0098299 0.0087250 -0.0030000
vn 0.0000000 0.0000000 -1.0000000
v -0.0025867 0.0153157 -0.0030000
vn 0.0000000 0.0000000 -1.0000000
v 0.0087347 -0.0145988 -0.0030000
vn 0.0000000 0.0000000 -1.0000000
v -0.0110724 0.0040399 -0.0030000
vn 0.4654202 -0.8850899 0.0000762
v -0.0039503 0.0075256 0.0074072
vn -0.3498899 0.9367849 0.0033279
v 0.0029804 -0.0079589 0.0055513
vn 1.0000000 0.0000000 0.0000000
v 0.0125000 -0.0023814 0.0125893
vn -0.8700827 0.4928813 -0.0049132
v -0.0076964 0.0098237 0.0098832
vn 0.0000000 0.0000000 -1.0000000
v 0.0051309 0.0026409 -0.0030000
vn -0.9848143 0.1736018 -0.0017538
v 0.0083744 -0.0014531 0.0211737
vn -0.9012289 0.4333434 -0.0001153
v 0.0076746 -0.0036512 0.0200446
vn 0.5758845 0.8174872 0.0084743
v -0.0048908 -0.0069515 0.0189948
vn -1.0000000 0.0000000 0.0000000
v -0.0125000 0.0017241 0.0226244
vn 0.0000000 -1.0000000 0.0000000
v -0.0017314 -0.0125000 0.0226392
vn -1.0000000 0.0000000 0.0000000
v -0.0125000 0.0008299 0.0149088
vn 0.0000000 -1.0000000 0.0000000
v -0.0008463 -0.0125000 0.0149030
vn 0.7125560 -0.7016142 0.0011979
v 0.0085980 -0.0086244 0.0055726
vn 0.1327724 -0.9911438 0.0023347
v -0.0011634 0.0084190 0.0027443
vn 0.8288731 0.5594350 0.0013774
v -0.0071081 -0.0046580 0.0080189
vn 0.0000000 1.0000000 0.0000000
v -0.0027906 0.0125000 0.0195219
vn 0.0000000 1.0000000 0.0000000
v 0.0026605 0.0125000 0.0046841
vn 0.8717648 0.4899166 -0.0027905
v 0.0077006 0.0098161 0.0074970
vn -0.1878362 0.9822004 0.0000389
v 0.0015910 -0.0083480 0.0120619
vn -1.0000000 0.0000000 0.0000000
v -0.0200000 0.0106580 -0.0014937
vn 0.0000000 1.0000000 0.0000000
v 0.0106478 0.0200000 -0.0014905
vn -0.9363782 0.3509808 -0.0028836
v 0.0079580 -0.0029829 0.0213586
vn -0.9778447 -0.2093305 0.0007439
v 0.0083101 0.0017817 0.0023827
vn -0.1851441 0.9827091 0.0021283
v 0.0016095 -0.0083443 0.0050476
vn -0.1987238 0.9800516 -0.0027968
v -0.0114540 0.0071016 0.0058379
vn -0.9665803 0.2563619 0.0011190
v -0.0071803 0.0111054 0.0057094
vn 0.0000000 0.0000000 -1.0000000
v 0.0098908 0.0072024 -0.0030000
vn 0.0000000 1.0000000 0.0000000
v 0.0053229 0.0125000 0.0182338
vn 0.0000000 1.0000000 0.0000000
v 0.0027429 0.0125000 0.0204549
vn 0.0000000 1.0000000 0.0000000
v 0.0032781 0.0125000 0.0029644
vn 0.0000000 -1.0000000 0.0000000
v 0.0061445 -0.0125000 0.0054297
vn 1.0000000 0.0000000 0.0000000
v 0.0125000 0.0045634 0.0056027
vn 0.0000000 1.0000000 0.0000000
v -0.0046180 0.0125000 0.0055500
vn -1.0000000 0.0000000 0.0000000
v -0.0125000 0.0048322 0.0111192
vn -1.0000000 0.0000000 0.0000000
v -0.0125000 -0.0046736 0.0059157
vn 0.0000000 -1.0000000 0.0000000
v 0.0050203 -0.0125000 0.0057191
vn 0.0000000 -1.0000000 0.0000000
v 0.0057693 -0.0125000 0.0043332
vn -0.9940668 -0.1086630 -0.0048655
v 0.0084470 0.0009295 0.0224496
vn -1.0000000 0.0000000 0.0000000
v -0.0200000 0.0185372 -0.0017175
vn 0.0000000 0.0000000 -1.0000000
v -0.0123873 0.0185659 -0.0030000
vn 0.0000000 1.0000000 0.0000000
v 0.0016462 0.0125000 0.0035226
vn 0.0000000 0.0000000 1.0000000
v -0.0004109 0.0070856 0.0000000
vn -0.0003539 -0.0002142 0.9999999
v 0.0108882 -0.0010318 0.0250000
vn 0.0000000 0.0000000 -1.0000000
v -0.0160596 0.0095773 -0.0030000
vn 0.0000000 0.0000000 1.0000000
v 0.0017327 -0.0033639 0.0000000
vn -0.5600218 -0.8284678 -0.0040912
v -0.0094055 -0.0079544 0.0116438
vn 0.0000000 0.0000000 1.0000000
v 0.0001554 -0.0073755 0.0000000
vn 0.9343451 -0.3563476 -0.0039723
v -0.0079532 0.0029950 0.0226553
vn 0.0000000 0.0000000 1.0000000
v 0.0045798 0.0111723 0.0250000
vn -1.0000000 0.0000000 0.0000000
v -0.0125000 -0.0017464 0.0120378
vn 0.0000000 -1.0000000 0.0000000
v 0.0016380 -0.0125000 0.0120217
vn -0.7326835 -0.6805694 0.0005069
v -0.0084887 -0.0087385 0.0182219
vn 0.0000000 0.0000000 1.0000000
v 0.0039881 -0.0153063 0.0000000
vn 0.0000000 0.0000000 -1.0000000
v 0.0163266 -0.0077060 -0.0030000
vn 0.0000000 -1.0000000 0.0000000
v -0.0044033 -0.0200000 -0.0016374
vn -1.0000000 0.0000000 0.0000000
v -0.0125000 0.0033157 0.0227340
vn 0.0000000 -1.0000000 0.0000000
v -0.0011674 -0.0125000 0.0075596
vn 0.0000000 -1.0000000 0.0000000
v -0.0033102 -0.0125000 0.0227544
vn -0.7028939 -0.7093472 0.0525984
v -0.0086140 -0.0086080 0.0008960
vn 0.0000000 0.0000000 -1.0000000
v -0.0125190 0.0033392 -0.0030000
vn 0.0000000 0.0000000 -1.0000000
v 0.0030490 0.0118163 -0.0030000
vn 0.0000000 0.0000000 -1.0000000
v 0.0006559 0.0132753 -0.0030000
vn 0.0000000 0.0000000 -1.0000000
v -0.0038526 0.0009418 -0.0030000
vn 0.1923768 0.9813208 0.0008498
v -0.0016513 -0.0083360 0.0145451
vn 0.0000000 0.0000000 -1.0000000
v -0.0007484 0.0007712 -0.0030000
vn 1.0000000 0.0000000 0.0000000
v 0.0125000 -0.0015818 0.0058732
vn 0.0000000 0.0000000 -1.0000000
v -0.0159242 -0.0048381 -0.0030000
vn 0.0377403 0.9992847 0.0023803
v -0.0003056 -0.0084933 0.0074996
vn 0.9397020 0.3419900 -0.0017773
v -0.0079751 -0.0029387 0.0045215
vn 1.0000000 0.0000000 0.0000000
v 0.0125000 0.0038163 0.0204723
vn -0.7922460 -0.6102015 -0.0006870
v 0.0067422 0.0051761 0.0168211
vn 0.0000000 0.0000000 1.0000000
v 0.0056997 0.0137618 0.0000000
vn 1.0000000 0.0000000 0.0000000
v 0.0125000 -0.0054186 0.0223765
vn -0.0028614 -0.0047573 0.9999846
v 0.0028628 0.0106265 0.0250000
vn 0.0000000 1.0000000 0.0000000
v -0.0031129 0.0125000 0.0115360
vn 0.0000000 0.0000000 1.0000000
v -0.0141362 -0.0171288 0.0000000
vn 0.0000000 -1.0000000 0.0000000
v -0.0027207 -0.0200000 -0.0013406
vn 0.0000000 0.0000000 -1.0000000
v 0.0030196 0.0062577 -0.0030000
vn 0.0000000 0.0000000 1.0000000
v 0.0177219 -0.0135623 0.0000000
vn 0.0000000 0.0000000 1.0000000
v -0.0176870 -0.0038370 0.0000000
vn -0.9978331 -0.0657921 -0.0007207
v 0.0084797 0.0005565 0.0090569
vn -0.9332280 0.3592800 0.0018627
v 0.0079349 -0.0030421 0.0175607
vn 0.3625958 0.9319455 0.0013822
v -0.0031231 -0.0079034 0.0205917
vn 0.1308409 -0.9914011 -0.0021281
v -0.0011462 0.0084216 0.0190215
vn 0.0000000 1.0000000 0.0000000
v -0.0013126 0.0125000 0.0041631
vn -1.0000000 0.0000000 0.0000000
v -0.0125000 0.0057932 0.0197241
vn -1.0000000 0.0000000 0.0000000
v -0.0125000 0.0039177 0.0152525
vn 0.0000000 -1.0000000 0.0000000
v -0.0057202 -0.0125000 0.0196034
vn 0.0000000 -1.0000000 0.0000000
v -0.0039459 -0.0125000 0.0153126
vn -0.4778524 0.8784226 -0.0055607
v -0.0098801 0.0076655 0.0022171
vn 0.0000000 0.0000000 -1.0000000
v 0.0115335 0.0035875 -0.0030000
vn 0.0000000 0.0000000 -1.0000000
v 0.0052872 0.0106639 -0.0030000
vn 0.0000000 0.0000000 -1.0000000
v 0.0003599 0.0188398 -0.0030000
vn 0.0000000 0.0000000 -1.0000000
v 0.0043920 0.0057540 -0.0030000
vn -0.0003910 0.0009959 0.9999995
v 0.0059192 -0.0097216 0.0250000
vn -0.4204215 0.9073274 -0.0017062
v 0.0035804 -0.0077088 0.0192783
vn -0.0083482 -0.9999643 -0.0013364
v 0.0000602 0.0084987 0.0226444
vn -0.9115158 -0.4112621 0.0016271
v 0.0077486 0.0034900 0.0222490
vn 0.0000000 1.0000000 0.0000000
v 0.0001363 0.0125000 0.0038544
vn 0.0000000 0.0000000 -1.0000000
v 0.0075378 -0.0052163 -0.0030000
vn 0.0000000 -1.0000000 0.0000000
v -0.0029656 -0.0125000 0.0056849
vn -0.4706158 -0.4442796 0.7623230
v -0.0085660 -0.0088734 0.0000000
vn -0.6671434 0.7449286 -0.0010534
v 0.0056678 -0.0063324 0.0121458
vn -0.9683744 -0.2495014 -0.0001169
v 0.0082414 0.0020730 0.0055567
vn -0.6124351 0.7905166 -0.0026055
v -0.0091604 0.0081302 0.0212261
vn 0.0000000 1.0000000 0.0000000
v -0.0144967 0.0200000 -0.0020125
vn -0.9348782 -0.3549686 -0.0004432
v 0.0079496 0.0030044 0.0081536
vn -1.0000000 0.0000000 0.0000000
v -0.0125000 -0.0056811 0.0049140
vn 0.0000000 0.0000000 1.0000000
v -0.0025626 0.0111706 0.0250000
vn 0.9834688 -0.1810556 -0.0028225
v 0.0070771 -0.0115868 0.0159547
vn 0.0000000 0.0000000 -1.0000000
v -0.0032471 0.0166560 -0.0030000
vn 0.0000000 0.0000000 1.0000000
v -0.0096640 -0.0094035 0.0000000
vn 0.0000000 0.0000000 -1.0000000
v -0.0155868 0.0162273 -0.0030000
vn 0.3755258 0.5876377 0.7167025
v -0.0042363 -0.0072487 0.0000000
vn -1.0000000 0.0000000 0.0000000
v -0.0125000 -0.0027349 0.0112425
vn 0.0000000 -1.0000000 0.0000000
v 0.0026368 -0.0125000 0.0112954
vn 0.0000000 0.0000000 1.0000000
v 0.0168906 -0.0148423 0.0000000
vn 0.8840728 -0.4673439 0.0022242
v 0.0076261 -0.0099519 0.0144029
vn 0.0000000 0.0000000 1.0000000
v -0.0132469 0.0186500 0.0000000
vn 0.5108063 -0.8596931 0.0021553
v -0.0043856 0.0072789 0.0217300
vn 0.0000000 0.0000000 -1.0000000
v -0.0094326 0.0094429 -0.0030000
vn -1.0000000 0.0000000 0.0000000
v -0.0125000 -0.0003106 0.0211423
vn 0.0000000 -1.0000000 0.0000000
v 0.0002976 -0.0125000 0.0211407
vn -0.7966434 -0.6044490 -0.0008823
v 0.0068187 0.0050720 0.0196233
vn 1.0000000 0.0000000 0.0000000
v 0.0125000 -0.0002554 0.0049513
vn 0.0000000 -1.0000000 0.0000000
v 0.0040542 -0.0125000 0.0137426
vn 0.2861365 -0.9581874 -0.0016902
v 0.0109277 -0.0072308 0.0043913
vn -1.0000000 0.0000000 0.0000000
v -0.0125000 0.0043503 0.0193514
vn 0.0000000 -1.0000000 0.0000000
v -0.0043303 -0.0125000 0.0193450
vn 0.0000000 0.0000000 -1.0000000
v 0.0093772 0.0154605 -0.0030000
vn 0.0000000 -1.0000000 0.0000000
v 0.0156416 -0.0200000 -0.0015580
vn -1.0000000 0.0000000 0.0000000
v -0.0125000 -0.0042156 0.0116108
vn -0.9836867 -0.1798474 -0.0039331
v -0.0070887 -0.0115193 0.0071774
vn -0.3051847 0.9522931 -0.0004920
v -0.0108259 0.0072614 0.0138383
vn 0.0000000 0.0000000 -1.0000000
v -0.0001934 0.0116395 -0.0030000
vn -0.9804814 -0.1964731 0.0073907
v 0.0083329 0.0016669 0.0010580
vn -0.3793806 -0.9252326 0.0038648
v 0.0031937 0.0078760 0.0053969
vn 0.4660565 0.5304554 0.7081020
v -0.0056672 -0.0062214 0.0000000
vn 0.0000000 1.0000000 0.0000000
v 0.0059319 0.0125000 0.0209659
vn 0.0000000 -1.0000000 0.0000000
v 0.0041999 -0.0125000 0.0119425
vn 0.0000000 0.0000000 -1.0000000
v 0.0085629 0.0062199 -0.0030000
vn 0.0000000 -1.0000000 0.0000000
v -0.0044488 -0.0125000 0.0040322
vn 1.0000000 0.0000000 0.0000000
v 0.0125000 0.0010428 0.0047892
vn -0.9997865 0.0146859 0.0145383
v 0.0157984 -0.0125728 -0.0017255
vn 0.0000000 0.0000000 1.0000000
v 0.0097451 -0.0177615 0.0000000
vn 0.0000000 0.0000000 -1.0000000
v -0.0147920 0.0173585 -0.0030000
vn 0.0000000 0.0000000 -1.0000000
v 0.0099644 -0.0033384 -0.0030000
vn -0.8228146 -0.5683006 0.0032481
v 0.0069926 0.0048307 0.0010903
vn 0.0000000 1.0000000 0.0000000
v -0.0010487 0.0125000 0.0066797
vn 0.0000000 0.0000000 -1.0000000
v -0.0170024 0.0035786 -0.0030000
vn 0.0000000 0.0000000 -1.0000000
v -0.0158192 -0.0098862 -0.0030000
vn 0.0000000 0.0000000 -1.0000000
v -0.0133123 0.0170530 -0.0030000
vn 0.2298540 0.9732251 -0.0001183
v -0.0019390 -0.0082742 0.0213992
vn -0.3803896 -0.9248234 0.0023402
v 0.0031952 0.0078754 0.0041484
vn 1.0000000 0.0000000 0.0000000
v 0.0125000 -0.0061740 0.0092932
vn 0.0000000 0.0000000 -1.0000000
v -0.0056310 -0.0164521 -0.0030000
vn 0.7307405 -0.6826519 -0.0021560
v -0.0062142 0.0057976 0.0073883
vn 1.0000000 0.0000000 0.0000000
v 0.0200000 0.0056147 -0.0015303
vn 0.2852806 -0.9584401 -0.0027664
v -0.0023862 0.0081561 0.0167690
vn -0.6774973 -0.7355205 0.0026259
v -0.0088107 -0.0084218 0.0060876
vn 0.0000000 -1.0000000 0.0000000
v -0.0035448 -0.0125000 0.0028094
vn 0.9652290 -0.2613919 0.0027105
v 0.0071990 -0.0110367 0.0148640
vn 0.0000000 1.0000000 0.0000000
v -0.0189291 0.0200000 -0.0013773
vn 0.0000000 -1.0000000 0.0000000
v 0.0055776 -0.0125000 0.0131471
vn -0.7071068 -0.7071068 0.0000000
v -0.0200000 -0.0200000 -0.0015000
vn 0.0000000 0.0000000 1.0000000
v -0.0168433 0.0173636 0.0000000
vn 0.0000000 -1.0000000 0.0000000
v 0.0034541 -0.0200000 -0.0017625
vn -0.9637698 -0.2667190 -0.0029734
v 0.0081760 0.0023179 0.0128799
vn 0.1675865 0.9858574 0.0002861
v 0.0116009 0.0070749 0.0163070
vn 0.2442794 0.9697040 -0.0013633
v 0.0111902 0.0071596 0.0175236
vn 0.0000000 0.0000000 1.0000000
v 0.0005382 0.0188385 0.0000000
vn 0.0000000 1.0000000 0.0000000
v -0.0022045 0.0125000 0.0208810
vn 0.0000000 0.0000000 -1.0000000
v 0.0021274 -0.0015604 -0.0030000
vn 0.0000000 0.0000000 -1.0000000
v -0.0185001 -0.0136594 -0.0030000
vn -0.7071068 0.0000000 -0.7071068
v -0.0200000 -0.0143750 -0.0030000
vn 1.0000000 0.0000000 0.0000000
v 0.0125000 0.0017149 0.0033236
vn -1.0000000 0.0000000 0.0000000
v -0.0125000 0.0018034 0.0083685
vn -0.9069005 -0.4213389 -0.0022568
v -0.0074899 -0.0102332 0.0125456
vn -0.2901414 -0.8145561 -0.5023109
v 0.0137061 -0.0094291 -0.0024330
vn 0.0000000 0.0000000 -1.0000000
v 0.0004330 0.0149667 -0.0030000
vn 0.0000000 0.0000000 -1.0000000
v -0.0169881 -0.0108688 -0.0030000
vn 0.0000000 0.0000000 -1.0000000
v -0.0143893 0.0012794 -0.0030000
vn 0.0000000 0.0000000 -1.0000000
v -0.0158895 0.0008906 -0.0030000
vn 1.0000000 0.0000000 0.0000000
v 0.0125000 0.0021767 0.0238591
vn 0.2104111 0.9776046 -0.0040536
v 0.0113524 0.0071219 0.0225654
vn 0.5033330 0.8640891 0.0024444
v 0.0108104 0.0096662 -0.0015296
vn -0.6884824 0.7252527 -0.0007130
v -0.0087237 0.0085030 0.0043572
vn 0.0000000 0.0000000 1.0000000
v -0.0021377 -0.0030874 0.0000000
vn 0.0000000 0.0000000 1.0000000
v 0.0018972 0.0060949 0.0000000
vn 0.0000000 0.0000000 -1.0000000
v 0.0125763 0.0074985 -0.0030000
vn -0.6418682 0.7668148 0.0005125
v 0.0054828 -0.0064947 0.0029429
vn 0.2317582 0.9727644 -0.0041945
v 0.0112468 0.0071457 0.0239938
vn 0.0000000 0.0000000 -1.0000000
v -0.0015674 -0.0110751 -0.0030000
vn -1.0000000 0.0000000 0.0000000
v -0.0125000 -0.0003286 0.0029164
vn -0.9639032 0.2662491 0.0014744
v -0.0071969 0.0110439 0.0041147
vn 0.0000000 0.0000000 1.0000000
v 0.0022453 0.0071946 0.0000000
vn 0.0000000 0.0000000 1.0000000
v -0.0052594 0.0016851 0.0000000
vn 0.0000000 0.0000000 -1.0000000
v 0.0125904 0.0170467 -0.0030000
vn 0.9223214 0.3864185 0.0019740
v -0.0078325 -0.0032994 0.0167449
vn 0.0000000 0.0000000 1.0000000
v 0.0057121 -0.0113093 0.0250000
vn -1.0000000 0.0000000 0.0000000
v -0.0125000 0.0007377 0.0039614
vn 0.9881651 0.1533862 0.0015767
v -0.0083989 -0.0012940 0.0207002
vn -0.4778689 0.8784078 0.0064076
v -0.0098328 0.0076914 0.0237086
vn 0.0000000 0.0000000 -1.0000000
v 0.0185485 0.0069559 -0.0030000
vn -1.0000000 0.0000000 0.0000000
v -0.0125000 0.0022535 0.0058605
vn 0.0000000 0.0000000 -1.0000000
v 0.0111616 0.0172634 -0.0030000
vn -1.0000000 0.0000000 0.0000000
v -0.0125000 -0.0042049 0.0210109
vn -1.0000000 0.0000000 0.0000000
v -0.0125000 0.0012818 0.0068671
vn 0.0000000 0.0000000 1.0000000
v 0.0033586 0.0187958 0.0000000
vn 0.9513094 0.3082373 -0.0002630
v -0.0080843 -0.0026216 0.0229932
vn 0.2251123 -0.9743328 0.0000234
v -0.0018995 0.0082839 0.0200149
vn 0.7458015 0.6661626 -0.0027423
v 0.0084044 0.0088306 0.0210368
vn -0.2499317 -0.9682516 -0.0047849
v -0.0111002 -0.0071816 0.0149424
vn 0.0000000 0.0000000 -1.0000000
v -0.0116420 0.0170650 -0.0030000
vn -0.7757998 0.6309792 -0.0001324
v 0.0066038 -0.0053485 0.0090865
vn 0.9708029 0.2398640 -0.0026668
v 0.0071600 0.0111887 0.0115339
vn -0.7110142 -0.7031760 0.0015352
v 0.0060476 0.0059716 0.0226994
vn 0.0000000 0.0000000 -1.0000000
v 0.0155863 0.0091247 -0.0030000
vn 0.0000000 0.0000000 -1.0000000
v -0.0166662 -0.0020699 -0.0030000
vn 0.9998124 -0.0193704 -0.0001334
v -0.0084963 0.0001716 0.0197766
vn 0.0170726 -0.9998534 -0.0013059
v -0.0001487 0.0084968 0.0170361
vn -1.0000000 0.0000000 0.0000000
v -0.0125000 0.0026628 0.0009546
vn 0.0000000 0.0000000 -1.0000000
v 0.0101920 -0.0060333 -0.0030000
vn -1.0000000 0.0000000 0.0000000
v -0.0125000 -0.0030742 0.0128261
vn -0.0010958 0.0004322 0.9999993
v 0.0098826 0.0046535 0.0250000
vn 0.0000000 0.0000000 1.0000000
v -0.0183339 0.0148589 0.0000000
vn 0.4641845 -0.8857248 -0.0049189
v 0.0109845 0.0154312 -0.0019707
vn 0.0000000 0.0000000 1.0000000
v -0.0183742 0.0173907 0.0000000
vn 0.0000000 0.0000000 1.0000000
v -0.0026765 -0.0070691 0.0000000
vn 0.0000000 1.0000000 0.0000000
v -0.0057965 0.0125000 0.0084627
vn 0.0000000 -1.0000000 0.0000000
v 0.0017544 -0.0125000 0.0084422
vn 0.6167251 -0.7871773 0.0014698
v 0.0090604 -0.0082100 0.0176460
vn 0.0000000 0.0000000 -1.0000000
v 0.0007833 -0.0175199 -0.0030000
vn 0.9715227 0.2369441 0.0010232
v -0.0082602 -0.0019961 0.0165841
vn 0.2651465 -0.9642073 -0.0012960
v -0.0022203 0.0082044 0.0151587
vn 0.9556353 0.2945252 -0.0040290
v -0.0081274 -0.0024846 0.0180120
vn 0.9965184 0.0833474 -0.0020981
v -0.0084697 -0.0007096 0.0165407
vn -1.0000000 0.0000000 0.0000000
v -0.0125000 0.0008086 0.0054083
vn -1.0000000 0.0000000 0.0000000
v -0.0125000 -0.0058347 0.0134677
vn -0.9561520 0.2928607 -0.0024537
v 0.0081253 -0.0024919 0.0202447
vn 0.0000000 0.0000000 1.0000000
v -0.0168328 0.0111239 0.0000000
vn 1.0000000 0.0000000 0.0000000
v 0.0200000 0.0071628 -0.0015900
vn 0.8960205 0.4440128 -0.0000610
v 0.0075672 0.0100705 0.0103759
vn 0.9599472 0.2788557 -0.0272190
v 0.0093374 0.0115604 -0.0009525
vn -1.0000000 0.0000000 0.0000000
v -0.0125000 -0.0044602 0.0194335
vn 0.0000000 0.0000000 1.0000000
v 0.0114587 0.0013326 0.0250000
vn -0.1566070 -0.9876317 0.0076072
v 0.0013705 0.0083871 0.0011233
vn 0.0000000 -1.0000000 0.0000000
v -0.0053107 -0.0125000 0.0080885
vn 0.0000000 0.0000000 -1.0000000
v 0.0138112 -0.0052183 -0.0030000
vn 0.8842551 -0.4670042 -0.0002017
v -0.0075320 0.0039387 0.0212943
vn -0.4609292 0.8871804 0.0213382
v -0.0099330 0.0076365 0.0009316
vn 1.0000000 0.0000000 0.0000000
v 0.0125000 0.0022745 0.0016507
vn 0.0000000 0.0000000 1.0000000
v 0.0105164 -0.0187258 0.0000000
vn -1.0000000 0.0000000 0.0000000
v -0.0125000 -0.0044820 0.0156751
vn 0.0000000 0.0000000 -1.0000000
v 0.0187028 0.0012221 -0.0030000
vn 0.0000000 0.0000000 1.0000000
v 0.0152850 -0.0056860 0.0000000
vn 0.0000000 0.0000000 1.0000000
v 0.0027205 0.0174457 0.0000000
vn 0.0000000 1.0000000 0.0000000
v -0.0015239 0.0125000 0.0153537
vn -0.5152184 -0.8570590 0.0000048
v 0.0043576 0.0072959 0.0193436
vn -0.7337871 -0.6793475 0.0065959
v 0.0062726 0.0057360 0.0012985
vn 0.4836588 -0.8752480 0.0038880
v 0.0098548 -0.0076794 0.0116448
vn 1.0000000 0.0000000 0.0000000
v 0.0125000 0.0008558 0.0024897
vn 0.0000000 0.0000000 1.0000000
v 0.0006474 -0.0015376 0.0000000
vn 0.0000000 0.0000000 -1.0000000
v 0.0136660 0.0181666 -0.0030000
vn 0.2029602 -0.9791870 -0.0001843
v -0.0016869 0.0083289 0.0054774
vn 0.3527235 0.9357226 0.0030442
v -0.0029595 -0.0079670 0.0150173
vn 0.0000000 0.0000000 -1.0000000
v -0.0162455 0.0174407 -0.0030000
vn 0.7270346 -0.6865895 -0.0039565
v -0.0061723 0.0058413 0.0227298
vn 0.0000000 0.0000000 1.0000000
v -0.0166790 0.0086327 0.0000000
vn -0.6162490 0.7875511 -0.0006709
v 0.0052221 -0.0067052 0.0055330
vn 0.9781510 0.2075070 -0.0127132
v 0.0071157 0.0113831 0.0239873
vn 0.0000000 -1.0000000 0.0000000
v -0.0045861 -0.0125000 0.0110241
vn 0.0000000 0.0000000 -1.0000000
v 0.0087133 -0.0081051 -0.0030000
vn 0.0000000 0.0000000 1.0000000
v 0.0036465 0.0162279 0.0000000
vn -0.8633146 -0.5046619 0.0020605
v -0.0077520 -0.0097250 0.0097197
vn 1.0000000 0.0000000 0.0000000
v 0.0125000 0.0059605 0.0239802
vn 0.0000000 0.0000000 1.0000000
v 0.0008381 -0.0152802 0.0000000
vn 0.0000000 1.0000000 0.0000000
v 0.0000162 0.0125000 0.0157352
vn 0.4324948 -0.9016364 0.0003546
v 0.0101223 -0.0075416 0.0028616
vn 0.0000000 -1.0000000 0.0000000
v -0.0053623 -0.0125000 0.0125648
vn 0.0000000 0.0000000 -1.0000000
v 0.0021019 0.0103891 -0.0030000
vn 1.0000000 0.0000000 0.0000000
v 0.0125000 0.0057305 0.0226891
vn 0.3400503 -0.9404072 0.0004440
v -0.0028395 0.0080104 0.0222733
vn -0.3078449 -0.9513705 0.0112090
v 0.0025678 0.0081026 0.0013325
vn -0.9985424 0.0539618 0.0011695
v 0.0084856 -0.0004675 0.0158638
vn -0.0214233 -0.9997699 0.0010753
v 0.0001926 0.0084958 0.0186048
vn 0.0000000 0.0000000 -1.0000000
v 0.0071418 -0.0120961 -0.0030000
vn 0.5611754 -0.8276507 0.0087487
v 0.0094341 -0.0079353 0.0093029
vn -0.1118044 -0.9937297 -0.0011057
v 0.0009675 0.0084428 0.0198451
vn -1.0000000 0.0000000 0.0000000
v -0.0125000 0.0057932 0.0221067
vn 0.3810364 -0.9245546 0.0031951
v -0.0031807 0.0078810 0.0207374
vn -0.9613791 -0.2751614 0.0060416
v -0.0072243 -0.0109499 0.0114567
vn 0.0000000 0.0000000 1.0000000
v 0.0036514 -0.0169932 0.0000000
vn 0.0000000 0.0000000 1.0000000
v -0.0173297 0.0136107 0.0000000
vn 0.0000000 0.0000000 1.0000000
v -0.0168907 0.0147633 0.0000000
vn 0.0000000 -1.0000000 0.0000000
v -0.0056287 -0.0125000 0.0099177
vn 0.0000000 0.0000000 1.0000000
v 0.0023739 -0.0156284 0.0000000
vn 0.4763652 -0.8792183 -0.0071668
v 0.0098642 -0.0076742 0.0102841
vn 0.0000000 0.0000000 1.0000000
v -0.0086135 -0.0149209 0.0000000
vn 0.0000000 0.0000000 -1.0000000
v 0.0146161 -0.0075381 -0.0030000
vn 0.0000000 -1.0000000 0.0000000
v -0.0058083 -0.0125000 0.0216775
vn 0.0000000 0.0000000 -1.0000000
v 0.0185346 -0.0129766 -0.0030000
vn 0.0000000 0.0000000 -1.0000000
v -0.0169863 0.0124038 -0.0030000
vn 0.0000000 0.0000000 1.0000000
v 0.0024793 0.0019287 0.0000000
vn 0.9746951 0.2235257 -0.0024172
v 0.0071472 0.0112410 0.0018142
vn -0.9949722 -0.1000718 0.0040078
v 0.0084491 0.0009106 0.0149805
vn -0.2170728 -0.9761553 -0.0004644
v 0.0018267 0.0083011 0.0038106
vn 0.0000000 -1.0000000 0.0000000
v -0.0035179 -0.0125000 0.0098094
vn -1.0000000 0.0000000 0.0000000
v -0.0125000 -0.0055241 0.0149807
vn 0.0000000 0.0000000 -1.0000000
v -0.0182076 0.0113240 -0.0030000
vn -0.5366433 -0.8437881 -0.0059776
v 0.0045712 0.0071661 0.0024374
vn 0.0000000 -1.0000000 0.0000000
v 0.0059998 -0.0125000 0.0099861
vn -0.9069843 0.4211300 -0.0053922
v -0.0075217 0.0101627 0.0223414
vn 0.0322699 -0.1807253 -0.9830041
v 0.0134656 -0.0084187 -0.0030000
vn -1.0000000 0.0000000 0.0000000
v -0.0125000 0.0061981 0.0209938
vn 0.0000000 0.0000000 1.0000000
v 0.0157880 -0.0185180 0.0000000
vn 0.9292743 0.3693162 0.0074093
v 0.0074102 0.0104170 0.0035424
vn 0.7613212 -0.6483472 -0.0059958
v 0.0083065 -0.0089421 0.0088010
vn 0.0000000 0.7071068 -0.7071067
v -0.0187500 0.0200000 -0.0030000
vn -1.0000000 0.0000000 0.0000000
v -0.0125000 -0.0047264 0.0133188
vn -0.6520746 0.1748055 0.7377275
v -0.0071864 0.0110806 0.0250000
vn -0.9644505 0.2642370 -0.0037587
v -0.0071847 0.0110875 0.0238542
vn 0.0000000 0.7071068 0.7071068
v 0.0187500 0.0200000 0.0000000
vn 0.0000000 0.0000000 1.0000000
v 0.0175369 0.0141227 0.0000000
vn 0.0000000 0.0000000 -1.0000000
v -0.0070949 0.0147278 -0.0030000
vn 0.1759374 -0.9843425 -0.0107675
v 0.0115955 -0.0070758 0.0154818
vn 0.0000000 0.0000000 1.0000000
v -0.0007107 -0.0020384 0.0000000
vn -0.2641155 0.9644907 -0.0009603
v -0.0110506 0.0071950 0.0066773
vn -0.2210562 0.9752248 -0.0084145
v -0.0113272 0.0071269 0.0241107
# 3593 vertices, 0 vertices normals

usemtl 0.615686_0.811765_0.929412_0.000000_0.000000
f 599//599 597//597 598//598
f 75//75 76//76 70//70
f 76//76 77//77 69//69
f 78//78 79//79 67//67
f 66//66 79//79 80//80
f 81//81 82//82 63//63
f 62//62 84//84 61//61
f 86//86 87//87 59//59
f 87//87 88//88 58//58
f 89//89 90//90 56//56
f 91//91 92//92 54//54
f 52//52 94//94 51//51
f 95//95 96//96 50//50
f 49//49 96//96 97//97
f 48//48 98//98 47//47
f 101//101 102//102 44//44
f 104//104 105//105 42//42
f 105//105 106//106 41//41
f 107//107 108//108 39//39
f 38//38 109//109 37//37
f 37//37 109//109 110//110
f 111//111 35//35 36//36
f 110//110 36//36 37//37
f 109//109 38//38 108//108
f 38//38 39//39 108//108
f 39//39 40//40 107//107
f 107//107 40//40 106//106
f 40//40 41//41 106//106
f 41//41 42//42 105//105
f 42//42 43//43 104//104
f 104//104 43//43 103//103
f 103//103 43//43 102//102
f 43//43 44//44 102//102
f 44//44 45//45 101//101
f 101//101 45//45 100//100
f 45//45 46//46 100//100
f 100//100 46//46 99//99
f 98//98 48//48 97//97
f 49//49 50//50 96//96
f 50//50 51//51 95//95
f 95//95 51//51 94//94
f 94//94 52//52 93//93
f 52//52 53//53 93//93
f 93//93 53//53 92//92
f 53//53 54//54 92//92
f 54//54 55//55 91//91
f 91//91 55//55 90//90
f 55//55 56//56 90//90
f 56//56 57//57 89//89
f 89//89 57//57 88//88
f 57//57 58//58 88//88
f 58//58 59//59 87//87
f 59//59 60//60 86//86
f 86//86 60//60 85//85
f 60//60 61//61 85//85
f 85//85 61//61 84//84
f 84//84 62//62 83//83
f 83//83 62//62 82//82
f 62//62 63//63 82//82
f 63//63 64//64 81//81
f 81//81 64//64 2838//2838
f 80//80 65//65 66//66
f 66//66 67//67 79//79
f 67//67 68//68 78//78
f 78//78 68//68 77//77
f 68//68 69//69 77//77
f 69//69 70//70 76//76
f 70//70 71//71 75//75
f 75//75 71//71 74//74
f 74//74 72//72 73//73
f 73//73 72//72 35//35
f 355//355 637//637 1059//1059
f 857//857 635//635 636//636
f 94//94 637//637 355//355
f 78//78 364//364 368//368
f 107//107 379//379 376//376
f 639//639 640//640 641//641
f 119//119 1060//1060 355//355
f 122//122 364//364 365//365
f 371//371 648//648 876//876
f 375//375 3373//3373 649//649
f 96//96 1060//1060 356//356
f 1679//1679 2729//2729 2731//2731
f 177//177 427//427 428//428
f 175//175 424//424 704//704
f 710//710 2558//2558 1483//1483
f 182//182 430//430 424//424
f 1083//1083 708//708 940//940
f 177//177 928//928 427//427
f 1891//1891 1084//1084 713//713
f 180//180 428//428 430//430
f 714//714 715//715 1086//1086
f 1091//1091 453//453 1490//1490
f 149//149 729//729 1092//1092
f 191//191 448//448 3376//3376
f 971//971 744//744 2866//2866
f 203//203 457//457 461//461
f 209//209 461//461 460//460
f 742//742 2562//2562 1501//1501
f 205//205 1893//1893 1094//1094
f 210//210 465//465 466//466
f 470//470 1736//1736 746//746
f 208//208 460//460 465//465
f 471//471 467//467 470//470
f 2284//2284 755//755 1097//1097
f 223//223 754//754 472//472
f 221//221 224//224 476//476
f 143//143 754//754 1307//1307
f 219//219 472//472 475//475
f 224//224 475//475 476//476
f 242//242 2782//2782 1520//1520
f 2222//2222 1004//1004 998//998
f 1822//1822 1116//1116 1823//1823
f 1971//1971 2579//2579 1825//1825
f 3095//3095 786//786 3574//3574
f 786//786 787//787 3567//3567
f 1006//1006 3331//3331 2235//2235
f 1351//1351 1779//1779 2452//2452
f 279//279 1561//1561 1129//1129
f 1760//1760 3024//3024 2328//2328
f 234//234 3101//3101 791//791
f 215//215 558//558 559//559
f 216//216 557//557 558//558
f 213//213 556//556 557//557
f 203//203 1831//1831 1135//1135
f 208//208 554//554 1831//1831
f 181//181 825//825 570//570
f 174//174 928//928 825//825
f 173//173 563//563 564//564
f 179//179 562//562 563//563
f 199//199 582//582 826//826
f 582//582 201//201 581//581
f 200//200 577//577 578//578
f 202//202 576//576 577//577
f 196//196 574//574 575//575
f 197//197 573//573 574//574
f 226//226 592//592 593//593
f 231//231 585//585 586//586
f 828//828 1834//1834 827//827
f 829//829 1136//1136 830//830
f 6//6 1137//1137 831//831
f 10//10 833//833 3306//3306
f 835//835 1569//1569 834//834
f 299//299 835//835 836//836
f 3461//3461 837//837 838//838
f 838//838 17//17 1140//1140
f 1571//1571 304//304 840//840
f 305//305 304//304 1571//1571
f 308//308 307//307 845//845
f 844//844 25//25 3311//3311
f 27//27 1142//1142 1141//1141
f 335//335 1172//1172 1839//1839
f 347//347 1607//1607 607//607
f 315//315 2355//2355 3534//3534
f 1190//1190 1846//1846 2489//2489
f 636//636 635//635 856//856
f 88//88 87//87 3116//3116
f 112//112 1059//1059 113//113
f 89//89 88//88 872//872
f 369//369 123//123 365//365
f 83//83 367//367 84//84
f 120//120 2844//2844 356//356
f 120//120 356//356 1060//1060
f 351//351 861//861 856//856
f 641//641 640//640 869//869
f 121//121 368//368 364//364
f 138//138 376//376 379//379
f 99//99 98//98 863//863
f 864//864 866//866 639//639
f 360//360 868//868 638//638
f 130//130 368//368 121//121
f 365//365 123//123 122//122
f 119//119 120//120 1060//1060
f 2844//2844 125//125 644//644
f 857//857 871//871 859//859
f 358//358 126//126 117//117
f 95//95 355//355 1060//1060
f 364//364 77//77 365//365
f 77//77 364//364 78//78
f 3489//3489 870//870 369//369
f 138//138 134//134 376//376
f 108//108 370//370 878//878
f 106//106 379//379 107//107
f 372//372 359//359 872//872
f 86//86 3114//3114 87//87
f 877//877 80//80 79//79
f 364//364 122//122 121//121
f 862//862 3338//3338 651//651
f 864//864 90//90 89//89
f 129//129 373//373 3114//3114
f 353//353 85//85 84//84
f 652//652 86//86 85//85
f 373//373 129//129 126//126
f 644//644 125//125 116//116
f 85//85 378//378 652//652
f 378//378 85//85 353//353
f 137//137 652//652 378//378
f 652//652 137//137 129//129
f 379//379 132//132 138//138
f 1231//1231 2395//2395 1855//1855
f 1235//1235 909//909 3434//3434
f 1235//1235 911//911 909//909
f 1236//1236 1238//1238 2146//2146
f 1673//1673 1456//1456 1859//1859
f 1243//1243 2539//2539 1859//1859
f 3073//3073 383//383 1861//1861
f 2156//2156 3117//3117 916//916
f 1254//1254 920//920 919//919
f 412//412 3496//3496 2414//2414
f 414//414 1257//1257 412//412
f 1867//1867 2173//2173 1268//1268
f 2556//2556 3268//3268 1276//1276
f 160//160 150//150 704//704
f 427//427 928//928 701//701
f 177//177 428//428 180//180
f 162//162 161//161 430//430
f 160//160 424//424 161//161
f 423//423 927//927 926//926
f 165//165 701//701 139//139
f 164//164 427//427 165//165
f 180//180 430//430 182//182
f 175//175 182//182 424//424
f 931//931 178//178 432//432
f 432//432 178//178 175//175
f 931//931 3249//3249 936//936
f 927//927 426//426 3381//3381
f 164//164 428//428 427//427
f 160//160 704//704 424//424
f 163//163 428//428 164//164
f 430//430 161//161 424//424
f 701//701 165//165 427//427
f 428//428 163//163 430//430
f 162//162 430//430 163//163
f 718//718 1730//1730 948//948
f 191//191 198//198 448//448
f 444//444 1292//1292 2205//2205
f 450//450 147//147 454//454
f 198//198 197//197 1295//1295
f 951//951 1292//1292 955//955
f 147//147 450//450 156//156
f 159//159 452//452 148//148
f 158//158 448//448 159//159
f 454//454 199//199 194//194
f 448//448 158//158 3366//3366
f 449//449 156//156 450//450
f 156//156 449//449 157//157
f 157//157 449//449 3376//3376
f 194//194 450//450 454//454
f 145//145 457//457 741//741
f 170//170 457//457 145//145
f 457//457 203//203 207//207
f 169//169 460//460 461//461
f 209//209 460//460 208//208
f 209//209 203//203 461//461
f 168//168 460//460 169//169
f 166//166 144//144 466//466
f 217//217 468//468 207//207
f 170//170 461//461 457//457
f 210//210 208//208 465//465
f 466//466 211//211 210//210
f 743//743 969//969 968//968
f 457//457 207//207 741//741
f 169//169 461//461 170//170
f 469//469 1503//1503 969//969
f 3430//3430 1299//1299 1496//1496
f 167//167 166//166 465//465
f 972//972 746//746 894//894
f 460//460 168//168 465//465
f 167//167 465//465 168//168
f 223//223 472//472 219//219
f 476//476 151//151 473//473
f 154//154 472//472 155//155
f 151//151 141//141 473//473
f 155//155 754//754 143//143
f 472//472 154//154 475//475
f 754//754 155//155 472//472
f 224//224 219//219 475//475
f 473//473 221//221 476//476
f 222//222 221//221 473//473
f 477//477 979//979 980//980
f 487//487 1895//1895 1308//1308
f 153//153 475//475 154//154
f 152//152 151//151 476//476
f 486//486 980//980 3588//3588
f 473//473 141//141 482//482
f 488//488 1513//1513 1309//1309
f 475//475 153//153 476//476
f 152//152 476//476 153//153
f 972//972 387//387 767//767
f 2222//2222 1873//1873 1004//1004
f 1317//1317 3055//3055 2225//2225
f 493//493 1874//1874 1518//1518
f 1004//1004 1007//1007 998//998
f 1363//1363 240//240 2786//2786
f 1007//1007 1004//1004 2236//2236
f 512//512 2586//2586 2795//2795
f 1019//1019 514//514 536//536
f 1341//1341 1014//1014 2262//2262
f 1352//1352 1985//1985 1028//1028
f 1002//1002 994//994 778//778
f 3416//3416 3304//3304 3478//3478
f 3444//3444 1985//1985 1352//1352
f 530//530 499//499 1551//1551
f 1372//1372 2998//2998 1373//1373
f 1018//1018 1350//1350 1013//1013
f 3331//3331 1006//1006 3130//3130
f 286//286 1029//1029 3135//3135
f 542//542 535//535 1038//1038
f 543//543 1042//1042 523//523
f 210//210 211//211 553//553
f 209//209 208//208 1831//1831
f 203//203 209//209 1831//1831
f 206//206 217//217 555//555
f 213//213 214//214 556//556
f 216//216 213//213 557//557
f 215//215 216//216 558//558
f 218//218 212//212 560//560
f 211//211 218//218 2841//2841
f 2841//2841 248//248 553//553
f 258//258 248//248 2841//2841
f 274//274 258//258 560//560
f 274//274 559//559 272//272
f 273//273 272//272 559//559
f 559//559 558//558 273//273
f 271//271 273//273 558//558
f 558//558 557//557 271//271
f 265//265 271//271 557//557
f 557//557 556//556 265//265
f 264//264 265//265 556//556
f 824//824 256//256 3165//3165
f 256//256 1135//1135 267//267
f 261//261 267//267 1831//1831
f 261//261 554//554 247//247
f 250//250 247//247 554//554
f 554//554 553//553 250//250
f 187//187 186//186 561//561
f 562//562 187//187 3408//3408
f 179//179 187//187 562//562
f 173//173 179//179 563//563
f 172//172 173//173 564//564
f 2846//2846 172//172 564//564
f 183//183 172//172 2846//2846
f 184//184 183//183 565//565
f 178//178 184//184 2336//2336
f 180//180 182//182 1832//1832
f 186//186 181//181 561//561
f 561//561 570//570 244//244
f 236//236 244//244 570//570
f 569//569 3030//3030 255//255
f 276//276 255//255 3030//3030
f 3030//3030 568//568 276//276
f 280//280 276//276 568//568
f 568//568 567//567 280//280
f 243//243 280//280 567//567
f 567//567 566//566 243//243
f 257//257 243//243 566//566
f 566//566 2336//2336 257//257
f 278//278 257//257 2336//2336
f 2336//2336 565//565 278//278
f 281//281 278//278 565//565
f 269//269 281//281 2846//2846
f 2846//2846 564//564 269//269
f 268//268 269//269 564//564
f 277//277 268//268 563//563
f 564//564 563//563 268//268
f 563//563 562//562 277//277
f 287//287 277//277 562//562
f 244//244 287//287 3408//3408
f 197//197 198//198 572//572
f 573//573 197//197 572//572
f 196//196 197//197 574//574
f 192//192 196//196 575//575
f 576//576 192//192 575//575
f 202//202 192//192 576//576
f 200//200 202//202 577//577
f 190//190 200//200 578//578
f 579//579 190//190 578//578
f 189//189 190//190 579//579
f 580//580 189//189 579//579
f 195//195 189//189 580//580
f 201//201 195//195 581//581
f 199//199 201//201 582//582
f 194//194 199//199 826//826
f 249//249 240//240 571//571
f 571//571 584//584 249//249
f 239//239 249//249 584//584
f 584//584 583//583 239//239
f 242//242 239//239 583//583
f 583//583 826//826 242//242
f 252//252 242//242 826//826
f 581//581 580//580 266//266
f 259//259 266//266 580//580
f 580//580 579//579 259//259
f 288//288 259//259 579//579
f 289//289 288//288 578//578
f 579//579 578//578 288//288
f 578//578 577//577 289//289
f 291//291 289//289 577//577
f 576//576 291//291 577//577
f 283//283 291//291 576//576
f 576//576 575//575 283//283
f 270//270 283//283 575//575
f 575//575 574//574 270//270
f 282//282 270//270 574//574
f 574//574 573//573 282//282
f 263//263 282//282 573//573
f 573//573 572//572 263//263
f 240//240 263//263 571//571
f 572//572 571//571 263//263
f 231//231 232//232 585//585
f 229//229 231//231 586//586
f 222//222 229//229 587//587
f 1895//1895 223//223 590//590
f 233//233 227//227 592//592
f 226//226 233//233 592//592
f 230//230 226//226 593//593
f 594//594 230//230 593//593
f 595//595 228//228 594//594
f 225//225 228//228 595//595
f 3120//3120 225//225 595//595
f 292//292 260//260 3120//3120
f 594//594 286//286 595//595
f 290//290 286//286 594//594
f 594//594 593//593 290//290
f 285//285 290//290 593//593
f 593//593 592//592 3491//3491
f 592//592 591//591 3491//3491
f 275//275 284//284 591//591
f 591//591 590//590 275//275
f 241//241 275//275 590//590
f 589//589 3450//3450 254//254
f 238//238 254//254 3450//3450
f 3450//3450 588//588 238//238
f 237//237 238//238 588//588
f 587//587 586//586 253//253
f 245//245 253//253 586//586
f 586//586 585//585 245//245
f 260//260 245//245 585//585
f 585//585 232//232 3120//3120
f 1834//1834 596//596 293//293
f 596//596 294//294 3568//3568
f 295//295 3568//3568 294//294
f 2842//2842 1396//1396 1395//1395
f 1396//1396 297//297 1397//1397
f 597//597 599//599 2907//2907
f 3461//3461 301//301 302//302
f 600//600 1399//1399 1401//1401
f 303//303 305//305 1401//1401
f 304//304 305//305 303//303
f 305//305 3452//3452 1401//1401
f 2855//2855 1402//1402 3452//3452
f 310//310 603//603 602//602
f 849//849 603//603 310//310
f 311//311 604//604 603//603
f 604//604 311//311 293//293
f 596//596 604//604 293//293
f 1411//1411 1168//1168 1167//1167
f 1150//1150 1151//1151 1905//1905
f 2348//2348 1912//1912 619//619
f 2349//2349 3185//3185 1179//1179
f 2500//2500 1145//1145 1149//1149
f 1920//1920 2849//2849 622//622
f 3283//3283 1181//1181 1418//1418
f 3283//3283 1182//1182 1181//1181
f 2353//2353 627//627 315//315
f 645//645 358//358 117//117
f 101//101 857//857 636//636
f 857//857 354//354 635//635
f 856//856 635//635 352//352
f 638//638 1059//1059 637//637
f 357//357 644//644 643//643
f 357//357 2844//2844 644//644
f 378//378 353//353 2845//2845
f 356//356 2844//2844 357//357
f 91//91 639//639 641//641
f 639//639 362//362 640//640
f 869//869 640//640 360//360
f 363//363 3313//3313 877//877
f 73//73 873//873 647//647
f 646//646 647//647 3510//3510
f 873//873 3307//3307 374//374
f 81//81 375//375 649//649
f 372//372 358//358 645//645
f 375//375 862//862 377//377
f 1639//1639 371//371 653//653
f 1932//1932 1433//1433 1933//1933
f 1934//1934 1439//1439 1935//1935
f 1066//1066 1939//1939 1938//1938
f 1445//1445 2301//2301 1940//1940
f 1069//1069 1943//1943 1942//1942
f 1452//1452 2306//2306 1944//1944
f 1243//1243 1859//1859 1860//1860
f 1075//1075 408//408 1465//1465
f 3155//3155 3310//3310 1463//1463
f 698//698 423//423 1478//1478
f 699//699 700//700 431//431
f 1282//1282 1479//1479 1080//1080
f 423//423 698//698 426//426
f 704//704 432//432 175//175
f 707//707 433//433 940//940
f 1381//1381 1481//1481 706//706
f 1482//1482 2559//2559 929//929
f 1481//1481 1483//1483 431//431
f 1486//1486 1727//1727 717//717
f 721//721 1492//1492 722//722
f 447//447 722//722 442//442
f 1292//1292 444//444 1488//1488
f 724//724 1724//1724 714//714
f 1724//1724 724//724 439//439
f 1489//1489 1089//1089 1087//1087
f 1495//1495 446//446 1487//1487
f 729//729 395//395 1492//1492
f 1490//1490 443//443 3344//3344
f 1313//1313 2431//2431 728//728
f 1491//1491 2205//2205 951//951
f 1493//1493 438//438 719//719
f 455//455 1494//1494 3128//3128
f 735//735 1734//1734 733//733
f 736//736 3492//3492 1496//1496
f 737//737 1740//1740 734//734
f 1740//1740 737//737 3237//3237
f 463//463 1298//1298 1299//1299
f 747//747 459//459 1096//1096
f 1391//1391 2484//2484 744//744
f 459//459 1297//1297 1498//1498
f 1503//1503 1892//1892 1095//1095
f 144//144 746//746 1300//1300
f 749//749 1747//1747 1097//1097
f 1508//1508 753//753 1507//1507
f 487//487 223//223 1895//1895
f 229//229 222//222 482//482
f 1510//1510 477//477 750//750
f 477//477 1510//1510 478//478
f 483//483 480//480 484//484
f 1386//1386 1511//1511 1098//1098
f 1512//1512 1309//1309 758//758
f 754//754 487//487 1307//1307
f 487//487 754//754 223//223
f 759//759 1100//1100 1101//1101
f 1506//1506 3473//3473 3521//3521
f 232//232 1753//1753 3122//3122
f 1513//1513 1514//1514 3122//3122
f 1317//1317 992//992 1006//1006
f 495//495 501//501 496//496
f 776//776 1521//1521 1877//1877
f 526//526 505//505 1775//1775
f 504//504 507//507 501//501
f 1546//1546 522//522 535//535
f 3414//3414 792//792 2257//2257
f 804//804 1980//1980 3118//3118
f 1552//1552 2943//2943 1981//1981
f 1032//1032 1031//1031 805//805
f 1043//1043 3124//3124 540//540
f 516//516 1378//1378 1369//1369
f 812//812 544//544 3124//3124
f 542//542 1376//1376 2265//2265
f 1334//1334 1130//1130 1131//1131
f 1987//1987 1562//1562 1128//1128
f 1561//1561 815//815 1129//1129
f 3238//3238 3231//3231 815//815
f 928//928 569//569 825//825
f 1//1 827//827 851//851
f 827//827 1//1 2//2
f 293//293 827//827 1834//1834
f 3//3 829//829 2//2
f 1136//1136 296//296 830//830
f 1834//1834 830//830 294//294
f 294//294 296//296 295//295
f 5//5 1136//1136 4//4
f 1136//1136 5//5 831//831
f 296//296 3141//3141 295//295
f 8//8 3460//3460 7//7
f 2842//2842 1395//1395 1138//1138
f 297//297 2842//2842 832//832
f 1569//1569 297//297 832//832
f 834//834 1569//1569 833//833
f 12//12 834//834 11//11
f 297//297 1569//1569 298//298
f 1569//1569 835//835 298//298
f 12//12 1139//1139 834//834
f 1139//1139 836//836 835//835
f 1139//1139 13//13 14//14
f 14//14 836//836 1139//1139
f 836//836 837//837 299//299
f 300//300 299//299 3461//3461
f 19//19 1570//1570 1140//1140
f 1400//1400 301//301 1570//1570
f 301//301 1400//1400 302//302
f 1400//1400 1570//1570 839//839
f 20//20 1570//1570 19//19
f 304//304 303//303 1400//1400
f 21//21 840//840 839//839
f 304//304 1400//1400 839//839
f 22//22 840//840 21//21
f 840//840 841//841 1571//1571
f 840//840 22//22 841//841
f 841//841 842//842 1571//1571
f 3402//3402 842//842 841//841
f 1571//1571 842//842 306//306
f 1835//1835 3402//3402 3378//3378
f 843//843 306//306 1835//1835
f 1835//1835 3378//3378 3493//3493
f 306//306 843//843 2855//2855
f 843//843 3493//3493 844//844
f 845//845 307//307 844//844
f 1141//1141 26//26 27//27
f 3309//3309 308//308 309//309
f 28//28 1572//1572 1142//1142
f 1572//1572 28//28 29//29
f 847//847 848//848 309//309
f 310//310 309//309 848//848
f 1572//1572 29//29 30//30
f 1572//1572 30//30 2856//2856
f 310//310 848//848 849//849
f 849//849 2856//2856 3233//3233
f 603//603 849//849 3234//3234
f 850//850 3234//3234 3233//3233
f 851//851 34//34 1//1
f 37//37 36//36 2613//2613
f 2615//2615 2001//2001 3146//3146
f 2007//2007 44//44 2617//2617
f 49//49 48//48 2013//2013
f 2626//2626 2624//2624 1590//1590
f 51//51 2625//2625 2015//2015
f 2628//2628 53//53 3474//3474
f 1152//1152 3062//3062 1413//1413
f 1604//1604 2642//2642 2644//2644
f 66//66 3126//3126 2645//2645
f 2029//2029 2647//2647 346//346
f 71//71 3362//3362 2032//2032
f 348//348 350//350 2033//2033
f 72//72 2032//2032 3302//3302
f 2655//2655 2341//2341 607//607
f 351//351 856//856 352//352
f 101//101 636//636 102//102
f 856//856 102//102 636//636
f 3359//3359 3464//3464 115//115
f 865//865 643//643 858//858
f 644//644 116//116 1631//1631
f 859//859 865//865 1632//1632
f 860//860 352//352 1633//1633
f 113//113 1059//1059 118//118
f 101//101 100//100 857//857
f 871//871 100//100 99//99
f 103//103 856//856 861//861
f 372//372 872//872 3116//3116
f 89//89 872//872 864//864
f 93//93 637//637 94//94
f 81//81 862//862 375//375
f 862//862 81//81 2838//2838
f 861//861 104//104 103//103
f 3464//3464 114//114 115//115
f 127//127 645//645 117//117
f 91//91 641//641 92//92
f 869//869 92//92 641//641
f 92//92 869//869 93//93
f 366//366 353//353 367//367
f 98//98 97//97 357//357
f 356//356 357//357 97//97
f 865//865 863//863 643//643
f 102//102 856//856 103//103
f 639//639 90//90 864//864
f 864//864 359//359 866//866
f 639//639 866//866 362//362
f 359//359 372//372 867//867
f 645//645 127//127 1635//1635
f 359//359 867//867 1636//1636
f 868//868 360//360 1637//1637
f 118//118 1059//1059 1638//1638
f 637//637 93//93 2046//2046
f 130//130 642//642 363//363
f 74//74 73//73 647//647
f 80//80 3338//3338 2838//2838
f 354//354 857//857 859//859
f 871//871 857//857 100//100
f 859//859 871//871 865//865
f 861//861 105//105 104//104
f 80//80 877//877 3338//3338
f 81//81 649//649 82//82
f 108//108 878//878 109//109
f 863//863 357//357 643//643
f 638//638 637//637 2046//2046
f 363//363 642//642 3313//3313
f 124//124 642//642 130//130
f 79//79 2047//2047 877//877
f 642//642 124//124 1642//1642
f 3373//3373 375//375 1643//1643
f 110//110 876//876 3307//3307
f 639//639 91//91 90//90
f 872//872 359//359 864//864
f 363//363 368//368 130//130
f 649//649 83//83 82//82
f 110//110 3307//3307 111//111
f 109//109 876//876 110//110
f 878//878 371//371 876//876
f 876//876 109//109 878//878
f 2050//2050 2051//2051 2052//2052
f 880//880 2053//2053 2054//2054
f 654//654 2054//2054 2055//2055
f 3127//3127 1429//1429 2951//2951
f 2059//2059 2367//2367 2513//2513
f 3516//3516 3440//3440 3526//3526
f 2068//2068 1651//1651 2069//2069
f 135//135 3540//3540 2070//2070
f 1644//1644 2372//2372 2071//2071
f 1202//1202 2519//2519 2074//2074
f 1436//1436 662//662 2956//2956
f 2080//2080 2081//2081 2082//2082
f 890//890 2083//2083 2084//2084
f 664//664 2084//2084 2085//2085
f 3190//3190 1658//1658 2088//2088
f 385//385 1436//1436 3339//3339
f 2958//2958 1652//1652 2091//2091
f 136//136 2071//2071 2092//2092
f 127//127 2093//2093 2094//2094
f 896//896 2097//2097 2098//2098
f 669//669 2098//2098 2099//2099
f 2104//2104 1445//1445 2100//2100
f 2106//2106 1638//1638 2386//2386
f 2107//2107 1637//1637 2108//2108
f 2111//2111 2388//2388 2094//2094
f 2112//2112 2389//2389 2113//2113
f 118//118 2106//2106 2117//2117
f 116//116 2118//2118 2119//2119
f 903//903 2122//2122 2123//2123
f 2130//2130 1452//1452 2125//2125
f 2132//2132 1634//1634 2397//2397
f 2133//2133 1633//1633 2134//2134
f 2137//2137 2399//2399 2119//2119
f 2141//2141 1669//1669 3390//3390
f 114//114 2132//2132 2142//2142
f 911//911 2726//2726 910//910
f 1073//1073 1457//1457 2540//2540
f 402//402 1236//1236 2146//2146
f 2156//2156 2960//2960 3117//3117
f 3117//3117 1247//1247 1248//1248
f 2734//2734 1248//1248 407//407
f 1685//1685 2162//2162 918//918
f 1462//1462 2863//2863 1249//1249
f 3143//3143 1864//1864 1470//1470
f 922//922 1693//1693 1694//1694
f 388//388 2756//2756 2865//2865
f 923//923 2959//2959 1264//1264
f 417//417 1264//1264 1265//1265
f 1476//1476 1267//1267 2967//2967
f 2557//2557 1269//1269 2174//2174
f 1701//1701 2177//2177 2422//2422
f 117//117 3467//3467 3593//3593
f 1273//1273 1474//1474 422//422
f 926//926 173//173 925//925
f 3561//3561 1706//1706 3557//3557
f 179//179 173//173 927//927
f 928//928 174//174 701//701
f 1708//1708 1380//1380 2473//2473
f 426//426 927//927 423//423
f 927//927 173//173 926//926
f 1711//1711 434//434 174//174
f 179//179 3381//3381 1283//1283
f 3249//3249 931//931 432//432
f 184//184 178//178 931//931
f 936//936 1707//1707 931//931
f 936//936 699//699 1710//1710
f 185//185 1709//1709 1084//1084
f 2197//2197 934//934 2185//2185
f 3381//3381 179//179 927//927
f 3343//3343 3381//3381 1285//1285
f 701//701 174//174 434//434
f 929//929 3517//3517 3409//3409
f 711//711 1714//1714 1284//1284
f 937//937 1566//1566 1713//1713
f 707//707 1716//1716 2766//2766
f 433//433 1081//1081 709//709
f 3381//3381 426//426 1285//1285
f 181//181 1711//1711 174//174
f 1717//1717 940//940 941//941
f 944//944 190//190 1088//1088
f 1564//1564 1719//1719 1289//1289
f 1720//1720 1721//1721 724//724
f 1383//1383 1087//1087 720//720
f 1721//1721 942//942 1487//1487
f 436//436 1086//1086 1719//1719
f 943//943 716//716 946//946
f 1090//1090 1741//1741 1871//1871
f 438//438 1723//1723 3344//3344
f 437//437 199//199 454//454
f 944//944 1286//1286 945//945
f 192//192 202//202 946//946
f 726//726 447//447 1959//1959
f 721//721 1290//1290 1291//1291
f 442//442 722//722 1293//1293
f 1286//1286 1726//1726 2902//2902
f 723//723 1312//1312 1726//1726
f 189//189 1088//1088 190//190
f 442//442 446//446 447//447
f 953//953 1293//1293 730//730
f 452//452 953//953 148//148
f 951//951 955//955 451//451
f 189//189 1731//1731 1088//1088
f 1725//1725 1294//1294 1724//1724
f 730//730 148//148 953//953
f 199//199 437//437 201//201
f 201//201 437//437 1729//1729
f 451//451 948//948 1730//1730
f 1729//1729 948//948 451//451
f 455//455 945//945 445//445
f 202//202 3340//3340 946//946
f 455//455 1722//1722 956//956
f 717//717 1494//1494 445//445
f 3128//3128 1722//1722 455//455
f 1517//1517 2567//2567 958//958
f 1733//1733 3490//3490 458//458
f 1315//1315 1872//1872 2319//2319
f 1744//1744 218//218 1742//1742
f 1872//1872 1741//1741 2319//2319
f 2970//2970 2188//2188 2561//2561
f 215//215 961//961 216//216
f 458//458 962//962 3430//3430
f 741//741 207//207 468//468
f 1736//1736 467//467 462//462
f 462//462 743//743 967//967
f 1740//1740 459//459 740//740
f 1300//1300 960//960 1742//1742
f 968//968 1744//1744 967//967
f 3229//3229 3383//3383 1298//1298
f 1496//1496 1743//1743 2281//2281
f 1300//1300 466//466 144//144
f 387//387 972//972 894//894
f 972//972 470//470 746//746
f 894//894 746//746 144//144
f 212//212 218//218 1744//1744
f 216//216 962//962 213//213
f 962//962 216//216 961//961
f 1739//1739 3533//3533 468//468
f 1300//1300 746//746 960//960
f 467//467 1736//1736 470//470
f 1745//1745 1746//1746 1510//1510
f 1568//1568 2610//2610 1747//1747
f 1748//1748 1749//1749 755//755
f 1749//1749 2774//2774 1505//1505
f 477//477 980//980 486//486
f 1304//1304 984//984 1302//1302
f 185//185 1890//1890 1709//1709
f 1098//1098 1511//1511 1751//1751
f 753//753 483//483 485//485
f 483//483 753//753 1509//1509
f 979//979 228//228 980//980
f 478//478 979//979 477//477
f 228//228 979//979 984//984
f 977//977 1305//1305 978//978
f 1302//1302 979//979 478//478
f 230//230 984//984 1303//1303
f 2199//2199 983//983 2193//2193
f 2190//2190 985//985 1308//1308
f 1305//1305 977//977 2903//2903
f 977//977 758//758 2903//2903
f 760//760 1385//1385 2478//2478
f 750//750 1755//1755 3163//3163
f 479//479 1754//1754 1750//1750
f 141//141 885//885 1508//1508
f 382//382 884//884 2196//2196
f 884//884 140//140 934//934
f 2196//2196 934//934 2197//2197
f 470//470 972//972 1960//1960
f 387//387 893//893 767//767
f 893//893 142//142 983//983
f 2866//2866 766//766 971//971
f 147//147 901//901 2937//2937
f 901//901 392//392 3129//3129
f 732//732 3129//3129 1493//1493
f 900//900 146//146 965//965
f 1869//1869 965//965 2200//2200
f 907//907 398//398 702//702
f 702//702 770//770 3317//3317
f 3561//3561 2428//2428 3541//3541
f 176//176 1887//1887 1489//1489
f 771//771 1316//1316 1759//1759
f 1759//1759 2432//2432 2986//2986
f 1766//1766 1873//1873 3454//3454
f 2781//2781 773//773 2793//2793
f 1520//1520 1765//1765 2225//2225
f 1873//1873 2222//2222 993//993
f 513//513 1545//1545 2791//2791
f 3198//3198 2221//2221 2793//2793
f 778//778 994//994 1014//1014
f 1769//1769 2794//2794 493//493
f 244//244 236//236 2223//2223
f 251//251 794//794 2463//2463
f 1000//1000 999//999 3243//3243
f 2782//2782 1123//1123 1765//1765
f 1973//1973 1536//1536 2584//2584
f 1326//1326 1544//1544 793//793
f 3291//3291 3261//3261 2783//2783
f 1773//1773 1530//1530 1005//1005
f 514//514 1019//1019 1038//1038
f 1772//1772 2599//2599 2236//2236
f 1327//1327 1772//1772 1766//1766
f 522//522 3140//3140 514//514
f 2591//2591 797//797 2807//2807
f 792//792 3414//3414 2796//2796
f 1783//1783 1768//1768 3132//3132
f 542//542 1038//1038 1030//1030
f 277//277 1038//1038 1019//1019
f 1015//1015 3223//3223 2815//2815
f 1020//1020 524//524 523//523
f 527//527 808//808 2251//2251
f 2598//2598 3134//3134 808//808
f 1788//1788 2981//2981 529//529
f 2786//2786 997//997 1363//1363
f 2265//2265 535//535 542//542
f 269//269 268//268 1039//1039
f 1884//1884 532//532 2807//2807
f 1027//1027 1368//1368 3478//3478
f 3416//3416 1346//1346 3410//3410
f 1978//1978 800//800 2268//2268
f 1022//1022 3357//3357 1353//1353
f 285//285 3470//3470 3462//3462
f 2470//2470 259//259 1357//1357
f 2868//2868 3438//3438 1357//1357
f 810//810 1039//1039 536//536
f 1032//1032 281//281 1031//1031
f 533//533 1029//1029 3528//3528
f 1035//1035 1370//1370 2264//2264
f 2265//2265 1799//1799 2999//2999
f 542//542 1030//1030 1376//1376
f 1030//1030 287//287 1558//1558
f 522//522 514//514 535//535
f 1038//1038 535//535 514//514
f 281//281 269//269 1031//1031
f 288//288 1040//1040 1357//1357
f 1042//1042 539//539 2868//2868
f 815//815 3124//3124 3238//3238
f 292//292 2820//2820 260//260
f 814//814 2223//2223 1557//1557
f 1558//1558 1373//1373 3566//3566
f 1019//1019 536//536 1039//1039
f 543//543 523//523 524//524
f 1040//1040 2868//2868 1357//1357
f 273//273 271//271 1346//1346
f 1020//1020 291//291 2939//2939
f 283//283 2939//2939 291//291
f 259//259 288//288 1357//1357
f 2826//2826 1375//1375 1379//1379
f 1041//1041 1553//1553 1801//1801
f 289//289 1040//1040 288//288
f 1040//1040 289//289 1042//1042
f 1038//1038 277//277 1030//1030
f 539//539 1042//1042 543//543
f 1042//1042 289//289 523//523
f 291//291 523//523 289//289
f 1560//1560 539//539 543//543
f 550//550 1389//1389 3056//3056
f 2830//2830 2481//2481 3111//3111
f 549//549 2276//2276 1808//1808
f 822//822 1394//1394 1815//1815
f 551//551 1813//1813 1816//1816
f 217//217 207//207 824//824
f 256//256 824//824 1135//1135
f 3165//3165 3119//3119 824//824
f 256//256 2454//2454 1102//1102
f 181//181 174//174 825//825
f 598//598 597//597 3568//3568
f 601//601 3527//3527 3591//3591
f 603//603 1050//1050 602//602
f 1050//1050 604//604 1051//1051
f 604//604 1050//1050 603//603
f 2286//2286 2287//2287 1154//1154
f 3150//3150 2688//2688 2294//2294
f 2929//2929 3542//3542 2296//2296
f 3153//3153 2699//2699 3494//3494
f 3154//3154 2713//2713 2303//2303
f 2308//2308 2725//2725 2309//2309
f 1078//1078 2752//2752 3277//3277
f 3094//3094 698//698 3137//3137
f 702//702 703//703 1480//1480
f 709//709 1081//1081 3520//3520
f 1082//1082 3520//3520 1081//1081
f 940//940 712//712 1083//1083
f 1891//1891 713//713 1388//1388
f 3520//3520 1085//1085 935//935
f 2204//2204 717//717 1727//1727
f 716//716 1086//1086 715//715
f 726//726 721//721 722//722
f 720//720 1089//1089 1959//1959
f 731//731 1091//1091 1490//1490
f 1091//1091 951//951 453//453
f 1092//1092 729//729 1492//1492
f 727//727 1090//1090 1313//1313
f 2433//2433 1315//1315 1497//1497
f 3492//3492 736//736 1732//1732
f 740//740 459//459 747//747
f 462//462 1499//1499 1093//1093
f 747//747 1096//1096 966//966
f 749//749 1097//1097 748//748
f 1099//1099 758//758 485//485
f 3122//3122 760//760 761//761
f 1766//1766 1004//1004 1873//1873
f 2320//2320 1105//1105 2321//2321
f 2322//2322 1106//1106 1821//1821
f 1821//1821 2323//2323 2324//2324
f 776//776 2444//2444 1003//1003
f 778//778 997//997 1002//1002
f 1770//1770 999//999 2243//2243
f 3024//3024 3240//3240 2328//2328
f 787//787 2333//2333 1011//1011
f 778//778 1363//1363 997//997
f 1349//1349 1973//1973 1777//1777
f 1131//1131 1554//1554 507//507
f 2588//2588 1122//1122 2242//2242
f 1124//1124 2230//2230 1881//1881
f 2244//2244 794//794 1881//1881
f 813//813 3112//3112 1546//1546
f 536//536 3140//3140 2334//2334
f 806//806 2804//2804 1560//1560
f 3589//3589 1770//1770 1774//1774
f 1026//1026 2596//2596 2231//2231
f 810//810 1031//1031 1039//1039
f 3231//3231 2981//2981 2811//2811
f 244//244 1555//1555 1558//1558
f 2840//2840 522//522 1546//1546
f 507//507 1554//1554 1120//1120
f 1989//1989 1381//1381 3431//3431
f 1995//1995 1134//1134 1996//1996
f 1135//1135 1831//1831 267//267
f 177//177 3030//3030 569//569
f 191//191 584//584 2337//2337
f 2//2 828//828 827//827
f 1136//1136 831//831 296//296
f 1569//1569 832//832 833//833
f 16//16 17//17 838//838
f 1140//1140 18//18 19//19
f 846//846 845//845 1141//1141
f 26//26 1141//1141 3311//3311
f 847//847 846//846 1142//1142
f 1141//1141 1142//1142 846//846
f 1572//1572 848//848 847//847
f 3549//3549 3570//3570 1846//1846
f 350//350 312//312 2035//2035
f 315//315 1143//1143 2355//2355
f 2002//2002 2339//2339 2003//2003
f 1581//1581 2005//2005 1579//1579
f 1839//1839 1153//1153 3061//3061
f 347//347 1154//1154 2342//2342
f 1052//1052 1161//1161 1609//1609
f 1614//1614 2340//2340 2655//2655
f 2341//2341 606//606 2286//2286
f 1166//1166 1167//1167 3031//3031
f 3032//3032 1901//1901 3004//3004
f 1171//1171 1903//1903 3177//3177
f 1173//1173 2662//2662 2346//2346
f 1907//1907 1414//1414 1909//1909
f 2872//2872 1415//1415 1416//1416
f 2920//2920 1417//1417 3001//3001
f 1929//1929 2357//2357 1422//1422
f 1188//1188 1928//1928 2358//2358
f 1189//1189 2357//2357 1929//1929
f 107//107 376//376 370//370
f 1060//1060 96//96 95//95
f 358//358 3116//3116 373//373
f 373//373 3116//3116 87//87
f 79//79 78//78 2047//2047
f 365//365 77//77 76//76
f 107//107 370//370 108//108
f 2062//2062 1191//1191 1847//1847
f 2362//2362 656//656 2363//2363
f 1847//1847 1191//1191 2049//2049
f 2364//2364 2685//2685 1848//1848
f 1848//1848 1195//1195 2365//2365
f 2368//2368 874//874 2060//2060
f 2858//2858 1200//1200 2879//2879
f 875//875 3235//3235 2372//2372
f 1206//1206 2375//2375 1849//1849
f 1208//1208 1849//1849 2376//2376
f 2377//2377 1209//1209 1850//1850
f 2378//2378 666//666 2379//2379
f 1850//1850 1210//1210 2079//2079
f 2380//2380 3349//3349 1658//1658
f 2383//2383 1217//1217 1851//1851
f 2386//2386 868//868 2107//2107
f 1852//1852 1221//1221 2527//2527
f 1853//1853 1223//1223 2701//2701
f 2397//2397 860//860 2133//2133
f 1855//1855 1230//1230 2534//2534
f 1857//1857 1232//1232 2714//2714
f 2891//2891 150//150 2892//2892
f 2403//2403 2143//2143 2144//2144
f 912//912 911//911 2404//2404
f 2726//2726 911//911 912//912
f 2404//2404 1237//1237 912//912
f 912//912 913//913 2147//2147
f 915//915 890//890 2521//2521
f 683//683 2405//2405 3282//3282
f 403//403 2540//2540 2407//2407
f 1243//1243 1860//1860 1948//1948
f 151//151 2543//2543 2154//2154
f 1454//1454 2538//2538 1245//1245
f 2734//2734 916//916 1248//1248
f 2159//2159 916//916 2734//2734
f 3316//3316 2734//2734 407//407
f 2735//2735 3316//3316 917//917
f 1249//1249 2736//2736 2409//2409
f 689//689 2313//2313 2410//2410
f 1460//1460 2544//2544 1076//1076
f 2742//2742 2166//2166 2896//2896
f 1255//1255 411//411 1254//1254
f 1254//1254 411//411 920//920
f 2167//2167 3382//3382 1261//1261
f 2748//2748 3496//3496 412//412
f 921//921 3496//3496 2749//2749
f 2511//2511 693//693 880//880
f 413//413 2416//2416 1956//1956
f 2757//2757 1263//1263 2899//2899
f 2173//2173 1476//1476 1268//1268
f 2760//2760 2174//2174 420//420
f 2760//2760 696//696 2422//2422
f 3561//3561 3557//3557 3317//3317
f 926//926 3580//3580 423//423
f 423//423 3580//3580 1478//1478
f 1282//1282 183//183 1707//1707
f 2900//2900 187//187 1283//1283
f 935//935 1484//1484 3520//3520
f 434//434 941//941 709//709
f 933//933 1281//1281 713//713
f 426//426 1284//1284 1285//1285
f 1285//1285 938//938 937//937
f 942//942 1288//1288 1487//1487
f 1288//1288 720//720 1495//1495
f 943//943 946//946 1289//1289
f 721//721 1291//1291 1092//1092
f 445//445 2902//2902 1486//1486
f 1486//1486 952//952 2769//2769
f 1294//1294 1728//1728 715//715
f 1725//1725 442//442 954//954
f 950//950 955//955 1292//1292
f 1294//1294 954//954 3563//3563
f 1296//1296 958//958 3558//3558
f 3558//3558 958//958 1738//1738
f 966//966 1504//1504 747//747
f 468//468 3533//3533 740//740
f 964//964 1498//1498 1497//1497
f 968//968 1503//1503 1737//1737
f 1503//1503 968//968 969//969
f 3430//3430 463//463 1299//1299
f 1298//1298 970//970 1299//1299
f 746//746 1736//1736 960//960
f 973//973 1301//1301 1302//1302
f 1301//1301 975//975 1304//1304
f 974//974 2486//2486 1505//1505
f 1303//1303 984//984 1304//1304
f 984//984 979//979 1302//1302
f 232//232 231//231 1753//1753
f 3336//3336 1307//1307 759//759
f 1513//1513 1753//1753 2903//2903
f 1309//1309 2903//2903 758//758
f 486//486 1310//1310 750//750
f 2190//2190 748//748 985//985
f 766//766 981//981 971//971
f 1311//1311 725//725 1706//1706
f 987//987 2983//2983 2429//2429
f 1758//1758 2206//2206 2987//2987
f 1314//1314 1961//1961 2984//2984
f 959//959 2432//2432 2433//2433
f 2435//2435 1962//1962 2434//2434
f 2222//2222 998//998 1518//1518
f 3054//3054 2440//2440 1876//1876
f 1876//1876 2441//2441 2442//2442
f 1321//1321 1877//1877 2443//2443
f 2448//2448 2449//2449 1878//1878
f 1878//1878 2450//2450 2215//2215
f 778//778 2452//2452 1363//1363
f 781//781 3318//3318 3564//3564
f 3325//3325 775//775 784//784
f 1014//1014 2452//2452 778//778
f 1764//1764 1873//1873 993//993
f 1000//1000 782//782 999//999
f 2463//2463 1001//1001 2219//2219
f 802//802 1319//1319 251//251
f 2322//2322 1105//1105 2226//2226
f 3119//3119 3165//3165 3308//3308
f 3567//3567 264//264 1326//1326
f 1328//1328 2227//2227 1109//1109
f 2332//2332 1121//1121 1976//1976
f 521//521 2235//2235 3483//3483
f 3055//3055 2971//2971 2225//2225
f 3414//3414 1966//1966 506//506
f 2599//2599 811//811 2236//2236
f 1337//1337 2237//2237 2461//2461
f 1338//1338 785//785 2462//2462
f 2464//2464 1008//1008 803//803
f 1016//1016 2975//2975 2241//2241
f 790//790 2249//2249 1347//1347
f 3082//3082 528//528 3134//3134
f 1023//1023 2980//2980 2253//2253
f 1024//1024 2260//2260 1356//1356
f 3357//3357 528//528 2979//2979
f 1024//1024 1356//1356 2468//2468
f 1332//1332 2255//2255 2469//2469
f 3095//3095 793//793 990//990
f 538//538 1033//1033 2595//2595
f 272//272 3416//3416 3478//3478
f 3478//3478 1367//1367 1027//1027
f 2600//2600 1026//1026 1027//1027
f 811//811 1983//1983 1334//1334
f 1378//1378 1377//1377 532//532
f 2267//2267 281//281 1032//1032
f 1008//1008 1033//1033 803//803
f 1014//1014 1341//1341 2452//2452
f 2248//2248 2472//2472 1984//1984
f 1370//1370 1035//1035 2905//2905
f 2261//2261 1885//1885 2264//2264
f 814//814 1372//1372 1373//1373
f 1372//1372 1037//1037 2998//2998
f 286//286 290//290 1029//1029
f 1375//1375 3318//3318 781//781
f 1034//1034 2595//2595 1033//1033
f 244//244 1558//1558 287//287
f 2826//2826 1379//1379 1553//1553
f 1379//1379 781//781 2453//2453
f 1553//1553 1379//1379 1801//1801
f 1805//1805 2270//2270 3103//3103
f 2274//2274 2475//2475 2767//2767
f 2476//2476 1990//1990 2475//2475
f 1795//1795 2991//2991 2477//2477
f 1809//1809 2277//2277 2997//2997
f 1387//1387 1991//1991 2992//2992
f 1046//1046 1047//1047 2479//2479
f 2280//2280 2480//2480 2765//2765
f 2481//2481 1993//1993 2480//2480
f 3370//3370 1792//1792 2482//2482
f 1134//1134 1995//1995 1391//1391
f 1392//1392 1994//1994 2990//2990
f 2285//2285 2487//2487 2773//2773
f 2488//2488 1997//1997 2487//2487
f 1135//1135 207//207 203//203
f 566//566 2335//2335 2336//2336
f 567//567 1832//1832 2335//2335
f 571//571 572//572 2337//2337
f 1395//1395 598//598 295//295
f 1396//1396 598//598 1395//1395
f 598//598 1396//1396 599//599
f 297//297 1396//1396 2842//2842
f 1397//1397 599//599 1396//1396
f 298//298 1397//1397 297//297
f 1896//1896 1397//1397 298//298
f 299//299 300//300 1896//1896
f 1398//1398 1399//1399 600//600
f 302//302 1399//1399 300//300
f 2907//2907 1398//1398 600//600
f 303//303 1399//1399 302//302
f 1400//1400 303//303 302//302
f 303//303 1401//1401 1399//1399
f 600//600 1401//1401 3591//3591
f 308//308 601//601 1402//1402
f 601//601 308//308 3309//3309
f 602//602 601//601 3309//3309
f 307//307 308//308 1402//1402
f 309//309 310//310 3309//3309
f 2360//2360 1156//1156 1157//1157
f 1404//1404 2489//2489 3432//3432
f 1160//1160 3432//3432 2490//2490
f 2490//2490 2908//2908 2647//2647
f 1406//1406 1161//1161 1052//1052
f 2647//2647 2908//2908 2030//2030
f 1162//1162 1898//1898 2342//2342
f 3058//3058 344//344 343//343
f 2843//2843 1841//1841 342//342
f 1165//1165 3031//3031 1410//1410
f 1900//1900 1901//1901 2871//2871
f 2910//2910 2909//2909 340//340
f 1842//1842 2494//2494 2493//2493
f 336//336 338//338 337//337
f 1412//1412 1172//1172 335//335
f 2345//2345 1057//1057 3177//3177
f 334//334 1904//1904 1150//1150
f 3061//3061 1413//1413 2497//2497
f 2915//2915 2916//2916 1414//1414
f 1907//1907 1909//1909 1908//1908
f 329//329 2499//2499 2498//2498
f 2666//2666 1912//1912 2348//2348
f 2014//2014 327//327 3463//3463
f 2870//2870 2504//2504 2503//2503
f 2506//2506 2505//2505 3530//3530
f 318//318 321//321 320//320
f 1419//1419 1186//1186 316//316
f 2338//2338 2923//2923 2509//2509
f 2923//2923 3069//3069 2945//2945
f 1927//1927 2357//2357 1189//1189
f 31//31 2924//2924 3147//3147
f 1421//1421 3202//3202 1423//1423
f 2925//2925 313//313 2944//2944
f 1929//1929 1930//1930 3148//3148
f 3202//3202 3006//3006 1423//1423
f 648//648 1424//1424 876//876
f 371//371 1639//1639 648//648
f 650//650 1425//1425 651//651
f 2052//2052 1061//1061 2056//2056
f 2512//2512 1428//1428 1931//1931
f 1931//1931 3136//3136 2293//2293
f 2517//2517 2516//2516 3150//3150
f 1933//1933 1433//1433 2067//2067
f 2066//2066 2294//2294 1932//1932
f 2082//2082 1065//1065 2086//2086
f 2523//2523 2522//2522 3153//3153
f 1935//1935 1439//1439 2090//2090
f 2089//2089 2298//2298 1934//1934
f 2178//2178 1659//1659 2524//2524
f 2526//2526 670//670 2299//2299
f 2527//2527 1442//1442 3386//3386
f 2530//2530 2529//2529 3154//3154
f 1941//1941 1446//1446 2115//2115
f 2114//2114 2303//2303 1446//1446
f 2533//2533 677//677 2304//2304
f 2534//2534 1449//1449 3387//3387
f 2935//2935 2536//2536 2890//2890
f 2537//2537 2536//2536 2308//2308
f 1945//1945 1453//1453 3576//3576
f 2139//2139 2309//2309 1453//1453
f 3282//3282 2405//2405 2406//2406
f 1238//1238 1236//1236 1947//1947
f 1458//1458 1457//1457 1243//1243
f 1456//1456 1860//1860 1859//1859
f 1861//1861 1948//1948 1860//1860
f 1861//1861 2541//2541 1948//1948
f 1454//1454 2541//2541 2067//2067
f 2409//2409 2546//2546 1249//1249
f 3316//3316 407//407 2409//2409
f 1465//1465 1952//1952 1075//1075
f 3053//3053 692//692 1953//1953
f 1467//1467 2549//2549 405//405
f 2549//2549 2115//2115 405//405
f 1460//1460 405//405 2115//2115
f 1261//1261 1470//1470 1864//1864
f 1261//1261 1864//1864 2167//2167
f 3277//3277 1956//1956 3074//3074
f 162//162 2753//2753 2552//2552
f 1261//1261 3382//3382 3218//3218
f 2755//2755 2898//2898 2551//2551
f 2898//2898 2754//2754 2551//2551
f 1865//1865 1470//1470 2741//2741
f 1468//1468 1865//1865 2140//2140
f 1474//1474 1272//1272 2178//2178
f 422//422 2554//2554 3398//3398
f 2555//2555 1276//1276 2424//2424
f 2967//2967 1267//1267 1265//1265
f 1477//1477 1476//1476 2967//2967
f 697//697 2424//2424 1958//1958
f 2756//2756 415//415 1477//1477
f 2090//2090 1280//1280 1957//1957
f 699//699 703//703 700//700
f 172//172 1080//1080 925//925
f 925//925 1708//1708 425//425
f 1708//1708 925//925 1080//1080
f 3557//3557 706//706 1481//1481
f 150//150 1480//1480 704//704
f 702//702 3317//3317 703//703
f 700//700 703//703 3317//3317
f 1082//1082 1085//1085 3520//3520
f 1489//1489 1887//1887 1705//1705
f 3239//3239 1482//1482 929//929
f 3557//3557 1481//1481 431//431
f 1481//1481 710//710 1483//1483
f 431//431 1483//1483 1710//1710
f 426//426 698//698 711//711
f 708//708 1083//1083 435//435
f 707//707 940//940 708//708
f 1705//1705 1381//1381 706//706
f 1081//1081 1715//1715 1485//1485
f 434//434 709//709 1484//1484
f 434//434 1484//1484 701//701
f 1086//1086 436//436 714//714
f 715//715 714//714 1724//1724
f 1728//1728 716//716 715//715
f 2937//2937 718//718 437//437
f 717//717 445//445 1486//1486
f 439//439 1487//1487 446//446
f 726//726 1290//1290 721//721
f 722//722 1492//1492 441//441
f 944//944 1088//1088 1286//1286
f 950//950 1488//1488 723//723
f 1488//1488 950//950 1292//1292
f 1088//1088 723//723 1286//1286
f 446//446 1495//1495 447//447
f 176//176 1489//1489 1087//1087
f 1489//1489 725//725 1089//1089
f 1087//1087 1089//1089 720//720
f 725//725 440//440 1089//1089
f 1290//1290 1089//1089 440//440
f 1487//1487 1288//1288 1495//1495
f 441//441 395//395 730//730
f 395//395 441//441 1492//1492
f 3344//3344 727//727 728//728
f 443//443 1490//1490 453//453
f 1871//1871 1741//1741 1872//1872
f 727//727 1313//1313 728//728
f 731//731 2560//2560 1091//1091
f 1091//1091 1491//1491 951//951
f 728//728 2431//2431 1490//1490
f 2431//2431 731//731 1490//1490
f 454//454 2937//2937 437//437
f 728//728 1490//1490 3344//3344
f 1732//1732 1733//1733 3492//3492
f 3492//3492 3430//3430 1496//1496
f 1297//1297 959//959 2433//2433
f 744//744 1502//1502 2866//2866
f 1297//1297 1497//1497 1498//1498
f 464//464 1096//1096 459//459
f 467//467 1502//1502 1499//1499
f 1501//1501 2562//2562 1093//1093
f 969//969 1500//1500 2282//2282
f 1093//1093 1500//1500 743//743
f 2484//2484 742//742 1501//1501
f 1502//1502 744//744 1501//1501
f 1499//1499 1501//1501 1093//1093
f 1095//1095 745//745 1737//1737
f 1737//1737 1503//1503 1095//1095
f 1503//1503 469//469 1892//1892
f 1095//1095 1892//1892 1390//1390
f 745//745 1095//1095 3383//3383
f 462//462 467//467 1499//1499
f 747//747 1504//1504 740//740
f 468//468 740//740 1504//1504
f 468//468 1504//1504 741//741
f 2610//2610 474//474 1747//1747
f 1097//1097 474//474 2284//2284
f 748//748 1097//1097 755//755
f 2190//2190 749//749 748//748
f 479//479 1505//1505 1506//1506
f 480//480 1509//1509 481//481
f 752//752 1509//1509 1508//1508
f 1510//1510 1746//1746 478//478
f 480//480 1511//1511 484//484
f 1709//1709 1890//1890 1098//1098
f 757//757 2563//2563 1099//1099
f 1512//1512 2276//2276 1309//1309
f 1099//1099 1512//1512 758//758
f 484//484 1099//1099 485//485
f 479//479 1506//1506 1100//1100
f 1753//1753 1513//1513 3122//3122
f 1513//1513 488//488 1889//1889
f 3122//3122 1514//1514 760//760
f 761//761 760//760 3588//3588
f 1308//1308 1515//1515 487//487
f 762//762 763//763 2198//2198
f 2430//2430 1516//1516 2564//2564
f 1961//1961 1516//1516 1870//1870
f 1763//1763 2985//2985 2566//2566
f 1517//1517 490//490 2567//2567
f 1769//1769 493//493 1518//1518
f 1317//1317 1006//1006 773//773
f 2781//2781 1317//1317 773//773
f 250//250 246//246 2799//2799
f 775//775 3325//3325 2233//2233
f 2570//2570 2321//2321 1963//1963
f 1963//1963 2324//2324 2571//2571
f 2572//2572 502//502 2573//2573
f 1965//1965 2786//2786 2575//2575
f 499//499 1533//1533 503//503
f 501//501 1526//1526 496//496
f 3326//3326 3399//3399 505//505
f 777//777 515//515 500//500
f 1527//1527 2579//2579 2576//2576
f 779//779 1825//1825 1527//1527
f 1350//1350 1018//1018 2259//2259
f 1967//1967 3230//3230 1966//1966
f 1321//1321 2444//2444 1877//1877
f 1521//1521 502//502 2445//2445
f 2328//2328 3240//3240 1011//1011
f 1120//1120 1526//1526 501//501
f 1529//1529 1968//1968 1541//1541
f 3168//3168 1323//1323 3411//3411
f 1115//1115 1530//1530 1822//1822
f 1823//1823 1968//1968 3411//3411
f 1969//1969 1880//1880 1339//1339
f 1971//1971 2462//2462 2580//2580
f 2437//2437 3356//3356 775//775
f 1527//1527 1001//1001 779//779
f 1111//1111 3184//3184 1970//1970
f 779//779 1118//1118 1825//1825
f 1118//1118 779//779 1114//1114
f 2582//2582 2583//2583 1117//1117
f 2587//2587 516//516 515//515
f 515//515 777//777 2587//2587
f 499//499 503//503 515//515
f 790//790 525//525 1785//1785
f 3230//3230 2578//2578 1966//1966
f 994//994 1333//1333 1322//1322
f 1537//1537 1536//1536 3414//3414
f 1537//1537 3414//3414 2257//2257
f 1974//1974 2332//2332 2227//2227
f 1519//1519 497//497 495//495
f 497//497 1519//1519 2581//2581
f 515//515 516//516 499//499
f 1977//1977 2466//2466 3029//3029
f 1544//1544 1777//1777 2471//2471
f 782//782 1117//1117 783//783
f 1319//1319 802//802 3251//3251
f 1546//1546 535//535 813//813
f 2592//2592 3077//3077 805//805
f 1560//1560 543//543 806//806
f 290//290 285//285 3462//3462
f 1829//1829 491//491 2594//2594
f 520//520 1776//1776 2594//2594
f 535//535 2265//2265 813//813
f 3444//3444 526//526 1985//1985
f 2600//2600 2942//2942 1982//1982
f 527//527 1127//1127 1981//1981
f 1377//1377 538//538 532//532
f 1031//1031 810//810 805//805
f 3140//3140 536//536 514//514
f 3118//3118 1980//1980 537//537
f 805//805 804//804 1032//1032
f 804//804 3118//3118 1032//1032
f 1557//1557 3232//3232 2266//2266
f 1555//1555 814//814 1373//1373
f 3231//3231 1129//1129 815//815
f 1559//1559 540//540 1371//1371
f 815//815 1561//1561 812//812
f 1007//1007 811//811 1334//1334
f 2473//2473 1563//1563 1044//1044
f 1132//1132 1887//1887 2601//2601
f 2593//2593 1132//1132 3079//3079
f 2478//2478 1565//1565 2604//2604
f 1991//1991 1565//1565 1889//1889
f 1133//1133 1890//1890 2605//2605
f 2825//2825 1133//1133 2995//2995
f 1566//1566 550//550 2606//2606
f 2483//2483 1567//1567 2607//2607
f 1994//1994 1567//1567 1892//1892
f 1134//1134 1893//1893 2608//2608
f 2598//2598 1134//1134 3082//3082
f 3212//3212 3081//3081 2609//2609
f 829//829 828//828 2//2
f 296//296 294//294 830//830
f 3//3 4//4 829//829
f 831//831 5//5 6//6
f 7//7 1137//1137 6//6
f 3453//3453 3460//3460 2854//2854
f 11//11 833//833 10//10
f 11//11 834//834 833//833
f 299//299 298//298 835//835
f 1139//1139 835//835 834//834
f 13//13 1139//1139 12//12
f 298//298 299//299 1896//1896
f 15//15 836//836 14//14
f 838//838 1140//1140 301//301
f 838//838 301//301 3461//3461
f 18//18 1140//1140 17//17
f 1570//1570 301//301 1140//1140
f 20//20 839//839 1570//1570
f 21//21 839//839 20//20
f 1571//1571 306//306 305//305
f 24//24 25//25 844//844
f 845//845 846//846 308//308
f 309//309 308//308 846//846
f 28//28 1142//1142 27//27
f 32//32 3233//3233 31//31
f 3233//3233 32//32 850//850
f 851//851 33//33 34//34
f 1573//1573 2651//2651 2611//2611
f 1573//1573 3270//3270 1998//1998
f 1575//1575 2612//2612 3346//3346
f 1575//1575 3346//3346 3252//3252
f 39//39 1999//1999 2614//2614
f 314//314 852//852 3252//3252
f 1577//1577 852//852 3157//3157
f 3069//3069 2338//2338 3146//3146
f 2614//2614 1578//1578 2339//2339
f 2615//2615 3146//3146 2338//2338
f 2354//2354 2615//2615 1186//1186
f 3367//3367 1144//1144 316//316
f 2003//2003 2946//2946 2002//2002
f 1582//1582 2616//2616 2618//2618
f 47//47 46//46 2620//2620
f 1584//1584 3347//3347 3417//3417
f 3347//3347 2011//2011 2010//2010
f 3279//3279 1146//1146 2350//2350
f 1587//1587 2044//2044 2502//2502
f 2626//2626 2625//2625 2623//2623
f 328//328 3463//3463 327//327
f 1592//1592 2019//2019 2018//2018
f 2633//2633 1593//1593 2632//2632
f 2633//2633 2632//2632 2020//2020
f 2020//2020 2021//2021 2633//2633
f 2021//2021 1838//1838 3115//3115
f 1594//1594 2022//2022 2024//2024
f 1152//1152 1596//1596 3062//3062
f 1153//1153 1152//1152 1413//1413
f 1596//1596 3115//3115 1838//1838
f 334//334 1150//1150 3421//3421
f 3061//3061 333//333 1839//1839
f 1596//1596 1152//1152 336//336
f 338//338 336//336 2025//2025
f 3423//3423 337//337 338//338
f 1601//1601 2027//2027 2641//2641
f 2644//2644 2642//2642 341//341
f 343//343 854//854 2644//2644
f 2644//2644 854//854 3523//3523
f 1605//1605 3523//3523 2646//2646
f 3335//3335 855//855 1840//1840
f 2029//2029 345//345 1609//1609
f 1609//1609 1407//1407 1052//1052
f 1608//1608 2031//2031 3481//3481
f 1611//1611 2650//2650 2033//2033
f 2035//2035 2651//2651 2033//2033
f 1405//1405 1630//1630 2677//2677
f 1405//1405 3287//3287 2652//2652
f 1613//1613 2653//2653 2340//2340
f 1614//1614 1613//1613 2340//2340
f 1613//1613 2036//2036 2654//2654
f 1614//1614 1817//1817 2036//2036
f 607//607 1053//1053 2655//2655
f 1053//1053 607//607 2028//2028
f 1616//1616 3571//3571 2658//2658
f 3278//3278 2659//2659 2038//2038
f 1171//1171 2288//2288 2496//2496
f 2660//2660 13//13 2288//2288
f 1055//1055 1597//1597 1057//1057
f 1617//1617 2040//2040 2660//2660
f 1618//1618 2661//2661 2662//2662
f 1597//1597 2847//2847 2662//2662
f 1173//1173 2664//2664 2663//2663
f 616//616 2347//2347 2346//2346
f 1619//1619 2665//2665 2664//2664
f 1620//1620 2347//2347 2666//2666
f 1620//1620 2041//2041 2665//2665
f 1177//1177 1620//1620 2666//2666
f 618//618 1912//1912 2666//2666
f 1177//1177 2042//2042 2041//2041
f 1621//1621 2043//2043 2042//2042
f 1589//1589 2667//2667 2501//2501
f 1179//1179 1588//1588 1058//1058
f 2667//2667 1587//1587 2668//2668
f 1624//1624 2670//2670 2669//2669
f 2876//2876 1626//1626 2672//2672
f 1627//1627 2924//2924 2674//2674
f 1628//1628 2675//2675 3147//3147
f 631//631 2359//2359 2358//2358
f 1629//1629 2676//2676 2675//2675
f 1630//1630 2359//2359 2677//2677
f 1630//1630 2652//2652 2676//2676
f 1897//1897 1405//1405 2677//2677
f 643//643 1631//1631 858//858
f 1631//1631 643//643 644//644
f 859//859 1632//1632 354//354
f 635//635 1633//1633 352//352
f 1633//1633 635//635 354//354
f 1634//1634 634//634 860//860
f 372//372 1635//1635 867//867
f 1635//1635 372//372 645//645
f 866//866 1636//1636 362//362
f 1636//1636 866//866 359//359
f 640//640 1637//1637 360//360
f 1637//1637 640//640 362//362
f 638//638 1638//1638 1059//1059
f 1638//1638 638//638 868//868
f 3307//3307 1424//1424 374//374
f 374//374 1640//1640 3510//3510
f 874//874 646//646 1640//1640
f 128//128 870//870 135//135
f 1642//1642 3313//3313 642//642
f 1431//1431 2048//2048 2515//2515
f 1646//1646 2678//2678 2362//2362
f 2679//2679 2290//2290 2051//2051
f 2679//2679 3419//3419 2511//2511
f 1258//1258 2680//2680 2681//2681
f 2681//2681 881//881 2682//2682
f 2290//2290 655//655 2683//2683
f 883//883 2517//2517 2364//2364
f 2683//2683 2365//2365 1647//1647
f 381//381 2069//2069 2512//2512
f 2686//2686 2367//2367 2059//2059
f 3149//3149 2369//2369 1430//1430
f 1469//1469 1646//1646 2063//2063
f 2364//2364 2517//2517 2685//2685
f 682//682 2538//2538 2688//2688
f 3044//3044 2074//2074 2689//2689
f 385//385 2091//2091 2520//2520
f 1072//1072 2075//2075 2690//2690
f 2955//2955 1455//1455 2076//2076
f 1656//1656 2077//2077 2086//2086
f 1654//1654 2691//2691 2378//2378
f 2692//2692 1210//1210 2379//2379
f 2693//2693 2297//2297 2081//2081
f 2693//2693 3179//3179 2521//2521
f 2694//2694 143//143 2695//2695
f 2695//2695 891//891 2696//2696
f 2297//2297 665//665 2697//2697
f 888//888 2375//2375 2697//2697
f 2088//2088 1657//1657 2698//2698
f 2554//2554 389//389 2702//2702
f 1936//1936 1659//1659 2705//2705
f 1271//1271 2706//2706 2707//2707
f 2707//2707 897//897 2708//2708
f 2932//2932 1937//1937 2709//2709
f 2711//2711 1661//1661 2710//2710
f 2102//2102 3465//3465 3502//3502
f 2886//2886 3465//3465 2102//2102
f 899//899 2530//2530 2383//2383
f 1217//1217 2103//2103 2384//2384
f 1218//1218 2384//2384 2104//2104
f 3518//3518 2385//2385 2105//2105
f 1440//1440 2105//2105 2526//2526
f 1442//1442 2108//2108 3159//3159
f 671//671 1938//1938 2387//2387
f 2389//2389 3458//3458 2113//2113
f 2383//2383 2530//2530 2712//2712
f 2545//2545 394//394 2715//2715
f 2718//2718 148//148 2719//2719
f 2719//2719 730//730 2720//2720
f 905//905 2537//2537 2393//2393
f 1226//1226 2129//2129 2394//2394
f 1227//1227 2394//2394 2130//2130
f 2724//2724 2396//2396 2131//2131
f 1447//1447 2131//2131 2533//2533
f 1449//1449 2134//2134 3160//3160
f 678//678 1942//1942 2398//2398
f 2393//2393 2537//2537 3495//3495
f 2954//2954 2143//2143 2403//2403
f 3019//3019 2861//2861 400//400
f 2143//2143 2954//2954 3434//3434
f 1459//1459 400//400 3073//3073
f 3019//3019 400//400 3433//3433
f 400//400 1459//1459 401//401
f 2893//2893 123//123 3456//3456
f 2145//2145 122//122 2893//2893
f 910//910 909//909 911//911
f 1073//1073 2539//2539 1457//1457
f 403//403 1073//1073 2540//2540
f 2726//2726 3476//3476 910//910
f 2147//2147 3476//3476 2726//2726
f 402//402 1456//1456 1236//1236
f 1238//1238 404//404 1237//1237
f 912//912 1237//1237 913//913
f 913//913 2148//2148 2147//2147
f 1675//1675 2148//2148 2149//2149
f 2149//2149 914//914 2894//2894
f 915//915 2728//2728 2083//2083
f 1678//1678 2152//2152 2729//2729
f 1244//1244 2543//2543 2153//2153
f 1244//1244 2731//2731 1949//1949
f 2862//2862 2157//2157 3477//3477
f 1076//1076 405//405 1460//1460
f 916//916 2733//2733 2155//2155
f 2117//2117 1681//1681 2732//2732
f 3477//3477 406//406 1247//1247
f 2159//2159 1683//1683 2733//2733
f 2964//2964 119//119 2158//2158
f 1683//1683 1684//1684 2160//2160
f 3155//3155 2547//2547 1466//1466
f 2546//2546 406//406 2547//2547
f 1685//1685 1684//1684 2162//2162
f 1249//1249 2863//2863 2736//2736
f 410//410 1462//1462 3442//3442
f 1462//1462 410//410 2545//2545
f 1686//1686 2118//2118 2163//2163
f 2737//2737 2120//2120 689//689
f 2164//2164 394//394 410//410
f 1687//1687 2738//2738 2718//2718
f 690//690 2739//2739 2122//2122
f 692//692 3053//3053 1252//1252
f 1689//1689 2888//2888 2314//2314
f 1254//1254 919//919 908//908
f 1255//1255 1254//1254 3374//3374
f 3093//3093 133//133 3258//3258
f 920//920 2965//2965 2744//2744
f 3093//3093 1691//1691 2746//2746
f 2167//2167 414//414 1256//1256
f 921//921 2747//2747 2745//2745
f 1864//1864 1692//1692 2167//2167
f 2749//2749 1694//1694 2747//2747
f 2966//2966 3162//3162 3070//3070
f 2687//2687 131//131 2750//2750
f 693//693 3391//3391 2053//2053
f 1697//1697 2753//2753 2171//2171
f 3277//3277 2551//2551 1078//1078
f 2898//2898 2315//2315 2417//2417
f 1698//1698 3586//3586 2092//2092
f 923//923 2172//2172 2757//2757
f 1699//1699 2758//2758 3577//3577
f 2967//2967 2756//2756 1477//1477
f 1266//1266 923//923 417//417
f 924//924 1266//1266 417//417
f 1265//1265 1267//1267 2419//2419
f 1700//1700 2759//2759 2758//2758
f 2421//2421 2175//2175 924//924
f 1267//1267 1476//1476 2557//2557
f 2557//2557 2173//2173 1269//1269
f 3467//3467 126//126 2759//2759
f 1701//1701 2175//2175 2177//2177
f 2760//2760 2095//2095 696//696
f 1272//1272 1659//1659 2178//2178
f 2178//2178 389//389 422//422
f 1704//1704 2182//2182 2181//2181
f 1277//1277 2763//2763 3459//3459
f 425//425 926//926 925//925
f 700//700 3557//3557 431//431
f 184//184 1707//1707 183//183
f 431//431 1710//1710 699//699
f 173//173 172//172 925//925
f 1478//1478 3580//3580 2764//2764
f 3580//3580 930//930 2764//2764
f 931//931 1707//1707 184//184
f 936//936 3249//3249 699//699
f 1709//1709 932//932 1084//1084
f 933//933 1084//1084 932//932
f 933//933 2183//2183 2184//2184
f 2185//2185 934//934 2425//2425
f 935//935 2969//2969 881//881
f 935//935 881//881 139//139
f 1707//1707 3409//3409 1282//1282
f 186//186 187//187 2900//2900
f 940//940 1717//1717 712//712
f 1081//1081 433//433 1715//1715
f 139//139 1484//1484 935//935
f 1484//1484 139//139 701//701
f 434//434 1711//1711 941//941
f 1281//1281 2186//2186 1082//1082
f 936//936 1710//1710 1712//1712
f 929//929 1712//1712 3239//3239
f 186//186 712//712 1717//1717
f 712//712 1713//1713 1083//1083
f 1083//1083 1713//1713 2606//2606
f 426//426 711//711 1284//1284
f 711//711 3094//3094 1714//1714
f 1284//1284 1714//1714 2765//2765
f 937//937 938//938 1993//1993
f 1713//1713 1566//1566 2606//2606
f 707//707 708//708 1716//1716
f 708//708 435//435 2278//2278
f 713//713 2901//2901 1388//1388
f 2901//2901 939//939 2479//2479
f 941//941 1711//1711 1717//1717
f 709//709 941//941 433//433
f 1712//1712 1710//1710 3239//3239
f 936//936 1712//1712 1707//1707
f 186//186 1717//1717 181//181
f 1711//1711 181//181 1717//1717
f 940//940 433//433 941//941
f 1718//1718 2767//2767 3128//3128
f 2273//2273 1718//1718 3138//3138
f 1564//1564 2603//2603 1719//1719
f 1494//1494 1718//1718 3128//3128
f 3128//3128 2767//2767 1287//1287
f 436//436 2271//2271 714//714
f 1720//1720 2768//2768 1721//1721
f 714//714 2271//2271 724//724
f 942//942 2474//2474 1288//1288
f 1383//1383 1888//1888 1087//1087
f 1288//1288 1383//1383 720//720
f 724//724 1721//1721 439//439
f 1487//1487 439//439 1721//1721
f 1086//1086 716//716 943//943
f 1086//1086 943//943 1719//1719
f 1289//1289 1719//1719 943//943
f 716//716 192//192 946//946
f 1990//1990 1564//1564 1289//1289
f 1289//1289 946//946 3340//3340
f 1287//1287 1722//1722 3128//3128
f 947//947 1090//1090 727//727
f 443//443 438//438 3344//3344
f 947//947 727//727 1723//1723
f 3344//3344 1723//1723 727//727
f 201//201 1729//1729 195//195
f 715//715 1724//1724 1294//1294
f 447//447 726//726 722//722
f 949//949 149//149 1092//1092
f 721//721 1092//1092 1492//1492
f 442//442 1293//1293 954//954
f 722//722 441//441 1293//1293
f 954//954 953//953 1295//1295
f 443//443 1730//1730 719//719
f 951//951 451//451 453//453
f 445//445 945//945 2902//2902
f 1286//1286 723//723 1726//1726
f 2902//2902 1726//1726 952//952
f 723//723 1488//1488 1312//1312
f 1488//1488 444//444 1870//1870
f 1726//1726 1312//1312 2430//2430
f 1486//1486 2902//2902 952//952
f 188//188 3138//3138 2204//2204
f 453//453 1730//1730 443//443
f 446//446 1725//1725 439//439
f 192//192 716//716 196//196
f 1294//1294 1725//1725 954//954
f 451//451 955//955 1729//1729
f 2205//2205 1292//1292 951//951
f 1731//1731 950//950 1088//1088
f 950//950 1731//1731 955//955
f 1724//1724 439//439 1725//1725
f 1728//1728 196//196 716//716
f 730//730 1293//1293 441//441
f 1729//1729 437//437 948//948
f 948//948 437//437 718//718
f 1730//1730 718//718 719//719
f 1730//1730 453//453 451//451
f 1731//1731 195//195 1729//1729
f 1728//1728 197//197 196//196
f 1295//1295 197//197 3563//3563
f 955//955 1731//1731 1729//1729
f 200//200 190//190 944//944
f 446//446 442//442 1725//1725
f 195//195 1731//1731 189//189
f 1732//1732 2770//2770 1733//1733
f 957//957 1962//1962 1296//1296
f 958//958 2567//2567 1734//1734
f 1296//1296 1517//1517 958//958
f 733//733 456//456 2207//2207
f 2319//2319 1497//1497 1315//1315
f 959//959 3237//3237 2771//2771
f 1296//1296 3558//3558 3490//3490
f 734//734 1740//1740 3533//3533
f 459//459 1740//1740 3237//3237
f 1742//1742 967//967 1744//1744
f 206//206 1738//1738 3505//3505
f 211//211 1742//1742 218//218
f 1739//1739 206//206 3505//3505
f 1741//1741 963//963 2319//2319
f 963//963 2187//2187 2319//2319
f 964//964 2187//2187 2970//2970
f 2200//2200 965//965 2426//2426
f 738//738 898//898 390//390
f 2561//2561 738//738 2189//2189
f 966//966 2189//2189 897//897
f 966//966 897//897 145//145
f 145//145 1504//1504 966//966
f 1504//1504 145//145 741//741
f 464//464 1498//1498 964//964
f 1498//1498 464//464 459//459
f 960//960 1736//1736 967//967
f 462//462 967//967 1736//1736
f 967//967 1742//1742 960//960
f 743//743 968//968 967//967
f 1737//1737 1744//1744 968//968
f 1739//1739 735//735 3533//3533
f 740//740 3533//3533 1740//1740
f 1742//1742 211//211 1300//1300
f 1744//1744 1737//1737 212//212
f 463//463 3229//3229 1298//1298
f 3383//3383 1095//1095 1390//1390
f 3383//3383 1390//1390 2483//2483
f 1496//1496 1299//1299 1743//1743
f 1299//1299 970//970 2772//2772
f 736//736 1496//1496 2281//2281
f 471//471 1502//1502 467//467
f 466//466 1300//1300 211//211
f 206//206 1739//1739 217//217
f 468//468 217//217 1739//1739
f 1745//1745 2773//2773 1746//1746
f 973//973 1997//1997 1301//1301
f 975//975 1568//1568 1747//1747
f 1301//1301 1568//1568 975//975
f 1746//1746 973//973 1302//1302
f 1746//1746 1302//1302 478//478
f 1748//1748 2774//2774 1749//1749
f 2284//2284 1748//1748 755//755
f 751//751 1393//1393 1894//1894
f 2486//2486 1393//1393 3473//3473
f 1505//1505 479//479 1749//1749
f 230//230 1303//1303 226//226
f 1747//1747 749//749 975//975
f 477//477 486//486 750//750
f 975//975 1752//1752 1303//1303
f 1752//1752 226//226 1303//1303
f 1301//1301 1304//1304 1302//1302
f 748//748 1750//1750 985//985
f 1098//1098 976//976 1709//1709
f 1511//1511 480//480 1751//1751
f 481//481 1751//1751 480//480
f 753//753 485//485 977//977
f 977//977 978//978 753//753
f 483//483 1509//1509 480//480
f 228//228 225//225 980//980
f 226//226 1752//1752 233//233
f 1305//1305 229//229 978//978
f 229//229 1305//1305 231//231
f 749//749 1752//1752 975//975
f 484//484 485//485 483//483
f 982//982 3435//3435 981//981
f 2193//2193 983//983 2427//2427
f 3336//3336 756//756 891//891
f 1307//1307 487//487 1515//1515
f 1515//1515 1754//1754 759//759
f 1506//1506 3538//3538 1100//1100
f 231//231 1305//1305 1753//1753
f 985//985 1754//1754 1515//1515
f 1754//1754 985//985 1750//1750
f 1309//1309 1513//1513 2903//2903
f 758//758 977//977 485//485
f 486//486 1306//1306 1310//1310
f 1306//1306 760//760 2478//2478
f 760//760 1514//1514 1385//1385
f 1514//1514 1513//1513 1889//1889
f 750//750 1310//1310 2775//2775
f 1310//1310 986//986 2775//2775
f 3163//3163 1755//1755 220//220
f 1515//1515 1308//1308 985//985
f 233//233 2190//2190 227//227
f 1508//1508 885//885 752//752
f 1751//1751 2198//2198 976//976
f 976//976 763//763 932//932
f 976//976 932//932 1709//1709
f 767//767 893//893 3123//3123
f 766//766 765//765 2199//2199
f 766//766 2191//2191 981//981
f 971//971 981//981 1094//1094
f 1493//1493 769//769 2201//2201
f 769//769 392//392 900//900
f 1723//1723 768//768 947//947
f 947//947 2202//2202 963//963
f 702//702 398//398 770//770
f 906//906 149//149 949//949
f 3541//3541 440//440 1311//1311
f 725//725 1311//1311 440//440
f 1706//1706 725//725 1705//1705
f 1489//1489 1705//1705 725//725
f 1756//1756 2780//2780 3101//3101
f 1757//1757 2203//2203 2204//2204
f 1757//1757 2769//2769 2429//2429
f 1762//1762 2560//2560 2566//2566
f 771//771 1759//1759 3097//3097
f 1759//1759 2778//2778 3097//3097
f 489//489 1762//1762 3099//3099
f 2564//2564 1314//1314 3100//3100
f 2203//2203 1756//1756 3101//3101
f 2206//2206 1758//1758 2207//2207
f 503//503 1533//1533 3457//3457
f 2452//2452 1779//1779 1363//1363
f 238//238 237//237 2783//2783
f 237//237 3454//3454 2783//2783
f 1541//1541 496//496 1525//1525
f 2464//2464 777//777 3133//3133
f 2223//2223 236//236 1112//1112
f 497//497 2239//2239 1874//1874
f 2454//2454 1324//1324 2208//2208
f 1102//1102 2208//2208 2436//2436
f 251//251 1319//1319 2438//2438
f 3327//3327 2590//2590 3251//3251
f 1319//1319 2209//2209 3054//3054
f 1881//1881 2439//2439 3264//3264
f 1522//1522 2569//2569 2211//2211
f 513//513 3222//3222 2211//2211
f 1964//1964 2570//2570 3169//3169
f 996//996 1013//1013 1321//1321
f 2784//2784 2213//2213 1964//1964
f 2785//2785 2443//2443 2212//2212
f 2212//2212 2445//2445 2572//2572
f 2441//2441 2214//2214 2221//2221
f 2440//2440 2447//2447 2214//2214
f 2210//2210 2216//2216 2446//2446
f 2590//2590 2569//2569 2216//2216
f 2216//2216 2571//2571 2448//2448
f 2449//2449 2574//2574 2217//2217
f 994//994 1322//1322 1014//1014
f 777//777 776//776 3133//3133
f 504//504 493//493 2794//2794
f 2794//2794 507//507 504//504
f 1007//1007 1769//1769 998//998
f 1109//1109 1104//1104 1875//1875
f 2799//2799 1770//1770 2243//2243
f 1001//1001 1527//1527 2219//2219
f 2575//2575 3166//3166 2218//2218
f 500//500 515//515 503//503
f 1108//1108 2458//2458 3551//3551
f 776//776 1003//1003 3133//3133
f 1000//1000 1534//1534 508//508
f 2455//2455 1333//1333 994//994
f 1521//1521 777//777 500//500
f 1973//1973 1967//1967 1536//1536
f 993//993 2222//2222 3355//3355
f 3291//3291 2783//2783 1764//1764
f 2799//2799 2243//2243 2800//2800
f 2220//2220 512//512 2795//2795
f 1528//1528 3168//3168 1529//1529
f 1103//1103 1528//1528 774//774
f 2327//2327 1366//1366 1008//1008
f 2973//2973 3243//3243 2232//2232
f 2796//2796 1776//1776 520//520
f 1535//1535 521//521 2234//2234
f 266//266 3415//3415 252//252
f 992//992 1765//1765 3130//3130
f 1006//1006 2235//2235 773//773
f 2568//2568 3198//3198 494//494
f 502//502 503//503 3457//3457
f 1003//1003 1108//1108 2327//2327
f 1777//1777 2584//2584 1362//1362
f 1777//1777 1544//1544 1349//1349
f 1537//1537 2584//2584 1536//1536
f 1875//1875 254//254 1975//1975
f 3291//3291 2459//2459 3405//3405
f 2460//2460 2237//2237 2585//2585
f 2460//2460 2456//2456 2237//2237
f 3269//3269 1337//1337 2586//2586
f 1778//1778 1012//1012 2456//2456
f 1778//1778 2238//2238 2239//2239
f 1539//1539 2586//2586 2240//2240
f 2240//2240 512//512 2228//2228
f 3261//3261 238//238 2783//2783
f 3291//3291 1764//1764 2459//2459
f 999//999 782//782 1329//1329
f 1365//1365 2792//2792 3263//3263
f 1365//1365 1366//1366 2792//2792
f 2832//2832 3420//3420 1977//1977
f 2466//2466 2802//2802 3029//3029
f 2241//2241 2975//2975 1343//1343
f 2588//2588 3029//3029 3103//3103
f 2242//2242 2833//2833 1342//1342
f 274//274 1368//1368 258//258
f 241//241 1104//1104 2978//2978
f 2978//2978 1104//1104 1784//1784
f 790//790 1347//1347 2233//2233
f 2805//2805 1332//1332 2469//2469
f 2437//2437 1109//1109 3356//3356
f 2247//2247 1782//1782 2246//2246
f 2814//2814 2785//2785 2245//2245
f 2246//2246 2245//2245 3169//3169
f 1013//1013 2806//2806 3132//3132
f 277//277 1019//1019 268//268
f 1039//1039 268//268 1019//1019
f 269//269 1039//1039 1031//1031
f 517//517 2974//2974 1015//1015
f 1017//1017 1025//1025 1345//1345
f 799//799 1987//1987 1126//1126
f 2249//2249 790//790 1785//1785
f 1802//1802 3131//3131 2249//2249
f 1785//1785 2818//2818 1882//1882
f 2468//2468 2809//2809 2941//2941
f 2253//2253 1787//1787 1023//1023
f 3462//3462 1354//1354 3528//3528
f 259//259 2470//2470 3445//3445
f 1359//1359 2470//2470 3438//3438
f 1763//1763 2812//2812 2985//2985
f 3438//3438 2868//2868 2982//2982
f 991//991 1883//1883 2984//2984
f 2983//2983 2982//2982 2813//2813
f 1761//1761 1361//1361 2257//2257
f 1761//1761 2257//2257 2986//2986
f 990//990 2471//2471 2987//2987
f 1760//1760 2333//2333 2776//2776
f 2814//2814 1782//1782 1542//1542
f 2464//2464 803//803 2587//2587
f 2464//2464 3133//3133 1008//1008
f 2989//2989 1792//1792 519//519
f 1367//1367 3304//3304 2990//2990
f 1368//1368 1027//1027 1026//1026
f 1368//1368 274//274 3478//3478
f 272//272 3478//3478 274//274
f 1774//1774 248//248 2231//2231
f 3134//3134 528//528 3357//3357
f 1355//1355 2260//2260 1882//1882
f 1021//1021 1882//1882 2260//2260
f 1802//1802 2249//2249 1021//1021
f 1022//1022 1353//1353 1352//1352
f 534//534 1553//1553 1041//1041
f 516//516 1551//1551 499//499
f 2988//2988 2591//2591 538//538
f 1775//1775 3262//3262 1985//1985
f 1370//1370 1986//1986 2261//2261
f 1795//1795 544//544 2991//2991
f 1036//1036 2264//2264 2992//2992
f 1796//1796 2993//2993 2994//2994
f 541//541 3519//3519 2995//2995
f 1798//1798 2826//2826 2827//2827
f 1037//1037 1372//1372 2266//2266
f 1798//1798 2827//2827 2996//2996
f 814//814 1555//1555 2223//2223
f 1557//1557 2223//2223 1112//1112
f 1558//1558 1555//1555 1373//1373
f 814//814 1557//1557 2266//2266
f 1799//1799 1376//1376 3111//3111
f 1033//1033 538//538 1377//1377
f 282//282 1830//1830 2833//2833
f 523//523 291//291 1020//1020
f 1375//1375 781//781 1379//1379
f 1379//1379 2453//2453 1801//1801
f 1041//1041 1526//1526 1120//1120
f 1041//1041 1801//1801 1526//1526
f 3131//3131 1802//1802 2268//2268
f 1028//1028 3375//3375 2251//2251
f 527//527 2251//2251 3375//3375
f 277//277 287//287 1030//1030
f 1803//1803 3221//3221 2764//2764
f 1482//1482 1804//1804 2559//2559
f 2601//2601 176//176 816//816
f 547//547 2603//2603 1384//1384
f 2274//2274 3180//3180 2976//2976
f 816//816 2801//2801 2974//2974
f 546//546 1804//1804 2940//2940
f 1044//1044 1382//1382 3076//3076
f 1382//1382 2592//2592 3076//3076
f 2269//2269 1803//1803 2840//2840
f 2270//2270 1805//1805 2271//2271
f 1806//1806 3108//3108 2275//2275
f 1807//1807 2775//2775 2477//2477
f 2605//2605 185//185 819//819
f 2280//2280 2831//2831 2999//2999
f 1810//1810 2828//2828 819//819
f 3506//3506 2824//2824 549//549
f 2604//2604 1387//1387 3109//3109
f 1387//1387 2823//2823 3109//3109
f 1806//1806 2822//2822 3108//3108
f 2277//2277 1809//1809 2278//2278
f 1812//1812 3427//3427 2281//2281
f 1812//1812 2772//2772 2482//2482
f 1813//1813 551//551 2282//2282
f 1813//1813 2562//2562 2609//2609
f 2608//2608 205//205 822//822
f 2285//2285 2811//2811 2981//2981
f 1815//1815 2808//2808 2979//2979
f 551//551 1816//1816 2942//2942
f 1816//1816 2597//2597 2942//2942
f 2607//2607 1392//1392 3107//3107
f 2283//2283 1814//1814 2284//2284
f 1135//1135 824//824 207//207
f 3165//3165 256//256 1102//1102
f 251//251 2219//2219 802//802
f 255//255 2789//2789 3578//3578
f 3265//3265 334//334 1055//1055
f 3136//3136 2927//2927 1063//1063
f 2079//2079 3542//3542 2929//2929
f 2729//2729 685//685 2731//2731
f 2753//2753 2754//2754 2552//2552
f 2423//2423 2555//2555 419//419
f 496//496 1519//1519 495//495
f 2782//2782 1765//1765 1520//1520
f 1105//1105 1821//1821 1107//1107
f 3184//3184 1113//1113 1329//1329
f 1115//1115 1822//1822 1823//1823
f 1531//1531 1971//1971 1825//1825
f 1971//1971 2580//2580 2579//2579
f 3024//3024 2258//2258 1119//1119
f 2977//2977 1827//1827 2939//2939
f 3263//3263 2819//2819 1365//1365
f 2840//2840 3000//3000 522//522
f 3140//3140 522//522 3000//3000
f 1828//1828 2591//2591 2988//2988
f 2591//2591 1828//1828 797//797
f 527//527 1981//1981 808//808
f 568//568 1832//1832 567//567
f 183//183 2846//2846 565//565
f 830//830 828//828 829//829
f 1834//1834 828//828 830//830
f 311//311 850//850 851//851
f 335//335 1839//1839 1151//1151
f 3371//3371 2287//2287 2286//2286
f 3031//3031 1165//1165 1166//1166
f 1172//1172 1153//1153 1839//1839
f 3006//3006 3202//3202 1190//1190
f 372//372 3116//3116 358//358
f 352//352 860//860 634//634
f 355//355 95//95 94//94
f 84//84 367//367 353//353
f 96//96 356//356 97//97
f 74//74 647//647 2851//2851
f 2839//2839 105//105 3359//3359
f 361//361 874//874 1641//1641
f 1194//1194 1195//1195 1848//1848
f 2369//2369 3334//3334 1198//1198
f 1206//1206 1849//1849 1208//1208
f 1209//1209 1210//1210 1850//1850
f 1217//1217 1218//1218 1851//1851
f 1852//1852 3471//3471 1221//1221
f 1853//1853 3241//3241 1223//1223
f 1226//1226 1227//1227 1854//1854
f 1855//1855 1856//1856 1230//1230
f 1857//1857 3242//3242 1232//1232
f 2146//2146 1238//1238 1237//1237
f 2727//2727 1675//1675 1072//1072
f 2311//2311 1072//1072 1675//1675
f 1239//1239 1238//1238 1947//1947
f 1673//1673 1859//1859 1858//1858
f 1861//1861 2067//2067 2541//2541
f 918//918 1074//1074 1686//1686
f 1074//1074 2118//2118 1686//1686
f 412//412 1257//1257 2748//2748
f 922//922 1077//1077 1695//1695
f 1077//1077 2687//2687 1695//1695
f 3590//3590 2748//2748 1257//1257
f 1692//1692 1864//1864 3525//3525
f 1702//1702 2422//2422 2318//2318
f 422//422 3398//3398 1273//1273
f 420//420 2174//2174 1269//1269
f 2196//2196 884//884 934//934
f 893//893 983//983 3123//3123
f 900//900 965//965 1869//1869
f 1316//1316 1872//1872 1315//1315
f 2448//2448 1878//1878 2447//2447
f 2447//2447 1878//1878 2215//2215
f 1323//1323 3168//3168 2904//2904
f 2463//2463 794//794 2244//2244
f 1330//1330 2577//2577 2791//2791
f 1335//1335 2460//2460 1336//1336
f 1773//1773 1337//1337 2461//2461
f 1339//1339 1880//1880 1338//1338
f 1347//1347 2249//2249 3131//3131
f 1021//1021 1785//1785 1882//1882
f 1779//1779 1351//1351 1830//1830
f 1015//1015 3497//3497 1790//1790
f 1377//1377 1378//1378 803//803
f 2802//2802 2834//2834 1805//1805
f 3341//3341 1888//1888 1383//1383
f 2829//2829 2836//2836 1809//1809
f 1810//1810 819//819 1388//1388
f 2809//2809 1048//1048 1814//1814
f 1394//1394 1894//1894 1393//1393
f 560//560 212//212 559//559
f 2336//2336 184//184 565//565
f 180//180 1832//1832 568//568
f 581//581 195//195 580//580
f 1397//1397 1896//1896 1398//1398
f 3461//3461 302//302 300//300
f 1158//1158 1156//1156 3002//3002
f 1160//1160 1406//1406 1159//1159
f 1609//1609 1163//1163 1407//1407
f 1162//1162 1407//1407 1163//1163
f 2343//2343 1162//1162 3003//3003
f 1408//1408 3003//3003 1163//1163
f 1902//1902 613//613 3032//3032
f 612//612 3529//3529 1169//1169
f 3529//3529 612//612 613//613
f 2911//2911 1412//1412 3060//3060
f 1903//1903 614//614 2345//2345
f 1905//1905 1151//1151 3170//3170
f 2916//2916 1909//1909 1414//1414
f 2872//2872 1910//1910 2916//2916
f 1149//1149 1145//1145 2870//2870
f 621//621 3178//3178 1180//1180
f 3178//3178 621//621 1920//1920
f 2849//2849 1919//1919 1921//1921
f 1418//1418 1181//1181 3171//3171
f 1923//1923 2850//2850 3332//3332
f 2672//2672 3288//3288 2876//2876
f 1185//1185 1419//1419 1184//1184
f 3479//3479 1144//1144 1187//1187
f 1421//1421 1422//1422 1187//1187
f 630//630 1928//1928 1188//1188
f 1928//1928 630//630 629//629
f 1423//1423 1929//1929 1422//1422
f 352//352 634//634 351//351
f 2845//2845 353//353 366//366
f 1428//1428 3136//3136 1931//1931
f 2515//2515 1430//1430 1431//1431
f 1435//1435 1434//1434 1064//1064
f 3008//3008 3025//3025 2692//2692
f 1936//1936 669//669 1937//1937
f 1440//1440 1068//1068 2302//2302
f 1938//1938 1939//1939 3386//3386
f 1940//1940 3275//3275 3247//3247
f 1447//1447 1071//1071 2307//2307
f 1942//1942 1943//1943 3387//3387
f 1944//1944 3276//3276 3248//3248
f 1946//1946 3480//3480 3507//3507
f 1236//1236 1673//1673 1947//1947
f 1458//1458 1948//1948 1245//1245
f 408//408 1467//1467 1465//1465
f 1467//1467 408//408 1464//1464
f 414//414 1692//1692 1259//1259
f 3074//3074 1956//1956 1471//1471
f 1262//1262 1865//1865 1468//1468
f 1278//1278 1957//1957 1280//1280
f 1280//1280 2090//2090 1472//1472
f 1480//1480 703//703 3249//3249
f 2184//2184 705//705 2186//2186
f 726//726 1959//1959 1290//1290
f 739//739 2188//2188 2970//2970
f 1308//1308 1895//1895 227//227
f 755//755 1750//1750 748//748
f 481//481 762//762 2198//2198
f 1960//1960 765//765 471//471
f 1516//1516 1961//1961 1314//1314
f 1516//1516 2430//2430 1312//1312
f 2779//2779 3098//3098 3144//3144
f 1518//1518 998//998 1769//1769
f 1522//1522 1963//1963 1523//1523
f 1964//1964 2213//2213 2320//2320
f 3260//3260 2320//2320 2213//2213
f 1106//1106 1965//1965 2574//2574
f 2574//2574 1965//1965 1524//1524
f 1001//1001 2787//2787 1970//1970
f 2589//2589 3437//3437 2247//2247
f 504//504 501//501 495//495
f 511//511 1969//1969 2582//2582
f 2582//2582 1969//1969 1531//1531
f 509//509 2577//2577 2938//2938
f 1114//1114 779//779 1970//1970
f 1114//1114 783//783 2583//2583
f 1339//1339 1971//1971 1531//1531
f 1532//1532 1972//1972 3175//3175
f 513//513 2791//2791 3329//3329
f 2262//2262 1533//1533 530//530
f 1362//1362 2584//2584 1361//1361
f 1361//1361 1537//1537 2257//2257
f 1538//1538 1974//1974 1975//1975
f 1975//1975 1974//1974 1328//1328
f 1121//1121 3075//3075 1976//1976
f 1322//1322 1533//1533 2262//2262
f 2939//2939 1343//1343 1020//1020
f 1526//1526 1801//1801 1525//1525
f 2453//2453 1525//1525 1801//1801
f 2940//2940 1980//1980 796//796
f 290//290 3462//3462 1029//1029
f 2457//2457 1979//1979 1550//1550
f 2943//2943 808//808 1981//1981
f 808//808 2943//2943 2598//2598
f 2600//2600 807//807 2942//2942
f 1130//1130 1983//1983 2821//2821
f 2823//2823 1885//1885 1559//1559
f 3482//3482 1986//1986 1370//1370
f 1563//1563 2473//2473 1380//1380
f 2593//2593 3431//3431 1132//1132
f 1565//1565 1991//1991 1387//1387
f 1565//1565 2478//2478 1385//1385
f 1133//1133 1992//1992 1386//1386
f 1566//1566 1993//1993 1389//1389
f 1567//1567 1994//1994 1392//1392
f 1567//1567 2483//2483 1390//1390
f 2484//2484 1391//1391 1995//1995
f 2598//2598 1996//1996 1134//1134
f 1402//1402 2855//2855 307//307
f 2856//2856 31//31 3233//3233
f 1574//1574 3270//3270 1573//1573
f 3270//3270 3286//3286 2613//2613
f 1576//1576 3271//3271 1577//1577
f 1581//1581 3146//3146 2001//2001
f 2002//2002 41//41 2339//2339
f 2005//2005 1581//1581 317//317
f 2004//2004 2946//2946 2003//2003
f 2004//2004 3360//3360 2946//2946
f 1582//1582 3010//3010 2946//2946
f 2006//2006 3010//3010 2617//2617
f 2617//2617 3010//3010 2008//2008
f 3253//3253 2008//2008 3010//3010
f 2007//2007 2617//2617 2008//2008
f 1583//1583 2008//2008 3253//3253
f 3417//3417 1583//1583 1584//1584
f 3347//3347 2010//2010 3417//3417
f 1585//1585 1586//1586 2011//2011
f 2044//2044 1058//1058 1588//1588
f 1590//1590 2624//2624 853//853
f 2016//2016 2015//2015 2625//2625
f 1592//1592 2018//2018 3484//3484
f 1593//1593 3084//3084 1592//1592
f 332//332 2913//2913 2020//2020
f 2661//2661 1057//1057 1597//1597
f 3115//3115 2635//2635 2024//2024
f 1601//1601 1602//1602 2027//2027
f 2027//2027 1603//1603 2643//2643
f 1603//1603 2027//2027 1602//1602
f 343//343 341//341 3058//3058
f 1603//1603 3523//3523 1605//1605
f 2645//2645 1606//1606 3481//3481
f 2028//2028 607//607 1607//1607
f 2030//2030 3335//3335 346//346
f 2032//2032 3362//3362 2034//2034
f 1611//1611 2034//2034 1610//1610
f 2034//2034 1612//1612 3302//3302
f 1612//1612 2034//2034 1611//1611
f 3302//3302 1612//1612 1998//1998
f 2286//2286 347//347 2341//2341
f 607//607 2341//2341 347//347
f 1054//1054 1817//1817 1053//1053
f 1817//1817 1054//1054 3524//3524
f 1409//1409 3575//3575 1054//1054
f 1616//1616 2038//2038 1615//1615
f 3278//3278 2038//2038 1616//1616
f 1171//1171 2496//2496 3158//3158
f 1618//1618 2040//2040 1617//1617
f 1173//1173 2346//2346 1619//1619
f 1620//1620 2665//2665 1619//1619
f 1622//1622 2043//2043 1621//1621
f 1589//1589 2501//2501 1622//1622
f 1626//1626 2671//2671 1625//1625
f 1188//1188 2358//2358 1628//1628
f 1628//1628 2358//2358 1629//1629
f 1630//1630 2676//2676 1629//1629
f 2046//2046 93//93 869//869
f 638//638 2046//2046 360//360
f 360//360 2046//2046 869//869
f 2047//2047 363//363 877//877
f 875//875 3373//3373 1643//1643
f 2845//2845 366//366 1644//1644
f 876//876 1424//1424 3307//3307
f 1645//1645 2048//2048 1431//1431
f 1646//1646 2362//2362 1191//1191
f 3256//3256 2049//2049 1191//1191
f 656//656 2050//2050 2052//2052
f 2052//2052 2051//2051 1061//1061
f 2053//2053 1258//1258 2054//2054
f 2054//2054 1193//1193 2055//2055
f 2877//2877 2878//2878 2926//2926
f 1648//1648 2057//2057 2877//2877
f 1650//1650 2951//2951 1194//1194
f 2951//2951 1650//1650 3127//3127
f 1195//1195 2058//2058 1647//1647
f 2058//2058 1195//1195 1432//1432
f 1651//1651 2059//2059 1428//1428
f 2513//2513 1428//1428 2059//2059
f 1469//1469 2063//2063 2952//2952
f 2063//2063 1646//1646 2062//2062
f 3013//3013 1645//1645 2953//2953
f 3127//3127 1650//1650 2066//2066
f 660//660 2066//2066 1650//1650
f 1454//1454 2067//2067 1433//1433
f 2069//2069 3007//3007 2068//2068
f 3546//3546 1233//1233 2070//2070
f 1233//1233 3546//3546 3011//3011
f 2372//2372 3014//3014 2071//2071
f 1652//1652 2074//2074 2519//2519
f 2075//2075 1204//1204 3016//3016
f 1204//1204 2075//2075 1072//1072
f 2076//2076 1654//1654 2377//2377
f 1455//1455 1654//1654 2076//2076
f 1655//1655 2956//2956 1208//1208
f 2077//2077 1206//1206 3045//3045
f 1206//1206 2077//2077 1656//1656
f 2087//2087 3305//3305 3363//3363
f 1658//1658 3349//3349 3363//3363
f 1653//1653 3293//3293 1434//1434
f 1654//1654 2378//2378 1209//1209
f 3025//3025 2079//2079 1210//1210
f 666//666 2080//2080 2082//2082
f 2080//2080 1437//1437 3179//3179
f 2082//2082 2081//2081 1065//1065
f 2083//2083 1240//1240 2084//2084
f 1212//1212 2084//2084 1240//1240
f 2084//2084 1212//1212 2085//2085
f 1656//1656 2086//2086 1065//1065
f 2088//2088 893//893 3190//3190
f 2956//2956 1655//1655 2089//2089
f 668//668 2089//2089 1655//1655
f 2091//2091 3009//3009 2958//2958
f 2071//2071 1263//1263 2092//2092
f 1263//1263 2071//2071 3014//3014
f 2093//2093 1079//1079 3554//3554
f 1214//1214 2859//2859 1473//1473
f 3351//3351 2096//2096 1214//1214
f 2097//2097 1271//1271 2098//2098
f 2098//2098 1215//1215 2099//2099
f 1660//1660 2100//2100 3209//3209
f 2886//2886 2101//2101 2931//2931
f 1662//1662 2103//2103 1217//1217
f 2103//2103 1662//1662 3379//3379
f 1218//1218 2104//2104 1660//1660
f 2100//2100 1660//1660 2104//2104
f 2386//2386 3017//3017 2106//2106
f 2108//2108 1442//1442 2107//2107
f 1223//1223 2111//2111 3554//3554
f 2113//2113 900//900 2112//2112
f 3379//3379 1662//1662 2114//2114
f 674//674 2114//2114 1662//1662
f 1460//1460 2115//2115 1446//1446
f 2106//2106 1246//1246 2117//2117
f 1246//1246 2106//2106 3017//3017
f 2118//2118 1074//1074 2119//2119
f 1224//1224 2860//2860 1461//1461
f 3353//3353 2121//2121 1224//1224
f 2122//2122 1250//1250 2123//2123
f 2123//2123 1225//1225 3406//3406
f 2889//2889 2126//2126 3425//3425
f 1668//1668 2129//2129 1226//1226
f 2129//2129 1668//1668 3380//3380
f 1227//1227 2130//2130 1665//1665
f 2125//2125 1665//1665 2130//2130
f 1669//1669 2131//2131 1447//1447
f 2397//2397 3018//3018 2132//2132
f 2134//2134 1449//1449 2133//2133
f 1232//1232 2137//2137 3565//3565
f 2119//2119 1074//1074 3565//3565
f 2138//2138 906//906 3195//3195
f 3380//3380 1668//1668 2139//2139
f 681//681 2139//2139 1668//1668
f 1468//1468 2140//2140 3576//3576
f 2132//2132 1253//1253 2142//2142
f 1253//1253 2132//2132 3018//3018
f 3073//3073 400//400 2861//2861
f 1234//1234 2144//2144 1670//1670
f 2893//2893 122//122 123//123
f 1459//1459 1456//1456 402//402
f 1672//1672 2145//2145 1671//1671
f 402//402 2146//2146 2404//2404
f 1672//1672 3476//3476 1674//1674
f 1674//1674 2148//2148 1675//1675
f 1239//1239 2963//2963 1455//1455
f 1437//1437 2150//2150 1946//1946
f 1676//1676 2694//2694 1240//1240
f 683//683 684//684 2152//2152
f 1682//1682 2732//2732 1681//1681
f 2732//2732 1682//1682 2158//2158
f 1683//1683 2158//2158 1682//1682
f 1683//1683 2159//2159 1684//1684
f 2863//2863 2545//2545 1461//1461
f 1687//1687 2718//2718 1250//1250
f 2312//2312 2888//2888 1689//1689
f 3161//3161 2142//2142 1253//1253
f 1690//1690 3258//3258 3161//3161
f 1690//1690 2166//2166 2745//2745
f 1691//1691 2747//2747 1693//1693
f 2746//2746 1691//1691 2168//2168
f 3590//3590 2966//2966 1469//1469
f 2170//2170 164//164 165//165
f 1697//1697 2752//2752 1078//1078
f 1263//1263 2757//2757 1698//1698
f 2756//2756 2968//2968 2865//2865
f 1264//1264 3022//3022 2968//2968
f 1700//1700 2758//2758 1699//1699
f 2557//2557 2174//2174 2419//2419
f 2176//2176 1702//1702 1866//1866
f 1270//1270 2554//2554 1473//1473
f 2317//2317 2885//2885 1279//1279
f 432//432 704//704 1480//1480
f 932//932 2183//2183 933//933
f 933//933 2184//2184 1281//1281
f 2183//2183 2185//2185 2184//2184
f 2185//2185 2183//2183 2197//2197
f 1085//1085 705//705 2969//2969
f 1959//1959 447//447 1495//1495
f 956//956 202//202 200//200
f 2187//2187 963//963 2202//2202
f 2202//2202 2200//2200 739//739
f 2188//2188 898//898 738//738
f 464//464 2561//2561 1096//1096
f 2561//2561 464//464 2970//2970
f 738//738 390//390 2189//2189
f 2866//2866 471//471 765//765
f 228//228 984//984 230//230
f 749//749 2190//2190 1752//1752
f 981//981 2191//2191 982//982
f 2191//2191 2193//2193 2192//2192
f 2193//2193 2191//2191 2199//2199
f 382//382 2196//2196 764//764
f 762//762 2197//2197 763//763
f 2197//2197 762//762 2196//2196
f 481//481 2198//2198 1751//1751
f 470//470 1960//1960 471//471
f 767//767 1960//1960 972//972
f 765//765 3123//3123 2199//2199
f 3123//3123 983//983 2199//2199
f 2201//2201 1869//1869 768//768
f 2200//2200 768//768 1869//1869
f 438//438 2201//2201 1723//1723
f 768//768 2202//2202 947//947
f 2428//2428 949//949 3541//3541
f 2203//2203 1757//1757 1756//1756
f 1757//1757 2204//2204 1727//1727
f 989//989 2986//2986 2432//2432
f 2986//2986 989//989 1761//1761
f 1735//1735 2207//2207 1758//1758
f 2454//2454 2208//2208 1102//1102
f 2209//2209 2210//2210 995//995
f 3264//3264 1320//1320 3324//3324
f 1522//1522 2211//2211 1767//1767
f 2784//2784 2212//2212 2213//2213
f 2214//2214 2215//2215 1318//1318
f 2450//2450 3023//3023 2971//2971
f 3457//3457 1322//1322 1333//1333
f 773//773 2235//2235 521//521
f 2221//2221 1318//1318 2781//2781
f 2794//2794 1769//1769 1334//1334
f 3329//3329 2577//2577 509//509
f 1330//1330 1110//1110 2577//2577
f 2229//2229 1530//1530 1115//1115
f 790//790 2233//2233 1771//1771
f 2805//2805 1123//1123 1332//1332
f 2236//2236 1004//1004 1766//1766
f 1324//1324 2230//2230 1124//1124
f 2230//2230 1324//1324 2972//2972
f 2233//2233 3325//3325 1771//1771
f 1776//1776 2234//2234 1374//1374
f 3269//3269 2237//2237 1337//1337
f 2238//2238 1778//1778 1340//1340
f 1778//1778 2239//2239 1116//1116
f 2243//2243 1329//1329 1113//1113
f 2588//2588 1016//1016 2241//2241
f 2242//2242 1122//1122 2833//2833
f 2232//2232 1770//1770 3589//3589
f 525//525 790//790 1771//1771
f 1332//1332 2797//2797 1549//1549
f 2805//2805 3331//3331 3130//3130
f 1108//1108 1325//1325 2458//2458
f 3537//3537 2467//2467 1783//1783
f 1344//1344 1345//1345 2472//2472
f 285//285 284//284 2252//2252
f 1129//1129 3231//3231 2811//2811
f 2256//2256 2255//2255 1549//1549
f 1550//1550 1979//1979 1789//1789
f 1789//1789 2812//2812 1763//1763
f 2259//2259 1018//1018 1542//1542
f 2807//2807 532//532 2591//2591
f 1987//1987 2596//2596 1562//1562
f 2268//2268 1802//1802 1978//1978
f 1370//1370 2905//2905 3482//3482
f 2263//2263 1794//1794 1983//1983
f 2821//2821 1983//1983 1794//1794
f 1370//1370 2261//2261 2264//2264
f 1559//1559 1885//1885 2261//2261
f 1371//1371 544//544 1795//1795
f 1794//1794 2993//2993 1796//1796
f 2826//2826 1797//1797 1375//1375
f 1556//1556 1375//1375 1797//1797
f 1797//1797 2826//2826 1798//1798
f 813//813 2999//2999 2831//2831
f 2999//2999 813//813 2265//2265
f 3124//3124 1043//1043 3238//3238
f 1376//1376 3566//3566 3111//3111
f 3102//3102 3319//3319 1780//1780
f 3078//3078 2602//2602 1548//1548
f 3000//3000 3395//3395 1547//1547
f 1720//1720 2271//2271 1805//1805
f 2275//2275 1807//1807 1806//1806
f 1808//1808 2276//2276 1512//1512
f 1799//1799 3111//3111 2481//2481
f 2996//2996 1047//1047 1798//1798
f 1716//1716 2278//2278 1809//1809
f 2831//2831 2280//2280 820//820
f 3427//3427 1812//1812 1811//1811
f 1812//1812 2281//2281 1743//1743
f 1813//1813 2282//2282 1500//1500
f 1786//1786 3104//3104 2485//2485
f 3081//3081 3212//3212 1552//1552
f 2989//2989 2482//2482 1792//1792
f 1748//1748 2284//2284 1814//1814
f 2811//2811 2285//2285 823//823
f 569//569 928//928 177//177
f 587//587 229//229 586//586
f 1051//1051 3568//3568 597//597
f 2286//2286 1154//1154 347//347
f 1056//1056 2288//2288 1171//1171
f 2674//2674 29//29 2289//2289
f 2049//2049 2927//2927 657//657
f 660//660 3150//3150 2294//2294
f 2294//2294 2688//2688 1433//1433
f 661//661 2929//2929 3206//3206
f 1064//1064 3206//3206 663//663
f 665//665 2297//2297 664//664
f 668//668 3153//3153 2298//2298
f 1937//1937 3181//3181 2709//2709
f 670//670 1066//1066 2299//2299
f 1818//1818 2299//2299 1066//1066
f 2300//2300 1818//1818 671//671
f 1068//1068 1067//1067 3275//3275
f 674//674 3154//3154 2303//2303
f 2303//2303 2713//2713 1446//1446
f 677//677 1069//1069 2304//2304
f 1819//1819 2304//2304 1069//1069
f 2305//2305 1819//1819 678//678
f 1071//1071 1070//1070 3276//3276
f 681//681 2308//2308 2309//2309
f 2308//2308 680//680 2725//2725
f 2154//2154 2310//2310 2882//2882
f 682//682 3026//3026 687//687
f 1679//1679 2730//2730 1678//1678
f 1687//1687 2739//2739 1688//1688
f 3052//3052 2740//2740 1688//1688
f 1697//1697 2171//2171 3543//3543
f 2752//2752 3219//3219 3277//3277
f 3451//3451 2180//2180 2762//2762
f 419//419 2762//2762 2180//2180
f 713//713 1084//1084 933//933
f 1959//1959 1089//1089 1290//1290
f 759//759 1101//1101 3336//3336
f 3230//3230 2436//2436 780//780
f 1964//1964 2320//2320 2321//2321
f 2320//2320 2226//2226 1105//1105
f 2321//2321 1105//1105 1107//1107
f 1105//1105 2322//2322 1821//1821
f 2322//2322 1002//1002 1106//1106
f 1107//1107 1821//1821 2324//2324
f 1821//1821 1106//1106 2323//2323
f 2324//2324 2323//2323 2449//2449
f 2589//2589 2790//2790 2228//2228
f 2800//2800 1113//1113 3183//3183
f 3184//3184 1111//1111 1113//1113
f 3184//3184 1114//1114 1970//1970
f 2806//2806 1013//1013 1350//1350
f 3411//3411 1115//1115 1823//1823
f 1116//1116 1822//1822 1012//1012
f 1968//1968 1823//1823 2581//2581
f 2239//2239 2581//2581 1116//1116
f 2800//2800 2243//2243 1113//1113
f 1825//1825 1118//1118 1531//1531
f 786//786 2333//2333 787//787
f 2328//2328 1011//1011 2333//2333
f 2326//2326 2436//2436 1967//1967
f 1973//1973 2584//2584 1777//1777
f 2329//2329 3358//3358 1826//1826
f 2331//2331 785//785 3342//3342
f 1826//1826 1121//1121 2332//2332
f 2596//2596 799//799 3589//3589
f 2334//2334 2592//2592 810//810
f 2254//2254 800//800 1787//1787
f 795//795 1800//1800 1341//1341
f 1562//1562 1982//1982 1128//1128
f 2334//2334 810//810 536//536
f 2263//2263 1983//1983 811//811
f 3095//3095 2776//2776 786//786
f 1341//1341 1800//1800 1351//1351
f 1126//1126 798//798 799//799
f 1989//1989 3431//3431 817//817
f 1992//1992 3110//3110 1796//1796
f 1995//1995 1996//1996 3212//3212
f 180//180 568//568 3030//3030
f 567//567 2335//2335 566//566
f 2337//2337 584//584 571//571
f 584//584 193//193 583//583
f 1835//1835 842//842 3402//3402
f 842//842 1835//1835 306//306
f 3534//3534 2355//2355 1580//1580
f 2004//2004 3157//3157 1579//1579
f 2504//2504 1145//1145 3245//3245
f 347//347 2342//2342 1607//1607
f 1161//1161 2029//2029 1609//1609
f 2360//2360 605//605 633//633
f 3287//3287 1405//1405 2653//2653
f 3371//3371 606//606 1157//1157
f 1158//1158 1406//1406 2287//2287
f 1406//1406 1052//1052 2287//2287
f 1607//1607 2342//2342 608//608
f 3003//3003 1410//1410 2343//2343
f 1899//1899 2343//2343 1900//1900
f 2657//2657 3575//3575 1164//1164
f 1900//1900 1410//1410 3031//3031
f 1901//1901 3031//3031 1167//1167
f 611//611 2344//2344 610//610
f 1168//1168 3004//3004 1167//1167
f 1902//1902 3529//3529 613//613
f 1902//1902 3199//3199 3033//3033
f 2495//2495 1153//1153 1172//1172
f 1412//1412 335//335 1904//1904
f 1597//1597 3421//3421 2847//2847
f 1906//1906 2847//2847 3421//3421
f 2663//2663 1618//1618 1173//1173
f 1913//1913 1416//1416 1915//1915
f 1915//1915 1416//1416 1176//1176
f 1914//1914 1915//1915 3036//3036
f 1589//1589 1622//1622 1916//1916
f 1588//1588 2350//2350 2848//2848
f 1919//1919 3005//3005 1417//1417
f 1920//1920 622//622 3178//3178
f 2669//2669 1623//1623 1180//1180
f 3038//3038 2874//2874 1922//1922
f 1182//1182 1924//1924 2875//2875
f 2921//2921 1419//1419 1926//1926
f 3534//3534 2353//2353 315//315
f 1419//1419 316//316 1926//1926
f 1143//1143 1926//1926 316//316
f 315//315 627//627 1926//1926
f 1628//1628 2510//2510 1188//1188
f 1421//1421 1423//1423 1422//1422
f 1928//1928 2356//2356 631//631
f 1929//1929 1423//1423 1930//1930
f 632//632 3148//3148 633//633
f 1155//1155 2361//2361 1930//1930
f 2361//2361 3345//3345 2360//2360
f 363//363 2047//2047 368//368
f 2047//2047 78//78 368//368
f 879//879 3187//3187 1192//1192
f 2363//2363 1191//1191 2362//2362
f 1192//1192 1847//1847 657//657
f 2049//2049 657//657 1847//1847
f 880//880 2054//2054 654//654
f 883//883 2364//2364 1196//1196
f 1848//1848 1196//1196 2364//2364
f 1194//1194 1432//1432 1195//1195
f 1432//1432 1194//1194 2951//2951
f 2365//2365 3330//3330 1196//1196
f 2366//2366 3011//3011 3334//3334
f 2367//2367 2366//2366 1199//1199
f 3040//3040 2064//2064 3337//3337
f 2881//2881 2371//2371 3026//3026
f 1203//1203 2372//2372 2073//2073
f 3151//3151 3280//3280 663//663
f 3280//3280 1202//1202 2373//2373
f 3226//3226 3015//3015 3016//3016
f 3045//3045 1208//1208 2956//2956
f 1208//1208 3045//3045 1206//1206
f 2375//2375 1207//1207 1849//1849
f 1207//1207 2375//2375 888//888
f 1849//1849 1207//1207 3413//3413
f 887//887 3189//3189 1211//1211
f 1209//1209 2379//2379 1210//1210
f 2379//2379 1209//1209 2378//2378
f 1211//1211 1850//1850 661//661
f 2079//2079 661//661 1850//1850
f 890//890 2084//2084 664//664
f 665//665 3281//3281 888//888
f 2380//2380 2883//2883 3349//3349
f 3190//3190 2380//2380 1658//1658
f 2884//2884 2382//2382 3028//3028
f 696//696 2095//2095 2859//2859
f 896//896 2098//2098 669//669
f 899//899 2383//2383 1219//1219
f 1851//1851 1219//1219 2383//2383
f 1217//1217 2384//2384 1218//1218
f 3509//3509 3047//3047 3471//3471
f 2385//2385 3509//3509 1222//1222
f 2107//2107 1221//1221 1220//1220
f 1222//1222 1852//1852 670//670
f 2527//2527 670//670 1852//1852
f 671//671 2387//2387 3192//3192
f 2701//2701 3350//3350 3392//3392
f 3027//3027 688//688 3372//3372
f 689//689 2120//2120 2860//2860
f 903//903 2123//2123 675//675
f 2127//2127 904//904 3365//3365
f 905//905 2393//2393 1228//1228
f 1854//1854 1228//1228 2393//2393
f 1226//1226 2394//2394 1227//1227
f 1228//1228 1854//1854 3321//3321
f 2395//2395 3050//3050 1856//1856
f 2396//2396 2395//2395 1231//1231
f 2133//2133 1230//1230 1229//1229
f 1231//1231 1855//1855 677//677
f 2534//2534 677//677 1855//1855
f 678//678 2398//2398 3194//3194
f 2714//2714 3352//3352 3393//3393
f 2138//2138 3195//3195 3257//3257
f 3211//3211 3051//3051 2891//2891
f 2144//2144 1234//1234 2403//2403
f 2143//2143 3434//3434 909//909
f 2149//2149 2311//2311 1675//1675
f 915//915 2083//2083 890//890
f 2521//2521 2405//2405 915//915
f 915//915 2405//2405 683//683
f 684//684 3282//3282 403//403
f 685//685 2407//2407 686//686
f 2407//2407 685//685 403//403
f 686//686 2407//2407 2542//2542
f 2540//2540 2542//2542 2407//2407
f 1456//1456 1459//1459 1860//1860
f 1243//1243 1948//1948 1458//1458
f 1680//1680 1244//1244 1949//1949
f 686//686 2542//2542 687//687
f 1454//1454 1245//1245 2541//2541
f 2156//2156 2408//2408 2960//2960
f 1681//1681 2895//2895 2155//2155
f 1247//1247 3117//3117 3020//3020
f 2409//2409 2736//2736 917//917
f 1686//1686 1685//1685 918//918
f 2313//2313 918//918 2410//2410
f 918//918 2313//2313 1074//1074
f 690//690 2411//2411 409//409
f 2411//2411 1251//1251 2548//2548
f 409//409 2411//2411 2413//2413
f 3052//3052 2412//2412 2740//2740
f 1465//1465 1076//1076 1952//1952
f 2544//2544 1952//1952 1076//1076
f 1952//1952 2544//2544 688//688
f 2962//2962 919//919 2742//2742
f 1693//1693 922//922 1695//1695
f 922//922 2316//2316 1077//1077
f 693//693 2053//2053 880//880
f 693//693 2415//2415 694//694
f 2936//2936 1954//1954 3562//3562
f 162//162 2552//2552 161//161
f 2417//2417 161//161 2552//2552
f 923//923 2418//2418 2959//2959
f 2418//2418 923//923 2757//2757
f 924//924 2420//2420 1266//1266
f 421//421 2705//2705 1272//1272
f 421//421 1274//1274 2423//2423
f 1274//1274 421//421 1272//1272
f 418//418 1274//1274 1474//1474
f 2423//2423 1275//1275 1276//1276
f 2762//2762 2555//2555 697//697
f 697//697 2555//2555 2424//2424
f 1268//1268 1477//1477 416//416
f 416//416 1957//1957 3268//3268
f 1279//1279 1277//1277 3459//3459
f 2425//2425 934//934 140//140
f 2426//2426 965//965 146//146
f 1098//1098 1751//1751 976//976
f 2427//2427 983//983 142//142
f 759//759 1307//1307 1515//1515
f 906//906 949//949 2428//2428
f 2429//2429 1756//1756 1757//1757
f 952//952 2430//2430 987//987
f 731//731 2431//2431 3139//3139
f 2432//2432 988//988 989//989
f 2432//2432 1759//1759 1316//1316
f 2987//2987 2206//2206 990//990
f 2987//2987 2777//2777 1758//1758
f 1961//1961 991//991 2984//2984
f 988//988 2432//2432 959//959
f 2432//2432 1316//1316 2433//2433
f 1315//1315 2433//2433 1316//1316
f 2258//2258 3024//3024 3145//3145
f 3024//3024 1760//1760 3145//3145
f 2770//2770 2434//2434 957//957
f 490//490 2435//2435 2776//2776
f 2434//2434 1962//1962 957//957
f 2221//2221 2781//2781 2793//2793
f 794//794 2438//2438 2439//2439
f 1876//1876 2438//2438 3054//3054
f 2439//2439 1876//1876 1320//1320
f 2438//2438 1319//1319 3054//3054
f 3054//3054 995//995 2440//2440
f 1320//1320 1876//1876 2442//2442
f 2442//2442 2441//2441 3198//3198
f 995//995 2446//2446 2447//2447
f 2446//2446 2448//2448 2447//2447
f 1878//1878 2449//2449 2217//2217
f 1878//1878 2217//2217 2450//2450
f 2215//2215 2450//2450 3055//3055
f 2222//2222 1518//1518 3355//3355
f 781//781 3564//3564 2325//2325
f 512//512 2220//2220 2228//2228
f 2792//2792 1366//1366 3551//3551
f 1007//1007 1334//1334 1769//1769
f 2229//2229 1350//1350 1005//1005
f 2259//2259 1005//1005 1350//1350
f 1005//1005 1530//1530 2229//2229
f 2454//2454 267//267 2224//2224
f 3165//3165 1102//1102 2326//2326
f 2215//2215 3055//3055 1318//1318
f 2226//2226 2455//2455 2322//2322
f 1002//1002 2322//2322 2455//2455
f 3165//3165 1349//1349 3308//3308
f 1335//1335 1778//1778 2456//2456
f 993//993 2798//2798 2459//2459
f 1976//1976 3356//3356 2227//2227
f 782//782 1000//1000 1117//1117
f 508//508 1117//1117 1000//1000
f 252//252 2782//2782 242//242
f 1335//1335 2456//2456 2460//2460
f 1336//1336 2460//2460 788//788
f 2462//2462 1339//1339 1338//1338
f 3342//3342 785//785 1338//1338
f 2815//2815 1369//1369 3497//3497
f 2465//2465 1343//1343 2803//2803
f 543//543 524//524 806//806
f 1344//1344 2974//2974 2801//2801
f 2466//2466 1977//1977 1017//1017
f 2973//2973 2232//2232 798//798
f 2252//2252 284//284 3394//3394
f 2805//2805 801//801 3331//3331
f 1768//1768 1108//1108 1003//1003
f 1018//1018 1013//1013 996//996
f 1783//1783 2467//2467 1768//1768
f 3437//3437 1542//1542 1782//1782
f 1122//1122 2977//2977 2833//2833
f 2980//2980 1354//1354 2253//2253
f 1354//1354 2980//2980 2810//2810
f 3238//3238 533//533 3231//3231
f 1355//1355 3357//3357 2979//2979
f 2979//2979 2808//2808 1355//1355
f 1978//1978 2468//2468 2941//2941
f 2468//2468 1978//1978 1024//1024
f 2255//2255 1358//1358 2469//2469
f 1883//1883 2470//2470 1359//1359
f 1883//1883 991//991 1360//1360
f 1360//1360 2256//2256 1883//1883
f 2256//2256 1360//1360 2255//2255
f 1361//1361 3096//3096 1362//1362
f 2437//2437 1104//1104 1109//1109
f 1884//1884 3497//3497 1369//1369
f 1800//1800 3420//3420 2832//2832
f 800//800 2254//2254 1793//1793
f 1983//1983 1130//1130 1334//1334
f 1033//1033 1377//1377 803//803
f 1341//1341 1351//1351 2452//2452
f 2905//2905 1035//1035 3468//3468
f 2263//2263 2599//2599 3468//3468
f 1035//1035 2264//2264 1036//1036
f 1885//1885 2992//2992 2264//2264
f 1979//1979 2457//2457 3483//3483
f 1025//1025 1984//1984 2472//2472
f 710//710 1381//1381 1989//1989
f 3319//3319 3102//3102 3341//3341
f 3103//3103 2270//2270 1016//1016
f 3103//3103 2802//2802 1805//1805
f 1988//1988 796//796 3077//3077
f 1045//1045 2474//2474 942//942
f 3319//3319 3341//3341 2474//2474
f 1383//1383 2474//2474 3341//3341
f 818//818 2274//2274 2767//2767
f 2274//2274 1781//1781 2475//2475
f 2767//2767 2475//2475 1990//1990
f 2975//2975 1384//1384 2803//2803
f 2477//2477 2604//2604 1795//1795
f 1806//1806 2477//2477 2991//2991
f 2477//2477 1806//1806 1807//1807
f 986//986 2478//2478 2604//2604
f 2997//2997 2277//2277 1037//1037
f 2997//2997 2829//2829 1809//1809
f 1991//1991 1036//1036 2992//2992
f 1046//1046 2479//2479 939//939
f 1047//1047 1810//1810 2479//2479
f 1388//1388 2479//2479 1810//1810
f 820//820 2280//2280 2765//2765
f 2280//2280 1799//1799 2480//2480
f 2765//2765 2480//2480 938//938
f 1389//1389 2481//2481 2830//2830
f 1799//1799 2481//2481 2480//2480
f 2481//2481 1389//1389 1993//1993
f 2480//2480 1993//1993 938//938
f 2482//2482 821//821 3370//3370
f 1811//1811 2482//2482 2989//2989
f 2482//2482 1811//1811 1812//1812
f 970//970 2483//2483 821//821
f 742//742 2484//2484 1995//1995
f 2485//2485 1048//1048 1786//1786
f 2485//2485 3104//3104 1815//1815
f 3105//3105 2283//2283 1023//1023
f 1994//1994 807//807 2990//2990
f 974//974 2485//2485 2486//2486
f 2486//2486 1394//1394 1393//1393
f 1394//1394 2486//2486 2485//2485
f 823//823 2285//2285 2773//2773
f 2285//2285 1788//1788 2487//2487
f 2773//2773 2487//2487 973//973
f 2488//2488 552//552 1568//1568
f 2487//2487 1997//1997 973//973
f 175//175 178//178 2335//2335
f 2336//2336 2335//2335 178//178
f 182//182 2335//2335 1832//1832
f 2335//2335 182//182 175//175
f 177//177 180//180 3030//3030
f 193//193 194//194 583//583
f 191//191 193//193 584//584
f 198//198 2337//2337 572//572
f 2337//2337 198//198 191//191
f 300//300 1398//1398 1896//1896
f 1398//1398 300//300 1399//1399
f 350//350 349//349 3570//3570
f 1405//1405 2652//2652 1630//1630
f 1405//1405 1897//1897 2653//2653
f 1158//1158 3002//3002 1159//1159
f 2908//2908 2490//2490 3057//3057
f 1159//1159 3432//3432 1160//1160
f 1160//1160 2490//2490 1161//1161
f 3371//3371 1158//1158 2287//2287
f 1406//1406 1160//1160 1161//1161
f 2647//2647 1161//1161 2490//2490
f 606//606 2341//2341 2340//2340
f 2036//2036 1613//1613 1614//1614
f 2030//2030 2908//2908 3085//3085
f 345//345 3244//3244 2491//2491
f 345//345 2491//2491 1408//1408
f 1162//1162 1163//1163 3003//3003
f 1163//1163 345//345 1408//1408
f 1899//1899 1898//1898 2343//2343
f 7//7 6//6 2657//2657
f 1410//1410 1408//1408 1165//1165
f 342//342 1841//1841 1165//1165
f 1899//1899 1900//1900 2871//2871
f 341//341 2909//2909 2843//2843
f 1166//1166 1165//1165 1841//1841
f 1901//1901 3032//3032 2871//2871
f 610//610 2871//2871 611//611
f 1167//1167 1166//1166 3059//3059
f 2492//2492 3059//3059 1166//1166
f 3059//3059 2492//2492 2493//2493
f 1167//1167 3059//3059 1411//1411
f 1902//1902 3032//3032 3199//3199
f 3278//3278 612//612 1169//1169
f 10//10 9//9 2659//2659
f 1168//1168 1411//1411 3060//3060
f 1170//1170 1168//1168 3060//3060
f 2494//2494 1842//1842 3499//3499
f 2912//2912 2911//2911 2494//2494
f 614//614 3033//3033 3265//3265
f 2912//2912 338//338 2025//2025
f 2025//2025 2495//2495 2912//2912
f 2345//2345 3177//3177 1903//1903
f 1153//1153 2495//2495 2025//2025
f 2495//2495 1172//1172 2911//2911
f 1056//1056 3177//3177 1057//1057
f 1055//1055 2345//2345 3265//3265
f 2345//2345 1055//1055 1057//1057
f 1150//1150 1904//1904 335//335
f 1413//1413 3062//3062 2497//2497
f 333//333 3061//3061 2914//2914
f 2913//2913 3062//3062 1838//1838
f 3170//3170 333//333 2914//2914
f 2497//2497 2914//2914 3061//3061
f 1618//1618 2663//2663 2040//2040
f 2662//2662 2847//2847 615//615
f 1907//1907 1906//1906 1905//1905
f 1618//1618 2662//2662 1173//1173
f 1414//1414 3170//3170 2915//2915
f 1908//1908 616//616 3035//3035
f 1908//1908 1909//1909 1911//1911
f 331//331 2498//2498 2917//2917
f 330//330 3498//3498 3501//3501
f 1177//1177 2041//2041 1620//1620
f 1914//1914 1913//1913 1915//1915
f 2499//2499 329//329 328//328
f 3037//3037 1176//1176 1178//1178
f 2919//2919 2918//2918 2499//2499
f 1178//1178 3065//3065 2918//2918
f 619//619 3036//3036 3185//3185
f 327//327 2500//2500 2919//2919
f 620//620 3037//3037 1917//1917
f 2349//2349 1058//1058 1916//1916
f 2501//2501 2043//2043 1622//1622
f 2500//2500 1149//1149 2918//2918
f 2349//2349 1179//1179 1058//1058
f 1146//1146 1917//1917 326//326
f 3279//3279 1917//1917 1146//1146
f 326//326 1147//1147 1146//1146
f 1587//1587 2502//2502 1623//1623
f 2870//2870 2503//2503 1147//1147
f 2350//2350 1146//1146 3176//3176
f 1147//1147 2503//2503 3005//3005
f 2504//2504 2505//2505 2503//2503
f 3005//3005 2503//2503 3001//3001
f 2505//2505 3001//3001 2503//2503
f 1623//1623 2669//2669 2668//2668
f 621//621 2502//2502 1920//1920
f 2849//2849 3176//3176 1919//1919
f 3005//3005 3001//3001 1417//1417
f 1623//1623 621//621 1180//1180
f 324//324 3066//3066 3530//3530
f 3066//3066 3328//3328 3530//3530
f 622//622 1921//1921 3038//3038
f 624//624 3038//3038 3332//3332
f 3067//3067 1418//1418 2507//2507
f 322//322 3067//3067 3328//3328
f 3067//3067 321//321 2508//2508
f 318//318 319//319 321//321
f 2508//2508 1418//1418 3067//3067
f 2508//2508 3283//3283 1418//1418
f 2672//2672 2850//2850 3288//3288
f 1183//1183 1182//1182 1184//1184
f 2921//2921 627//627 3186//3186
f 626//626 3186//3186 627//627
f 1185//1185 2354//2354 1186//1186
f 1925//1925 2352//2352 3266//3266
f 627//627 2921//2921 1926//1926
f 1419//1419 1185//1185 1186//1186
f 2673//2673 2045//2045 1420//1420
f 2353//2353 3534//3534 1925//1925
f 3455//3455 2000//2000 628//628
f 2509//2509 2923//2923 1421//1421
f 3479//3479 1187//1187 2357//2357
f 1187//1187 2509//2509 1421//1421
f 2945//2945 1844//1844 2923//2923
f 1844//1844 1421//1421 2923//2923
f 2356//2356 1927//1927 1189//1189
f 2510//2510 630//630 1188//1188
f 32//32 31//31 3147//3147
f 3202//3202 1421//1421 1844//1844
f 313//313 2925//2925 2945//2945
f 1845//1845 1846//1846 1190//1190
f 312//312 350//350 3549//3549
f 633//633 2361//2361 2360//2360
f 2361//2361 633//633 3148//3148
f 1427//1427 2169//2169 2050//2050
f 2050//2050 656//656 1427//1427
f 654//654 2055//2055 655//655
f 2878//2878 655//655 2055//2055
f 1931//1931 1429//1429 381//381
f 2291//2291 1428//1428 2513//2513
f 1429//1429 2293//2293 658//658
f 2293//2293 1429//1429 1931//1931
f 1430//1430 3071//3071 1431//1431
f 3071//3071 1430//1430 3012//3012
f 1062//1062 2515//2515 657//657
f 658//658 2292//2292 2852//2852
f 1063//1063 2049//2049 3256//3256
f 2370//2370 2928//2928 2880//2880
f 660//660 2517//2517 3150//3150
f 2517//2517 883//883 2516//2516
f 3150//3150 2516//2516 3296//3296
f 3007//3007 1933//1933 383//383
f 2067//2067 383//383 1933//1933
f 381//381 3127//3127 3205//3205
f 2066//2066 660//660 2294//2294
f 1932//1932 2294//2294 1433//1433
f 2869//2869 3008//3008 2853//2853
f 2296//2296 3522//3522 2519//2519
f 3522//3522 2296//2296 3542//3542
f 2295//2295 2869//2869 3152//3152
f 1436//1436 3152//3152 2869//2869
f 385//385 2520//2520 3152//3152
f 1438//1438 2150//2150 2080//2080
f 2080//2080 666//666 1438//1438
f 664//664 2085//2085 665//665
f 2381//2381 2930//2930 2883//2883
f 668//668 2523//2523 3153//3153
f 2523//2523 889//889 2522//2522
f 3153//3153 2522//2522 3297//3297
f 3009//3009 1935//1935 388//388
f 2090//2090 388//388 1935//1935
f 2089//2089 668//668 2298//2298
f 1934//1934 2298//2298 1439//1439
f 2524//2524 389//389 2178//2178
f 669//669 2099//2099 3181//3181
f 2101//2101 3469//3469 3181//3181
f 1440//1440 2299//2299 1068//1068
f 2299//2299 1440//1440 2526//2526
f 1441//1441 2302//2302 2301//2301
f 670//670 1939//1939 1066//1066
f 1939//1939 670//670 2527//2527
f 3159//3159 2528//2528 3273//3273
f 1066//1066 1938//1938 671//671
f 672//672 2301//2301 1445//1445
f 1445//1445 1940//1940 391//391
f 2704//2704 391//391 1940//1940
f 392//392 3048//3048 2112//2112
f 2391//2391 2933//2933 2887//2887
f 674//674 2530//2530 3154//3154
f 2530//2530 899//899 2529//2529
f 3154//3154 2529//2529 3299//3299
f 3584//3584 1941//1941 3503//3503
f 2115//2115 393//393 1941//1941
f 3488//3488 3379//3379 3396//3396
f 2114//2114 674//674 2303//2303
f 2531//2531 394//394 2164//2164
f 675//675 2123//2123 2124//2124
f 1447//1447 2304//2304 1071//1071
f 2304//2304 1447//1447 2533//2533
f 1448//1448 2307//2307 2306//2306
f 677//677 1943//1943 1069//1069
f 1943//1943 677//677 2534//2534
f 3160//3160 2535//2535 3274//3274
f 1069//1069 1942//1942 678//678
f 679//679 2306//2306 1452//1452
f 1452//1452 1944//1944 396//396
f 2717//2717 396//396 1944//1944
f 681//681 2537//2537 2308//2308
f 2537//2537 905//905 2536//2536
f 2308//2308 2536//2536 3300//3300
f 3428//3428 1945//1945 399//399
f 2140//2140 399//399 1945//1945
f 397//397 3380//3380 3404//3404
f 2139//2139 681//681 2309//2309
f 687//687 2538//2538 682//682
f 2521//2521 1241//1241 2405//2405
f 2406//2406 1241//1241 1946//1946
f 2405//2405 1241//1241 2406//2406
f 2406//2406 1946//1946 3507//3507
f 1947//1947 1673//1673 1242//1242
f 2406//2406 3507//3507 1073//1073
f 2729//2729 1679//1679 1678//1678
f 2539//2539 1243//1243 1457//1457
f 1458//1458 2540//2540 1457//1457
f 2540//2540 1458//1458 2542//2542
f 1860//1860 1459//1459 3073//3073
f 1458//1458 1245//1245 2542//2542
f 2541//2541 1245//1245 1948//1948
f 2538//2538 687//687 2542//2542
f 1949//1949 687//687 3026//3026
f 151//151 152//152 2543//2543
f 383//383 2067//2067 1861//1861
f 393//393 2115//2115 2549//2549
f 1664//1664 1251//1251 3397//3397
f 1462//1462 1249//1249 2161//2161
f 1951//1951 3539//3539 1863//1863
f 2161//2161 3442//3442 1462//1462
f 1688//1688 1950//1950 3052//3052
f 1252//1252 3052//3052 1950//1950
f 2546//2546 2161//2161 1249//1249
f 3442//3442 2161//2161 1463//1463
f 2546//2546 2409//2409 407//407
f 2161//2161 2546//2546 2547//2547
f 1464//1464 1951//1951 1463//1463
f 1463//1463 2161//2161 2547//2547
f 2546//2546 407//407 406//406
f 408//408 2413//2413 2548//2548
f 157//157 3366//3366 3323//3323
f 2413//2413 408//408 1075//1075
f 1463//1463 2547//2547 3155//3155
f 407//407 1248//1248 406//406
f 1075//1075 1952//1952 691//691
f 2549//2549 1467//1467 3310//3310
f 1467//1467 405//405 1465//1465
f 3027//3027 3174//3174 688//688
f 393//393 2549//2549 2157//2157
f 399//399 2140//2140 2741//2741
f 1257//1257 414//414 1259//1259
f 1255//1255 3382//3382 1256//1256
f 2551//2551 3277//3277 3074//3074
f 1956//1956 3582//3582 1471//1471
f 1865//1865 1262//1262 1955//1955
f 1262//1262 1471//1471 1955//1955
f 2550//2550 3196//3196 1262//1262
f 1470//1470 1261//1261 2741//2741
f 3218//3218 2741//2741 1261//1261
f 1865//1865 2741//2741 2140//2140
f 388//388 2090//2090 415//415
f 1272//1272 2705//2705 1659//1659
f 2178//2178 422//422 1474//1474
f 2760//2760 2421//2421 2174//2174
f 2423//2423 419//419 421//421
f 1273//1273 3398//3398 2173//2173
f 418//418 1273//1273 1867//1867
f 2423//2423 1274//1274 1275//1275
f 418//418 1275//1275 1274//1274
f 1276//1276 2555//2555 2423//2423
f 1276//1276 1275//1275 2556//2556
f 1476//1476 2173//2173 2557//2557
f 3268//3268 2424//2424 1276//1276
f 3290//3290 697//697 1958//1958
f 3268//3268 1278//1278 2424//2424
f 1958//1958 2424//2424 1278//1278
f 1477//1477 415//415 416//416
f 2553//2553 695//695 1958//1958
f 1278//1278 1280//1280 1958//1958
f 2553//2553 1958//1958 1280//1280
f 1472//1472 2553//2553 1280//1280
f 432//432 1480//1480 3249//3249
f 2186//2186 705//705 1085//1085
f 1887//1887 1381//1381 1705//1705
f 1381//1381 710//710 1481//1481
f 698//698 3094//3094 711//711
f 720//720 1959//1959 1495//1495
f 1871//1871 1313//1313 1090//1090
f 2560//2560 1491//1491 1091//1091
f 2188//2188 738//738 2561//2561
f 1893//1893 1391//1391 971//971
f 2562//2562 1500//1500 1093//1093
f 2282//2282 469//469 969//969
f 1502//1502 1501//1501 1499//1499
f 1508//1508 1509//1509 753//753
f 2195//2195 2194//2194 756//756
f 1890//1890 1386//1386 1098//1098
f 1386//1386 757//757 1511//1511
f 2563//2563 1512//1512 1099//1099
f 2276//2276 488//488 1309//1309
f 752//752 764//764 481//481
f 2201//2201 768//768 1723//1723
f 2564//2564 987//987 2430//2430
f 1314//1314 2564//2564 1516//1516
f 489//489 1961//1961 444//444
f 1870//1870 444//444 1961//1961
f 1312//1312 1870//1870 1516//1516
f 1872//1872 2565//2565 1871//1871
f 2566//2566 3139//3139 1763//1763
f 456//456 2567//2567 3284//3284
f 2326//2326 1102//1102 2436//2436
f 497//497 1874//1874 504//504
f 1541//1541 1519//1519 496//496
f 774//774 1541//1541 1525//1525
f 2569//2569 1522//1522 1523//1523
f 1522//1522 2570//2570 1963//1963
f 2570//2570 1964//1964 2321//2321
f 1963//1963 2321//2321 1107//1107
f 1523//1523 1963//1963 2571//2571
f 1963//1963 1107//1107 2324//2324
f 2571//2571 2324//2324 2449//2449
f 2213//2213 2572//2572 3260//3260
f 2573//2573 3260//3260 2572//2572
f 2449//2449 2323//2323 2574//2574
f 2323//2323 1106//1106 2574//2574
f 1965//1965 1106//1106 997//997
f 1965//1965 997//997 2786//2786
f 1524//1524 1965//1965 2575//2575
f 1533//1533 1322//1322 3457//3457
f 1527//1527 2576//2576 2219//2219
f 2577//2577 1110//1110 2938//2938
f 1111//1111 1970//1970 2787//2787
f 2938//2938 1110//1110 2580//2580
f 1110//1110 2579//2579 2580//2580
f 1825//1825 2579//2579 1527//1527
f 1110//1110 2576//2576 2579//2579
f 509//509 2938//2938 1972//1972
f 3222//3222 513//513 510//510
f 499//499 530//530 1533//1533
f 1537//1537 1361//1361 2584//2584
f 776//776 1877//1877 2444//2444
f 1521//1521 2445//2445 1877//1877
f 2458//2458 1325//1325 280//280
f 2794//2794 1131//1131 507//507
f 501//501 507//507 1120//1120
f 1525//1525 496//496 1526//1526
f 3411//3411 1323//1323 1115//1115
f 1822//1822 1530//1530 2867//2867
f 1541//1541 1968//1968 1519//1519
f 3411//3411 1529//1529 3168//3168
f 497//497 2581//2581 2239//2239
f 1531//1531 1969//1969 1339//1339
f 1969//1969 2788//2788 1880//1880
f 1971//1971 1339//1339 2462//2462
f 3175//3175 2462//2462 785//785
f 1969//1969 511//511 2788//2788
f 2790//2790 510//510 3329//3329
f 1118//1118 2583//2583 1531//1531
f 2583//2583 1118//1118 1114//1114
f 508//508 511//511 1117//1117
f 2582//2582 1531//1531 2583//2583
f 1117//1117 2583//2583 783//783
f 2471//2471 1777//1777 1362//1362
f 1875//1875 1975//1975 1328//1328
f 1328//1328 1974//1974 2227//2227
f 2585//2585 3269//3269 3250//3250
f 3358//3358 3250//3250 2331//2331
f 3356//3356 1976//1976 784//784
f 784//784 1976//1976 1540//1540
f 3075//3075 1338//1338 1880//1880
f 1540//1540 1880//1880 3545//3545
f 2581//2581 1519//1519 1968//1968
f 510//510 2790//2790 2589//2589
f 2242//2242 3029//3029 2588//2588
f 3444//3444 2818//2818 525//525
f 3437//3437 2589//2589 2228//2228
f 1547//1547 3076//3076 2334//2334
f 805//805 3077//3077 804//804
f 810//810 2592//2592 805//805
f 1980//1980 804//804 796//796
f 517//517 1790//1790 3079//3079
f 2988//2988 1125//1125 1828//1828
f 2593//2593 797//797 3080//3080
f 1125//1125 2988//2988 531//531
f 2600//2600 1982//1982 1562//1562
f 1978//1978 2941//2941 800//800
f 3470//3470 1354//1354 3462//3462
f 1550//1550 1829//1829 2457//2457
f 2457//2457 1829//1829 1374//1374
f 2594//2594 1374//1374 1829//1829
f 1551//1551 2248//2248 530//530
f 1014//1014 1322//1322 2262//2262
f 799//799 2596//2596 1987//1987
f 1128//1128 2597//2597 3081//3081
f 3081//3081 1127//1127 1128//1128
f 2598//2598 3082//3082 3134//3134
f 1127//1127 1552//1552 1981//1981
f 1126//1126 1127//1127 527//527
f 2262//2262 530//530 1984//1984
f 531//531 2595//2595 2819//2819
f 2825//2825 2995//2995 3519//3519
f 809//809 1554//1554 3519//3519
f 516//516 1369//1369 1551//1551
f 814//814 2266//2266 1372//1372
f 1371//1371 2823//2823 1559//1559
f 1772//1772 3482//3482 2905//2905
f 1120//1120 1554//1554 2906//2906
f 1367//1367 2600//2600 1027//1027
f 1126//1126 1987//1987 1127//1127
f 1128//1128 1127//1127 1987//1987
f 1382//1382 1044//1044 1563//1563
f 546//546 1988//1988 429//429
f 1886//1886 429//429 1988//1988
f 1380//1380 1886//1886 1563//1563
f 176//176 2601//2601 1887//1887
f 1132//1132 1381//1381 1887//1887
f 1132//1132 2601//2601 3079//3079
f 2601//2601 517//517 3079//3079
f 2602//2602 1989//1989 817//817
f 1384//1384 2603//2603 1564//1564
f 1387//1387 2604//2604 1565//1565
f 1889//1889 488//488 1991//1991
f 1385//1385 1889//1889 1565//1565
f 185//185 2605//2605 1890//1890
f 1133//1133 1386//1386 1890//1890
f 1133//1133 2605//2605 2995//2995
f 2605//2605 541//541 2995//2995
f 2563//2563 3506//3506 1808//1808
f 435//435 2606//2606 550//550
f 1389//1389 550//550 1566//1566
f 821//821 2607//2607 3370//3370
f 2607//2607 821//821 2483//2483
f 1392//1392 2607//2607 1567//1567
f 1892//1892 469//469 1994//1994
f 1390//1390 1892//1892 1567//1567
f 205//205 2608//2608 1893//1893
f 1134//1134 1391//1391 1893//1893
f 1134//1134 2608//2608 3082//3082
f 2608//2608 528//528 3082//3082
f 2609//2609 742//742 3212//3212
f 1816//1816 2609//2609 3081//3081
f 2609//2609 1816//1816 1813//1813
f 474//474 2610//2610 3285//3285
f 552//552 2610//2610 1568//1568
f 846//846 847//847 309//309
f 2651//2651 2035//2035 2611//2611
f 312//312 2611//2611 2035//2035
f 3549//3549 2944//2944 312//312
f 3270//3270 2613//2613 3083//3083
f 1573//1573 2611//2611 1574//1574
f 2944//2944 2612//2612 312//312
f 2612//2612 1575//1575 1574//1574
f 1999//1999 37//37 2613//2613
f 2944//2944 3346//3346 2612//2612
f 313//313 3346//3346 2944//2944
f 37//37 1999//1999 38//38
f 38//38 1999//1999 39//39
f 1575//1575 3252//3252 3271//3271
f 1577//1577 3252//3252 852//852
f 1577//1577 3157//3157 1578//1578
f 39//39 2614//2614 40//40
f 2339//2339 40//40 2614//2614
f 1143//1143 3479//3479 2355//2355
f 40//40 2339//2339 41//41
f 3157//3157 2003//2003 1578//1578
f 2001//2001 2615//2615 2354//2354
f 1186//1186 2615//2615 3367//3367
f 1579//1579 1836//1836 1581//1581
f 1581//1581 2001//2001 317//317
f 1579//1579 2005//2005 2004//2004
f 41//41 2002//2002 42//42
f 2006//2006 42//42 2002//2002
f 2004//2004 2005//2005 3360//3360
f 2005//2005 317//317 2616//2616
f 2616//2616 1582//1582 3360//3360
f 2946//2946 3360//3360 1582//1582
f 2618//2618 2616//2616 318//318
f 43//43 2617//2617 44//44
f 318//318 320//320 2618//2618
f 3253//3253 1582//1582 2618//2618
f 44//44 2007//2007 45//45
f 2618//2618 320//320 2619//2619
f 322//322 323//323 320//320
f 45//45 2009//2009 46//46
f 46//46 2009//2009 2620//2620
f 2010//2010 47//47 2620//2620
f 324//324 323//323 3066//3066
f 324//324 2621//2621 323//323
f 2621//2621 2622//2622 1584//1584
f 1585//1585 3347//3347 2622//2622
f 48//48 2010//2010 2013//2013
f 2011//2011 1586//1586 2013//2013
f 2012//2012 3272//3272 2857//2857
f 2011//2011 3347//3347 1585//1585
f 2857//2857 325//325 1837//1837
f 1146//1146 1147//1147 1918//1918
f 3254//3254 853//853 2012//2012
f 1586//1586 2624//2624 2626//2626
f 853//853 2624//2624 2012//2012
f 1179//1179 2350//2350 1588//1588
f 2350//2350 1179//1179 3279//3279
f 1589//1589 2044//2044 1587//1587
f 1588//1588 2502//2502 2044//2044
f 1589//1589 1587//1587 2667//2667
f 50//50 2623//2623 2625//2625
f 853//853 3254//3254 2014//2014
f 1148//1148 1145//1145 2500//2500
f 1148//1148 327//327 3254//3254
f 327//327 1148//1148 2500//2500
f 853//853 2627//2627 1590//1590
f 2626//2626 2016//2016 2625//2625
f 51//51 2015//2015 52//52
f 3474//3474 52//52 2015//2015
f 52//52 3474//3474 53//53
f 2629//2629 1591//1591 3500//3500
f 328//328 329//329 3498//3498
f 3466//3466 2629//2629 3484//3484
f 2629//2629 330//330 2630//2630
f 2018//2018 2019//2019 3213//3213
f 2948//2948 2631//2631 2630//2630
f 2632//2632 1593//1593 2631//2631
f 1592//1592 2631//2631 1593//1593
f 332//332 2632//2632 2948//2948
f 56//56 3213//3213 2019//2019
f 2632//2632 332//332 2020//2020
f 1843//1843 2497//2497 3063//3063
f 2022//2022 1594//1594 3514//3514
f 2913//2913 1838//1838 2020//2020
f 2021//2021 2022//2022 2633//2633
f 1838//1838 2021//2021 2020//2020
f 2634//2634 59//59 58//58
f 1594//1594 2024//2024 1595//1595
f 59//59 3532//3532 60//60
f 333//333 1151//1151 1839//1839
f 1153//1153 1413//1413 3061//3061
f 1838//1838 3062//3062 1596//1596
f 3421//3421 1055//1055 334//334
f 1056//1056 1057//1057 2661//2661
f 3115//3115 1596//1596 3214//3214
f 1152//1152 1153//1153 2025//2025
f 1595//1595 2024//2024 1598//1598
f 2024//2024 2635//2635 1598//1598
f 336//336 337//337 3214//3214
f 2635//2635 2949//2949 1598//1598
f 1598//1598 2949//2949 3555//3555
f 2949//2949 337//337 2636//2636
f 3423//3423 2636//2636 337//337
f 1842//1842 339//339 3499//3499
f 2636//2636 3423//3423 2639//2639
f 1599//1599 2638//2638 2637//2637
f 3550//3550 3348//3348 2639//2639
f 63//63 3361//3361 64//64
f 2910//2910 340//340 3485//3485
f 2640//2640 3550//3550 340//340
f 1600//1600 3553//3553 1601//1601
f 3553//3553 1600//1600 3550//3550
f 2641//2641 65//65 64//64
f 2027//2027 3126//3126 2641//2641
f 1604//1604 1603//1603 1602//1602
f 2640//2640 2642//2642 1604//1604
f 2643//2643 2645//2645 3126//3126
f 1604//1604 2644//2644 3523//3523
f 341//341 343//343 2644//2644
f 1604//1604 3523//3523 1603//1603
f 66//66 2645//2645 67//67
f 1605//1605 2646//2646 1606//1606
f 343//343 1840//1840 854//854
f 67//67 2645//2645 68//68
f 345//345 1163//1163 1609//1609
f 2029//2029 346//346 3244//3244
f 1606//1606 2646//2646 1608//1608
f 1154//1154 1407//1407 1162//1162
f 1154//1154 1162//1162 2342//2342
f 68//68 3481//3481 69//69
f 855//855 3388//3388 2646//2646
f 1608//1608 3388//3388 2648//2648
f 2648//2648 2031//2031 1608//1608
f 1407//1407 1154//1154 1052//1052
f 2031//2031 70//70 69//69
f 69//69 3481//3481 2031//2031
f 2029//2029 1161//1161 2647//2647
f 3335//3335 2030//2030 3085//3085
f 855//855 2649//2649 3388//3388
f 70//70 2031//2031 3362//3362
f 71//71 2032//2032 72//72
f 1610//1610 2650//2650 1611//1611
f 2650//2650 348//348 2033//2033
f 349//349 350//350 348//348
f 2035//2035 2033//2033 350//350
f 1611//1611 2033//2033 2651//2651
f 1573//1573 1612//1612 2651//2651
f 2651//2651 1612//1612 1611//1611
f 1573//1573 1998//1998 1612//1612
f 34//34 2652//2652 1//1
f 2654//2654 2//2 3400//3400
f 606//606 2340//2340 3368//3368
f 2//2 2654//2654 3//3
f 2036//2036 3//3 2654//2654
f 2655//2655 1053//1053 1614//1614
f 1053//1053 2028//2028 1054//1054
f 2037//2037 5//5 3524//3524
f 5//5 2037//2037 6//6
f 1054//1054 2028//2028 1409//1409
f 2028//2028 1607//1607 2656//2656
f 608//608 2656//2656 1607//1607
f 2657//2657 6//6 2037//2037
f 608//608 609//609 2656//2656
f 7//7 3548//3548 8//8
f 610//610 2344//2344 3401//3401
f 1615//1615 3571//3571 1616//1616
f 2344//2344 611//611 2658//2658
f 613//613 2658//2658 611//611
f 1616//1616 2658//2658 612//612
f 613//613 612//612 2658//2658
f 3278//3278 1616//1616 612//612
f 2039//2039 10//10 2659//2659
f 10//10 2039//2039 11//11
f 3529//3529 614//614 1903//1903
f 2496//2496 11//11 2039//2039
f 11//11 2496//2496 12//12
f 2288//2288 12//12 2496//2496
f 12//12 2288//2288 13//13
f 13//13 2660//2660 14//14
f 2040//2040 14//14 2660//2660
f 14//14 2040//2040 15//15
f 1617//1617 2661//2661 1618//1618
f 2661//2661 1597//1597 2662//2662
f 2663//2663 15//15 2040//2040
f 2346//2346 615//615 616//616
f 1619//1619 2664//2664 1173//1173
f 16//16 2664//2664 17//17
f 2347//2347 1619//1619 2346//2346
f 2665//2665 17//17 2664//2664
f 617//617 2347//2347 616//616
f 17//17 2665//2665 18//18
f 1619//1619 2347//2347 1620//1620
f 2347//2347 617//617 618//618
f 2041//2041 18//18 2665//2665
f 618//618 2666//2666 2347//2347
f 18//18 2041//2041 19//19
f 2873//2873 1912//1912 618//618
f 1621//1621 2042//2042 1177//1177
f 2042//2042 19//19 2041//2041
f 19//19 2042//2042 20//20
f 2043//2043 21//21 20//20
f 20//20 2042//2042 2043//2043
f 2501//2501 21//21 2043//2043
f 1621//1621 3333//3333 1622//1622
f 2667//2667 22//22 2501//2501
f 2044//2044 1589//1589 1058//1058
f 1623//1623 2668//2668 1587//1587
f 2848//2848 2502//2502 1588//1588
f 2669//2669 23//23 3378//3378
f 2848//2848 1920//1920 2502//2502
f 1623//1623 2502//2502 621//621
f 1180//1180 1624//1624 2669//2669
f 2670//2670 23//23 2669//2669
f 3178//3178 622//622 623//623
f 1625//1625 2670//2670 1624//1624
f 23//23 2670//2670 24//24
f 624//624 2351//2351 623//623
f 2671//2671 24//24 2670//2670
f 24//24 2671//2671 25//25
f 1625//1625 2351//2351 2672//2672
f 26//26 25//25 3068//3068
f 3086//3086 26//26 3068//3068
f 3086//3086 2045//2045 2673//2673
f 1626//1626 2876//2876 2045//2045
f 2045//2045 2352//2352 1420//1420
f 2045//2045 2876//2876 2352//2352
f 3266//3266 3288//3288 625//625
f 27//27 2673//2673 28//28
f 2352//2352 1925//1925 1420//1420
f 29//29 28//28 2289//2289
f 2289//2289 1420//1420 3455//3455
f 29//29 2674//2674 30//30
f 2924//2924 31//31 30//30
f 30//30 2674//2674 2924//2924
f 2924//2924 1627//1627 2510//2510
f 630//630 2510//2510 1627//1627
f 1627//1627 628//628 630//630
f 2510//2510 1628//1628 3147//3147
f 2358//2358 1928//1928 631//631
f 1629//1629 2675//2675 1628//1628
f 2675//2675 32//32 3147//3147
f 32//32 2675//2675 33//33
f 2359//2359 1629//1629 2358//2358
f 2676//2676 33//33 2675//2675
f 632//632 2359//2359 631//631
f 33//33 2676//2676 34//34
f 1629//1629 2359//2359 1630//1630
f 2359//2359 632//632 2677//2677
f 632//632 633//633 2677//2677
f 2652//2652 34//34 2676//2676
f 633//633 605//605 2677//2677
f 1897//1897 2677//2677 605//605
f 1192//1192 2048//2048 879//879
f 2048//2048 1192//1192 2515//2515
f 657//657 2515//2515 1192//1192
f 1191//1191 2062//2062 1646//1646
f 2678//2678 1427//1427 2362//2362
f 1427//1427 2678//2678 3070//3070
f 656//656 2362//2362 1427//1427
f 1191//1191 2363//2363 3256//3256
f 2679//2679 654//654 2290//2290
f 2051//2051 2290//2290 1061//1061
f 654//654 2679//2679 880//880
f 2511//2511 880//880 2679//2679
f 2680//2680 139//139 2681//2681
f 881//881 2681//2681 139//139
f 1258//1258 2681//2681 1193//1193
f 1193//1193 2682//2682 2926//2926
f 2682//2682 1193//1193 2681//2681
f 380//380 2682//2682 881//881
f 2682//2682 380//380 2950//2950
f 2056//2056 1061//1061 1647//1647
f 2683//2683 1061//1061 2290//2290
f 2683//2683 3330//3330 2365//2365
f 2684//2684 2877//2877 2950//2950
f 2877//2877 2684//2684 1648//1648
f 2684//2684 882//882 140//140
f 2685//2685 1194//1194 1848//1848
f 1194//1194 2685//2685 1650//1650
f 1429//1429 3127//3127 381//381
f 658//658 2951//2951 1429//1429
f 1647//1647 2365//2365 1195//1195
f 2069//2069 1651//1651 2512//2512
f 1428//1428 2512//2512 1651//1651
f 1651//1651 2686//2686 2059//2059
f 2513//2513 2367//2367 1199//1199
f 3149//3149 2513//2513 1199//1199
f 1641//1641 2368//2368 3540//3540
f 874//874 2368//2368 1641//1641
f 2060//2060 2061//2061 1198//1198
f 2678//2678 1469//1469 2966//2966
f 1469//1469 2678//2678 1646//1646
f 648//648 3040//3040 3013//3013
f 1424//1424 2953//2953 374//374
f 1077//1077 2316//2316 2879//2879
f 2064//2064 131//131 2687//2687
f 131//131 2064//2064 1639//1639
f 2517//2517 660//660 2685//2685
f 1650//1650 2685//2685 660//660
f 1454//1454 2688//2688 2538//2538
f 2688//2688 1454//1454 1433//1433
f 3007//3007 383//383 2861//2861
f 2068//2068 3019//3019 2686//2686
f 136//136 1644//1644 2071//2071
f 1644//1644 875//875 2372//2372
f 875//875 1643//1643 3235//3235
f 3088//3088 3044//3044 2689//2689
f 3044//3044 1202//1202 2074//2074
f 1652//1652 2520//2520 2091//2091
f 1642//1642 124//124 2075//2075
f 2690//2690 2075//2075 124//124
f 2311//2311 2374//2374 3403//3403
f 2076//2076 3292//3292 2894//2894
f 1654//1654 1455//1455 2691//2691
f 3072//3072 2691//2691 2963//2963
f 1655//1655 1208//1208 2376//2376
f 2853//2853 2692//2692 384//384
f 2086//2086 2077//2077 384//384
f 1206//1206 1656//1656 2375//2375
f 2697//2697 2375//2375 1656//1656
f 889//889 2523//2523 3413//3413
f 1658//1658 1657//1657 2088//2088
f 1211//1211 3293//3293 887//887
f 3293//3293 1211//1211 2518//2518
f 661//661 2518//2518 1211//1211
f 1209//1209 2377//2377 1654//1654
f 2691//2691 1438//1438 2378//2378
f 1438//1438 2691//2691 3072//3072
f 666//666 2378//2378 1438//1438
f 1210//1210 2692//2692 3025//3025
f 2379//2379 384//384 2692//2692
f 2693//2693 664//664 2297//2297
f 2081//2081 2297//2297 1065//1065
f 664//664 2693//2693 890//890
f 2521//2521 890//890 2693//2693
f 1240//1240 2695//2695 1212//1212
f 2695//2695 1240//1240 2694//2694
f 891//891 2695//2695 143//143
f 2696//2696 1212//1212 2695//2695
f 386//386 2696//2696 891//891
f 2696//2696 386//386 2957//2957
f 1065//1065 2697//2697 1656//1656
f 2697//2697 1065//1065 2297//2297
f 888//888 2697//2697 665//665
f 892//892 2698//2698 2957//2957
f 1213//1213 2698//2698 1657//1657
f 142//142 2698//2698 892//892
f 2698//2698 142//142 2088//2088
f 2088//2088 142//142 893//893
f 2523//2523 668//668 2376//2376
f 1655//1655 2376//2376 668//668
f 1439//1439 3494//3494 1472//1472
f 385//385 3339//3339 3172//3172
f 2958//2958 3009//3009 2865//2865
f 2958//2958 3022//3022 2689//2689
f 2700//2700 2899//2899 3043//3043
f 1473//1473 2702//2702 1214//1214
f 2702//2702 1473//1473 2554//2554
f 3236//3236 2703//2703 3208//3208
f 1214//1214 2703//2703 3351//3351
f 2703//2703 1214//1214 2702//2702
f 2703//2703 3236//3236 2704//2704
f 669//669 1936//1936 896//896
f 2705//2705 896//896 1936//1936
f 2706//2706 145//145 2707//2707
f 897//897 2707//2707 145//145
f 1271//1271 2707//2707 1215//1215
f 1215//1215 2708//2708 2931//2931
f 2708//2708 1215//1215 2707//2707
f 390//390 2708//2708 897//897
f 2708//2708 390//390 3486//3486
f 1216//1216 2710//2710 1661//1661
f 146//146 2710//2710 898//898
f 2710//2710 146//146 2711//2711
f 2389//2389 2390//2390 3458//3458
f 1217//1217 2383//2383 2712//2712
f 1441//1441 3314//3314 3488//3488
f 2103//2103 672//672 2384//2384
f 672//672 2103//2103 3314//3314
f 1851//1851 1218//1218 3441//3441
f 1660//1660 3441//3441 1218//1218
f 2384//2384 672//672 2104//2104
f 1445//1445 2104//2104 672//672
f 391//391 2100//2100 1445//1445
f 2116//2116 1663//1663 2525//2525
f 1440//1440 2525//2525 1663//1663
f 1663//1663 3518//3518 2105//2105
f 2105//2105 2385//2385 1222//1222
f 2105//2105 1222//1222 2526//2526
f 670//670 2526//2526 1222//1222
f 1638//1638 2106//2106 118//118
f 868//868 2386//2386 1638//1638
f 1442//1442 2527//2527 1221//1221
f 1637//1637 2107//2107 868//868
f 3351//3351 2704//2704 3247//3247
f 3392//3392 2109//2109 3192//3192
f 1938//1938 1443//1443 2387//2387
f 3320//3320 3241//3241 3273//3273
f 1636//1636 2110//2110 2528//2528
f 867//867 2388//2388 2110//2110
f 3554//3554 2701//2701 1223//1223
f 127//127 2094//2094 1635//1635
f 2113//2113 2711//2711 146//146
f 2530//2530 674//674 2712//2712
f 1662//1662 2712//2712 674//674
f 1460//1460 2713//2713 2544//2544
f 2713//2713 1460//1460 1446//1446
f 1074//1074 2313//2313 3565//3565
f 1461//1461 2715//2715 1224//1224
f 2715//2715 1461//1461 2545//2545
f 676//676 2716//2716 3544//3544
f 1224//1224 2716//2716 3353//3353
f 2716//2716 1224//1224 2715//2715
f 2716//2716 676//676 2717//2717
f 1250//1250 2719//2719 1225//1225
f 2719//2719 1250//1250 2718//2718
f 730//730 2719//2719 148//148
f 1225//1225 2720//2720 3425//3425
f 2720//2720 1225//1225 2719//2719
f 395//395 2720//2720 730//730
f 2720//2720 395//395 2961//2961
f 2723//2723 2889//2889 2961//2961
f 1228//1228 2128//2128 2401//2401
f 1226//1226 1854//1854 3495//3495
f 1448//1448 3315//3315 397//397
f 2129//2129 679//679 2394//2394
f 679//679 2129//2129 3315//3315
f 1854//1854 1227//1227 3321//3321
f 1665//1665 2722//2722 1227//1227
f 2394//2394 679//679 2130//2130
f 1452//1452 2130//2130 679//679
f 396//396 2125//2125 1452//1452
f 1669//1669 2532//2532 3390//3390
f 1669//1669 2724//2724 2131//2131
f 2131//2131 2396//2396 1231//1231
f 2131//2131 1231//1231 2533//2533
f 677//677 2533//2533 1231//1231
f 1634//1634 2132//2132 114//114
f 860//860 2397//2397 1634//1634
f 1449//1449 2534//2534 1230//1230
f 1633//1633 2133//2133 860//860
f 3353//3353 2717//2717 3248//3248
f 3393//3393 2135//2135 3194//3194
f 1942//1942 1450//1450 2398//2398
f 3322//3322 3242//3242 3274//3274
f 1632//1632 2136//2136 2535//2535
f 3565//3565 2714//2714 1232//1232
f 116//116 2119//2119 1631//1631
f 2138//2138 149//149 906//906
f 2537//2537 681//681 3495//3495
f 1668//1668 3495//3495 681//681
f 1468//1468 2725//2725 2550//2550
f 1453//1453 2309//2309 3576//3576
f 2141//2141 3021//3021 2724//2724
f 3091//3091 2962//2962 2896//2896
f 135//135 2070//2070 3456//3456
f 3073//3073 2861//2861 383//383
f 1233//1233 1234//1234 3449//3449
f 2954//2954 886//886 3434//3434
f 1234//1234 1233//1233 2403//2403
f 909//909 2144//2144 2143//2143
f 2144//2144 909//909 910//910
f 1671//1671 2893//2893 1670//1670
f 2893//2893 1671//1671 2145//2145
f 2404//2404 911//911 1235//1235
f 1671//1671 910//910 3476//3476
f 2726//2726 912//912 2147//2147
f 1456//1456 1673//1673 1236//1236
f 2404//2404 2146//2146 1237//1237
f 121//121 2145//2145 3092//3092
f 1672//1672 1674//1674 3092//3092
f 404//404 913//913 1237//1237
f 914//914 913//913 404//404
f 913//913 914//914 2148//2148
f 2147//2147 2148//2148 1674//1674
f 2727//2727 3535//3535 3092//3092
f 1674//1674 1675//1675 2727//2727
f 914//914 2149//2149 2148//2148
f 2963//2963 1239//1239 1947//1947
f 404//404 1238//1238 1239//1239
f 1072//1072 2690//2690 2727//2727
f 2955//2955 404//404 1239//1239
f 1239//1239 1455//1455 2955//2955
f 1241//1241 2521//2521 1437//1437
f 143//143 2694//2694 155//155
f 1676//1676 1240//1240 2083//2083
f 2151//2151 155//155 3569//3569
f 2083//2083 2728//2728 1676//1676
f 2728//2728 915//915 683//683
f 1677//1677 2151//2151 3569//3569
f 1677//1677 3569//3569 1676//1676
f 683//683 2152//2152 2728//2728
f 684//684 683//683 3282//3282
f 2729//2729 2152//2152 684//684
f 1678//1678 1677//1677 3581//3581
f 153//153 154//154 2730//2730
f 685//685 2729//2729 684//684
f 2153//2153 153//153 2730//2730
f 1679//1679 1244//1244 2153//2153
f 153//153 2153//2153 152//152
f 685//685 686//686 2731//2731
f 1244//1244 1679//1679 2731//2731
f 2543//2543 152//152 2153//2153
f 1244//1244 1680//1680 2543//2543
f 2731//2731 686//686 1949//1949
f 687//687 1949//1949 686//686
f 2154//2154 2543//2543 1680//1680
f 3477//3477 3020//3020 2862//2862
f 2157//2157 2862//2862 393//393
f 1246//1246 1681//1681 2117//2117
f 2408//2408 2156//2156 2155//2155
f 2895//2895 1681//1681 1246//1246
f 2895//2895 2408//2408 2155//2155
f 118//118 2117//2117 113//113
f 3477//3477 1247//1247 3020//3020
f 2155//2155 2156//2156 916//916
f 2733//2733 1681//1681 2155//2155
f 2732//2732 113//113 2117//2117
f 113//113 2732//2732 112//112
f 1682//1682 1681//1681 2733//2733
f 2157//2157 1466//1466 3477//3477
f 2733//2733 916//916 2159//2159
f 2733//2733 1683//1683 1682//1682
f 2160//2160 2158//2158 1683//1683
f 2158//2158 2160//2160 2964//2964
f 2547//2547 406//406 1466//1466
f 119//119 2964//2964 120//120
f 2159//2159 3316//3316 2735//2735
f 2160//2160 1685//1685 1862//1862
f 2162//2162 1684//1684 2735//2735
f 120//120 1862//1862 125//125
f 2735//2735 917//917 2162//2162
f 2162//2162 917//917 2737//2737
f 2163//2163 125//125 1862//1862
f 125//125 2163//2163 116//116
f 2410//2410 2162//2162 2737//2737
f 2410//2410 918//918 2162//2162
f 2163//2163 2118//2118 116//116
f 2120//2120 2736//2736 2863//2863
f 2863//2863 1461//1461 2120//2120
f 2737//2737 2736//2736 2120//2120
f 2410//2410 2737//2737 689//689
f 410//410 394//394 2545//2545
f 148//148 2718//2718 159//159
f 2738//2738 159//159 2718//2718
f 2122//2122 903//903 690//690
f 1687//1687 1250//1250 2122//2122
f 2122//2122 2739//2739 1687//1687
f 2738//2738 1687//1687 1688//1688
f 409//409 2739//2739 690//690
f 1688//1688 2740//2740 2738//2738
f 1252//1252 3053//3053 3052//3052
f 2165//2165 2412//2412 3053//3053
f 1953//1953 1689//1689 3053//3053
f 147//147 156//156 2314//2314
f 2165//2165 2314//2314 156//156
f 1689//1689 1953//1953 2312//2312
f 2312//2312 1953//1953 3027//3027
f 2888//2888 147//147 2314//2314
f 920//920 2742//2742 919//919
f 114//114 2743//2743 115//115
f 2744//2744 2742//2742 920//920
f 115//115 2743//2743 3258//3258
f 2744//2744 2166//2166 2742//2742
f 2744//2744 921//921 2745//2745
f 1256//1256 2414//2414 1255//1255
f 3093//3093 1690//1690 1691//1691
f 2746//2746 132//132 3093//3093
f 1256//1256 412//412 2414//2414
f 132//132 2746//2746 138//138
f 2747//2747 1691//1691 2745//2745
f 414//414 412//412 1256//1256
f 1693//1693 2168//2168 1691//1691
f 138//138 2746//2746 134//134
f 1695//1695 2168//2168 1693//1693
f 2168//2168 1695//1695 2750//2750
f 2749//2749 2751//2751 1694//1694
f 2747//2747 1694//1694 1693//1693
f 134//134 2168//2168 2750//2750
f 2750//2750 1695//1695 2687//2687
f 3590//3590 1469//1469 2952//2952
f 922//922 1694//1694 2316//2316
f 139//139 2680//2680 165//165
f 2170//2170 165//165 2680//2680
f 2171//2171 164//164 2170//2170
f 163//163 164//164 2171//2171
f 413//413 1956//1956 3277//3277
f 2753//2753 163//163 2171//2171
f 1697//1697 2754//2754 2753//2753
f 163//163 2753//2753 162//162
f 1078//1078 2551//2551 2754//2754
f 161//161 2417//2417 160//160
f 3197//3197 3220//3220 2755//2755
f 2892//2892 160//160 2417//2417
f 160//160 2892//2892 150//150
f 1698//1698 2092//2092 1263//1263
f 415//415 2756//2756 388//388
f 2757//2757 2172//2172 1698//1698
f 1699//1699 3577//3577 2172//2172
f 2758//2758 137//137 3586//3586
f 1266//1266 2172//2172 923//923
f 2420//2420 2172//2172 1266//1266
f 2172//2172 2420//2420 1699//1699
f 137//137 2758//2758 2759//2759
f 2419//2419 417//417 1265//1265
f 1477//1477 1268//1268 1476//1476
f 1267//1267 2557//2557 2419//2419
f 2420//2420 2175//2175 3369//3369
f 2419//2419 2174//2174 2421//2421
f 129//129 2759//2759 126//126
f 126//126 3467//3467 117//117
f 2175//2175 1701//1701 3369//3369
f 2421//2421 2177//2177 2175//2175
f 2177//2177 2421//2421 2760//2760
f 1701//1701 1702//1702 2176//2176
f 1701//1701 2422//2422 1702//1702
f 420//420 1269//1269 1270//1270
f 2177//2177 2760//2760 2422//2422
f 2095//2095 2760//2760 420//420
f 1079//1079 2093//2093 1866//1866
f 2318//2318 2422//2422 696//696
f 422//422 389//389 2554//2554
f 145//145 2706//2706 170//170
f 2097//2097 2761//2761 1703//1703
f 2180//2180 2761//2761 3289//3289
f 419//419 2555//2555 2762//2762
f 2762//2762 697//697 2763//2763
f 1868//1868 167//167 2182//2182
f 167//167 1868//1868 166//166
f 2885//2885 166//166 1868//1868
f 166//166 2885//2885 144//144
f 1479//1479 1886//1886 1380//1380
f 171//171 3137//3137 3221//3221
f 1281//1281 2184//2184 2186//2186
f 2184//2184 2185//2185 705//705
f 2425//2425 705//705 2185//2185
f 2425//2425 882//882 705//705
f 882//882 2425//2425 140//140
f 705//705 882//882 380//380
f 1085//1085 2969//2969 935//935
f 2969//2969 380//380 881//881
f 1284//1284 2765//2765 938//938
f 937//937 1993//1993 1566//1566
f 1083//1083 2606//2606 435//435
f 708//708 2278//2278 1716//1716
f 1715//1715 2766//2766 939//939
f 2901//2901 2479//2479 1388//1388
f 1084//1084 1891//1891 185//185
f 2767//2767 1990//1990 1287//1287
f 2603//2603 436//436 1719//1719
f 2271//2271 1720//1720 724//724
f 2768//2768 942//942 1721//1721
f 2474//2474 1383//1383 1288//1288
f 1888//1888 176//176 1087//1087
f 954//954 1293//1293 953//953
f 1488//1488 1870//1870 1312//1312
f 1726//1726 2430//2430 952//952
f 1486//1486 2769//2769 1727//1727
f 2770//2770 957//957 1733//1733
f 1962//1962 1517//1517 1296//1296
f 2207//2207 1735//1735 737//737
f 1734//1734 3505//3505 1738//1738
f 964//964 2319//2319 2187//2187
f 2319//2319 964//964 1497//1497
f 2187//2187 2202//2202 739//739
f 964//964 2970//2970 464//464
f 739//739 2426//2426 2188//2188
f 2426//2426 739//739 2200//2200
f 2426//2426 898//898 2188//2188
f 898//898 2426//2426 146//146
f 1096//1096 2189//2189 966//966
f 2189//2189 1096//1096 2561//2561
f 2189//2189 390//390 897//897
f 1298//1298 3383//3383 2483//2483
f 1299//1299 2772//2772 1743//1743
f 736//736 2281//2281 204//204
f 2773//2773 973//973 1746//1746
f 1997//1997 1568//1568 1301//1301
f 2774//2774 974//974 1505//1505
f 1894//1894 205//205 3435//3435
f 2190//2190 233//233 1752//1752
f 3538//3538 2192//2192 2195//2195
f 2427//2427 2194//2194 2193//2193
f 2427//2427 892//892 2194//2194
f 892//892 2427//2427 142//142
f 2195//2195 756//756 1101//1101
f 756//756 386//386 891//891
f 1514//1514 1889//1889 1385//1385
f 750//750 2775//2775 1755//1755
f 2190//2190 1308//1308 227//227
f 1509//1509 752//752 481//481
f 764//764 2196//2196 762//762
f 763//763 2197//2197 2183//2183
f 2198//2198 763//763 976//976
f 763//763 2183//2183 932//932
f 1960//1960 3123//3123 765//765
f 766//766 2199//2199 2191//2191
f 2937//2937 901//901 732//732
f 1493//1493 2201//2201 438//438
f 769//769 1869//1869 2201//2201
f 768//768 2200//2200 2202//2202
f 3541//3541 949//949 1291//1291
f 234//234 3429//3429 3101//3101
f 1727//1727 2769//2769 1757//1757
f 2429//2429 952//952 987//987
f 952//952 2429//2429 2769//2769
f 2205//2205 489//489 444//444
f 1491//1491 2560//2560 1762//1762
f 2560//2560 731//731 2566//2566
f 3139//3139 2566//2566 731//731
f 2565//2565 1316//1316 771//771
f 3096//3096 3164//3164 2777//2777
f 3096//3096 1761//1761 989//989
f 1759//1759 2986//2986 2778//2778
f 1961//1961 489//489 991//991
f 3100//3100 3439//3439 2564//2564
f 1314//1314 2984//2984 3100//3100
f 959//959 2771//2771 988//988
f 3164//3164 988//988 2771//2771
f 3164//3164 2771//2771 1735//1735
f 2207//2207 456//456 2206//2206
f 3164//3164 1735//1735 1758//1758
f 772//772 2770//2770 1732//1732
f 204//204 492//492 3227//3227
f 772//772 3303//3303 2258//2258
f 1317//1317 2225//2225 992//992
f 2225//2225 1765//1765 992//992
f 502//502 3457//3457 2573//2573
f 249//249 2786//2786 240//240
f 3454//3454 1327//1327 1766//1766
f 1779//1779 240//240 1363//1363
f 243//243 2458//2458 280//280
f 245//245 3482//3482 253//253
f 2453//2453 3513//3513 1525//1525
f 1112//1112 236//236 3443//3443
f 1874//1874 2239//2239 2238//2238
f 254//254 1875//1875 241//241
f 1010//1010 2437//2437 775//775
f 248//248 1774//1774 246//246
f 2208//2208 1324//1324 1124//1124
f 2208//2208 780//780 2436//2436
f 780//780 2208//2208 1124//1124
f 2209//2209 3251//3251 2210//2210
f 3054//3054 2209//2209 995//995
f 780//780 1124//1124 3264//3264
f 1881//1881 794//794 2439//2439
f 3264//3264 2439//2439 1320//1320
f 2442//2442 2568//2568 1320//1320
f 2211//2211 2569//2569 1545//1545
f 1522//1522 1767//1767 2570//2570
f 3169//3169 2570//2570 1767//1767
f 1321//1321 1013//1013 3132//3132
f 1768//1768 2467//2467 1108//1108
f 1325//1325 1108//1108 2467//2467
f 2444//2444 1768//1768 1003//1003
f 2784//2784 2785//2785 2212//2212
f 2213//2213 2212//2212 2572//2572
f 2572//2572 2445//2445 502//502
f 2221//2221 2214//2214 1318//1318
f 2440//2440 995//995 2447//2447
f 2214//2214 2447//2447 2215//2215
f 995//995 2210//2210 2446//2446
f 2446//2446 2216//2216 2448//2448
f 2210//2210 2590//2590 2216//2216
f 2590//2590 1545//1545 2569//2569
f 2216//2216 2569//2569 1523//1523
f 2216//2216 1523//1523 2571//2571
f 2448//2448 2571//2571 2449//2449
f 2450//2450 2217//2217 3023//3023
f 2217//2217 2574//2574 1524//1524
f 2218//2218 1524//1524 2575//2575
f 239//239 2575//2575 249//249
f 1333//1333 2573//2573 3457//3457
f 500//500 503//503 502//502
f 1330//1330 2576//2576 1110//1110
f 1879//1879 1111//1111 2787//2787
f 2244//2244 1879//1879 2787//2787
f 3329//3329 2791//2791 2577//2577
f 1770//1770 2799//2799 1774//1774
f 521//521 2793//2793 773//773
f 1003//1003 2327//2327 3133//3133
f 260//260 1986//1986 245//245
f 1772//1772 1327//1327 3482//3482
f 3482//3482 1327//1327 253//253
f 2236//2236 1766//1766 1772//1772
f 1555//1555 244//244 2223//2223
f 1104//1104 241//241 1875//1875
f 498//498 2788//2788 3399//3399
f 511//511 3399//3399 2788//2788
f 3183//3183 1111//1111 1879//1879
f 1972//1972 2790//2790 509//509
f 2972//2972 2224//2224 3385//3385
f 267//267 2454//2454 256//256
f 1771//1771 3326//3326 525//525
f 259//259 3445//3445 266//266
f 494//494 2793//2793 1535//1535
f 2455//2455 994//994 1002//1002
f 2226//2226 2573//2573 1333//1333
f 1333//1333 2455//2455 2226//2226
f 2320//2320 3260//3260 2226//2226
f 2786//2786 249//249 2575//2575
f 1521//1521 776//776 777//777
f 1973//1973 1349//1349 2326//2326
f 1007//1007 2236//2236 811//811
f 1986//1986 3482//3482 245//245
f 2453//2453 781//781 2325//2325
f 1540//1540 3075//3075 1880//1880
f 498//498 3399//3399 3326//3326
f 3364//3364 2806//2806 1350//1350
f 2229//2229 3364//3364 1350//1350
f 3167//3167 2795//2795 1773//1773
f 2867//2867 1773//1773 2461//2461
f 1331//1331 3487//3487 1528//1528
f 2224//2224 2972//2972 1324//1324
f 510//510 513//513 3329//3329
f 1324//1324 2454//2454 2224//2224
f 240//240 1779//1779 263//263
f 258//258 2231//2231 248//248
f 2250//2250 275//275 2978//2978
f 2796//2796 520//520 792//792
f 1123//1123 2797//2797 1332//1332
f 2793//2793 521//521 1535//1535
f 3130//3130 1006//1006 992//992
f 494//494 3198//3198 2793//2793
f 2792//2792 2458//2458 243//243
f 3405//3405 2459//2459 1336//1336
f 2798//2798 1336//1336 2459//2459
f 2329//2329 788//788 2585//2585
f 2585//2585 2237//2237 3269//3269
f 2586//2586 1337//1337 2795//2795
f 1012//1012 1778//1778 1116//1116
f 2331//2331 1532//1532 785//785
f 1532//1532 2331//2331 1539//1539
f 2586//2586 512//512 2240//2240
f 2240//2240 2790//2790 1972//1972
f 993//993 2459//2459 1764//1764
f 250//250 2800//2800 247//247
f 267//267 261//261 2224//2224
f 251//251 2438//2438 794//794
f 1783//1783 2806//2806 1364//1364
f 257//257 2792//2792 243//243
f 1342//1342 1977//1977 2242//2242
f 1977//1977 1342//1342 2832//2832
f 2801//2801 3102//3102 1344//1344
f 1345//1345 1344//1344 3102//3102
f 2976//2976 2804//2804 806//806
f 2465//2465 1781//1781 524//524
f 1122//1122 2241//2241 1827//1827
f 2241//2241 1122//1122 2588//2588
f 1827//1827 2241//2241 1343//1343
f 1020//1020 2465//2465 524//524
f 2465//2465 1020//1020 1343//1343
f 241//241 2978//2978 275//275
f 526//526 3326//3326 505//505
f 3326//3326 526//526 3444//3444
f 1010//1010 2233//2233 1347//1347
f 2978//2978 1784//1784 2250//2250
f 1549//1549 2255//2255 1332//1332
f 2326//2326 1967//1967 1973//1973
f 2794//2794 1334//1334 1131//1131
f 1109//1109 1875//1875 1328//1328
f 2243//2243 999//999 1329//1329
f 250//250 2799//2799 2800//2800
f 2224//2224 261//261 3385//3385
f 2229//2229 1323//1323 3364//3364
f 1767//1767 3222//3222 2246//2246
f 1782//1782 2814//2814 2245//2245
f 2814//2814 996//996 2785//2785
f 2245//2245 2785//2785 2784//2784
f 1767//1767 2246//2246 3169//3169
f 3169//3169 2784//2784 1964//1964
f 996//996 2814//2814 1018//1018
f 2806//2806 1783//1783 3132//3132
f 2247//2247 3222//3222 510//510
f 3132//3132 2444//2444 1321//1321
f 2792//2792 257//257 3263//3263
f 2974//2974 3223//3223 1015//1015
f 3223//3223 2248//2248 2815//2815
f 2472//2472 1345//1345 1025//1025
f 1344//1344 2472//2472 3223//3223
f 2248//2248 3223//3223 2472//2472
f 284//284 275//275 3394//3394
f 2250//2250 1784//1784 1348//1348
f 1793//1793 2250//2250 1348//1348
f 275//275 2250//2250 3394//3394
f 2249//2249 1785//1785 1021//1021
f 2818//2818 1353//1353 1882//1882
f 1793//1793 2268//2268 800//800
f 2808//2808 1356//1356 2260//2260
f 1356//1356 2808//2808 3104//3104
f 2809//2809 3105//3105 2941//2941
f 1787//1787 2941//2941 3105//3105
f 1356//1356 1786//1786 2468//2468
f 2810//2810 3528//3528 1354//1354
f 1129//1129 2811//2811 3106//3106
f 3470//3470 2253//2253 1354//1354
f 533//533 3528//3528 529//529
f 2253//2253 3470//3470 2254//2254
f 285//285 2252//2252 3470//3470
f 2470//2470 1883//1883 3445//3445
f 2470//2470 1357//1357 3438//3438
f 2469//2469 1358//1358 2812//2812
f 1550//1550 2779//2779 1829//1829
f 3098//3098 1550//1550 1789//1789
f 3100//3100 3438//3438 3439//3439
f 2982//2982 2868//2868 539//539
f 1359//1359 2984//2984 1883//1883
f 539//539 2813//2813 2982//2982
f 1560//1560 791//791 2813//2813
f 2780//2780 791//791 3101//3101
f 1359//1359 3100//3100 2984//2984
f 1358//1358 3099//3099 2985//2985
f 2779//2779 1550//1550 3098//3098
f 792//792 2778//2778 2986//2986
f 2778//2778 792//792 520//520
f 2257//2257 792//792 2986//2986
f 2778//2778 520//520 3097//3097
f 2777//2777 1362//1362 3096//3096
f 2328//2328 2333//2333 1760//1760
f 2333//2333 786//786 2776//2776
f 1542//1542 1018//1018 2814//2814
f 1782//1782 2247//2247 3437//3437
f 3537//3537 1783//1783 1364//1364
f 281//281 2267//2267 278//278
f 1800//1800 795//795 3420//3420
f 2815//2815 2248//2248 1551//1551
f 2817//2817 789//789 3583//3583
f 2600//2600 1562//1562 1026//1026
f 2232//2232 3589//3589 799//799
f 1793//1793 3394//3394 2250//2250
f 1785//1785 525//525 2818//2818
f 3357//3357 1355//1355 1353//1353
f 1355//1355 1882//1882 1353//1353
f 1021//1021 2260//2260 1024//1024
f 811//811 2599//2599 2263//2263
f 1824//1824 276//276 3259//3259
f 2587//2587 803//803 1378//1378
f 2262//2262 795//795 1341//1341
f 531//531 2988//2988 2595//2595
f 538//538 2591//2591 532//532
f 2595//2595 2988//2988 538//538
f 1984//1984 530//530 2248//2248
f 1369//1369 2815//2815 1551//1551
f 526//526 1775//1775 1985//1985
f 1559//1559 2820//2820 540//540
f 2993//2993 2263//2263 3468//3468
f 2263//2263 2993//2993 1794//1794
f 2824//2824 3468//3468 1035//1035
f 1371//1371 540//540 544//544
f 2822//2822 812//812 1561//1561
f 812//812 2822//2822 2991//2991
f 2822//2822 1561//1561 3108//3108
f 2823//2823 1371//1371 3109//3109
f 1796//1796 3110//3110 1794//1794
f 1553//1553 2827//2827 2826//2826
f 2827//2827 1553//1553 534//534
f 2829//2829 1556//1556 1797//1797
f 2828//2828 534//534 809//809
f 534//534 2828//2828 2827//2827
f 1799//1799 2265//2265 1376//1376
f 2831//2831 3112//3112 813//813
f 801//801 1979//1979 3331//3331
f 1374//1374 2594//2594 1776//1776
f 3445//3445 2256//2256 3415//3415
f 1349//1349 3165//3165 2326//2326
f 280//280 3259//3259 276//276
f 516//516 2587//2587 1378//1378
f 278//278 3263//3263 257//257
f 1351//1351 2832//2832 1830//1830
f 1351//1351 1800//1800 2832//2832
f 2833//2833 270//270 282//282
f 1342//1342 2833//2833 1830//1830
f 1348//1348 3131//3131 2268//2268
f 1037//1037 2266//2266 2997//2997
f 3111//3111 3566//3566 2830//2830
f 2819//2819 1034//1034 1365//1365
f 1830//1830 2832//2832 1342//1342
f 525//525 3326//3326 3444//3444
f 1793//1793 2254//2254 3394//3394
f 1348//1348 2268//2268 1793//1793
f 262//262 545//545 2269//2269
f 2269//2269 2840//2840 262//262
f 171//171 3221//3221 2269//2269
f 930//930 3395//3395 2764//2764
f 429//429 2559//2559 546//546
f 2602//2602 2558//2558 710//710
f 1888//1888 3341//3341 816//816
f 1045//1045 2272//2272 2834//2834
f 2272//2272 1805//1805 2834//2834
f 2601//2601 816//816 517//517
f 2270//2270 547//547 1016//1016
f 2976//2976 1781//1781 2274//2274
f 2834//2834 1780//1780 3319//3319
f 817//817 3431//3431 3080//3080
f 3431//3431 2593//2593 3080//3080
f 1804//1804 2602//2602 3078//3078
f 2940//2940 1804//1804 3078//3078
f 1044//1044 3076//3076 1547//1547
f 1382//1382 3077//3077 2592//2592
f 1803//1803 3395//3395 3000//3000
f 942//942 2768//2768 1045//1045
f 2272//2272 1045//1045 2768//2768
f 2272//2272 2768//2768 1720//1720
f 2603//2603 547//547 436//436
f 2271//2271 436//436 2270//2270
f 2272//2272 1720//1720 1805//1805
f 818//818 2767//2767 1718//1718
f 2835//2835 818//818 2273//2273
f 1718//1718 2273//2273 818//818
f 2835//2835 234//234 2804//2804
f 818//818 2835//2835 3180//3180
f 279//279 548//548 2275//2275
f 2275//2275 3108//3108 279//279
f 1755//1755 2775//2775 1807//1807
f 2775//2775 986//986 2477//2477
f 2604//2604 2477//2477 986//986
f 2276//2276 549//549 488//488
f 1512//1512 2563//2563 1808//1808
f 1891//1891 1388//1388 819//819
f 1046//1046 2279//2279 2836//2836
f 2279//2279 1809//1809 2836//2836
f 2605//2605 819//819 541//541
f 2277//2277 3056//3056 1037//1037
f 2999//2999 1799//1799 2280//2280
f 2837//2837 262//262 3112//3112
f 3056//3056 2830//2830 2998//2998
f 2836//2836 1798//1798 1047//1047
f 1991//1991 549//549 1036//1036
f 3506//3506 2994//2994 2824//2824
f 3109//3109 1795//1795 2604//2604
f 1387//1387 2992//2992 2823//2823
f 1806//1806 2991//2991 2822//2822
f 939//939 2766//2766 1046//1046
f 2279//2279 1046//1046 2766//2766
f 2279//2279 2766//2766 1716//1716
f 550//550 2277//2277 435//435
f 2278//2278 435//435 2277//2277
f 2279//2279 1716//1716 1809//1809
f 820//820 2765//2765 1714//1714
f 171//171 545//545 3113//3113
f 3094//3094 171//171 3113//3113
f 262//262 2837//2837 545//545
f 820//820 2837//2837 2831//2831
f 3427//3427 492//492 204//204
f 204//204 2281//2281 3427//3427
f 1743//1743 2772//2772 1812//1812
f 2772//2772 970//970 821//821
f 821//821 2482//2482 2772//2772
f 2282//2282 551//551 469//469
f 1500//1500 2562//2562 1813//1813
f 2562//2562 742//742 2609//2609
f 1894//1894 1394//1394 822//822
f 2608//2608 822//822 528//528
f 2981//2981 1788//1788 2285//2285
f 1815//1815 3104//3104 2808//2808
f 822//822 1815//1815 2979//2979
f 1994//1994 551//551 807//807
f 3212//3212 1996//1996 1552//1552
f 1996//1996 2598//2598 2943//2943
f 1816//1816 3081//3081 2597//2597
f 3107//3107 3370//3370 2607//2607
f 1392//1392 2990//2990 3107//3107
f 1811//1811 2989//2989 2817//2817
f 974//974 2774//2774 1048//1048
f 1814//1814 1048//1048 2774//2774
f 1814//1814 2774//2774 1748//1748
f 2284//2284 474//474 2283//2283
f 823//823 2773//2773 1745//1745
f 279//279 3106//3106 548//548
f 2838//2838 64//64 65//65
f 80//80 2838//2838 65//65
f 211//211 2841//2841 553//553
f 1831//1831 554//554 261//261
f 1844//1844 2945//2945 1845//1845
f 2845//2845 3585//3585 378//378
f 2844//2844 120//120 125//125
f 3489//3489 2851//2851 361//361
f 449//449 194//194 193//193
f 166//166 466//466 465//465
f 473//473 482//482 222//222
f 3135//3135 1029//1029 533//533
f 246//246 553//553 248//248
f 258//258 2841//2841 560//560
f 2846//2846 281//281 565//565
f 228//228 230//230 594//594
f 588//588 587//587 253//253
f 1167//1167 3004//3004 1901//1901
f 1170//1170 3033//3033 3199//3199
f 615//615 2847//2847 3035//3035
f 3037//3037 3036//3036 1915//1915
f 1920//1920 2848//2848 2849//2849
f 133//133 2839//2839 3359//3359
f 647//647 646//646 2851//2851
f 2692//2692 2853//2853 3008//3008
f 3163//3163 1510//1510 750//750
f 812//812 3124//3124 815//815
f 2854//2854 8//8 9//9
f 304//304 839//839 840//840
f 1572//1572 2856//2856 848//848
f 2856//2856 30//30 31//31
f 3083//3083 1998//1998 3270//3270
f 2010//2010 2011//2011 2013//2013
f 3213//3213 54//54 2628//2628
f 64//64 3361//3361 2641//2641
f 2062//2062 3187//3187 3041//3041
f 895//895 2859//2859 2096//2096
f 902//902 2860//2860 2121//2121
f 1247//1247 406//406 1248//1248
f 2545//2545 2863//2863 1462//1462
f 945//945 455//455 956//956
f 1494//1494 455//455 445//445
f 471//471 2866//2866 1502//1502
f 2867//2867 2461//2461 1012//1012
f 2593//2593 3079//3079 1790//1790
f 2807//2807 797//797 1790//1790
f 1042//1042 2868//2868 1040//1040
f 1009//1009 518//518 3377//3377
f 2292//2292 658//658 2293//2293
f 3008//3008 2869//2869 2295//2295
f 462//462 1093//1093 743//743
f 2504//2504 2870//2870 1145//1145
f 2656//2656 609//609 3401//3401
f 3033//3033 1170//1170 3034//3034
f 2662//2662 615//615 2346//2346
f 3035//3035 1906//1906 1907//1907
f 1414//1414 1907//1907 1905//1905
f 1909//1909 2916//2916 1910//1910
f 1913//1913 2873//2873 1911//1911
f 1919//1919 3176//3176 1918//1918
f 1919//1919 1417//1417 1921//1921
f 1922//1922 2875//2875 1924//1924
f 358//358 373//373 126//126
f 2878//2878 2877//2877 2057//2057
f 2371//2371 2881//2881 3204//3204
f 2371//2371 2882//2882 2310//2310
f 2381//2381 2883//2883 2380//2380
f 2382//2382 2884//2884 3207//3207
f 2382//2382 2885//2885 2317//2317
f 2101//2101 2886//2886 2102//2102
f 2391//2391 2887//2887 2389//2389
f 2392//2392 3372//3372 3210//3210
f 2392//2392 2888//2888 2312//2312
f 2126//2126 2889//2889 2127//2127
f 2402//2402 2890//2890 2400//2400
f 2892//2892 2315//2315 2891//2891
f 2412//2412 3323//3323 2740//2740
f 2742//2742 2896//2896 2962//2962
f 2552//2552 2754//2754 2898//2898
f 2757//2757 2899//2899 2418//2418
f 1264//1264 417//417 923//923
f 2421//2421 924//924 2419//2419
f 1272//1272 1474//1474 1274//1274
f 712//712 2900//2900 1713//1713
f 1285//1285 1284//1284 938//938
f 1286//1286 2902//2902 945//945
f 975//975 1303//1303 1304//1304
f 1305//1305 2903//2903 1753//1753
f 239//239 242//242 3166//3166
f 2438//2438 1876//1876 2439//2439
f 2971//2971 1520//1520 2225//2225
f 797//797 2593//2593 1790//1790
f 1015//1015 1790//1790 517//517
f 1024//1024 1802//1802 1021//1021
f 1120//1120 2906//2906 1041//1041
f 1331//1331 1528//1528 1103//1103
f 1398//1398 2907//2907 1397//1397
f 2907//2907 599//599 1397//1397
f 306//306 3452//3452 305//305
f 306//306 2855//2855 3452//3452
f 3432//3432 3057//3057 2490//2490
f 2491//2491 3058//3058 342//342
f 2492//2492 2910//2910 2493//2493
f 2911//2911 2912//2912 2495//2495
f 2497//2497 2913//2913 3063//3063
f 1843//1843 2914//2914 2497//2497
f 1843//1843 3063//3063 3200//3200
f 2915//2915 1843//1843 1174//1174
f 3200//3200 1174//1174 1843//1843
f 1174//1174 3200//3200 1175//1175
f 1415//1415 1175//1175 2498//2498
f 2499//2499 328//328 2919//2919
f 2918//2918 2919//2919 2500//2500
f 1921//1921 1417//1417 2874//2874
f 2920//2920 2875//2875 2874//2874
f 2507//2507 3328//3328 3067//3067
f 3246//3246 2508//2508 2922//2922
f 1185//1185 3246//3246 2354//2354
f 2945//2945 3069//3069 313//313
f 2924//2924 2510//2510 3147//3147
f 2055//2055 1193//1193 2926//2926
f 2926//2926 2878//2878 2055//2055
f 1062//1062 1430//1430 2515//2515
f 1063//1063 2927//2927 2049//2049
f 2085//2085 3294//3294 3281//3281
f 2099//2099 1215//1215 2931//2931
f 2931//2931 2101//2101 2099//2099
f 2890//2890 2402//2402 2935//2935
f 3582//3582 1955//1955 1471//1471
f 2755//2755 2551//2551 3074//3074
f 1281//1281 2901//2901 713//713
f 2901//2901 1281//1281 1485//1485
f 1485//1485 1281//1281 1082//1082
f 1705//1705 706//706 1706//1706
f 147//147 2937//2937 454//454
f 732//732 1493//1493 719//719
f 745//745 3383//3383 3229//3229
f 474//474 1097//1097 1747//1747
f 765//765 766//766 2866//2866
f 3326//3326 1771//1771 498//498
f 1977//1977 3029//3029 2242//2242
f 2939//2939 1827//1827 1343//1343
f 2942//2942 2597//2597 1982//1982
f 1034//1034 2819//2819 2595//2595
f 534//534 2906//2906 809//809
f 2906//2906 534//534 1041//1041
f 2854//2854 1138//1138 3453//3453
f 312//312 2612//2612 2611//2611
f 2616//2616 317//317 318//318
f 2619//2619 323//323 2621//2621
f 2630//2630 2947//2947 2948//2948
f 2948//2948 2632//2632 2631//2631
f 3255//3255 1610//1610 2648//2648
f 2926//2926 2950//2950 2877//2877
f 2056//2056 1647//1647 2058//2058
f 2952//2952 2063//2063 2897//2897
f 879//879 2048//2048 1200//1200
f 1645//1645 1431//1431 3215//3215
f 3087//3087 3011//3011 2366//2366
f 3087//3087 2954//2954 2403//2403
f 663//663 3436//3436 1435//1435
f 2311//2311 2894//2894 2374//2374
f 2955//2955 2076//2076 2894//2894
f 1213//1213 2957//2957 2698//2698
f 2700//2700 3043//3043 2373//2373
f 2418//2418 3088//3088 2959//2959
f 3091//3091 3050//3050 2395//2395
f 1251//1251 1664//1664 3224//3224
f 3323//3323 2412//2412 2165//2165
f 411//411 2965//2965 920//920
f 2965//2965 921//921 2744//2744
f 2965//2965 2414//2414 3496//3496
f 2414//2414 2965//2965 411//411
f 3074//3074 3196//3196 2755//2755
f 2756//2756 2967//2967 2968//2968
f 2968//2968 1265//1265 1264//1264
f 1265//1265 2968//2968 2967//2967
f 2969//2969 705//705 380//380
f 2900//2900 1283//1283 3343//3343
f 2900//2900 712//712 186//186
f 2970//2970 2187//2187 739//739
f 493//493 504//504 1874//1874
f 504//504 495//495 497//497
f 3166//3166 242//242 1520//1520
f 1520//1520 2971//2971 2218//2218
f 1521//1521 500//500 502//502
f 3166//3166 1520//1520 2218//2218
f 2867//2867 1530//1530 1773//1773
f 2973//2973 798//798 3262//3262
f 2975//2975 2803//2803 1343//1343
f 806//806 524//524 2976//2976
f 1781//1781 2976//2976 524//524
f 2588//2588 3103//3103 1016//1016
f 2977//2977 283//283 270//270
f 2246//2246 1782//1782 2245//2245
f 2809//2809 2468//2468 1786//1786
f 491//491 1829//1829 2779//2779
f 2983//2983 2813//2813 2780//2780
f 2987//2987 2471//2471 2777//2777
f 1791//1791 1792//1792 3107//3107
f 2989//2989 2816//2816 2817//2817
f 2992//2992 1885//1885 2823//2823
f 2997//2997 2266//2266 1556//1556
f 2996//2996 2827//2827 2828//2828
f 176//176 1888//1888 816//816
f 185//185 1891//1891 819//819
f 205//205 1894//1894 822//822
f 2939//2939 283//283 2977//2977
f 3140//3140 3000//3000 1547//1547
f 3058//3058 341//341 2843//2843
f 3001//3001 2505//2505 2506//2506
f 75//75 74//74 2851//2851
f 366//366 875//875 1644//1644
f 2879//2879 1200//1200 3337//3337
f 887//887 1205//1205 2374//2374
f 1954//1954 1260//1260 3525//3525
f 2904//2904 3487//3487 2451//2451
f 3120//3120 595//595 292//292
f 1403//1403 3002//3002 1155//1155
f 1404//1404 3002//3002 1403//1403
f 606//606 3371//3371 2286//2286
f 1898//1898 1899//1899 609//609
f 2343//2343 1898//1898 1162//1162
f 3199//3199 3004//3004 1168//1168
f 1170//1170 3199//3199 1168//1168
f 614//614 3265//3265 2345//2345
f 1903//1903 1171//1171 3158//3158
f 1906//1906 3035//3035 2847//2847
f 1174//1174 2916//2916 2915//2915
f 2916//2916 1174//1174 2872//2872
f 1910//1910 1913//1913 1911//1911
f 1912//1912 2873//2873 1914//1914
f 1914//1914 2873//2873 1913//1913
f 3037//3037 1915//1915 1176//1176
f 3005//3005 1918//1918 1147//1147
f 3176//3176 2849//2849 2848//2848
f 2875//2875 1922//1922 2874//2874
f 3171//3171 2875//2875 2920//2920
f 3288//3288 2850//2850 625//625
f 1183//1183 1924//1924 1182//1182
f 2921//2921 3186//3186 1183//1183
f 626//626 627//627 2353//2353
f 1422//1422 2357//2357 1187//1187
f 3006//3006 1930//1930 1423//1423
f 1155//1155 1930//1930 3006//3006
f 1063//1063 3256//3256 2292//2292
f 1933//1933 3007//3007 3205//3205
f 2150//2150 1437//1437 2080//2080
f 1935//1935 3009//3009 3172//3172
f 2739//2739 1950//1950 1688//1688
f 779//779 1001//1001 1970//1970
f 848//848 2856//2856 849//849
f 2003//2003 2339//2339 1578//1578
f 2946//2946 2006//2006 2002//2002
f 3253//3253 3010//3010 1582//1582
f 1590//1590 2016//2016 2626//2626
f 2647//2647 2030//2030 346//346
f 2648//2648 3362//3362 2031//2031
f 1177//1177 2348//2348 1621//1621
f 3333//3333 1621//1621 2348//2348
f 2369//2369 3012//3012 1430//1430
f 648//648 3013//3013 1424//1424
f 2953//2953 1424//1424 3013//3013
f 3014//3014 2372//2372 1203//1203
f 3436//3436 1201//1201 1435//1435
f 2075//2075 3016//3016 1642//1642
f 1657//1657 3363//3363 3305//3305
f 2859//2859 2095//2095 1473//1473
f 2096//2096 2859//2859 1214//1214
f 1216//1216 2886//2886 2931//2931
f 1661//1661 2886//2886 1216//1216
f 3017//3017 2386//2386 1220//1220
f 2860//2860 2120//2120 1461//1461
f 2121//2121 2860//2860 1224//1224
f 3018//3018 2397//2397 1229//1229
f 3117//3117 2960//2960 3020//3020
f 3021//3021 2864//2864 3374//3374
f 3022//3022 2865//2865 2968//2968
f 1264//1264 2959//2959 3022//3022
f 3023//3023 2218//2218 2971//2971
f 2218//2218 3023//3023 1524//1524
f 2781//2781 1318//1318 1317//1317
f 2229//2229 1115//1115 1323//1323
f 2220//2220 1542//1542 3437//3437
f 1532//1532 1539//1539 2240//2240
f 1562//1562 2596//2596 1026//1026
f 1802//1802 1024//1024 1978//1978
f 1154//1154 2287//2287 1052//1052
f 1062//1062 2927//2927 2291//2291
f 1062//1062 657//657 2927//2927
f 2292//2292 2293//2293 1063//1063
f 3136//3136 1063//1063 2293//2293
f 2518//2518 3206//3206 1064//1064
f 2929//2929 661//661 2079//2079
f 3025//3025 2295//2295 3542//3542
f 2295//2295 3025//3025 3008//3008
f 3206//3206 2296//2296 3151//3151
f 2296//2296 3206//3206 2929//2929
f 1818//1818 1066//1066 671//671
f 1819//1819 1069//1069 678//678
f 2330//2330 1826//1826 2332//2332
f 3368//3368 1157//1157 606//606
f 1406//1406 1158//1158 1159//1159
f 1900//1900 2343//2343 1410//1410
f 3031//3031 1901//1901 1900//1900
f 611//611 3032//3032 613//613
f 3033//3033 614//614 1902//1902
f 3034//3034 1412//1412 1904//1904
f 1412//1412 1170//1170 3060//3060
f 1170//1170 1412//1412 3034//3034
f 2025//2025 336//336 1152//1152
f 615//615 3035//3035 616//616
f 616//616 1908//1908 617//617
f 1910//1910 1911//1911 1909//1909
f 617//617 1911//1911 2873//2873
f 618//618 617//617 2873//2873
f 3036//3036 619//619 1914//1914
f 3037//3037 1178//1178 1917//1917
f 3005//3005 1919//1919 1918//1918
f 623//623 3038//3038 624//624
f 1922//1922 3332//3332 3038//3038
f 1924//1924 1923//1923 3332//3332
f 624//624 3332//3332 2850//2850
f 1182//1182 2875//2875 1181//1181
f 625//625 3186//3186 626//626
f 1419//1419 2921//2921 1184//1184
f 631//631 3148//3148 632//632
f 2951//2951 658//658 1432//1432
f 3039//3039 2366//2366 2367//2367
f 879//879 1200//1200 2858//2858
f 1639//1639 3040//3040 648//648
f 3040//3040 1639//1639 2064//2064
f 2063//2063 3041//3041 2897//2897
f 2880//2880 883//883 3407//3407
f 885//885 3042//3042 382//382
f 3204//3204 3188//3188 2371//2371
f 659//659 3026//3026 682//682
f 3026//3026 659//659 2881//2881
f 2310//2310 3026//3026 2371//2371
f 3280//3280 3436//3436 663//663
f 3043//3043 3142//3142 2373//2373
f 2373//2373 1202//1202 3044//3044
f 1642//1642 3016//3016 650//650
f 1205//1205 3226//3226 1204//1204
f 3016//3016 1204//1204 3226//3226
f 2956//2956 662//662 3045//3045
f 2087//2087 888//888 3281//3281
f 2883//2883 889//889 3349//3349
f 2380//2380 3190//3190 2381//2381
f 894//894 3046//3046 387//387
f 3207//3207 3191//3191 2382//2382
f 667//667 3028//3028 695//695
f 3028//3028 667//667 2884//2884
f 2317//2317 3028//3028 2382//2382
f 696//696 2859//2859 895//895
f 2102//2102 3469//3469 2101//2101
f 2385//2385 3090//3090 3509//3509
f 2701//2701 3392//3392 1853//1853
f 392//392 2112//2112 900//900
f 2887//2887 2390//2390 2389//2389
f 2390//2390 2887//2887 899//899
f 2389//2389 2112//2112 2391//2391
f 901//901 3048//3048 392//392
f 3210//3210 3193//3193 2392//2392
f 673//673 3372//3372 688//688
f 2312//2312 3027//3027 2392//2392
f 3372//3372 2392//2392 3027//3027
f 689//689 2860//2860 902//902
f 2127//2127 3365//3365 2126//2126
f 3049//3049 3091//3091 2396//2396
f 2395//2395 1856//1856 1855//1855
f 2714//2714 3393//3393 1857//1857
f 2401//2401 2890//2890 905//905
f 2400//2400 3195//3195 2402//2402
f 907//907 3051//3051 398//398
f 3051//3051 907//907 2891//2891
f 150//150 2891//2891 907//907
f 680//680 3295//3295 3197//3197
f 919//919 2962//2962 908//908
f 1474//1474 1273//1273 418//418
f 2206//2206 3284//3284 990//990
f 3099//3099 991//991 489//489
f 3230//3230 1967//1967 2436//2436
f 2451//2451 3537//3537 1364//1364
f 3055//3055 1317//1317 1318//1318
f 2451//2451 1331//1331 1824//1824
f 2977//2977 270//270 2833//2833
f 1022//1022 1352//1352 1028//1028
f 547//547 2975//2975 1016//1016
f 550//550 3056//3056 2277//2277
f 2283//2283 3285//3285 1023//1023
f 2942//2942 807//807 551//551
f 1048//1048 2485//2485 974//974
f 349//349 3057//3057 3570//3570
f 1159//1159 1404//1404 3432//3432
f 1159//1159 3002//3002 1404//1404
f 349//349 2908//2908 3057//3057
f 3085//3085 2908//2908 348//348
f 2342//2342 1898//1898 608//608
f 3058//3058 2491//2491 344//344
f 3003//3003 1408//1408 1410//1410
f 1408//1408 342//342 1165//1165
f 342//342 3058//3058 2843//2843
f 2871//2871 610//610 1899//1899
f 1841//1841 2492//2492 1166//1166
f 3032//3032 611//611 2871//2871
f 3059//3059 2493//2493 1411//1411
f 2494//2494 1411//1411 2493//2493
f 1411//1411 2494//2494 3060//3060
f 3060//3060 2494//2494 2911//2911
f 3033//3033 3034//3034 3265//3265
f 2911//2911 1172//1172 1412//1412
f 2913//2913 2497//2497 3062//3062
f 1905//1905 3170//3170 1414//1414
f 2914//2914 1843//1843 2915//2915
f 1908//1908 3035//3035 1907//1907
f 3064//3064 3063//3063 332//332
f 2948//2948 3064//3064 332//332
f 2917//2917 3200//3200 3064//3064
f 3200//3200 2917//2917 1175//1175
f 1911//1911 617//617 1908//1908
f 1175//1175 2917//2917 2498//2498
f 331//331 2917//2917 2947//2947
f 329//329 2498//2498 331//331
f 2348//2348 1177//1177 2666//2666
f 1176//1176 3065//3065 1178//1178
f 3065//3065 2499//2499 2918//2918
f 2919//2919 328//328 327//327
f 3036//3036 3037//3037 620//620
f 2918//2918 1149//1149 1178//1178
f 2350//2350 3176//3176 2848//2848
f 1921//1921 622//622 2849//2849
f 2874//2874 3038//3038 1921//1921
f 622//622 3038//3038 623//623
f 322//322 3066//3066 323//323
f 3201//3201 2507//2507 3171//3171
f 322//322 3328//3328 3066//3066
f 320//320 321//321 322//322
f 321//321 3067//3067 322//322
f 319//319 2508//2508 321//321
f 1184//1184 3283//3283 1185//1185
f 1182//1182 3283//3283 1184//1184
f 317//317 2001//2001 319//319
f 2922//2922 319//319 2001//2001
f 2922//2922 2001//2001 2354//2354
f 2338//2338 3069//3069 2923//2923
f 629//629 1580//1580 2356//2356
f 2945//2945 2925//2925 1845//1845
f 1844//1844 1845//1845 3202//3202
f 631//631 1189//1189 3148//3148
f 2925//2925 1846//1846 1845//1845
f 3549//3549 2925//2925 2944//2944
f 2925//2925 3549//3549 1846//1846
f 2361//2361 3148//3148 1930//1930
f 3070//3070 2169//2169 1427//1427
f 1931//1931 381//381 2512//2512
f 3071//3071 2514//2514 3215//3215
f 3071//3071 2061//2061 2514//2514
f 658//658 2852//2852 1432//1432
f 2370//2370 3042//3042 3204//3204
f 2881//2881 659//659 3296//3296
f 2928//2928 2516//2516 2880//2880
f 883//883 2880//2880 2516//2516
f 663//663 1435//1435 1064//1064
f 662//662 2853//2853 3045//3045
f 2853//2853 662//662 2869//2869
f 1436//1436 2869//2869 662//662
f 385//385 3152//3152 1436//1436
f 3072//3072 2150//2150 1438//1438
f 3046//3046 2381//2381 3190//3190
f 2381//2381 3046//3046 3207//3207
f 2884//2884 667//667 3297//3297
f 2930//2930 2522//2522 2883//2883
f 889//889 2883//2883 2522//2522
f 3048//3048 2391//2391 2112//2112
f 2391//2391 3048//3048 3210//3210
f 2933//2933 2529//2529 2887//2887
f 899//899 2887//2887 2529//2529
f 3051//3051 2402//2402 3195//3195
f 2402//2402 3051//3051 3211//3211
f 3295//3295 3300//3300 3301//3301
f 905//905 2890//2890 2536//2536
f 3507//3507 3480//3480 1858//1858
f 1860//1860 3073//3073 1861//1861
f 3323//3323 158//158 2740//2740
f 1465//1465 405//405 1076//1076
f 1689//1689 2314//2314 2165//2165
f 1259//1259 1692//1692 3525//3525
f 1865//1865 1955//1955 1470//1470
f 2550//2550 1262//1262 1468//1468
f 418//418 2556//2556 1275//1275
f 416//416 415//415 1957//1957
f 929//929 2559//2559 429//429
f 2937//2937 732//732 718//718
f 1106//1106 1002//1002 997//997
f 2938//2938 2580//2580 3175//3175
f 1822//1822 2867//2867 1012//1012
f 1538//1538 2330//2330 1974//1974
f 1974//1974 2330//2330 2332//2332
f 3075//3075 1121//1121 3342//3342
f 3075//3075 3342//3342 1338//1338
f 3076//3076 2592//2592 2334//2334
f 3077//3077 796//796 804//804
f 1125//1125 3078//3078 1548//1548
f 797//797 1828//1828 3080//3080
f 1548//1548 3080//3080 1828//1828
f 2941//2941 1787//1787 800//800
f 1127//1127 3081//3081 1552//1552
f 1772//1772 2905//2905 2599//2599
f 2906//2906 1554//1554 809//809
f 3083//3083 36//36 35//35
f 2612//2612 1574//1574 2611//2611
f 1999//1999 1576//1576 2614//2614
f 2004//2004 2003//2003 3157//3157
f 318//318 317//317 319//319
f 2009//2009 45//45 2007//2007
f 323//323 2619//2619 320//320
f 2009//2009 3417//3417 2620//2620
f 47//47 2010//2010 48//48
f 2017//2017 3474//3474 2015//2015
f 2015//2015 2016//2016 2017//2017
f 3474//3474 2017//2017 2628//2628
f 332//332 3063//3063 2913//2913
f 3084//3084 3312//3312 2019//2019
f 1056//1056 1617//1617 2660//2660
f 2635//2635 337//337 2949//2949
f 2637//2637 63//63 62//62
f 1614//1614 1053//1053 1817//1817
f 3158//3158 1169//1169 1903//1903
f 2288//2288 1056//1056 2660//2660
f 1625//1625 2672//2672 1626//1626
f 3068//3068 2671//2671 1626//1626
f 25//25 2671//2671 3068//3068
f 2045//2045 3086//3086 1626//1626
f 3068//3068 1626//1626 3086//3086
f 26//26 3086//3086 27//27
f 2673//2673 27//27 3086//3086
f 2682//2682 2950//2950 2926//2926
f 1647//1647 1061//1061 2683//2683
f 882//882 2950//2950 380//380
f 2950//2950 882//882 2684//2684
f 3203//3203 2056//2056 3267//3267
f 1432//1432 2852//2852 2058//2058
f 3012//3012 2369//2369 1198//1198
f 2678//2678 2966//2966 3070//3070
f 879//879 3041//3041 3187//3187
f 3225//3225 1645//1645 3013//3013
f 2953//2953 2514//2514 374//374
f 1077//1077 2879//2879 3337//3337
f 3150//3150 659//659 2688//2688
f 1651//1651 2068//2068 2686//2686
f 2861//2861 2068//2068 3007//3007
f 2367//2367 2686//2686 3039//3039
f 2861//2861 3019//3019 2068//2068
f 3019//3019 886//886 2686//2686
f 3039//3039 2686//2686 886//886
f 3087//3087 2366//2366 3039//3039
f 3087//3087 3039//3039 2954//2954
f 886//886 2954//2954 3039//3039
f 2403//2403 3011//3011 3087//3087
f 1203//1203 3043//3043 3014//3014
f 3226//3226 1653//1653 3015//3015
f 2894//2894 3292//3292 2374//2374
f 2963//2963 2691//2691 1455//1455
f 3045//3045 2853//2853 2077//2077
f 384//384 2077//2077 2853//2853
f 892//892 2957//2957 386//386
f 3153//3153 667//667 2699//2699
f 2074//2074 1652//1652 2689//2689
f 2865//2865 3022//3022 2958//2958
f 3022//3022 2959//2959 2689//2689
f 3088//3088 2689//2689 2959//2959
f 3088//3088 2700//2700 3044//3044
f 2373//2373 3044//3044 2700//2700
f 2418//2418 2899//2899 2700//2700
f 2899//2899 3014//3014 3043//3043
f 3014//3014 2899//2899 1263//1263
f 2708//2708 1216//1216 2931//2931
f 898//898 2710//2710 3486//3486
f 3472//3472 3502//3502 1219//1219
f 1217//1217 2712//2712 1662//1662
f 895//895 2096//2096 2109//2109
f 1636//1636 2528//2528 362//362
f 867//867 2110//2110 1636//1636
f 1635//1635 2388//2388 867//867
f 3154//3154 673//673 2713//2713
f 3518//3518 3089//3089 2385//2385
f 3020//3020 2960//2960 3089//3089
f 2408//2408 3090//3090 2960//2960
f 2895//2895 1246//1246 3047//3047
f 3017//3017 3047//3047 1246//1246
f 676//676 396//396 2717//2717
f 729//729 2961//2961 395//395
f 2961//2961 729//729 2723//2723
f 2401//2401 905//905 1228//1228
f 1226//1226 3495//3495 1668//1668
f 1229//1229 1856//1856 3050//3050
f 902//902 2121//2121 2135//2135
f 2535//2535 354//354 1632//1632
f 858//858 2399//2399 2136//2136
f 1631//1631 2399//2399 858//858
f 1669//1669 2141//2141 2724//2724
f 2396//2396 2724//2724 3049//3049
f 2864//2864 3021//3021 2141//2141
f 3091//3091 2395//2395 2396//2396
f 3091//3091 3049//3049 2962//2962
f 908//908 2962//2962 3049//3049
f 3091//3091 2896//2896 3050//3050
f 2896//2896 3018//3018 3050//3050
f 3018//3018 2896//2896 1253//1253
f 2404//2404 1235//1235 402//402
f 1671//1671 3476//3476 1672//1672
f 2145//2145 1672//1672 3092//3092
f 122//122 2145//2145 121//121
f 121//121 3092//3092 130//130
f 2727//2727 3092//3092 1674//1674
f 3072//3072 1242//1242 3480//3480
f 2160//2160 1862//1862 2964//2964
f 2737//2737 917//917 2736//2736
f 3052//3052 3053//3053 2412//2412
f 3053//3053 1689//1689 2165//2165
f 3161//3161 2743//2743 2142//2142
f 3093//3093 132//132 133//133
f 1690//1690 2745//2745 1691//1691
f 2180//2180 3289//3289 3592//3592
f 204//204 3227//3227 736//736
f 1101//1101 756//756 3336//3336
f 3303//3303 492//492 235//235
f 3156//3156 2565//2565 491//491
f 3227//3227 3303//3303 772//772
f 1732//1732 3227//3227 772//772
f 1545//1545 513//513 2211//2211
f 2441//2441 1876//1876 2440//2440
f 2441//2441 2440//2440 2214//2214
f 3023//3023 2217//2217 1524//1524
f 2971//2971 3055//3055 2450//2450
f 2463//2463 2787//2787 1001//1001
f 2787//2787 2463//2463 2244//2244
f 788//788 2330//2330 3405//3405
f 2461//2461 2456//2456 1012//1012
f 3103//3103 3029//3029 2802//2802
f 2802//2802 2466//2466 1780//1780
f 2465//2465 2803//2803 1781//1781
f 791//791 2804//2804 234//234
f 1827//1827 2977//2977 1122//1122
f 2904//2904 3364//3364 1323//1323
f 1356//1356 3104//3104 1786//1786
f 1787//1787 3105//3105 1023//1023
f 1129//1129 3106//3106 279//279
f 3099//3099 1360//1360 991//991
f 3098//3098 1789//1789 1763//1763
f 3096//3096 1361//1361 1761//1761
f 3108//3108 1561//1561 279//279
f 3109//3109 1371//1371 1795//1795
f 2824//2824 1035//1035 1036//1036
f 2825//2825 2821//2821 3110//3110
f 1794//1794 3110//3110 2821//2821
f 2828//2828 809//809 541//541
f 2829//2829 1797//1797 1798//1798
f 2834//2834 2802//2802 1780//1780
f 816//816 2974//2974 517//517
f 817//817 3080//3080 1548//1548
f 546//546 2940//2940 796//796
f 547//547 2270//2270 436//436
f 488//488 549//549 1991//1991
f 2837//2837 3112//3112 2831//2831
f 3056//3056 2998//2998 1037//1037
f 2836//2836 2829//2829 1798//1798
f 819//819 2828//2828 541//541
f 549//549 2824//2824 1036//1036
f 2837//2837 3113//3113 545//545
f 3113//3113 2837//2837 820//820
f 1714//1714 3113//3113 820//820
f 3113//3113 1714//1714 3094//3094
f 469//469 551//551 1994//1994
f 1048//1048 2809//2809 1786//1786
f 822//822 2979//2979 528//528
f 1996//1996 2943//2943 1552//1552
f 3106//3106 3228//3228 548//548
f 3228//3228 3106//3106 2811//2811
f 106//106 2839//2839 379//379
f 3114//3114 86//86 652//652
f 3313//3313 1642//1642 650//650
f 235//235 789//789 1119//1119
f 831//831 3141//3141 296//296
f 3116//3116 872//872 88//88
f 379//379 2839//2839 132//132
f 133//133 132//132 2839//2839
f 3114//3114 373//373 87//87
f 129//129 3114//3114 652//652
f 3117//3117 1248//1248 916//916
f 3118//3118 2267//2267 1032//1032
f 559//559 212//212 215//215
f 250//250 553//553 246//246
f 252//252 826//826 582//582
f 585//585 3120//3120 260//260
f 377//377 651//651 1425//1425
f 653//653 371//371 878//878
f 1936//1936 1937//1937 3173//3173
f 1482//1482 3239//3239 2558//2558
f 767//767 3123//3123 1960//1960
f 3240//3240 3125//3125 518//518
f 3125//3125 3240//3240 1119//1119
f 3124//3124 544//544 540//540
f 789//789 2817//2817 2816//2816
f 3141//3141 1395//1395 295//295
f 1142//1142 1572//1572 847//847
f 2643//2643 3126//3126 2027//2027
f 2032//2032 2034//2034 3302//3302
f 2838//2838 3338//3338 862//862
f 370//370 653//653 878//878
f 3467//3467 2176//2176 1866//1866
f 962//962 961//961 463//463
f 1507//1507 978//978 482//482
f 901//901 3129//3129 732//732
f 3129//3129 769//769 1493//1493
f 3134//3134 2251//2251 808//808
f 3056//3056 1389//1389 2830//2830
f 3136//3136 2291//2291 2927//2927
f 1068//1068 2299//2299 1818//1818
f 1067//1067 1818//1818 2300//2300
f 1071//1071 2304//2304 1819//1819
f 1070//1070 1819//1819 2305//2305
f 3137//3137 698//698 1478//1478
f 717//717 3138//3138 1494//1494
f 2273//2273 3138//3138 188//188
f 3139//3139 3144//3144 3098//3098
f 247//247 2800//2800 3385//3385
f 2329//2329 1826//1826 2330//2330
f 3140//3140 1547//1547 2334//2334
f 1137//1137 3141//3141 831//831
f 3141//3141 3453//3453 1395//1395
f 2839//2839 106//106 105//105
f 3280//3280 3142//3142 3436//3436
f 3316//3316 2409//2409 917//917
f 921//921 2749//2749 2747//2747
f 2431//2431 1313//1313 3144//3144
f 2770//2770 3145//3145 2434//2434
f 2461//2461 2237//2237 2456//2456
f 2513//2513 3149//3149 2291//2291
f 2519//2519 3151//3151 2296//2296
f 2090//2090 1439//1439 1472//1472
f 1680//1680 1949//1949 3026//3026
f 3155//3155 1466//1466 2157//2157
f 694//694 2415//2415 2936//2936
f 695//695 3290//3290 1958//1958
f 1297//1297 2433//2433 1497//1497
f 484//484 1511//1511 757//757
f 484//484 757//757 1099//1099
f 3156//3156 1871//1871 2565//2565
f 1030//1030 1558//1558 3566//3566
f 850//850 32//32 33//33
f 3069//3069 3146//3146 1836//1836
f 2039//2039 3158//3158 2496//2496
f 624//624 2850//2850 2672//2672
f 28//28 2673//2673 2289//2289
f 1925//1925 3534//3534 2000//2000
f 1580//1580 628//628 3534//3534
f 3419//3419 1426//1426 2511//2511
f 3179//3179 1437//1437 2521//2521
f 3465//3465 2390//2390 3502//3502
f 3159//3159 2108//2108 2528//2528
f 1444//1444 2300//2300 2109//2109
f 2110//2110 3273//3273 2528//2528
f 3320//3320 2110//2110 2388//2388
f 3458//3458 2711//2711 2113//2113
f 1667//1667 2401//2401 2128//2128
f 3160//3160 2134//2134 2535//2535
f 1451//1451 2305//2305 2135//2135
f 2136//2136 3274//3274 2535//2535
f 3322//3322 2136//2136 2399//2399
f 2549//2549 3155//3155 2157//2157
f 3161//3161 2166//2166 1690//1690
f 1692//1692 414//414 2167//2167
f 1259//1259 3162//3162 1257//1257
f 2170//2170 3543//3543 2171//2171
f 416//416 2556//2556 1268//1268
f 3094//3094 3137//3137 171//171
f 1715//1715 433//433 707//707
f 1715//1715 707//707 2766//2766
f 3138//3138 1718//1718 1494//1494
f 3138//3138 717//717 2204//2204
f 3163//3163 1745//1745 1510//1510
f 143//143 3336//3336 891//891
f 769//769 3129//3129 392//392
f 769//769 900//900 1869//1869
f 1480//1480 150//150 907//907
f 3096//3096 989//989 3164//3164
f 490//490 2776//2776 3095//3095
f 2437//2437 1010//1010 1784//1784
f 2467//2467 3259//3259 1325//1325
f 1104//1104 2437//2437 1784//1784
f 1005//1005 2259//2259 3167//3167
f 1775//1775 505//505 1534//1534
f 1347//1347 3131//3131 1010//1010
f 3132//3132 1768//1768 2444//2444
f 3133//3133 2327//2327 1008//1008
f 2991//2991 544//544 812//812
f 3262//3262 1775//1775 2973//2973
f 1376//1376 1030//1030 3566//3566
f 547//547 1384//1384 2975//2975
f 3180//3180 2804//2804 2976//2976
f 552//552 2810//2810 2980//2980
f 1068//1068 1818//1818 1067//1067
f 1071//1071 1819//1819 1070//1070
f 3334//3334 1197//1197 1198//1198
f 1201//1201 3436//3436 2073//2073
f 2251//2251 3134//3134 1022//1022
f 3170//3170 1151//1151 333//333
f 2920//2920 2874//2874 1417//1417
f 3171//3171 1181//1181 2875//2875
f 1933//1933 3205//3205 1932//1932
f 3542//3542 2295//2295 3522//3522
f 2091//2091 3172//3172 3009//3009
f 3173//3173 1659//1659 1936//1936
f 3173//3173 1937//1937 2932//2932
f 1941//1941 3584//3584 3396//3396
f 1945//1945 3428//3428 3404//3404
f 3027//3027 1953//1953 3174//3174
f 2431//2431 3144//3144 3139//3139
f 2779//2779 3144//3144 3156//3156
f 3175//3175 1972//1972 2938//2938
f 3125//3125 1119//1119 789//789
f 3417//3417 2010//2010 2620//2620
f 1918//1918 3176//3176 1146//1146
f 2643//2643 1603//1603 1605//1605
f 3158//3158 2039//2039 3278//3278
f 1171//1171 3177//3177 1056//1056
f 1180//1180 3178//3178 1624//1624
f 1625//1625 2671//2671 2670//2670
f 2050//2050 3419//3419 2051//2051
f 1193//1193 2054//2054 1258//1258
f 2080//2080 3179//3179 2081//2081
f 1213//1213 3305//3305 3294//3294
f 1215//1215 2098//2098 1271//1271
f 1660//1660 3209//3209 2932//2932
f 1444//1444 2109//2109 2096//2096
f 3273//3273 2110//2110 3320//3320
f 1667//1667 2128//2128 1666//1666
f 1451//1451 2135//2135 2121//2121
f 3274//3274 2136//2136 3322//3322
f 3167//3167 2220//2220 2795//2795
f 533//533 3238//3238 3135//3135
f 818//818 3180//3180 2274//2274
f 654//654 655//655 2290//2290
f 3181//3181 3469//3469 2709//2709
f 669//669 3181//3181 1937//1937
f 3182//3182 3365//3365 2721//2721
f 3219//3219 694//694 413//413
f 3139//3139 3098//3098 1763//1763
f 3183//3183 1113//1113 1111//1111
f 1114//1114 3184//3184 783//783
f 1823//1823 1116//1116 2581//2581
f 783//783 1329//1329 782//782
f 1329//1329 783//783 3184//3184
f 788//788 2329//2329 2330//2330
f 3130//3130 1123//1123 2805//2805
f 619//619 3185//3185 2349//2349
f 1178//1178 1149//1149 326//326
f 2356//2356 1189//1189 631//631
f 3187//3187 1847//1847 1192//1192
f 1847//1847 3187//3187 2062//2062
f 2365//2365 1196//1196 1848//1848
f 1197//1197 2368//2368 2060//2060
f 3188//3188 3204//3204 3042//3042
f 1203//1203 3142//3142 3043//3043
f 3015//3015 650//650 3016//3016
f 3189//3189 1850//1850 1211//1211
f 1850//1850 3189//3189 2377//2377
f 3191//3191 3207//3207 3046//3046
f 1220//1220 2386//2386 2107//2107
f 3192//3192 2387//2387 1853//1853
f 1853//1853 3392//3392 3192//3192
f 3193//3193 3210//3210 3048//3048
f 1229//1229 2397//2397 2133//2133
f 3194//3194 2398//2398 1857//1857
f 1857//1857 3393//3393 3194//3194
f 2310//2310 1680//1680 3026//3026
f 3196//3196 2550//2550 3197//3197
f 772//772 3145//3145 2770//2770
f 3145//3145 772//772 2258//2258
f 3145//3145 1760//1760 2434//2434
f 2443//2443 1877//1877 2445//2445
f 2260//2260 1355//1355 2808//2808
f 1384//1384 2476//2476 2803//2803
f 3200//3200 3063//3063 3064//3064
f 3185//3185 3036//3036 620//620
f 3203//3203 656//656 2052//2052
f 2056//2056 3203//3203 2052//2052
f 1428//1428 2291//2291 3136//3136
f 3149//3149 1430//1430 1062//1062
f 2928//2928 3204//3204 2881//2881
f 3127//3127 2066//2066 3205//3205
f 1932//1932 3205//3205 2066//2066
f 3206//3206 2518//2518 661//661
f 384//384 666//666 2082//2082
f 2086//2086 384//384 2082//2082
f 2930//2930 3207//3207 2884//2884
f 389//389 2524//2524 3208//3208
f 3173//3173 3209//3209 3298//3298
f 3173//3173 2524//2524 1659//1659
f 3181//3181 2099//2099 2101//2101
f 1938//1938 3386//3386 1443//1443
f 3273//3273 1443//1443 3159//3159
f 1067//1067 2300//2300 1444//1444
f 2933//2933 3210//3210 3372//3372
f 394//394 2531//2531 3544//3544
f 3536//3536 676//676 3544//3544
f 2934//2934 3536//3536 3560//3560
f 3182//3182 2124//2124 3365//3365
f 1942//1942 3387//3387 1450//1450
f 3274//3274 1450//1450 3160//3160
f 1070//1070 2305//2305 1451//1451
f 3220//3220 3301//3301 2315//2315
f 692//692 3174//3174 1953//1953
f 3174//3174 1952//1952 688//688
f 3074//3074 1471//1471 3196//3196
f 1262//1262 3196//3196 1471//1471
f 764//764 762//762 481//481
f 3144//3144 1313//1313 3156//3156
f 1871//1871 3156//3156 1313//1313
f 1125//1125 1548//1548 1828//1828
f 3157//3157 852//852 1579//1579
f 1836//1836 3146//3146 1581//1581
f 42//42 2006//2006 43//43
f 3254//3254 2012//2012 1837//1837
f 55//55 3213//3213 56//56
f 1056//1056 2661//2661 1617//1617
f 3115//3115 3214//3214 2635//2635
f 336//336 3214//3214 1596//1596
f 3214//3214 337//337 2635//2635
f 2642//2642 2640//2640 340//340
f 3126//3126 65//65 2641//2641
f 3126//3126 66//66 65//65
f 2645//2645 2643//2643 1606//1606
f 1613//1613 2654//2654 3287//3287
f 9//9 2038//2038 2659//2659
f 2348//2348 619//619 3333//3333
f 3333//3333 1916//1916 1622//1622
f 2351//2351 624//624 2672//2672
f 2289//2289 2673//2673 1420//1420
f 629//629 2356//2356 1928//1928
f 1580//1580 629//629 628//628
f 1431//1431 3071//3071 3215//3215
f 656//656 3203//3203 2363//2363
f 2051//2051 3419//3419 2679//2679
f 2684//2684 140//140 2065//2065
f 374//374 2514//2514 1640//1640
f 3040//3040 3225//3225 3013//3013
f 381//381 3205//3205 2069//2069
f 1202//1202 3151//3151 2519//2519
f 1425//1425 3015//3015 3216//3216
f 1434//1434 3217//3217 1653//1653
f 666//666 384//384 2379//2379
f 2081//2081 3179//3179 2693//2693
f 385//385 3172//3172 2091//2091
f 3009//3009 388//388 2865//2865
f 2703//2703 2702//2702 3208//3208
f 389//389 3208//3208 2702//2702
f 1661//1661 3458//3458 3465//3465
f 3458//3458 1661//1661 2711//2711
f 362//362 2528//2528 2108//2108
f 3192//3192 2109//2109 2300//2300
f 2716//2716 2715//2715 3544//3544
f 394//394 3544//3544 2715//2715
f 354//354 2535//2535 2134//2134
f 3194//3194 2135//2135 2305//2305
f 3404//3404 3428//3428 3390//3390
f 685//685 684//684 403//403
f 2154//2154 1680//1680 2310//2310
f 1685//1685 2160//2160 1684//1684
f 2741//2741 3218//3218 399//399
f 134//134 2746//2746 2168//2168
f 3162//3162 3590//3590 1257//1257
f 3219//3219 693//693 694//694
f 3220//3220 2315//2315 2898//2898
f 695//695 3028//3028 3290//3290
f 1478//1478 3221//3221 3137//3137
f 3221//3221 1478//1478 2764//2764
f 1298//1298 2483//2483 970//970
f 988//988 3164//3164 989//989
f 2777//2777 3164//3164 1758//1758
f 2211//2211 3222//3222 1767//1767
f 2212//2212 2443//2443 2445//2445
f 3198//3198 2441//2441 2221//2221
f 3166//3166 2575//2575 239//239
f 3167//3167 1542//1542 2220//2220
f 1773//1773 2795//2795 1337//1337
f 1336//1336 2798//2798 1335//1335
f 2804//2804 791//791 1560//1560
f 2246//2246 3222//3222 2247//2247
f 3169//3169 2245//2245 2784//2784
f 3223//3223 2974//2974 1344//1344
f 1352//1352 1353//1353 2818//2818
f 1352//1352 2818//2818 3444//3444
f 1358//1358 2985//2985 2812//2812
f 2813//2813 539//539 1560//1560
f 2813//2813 791//791 2780//2780
f 2269//2269 545//545 171//171
f 3221//3221 1803//1803 2269//2269
f 1045//1045 2834//2834 3319//3319
f 3180//3180 2835//2835 2804//2804
f 1046//1046 2836//2836 1047//1047
f 1995//1995 3212//3212 742//742
f 450//450 194//194 449//449
f 588//588 253//253 237//237
f 609//609 608//608 1898//1898
f 1929//1929 3148//3148 1189//1189
f 3213//3213 2628//2628 2018//2018
f 2258//2258 235//235 1119//1119
f 1910//1910 2872//2872 1416//1416
f 2891//2891 2315//2315 3211//3211
f 2894//2894 2311//2311 2149//2149
f 1418//1418 3171//3171 2507//2507
f 3204//3204 2928//2928 2370//2370
f 3207//3207 2930//2930 2381//2381
f 3210//3210 2933//2933 2391//2391
f 3211//3211 2935//2935 2402//2402
f 482//482 141//141 1507//1507
f 1532//1532 3175//3175 785//785
f 850//850 33//33 851//851
f 1645//1645 3215//3215 2953//2953
f 3197//3197 2550//2550 680//680
f 2725//2725 680//680 2550//2550
f 3196//3196 3197//3197 2755//2755
f 1480//1480 907//907 702//702
f 3327//3327 2791//2791 1545//1545
f 2997//2997 1556//1556 2829//2829
f 3001//3001 3201//3201 2920//2920
f 1205//1205 1204//1204 3403//3403
f 3385//3385 261//261 247//247
f 1156//1156 3345//3345 3002//3002
f 3199//3199 3032//3032 3004//3004
f 625//625 2850//2850 1923//1923
f 3205//3205 3007//3007 2069//2069
f 1935//1935 3172//3172 1934//1934
f 2048//2048 3225//3225 1200//1200
f 1532//1532 2240//2240 1972//1972
f 2291//2291 3149//3149 1062//1062
f 605//605 2360//2360 1157//1157
f 609//609 1899//1899 610//610
f 2349//2349 1916//1916 3333//3333
f 3186//3186 625//625 1923//1923
f 3042//3042 885//885 3188//3188
f 3188//3188 2882//2882 2371//2371
f 3142//3142 3280//3280 2373//2373
f 3046//3046 894//894 3191//3191
f 3191//3191 2885//2885 2382//2382
f 3048//3048 901//901 3193//3193
f 3193//3193 2888//2888 2392//2392
f 2416//2416 3552//3552 3582//3582
f 1028//1028 2251//2251 1022//1022
f 3171//3171 2920//2920 3201//3201
f 3215//3215 2514//2514 2953//2953
f 3298//3298 3209//3209 3236//3236
f 3480//3480 2150//2150 3072//3072
f 1957//1957 415//415 2090//2090
f 3175//3175 2580//2580 2462//2462
f 2009//2009 2007//2007 2008//2008
f 2649//2649 3335//3335 3085//3085
f 35//35 3302//3302 3083//3083
f 1169//1169 3529//3529 1903//1903
f 2514//2514 2061//2061 3448//3448
f 2858//2858 3041//3041 879//879
f 1645//1645 3225//3225 2048//2048
f 659//659 682//682 2688//2688
f 3189//3189 887//887 3292//3292
f 667//667 695//695 2699//2699
f 362//362 2108//2108 1637//1637
f 671//671 3192//3192 2300//2300
f 1664//1664 903//903 675//675
f 354//354 2134//2134 1633//1633
f 678//678 3194//3194 2305//2305
f 2743//2743 114//114 2142//2142
f 134//134 2750//2750 131//131
f 3227//3227 1732//1732 736//736
f 3303//3303 235//235 2258//2258
f 3327//3327 1545//1545 2590//2590
f 3097//3097 520//520 2594//2594
f 2811//2811 823//823 3228//3228
f 49//49 97//97 48//48
f 73//73 35//35 111//111
f 1836//1836 1579//1579 852//852
f 3229//3229 463//463 961//961
f 560//560 559//559 274//274
f 1912//1912 1914//1914 619//619
f 1088//1088 950//950 723//723
f 1750//1750 755//755 1749//1749
f 3318//3318 3232//3232 1557//1557
f 3233//3233 3234//3234 849//849
f 311//311 3234//3234 850//850
f 2073//2073 3235//3235 1201//1201
f 391//391 3236//3236 2100//2100
f 3218//3218 3426//3426 2864//2864
f 3237//3237 959//959 1297//1297
f 1765//1765 1123//1123 3130//3130
f 2464//2464 2587//2587 777//777
f 1126//1126 527//527 3375//3375
f 1792//1792 1791//1791 519//519
f 3238//3238 1043//1043 3135//3135
f 2558//2558 3239//3239 1483//1483
f 3235//3235 2073//2073 2372//2372
f 2387//2387 3241//3241 1853//1853
f 2398//2398 3242//3242 1857//1857
f 1780//1780 1345//1345 3102//3102
f 1000//1000 3243//3243 1534//1534
f 344//344 3244//3244 346//346
f 2505//2505 2504//2504 3245//3245
f 1940//1940 3247//3247 2704//2704
f 1944//1944 3248//3248 2717//2717
f 1771//1771 3325//3325 498//498
f 3251//3251 802//802 3327//3327
f 3232//3232 1375//1375 1556//1556
f 3232//3232 1556//1556 2266//2266
f 1840//1840 343//343 344//344
f 344//344 346//346 1840//1840
f 3335//3335 1840//1840 346//346
f 1610//1610 3255//3255 2650//2650
f 3278//3278 2039//2039 2659//2659
f 623//623 2351//2351 3178//3178
f 3267//3267 3256//3256 2363//2363
f 2722//2722 1665//1665 3572//3572
f 2138//2138 3257//3257 2723//2723
f 3258//3258 133//133 115//115
f 924//924 417//417 2419//2419
f 1750//1750 1749//1749 479//479
f 770//770 398//398 906//906
f 3251//3251 2590//2590 2210//2210
f 3260//3260 2573//2573 2226//2226
f 1534//1534 3243//3243 2973//2973
f 3356//3356 1109//1109 2227//2227
f 1112//1112 3564//3564 3318//3318
f 3264//3264 1124//1124 1881//1881
f 3471//3471 1220//1220 1221//1221
f 3241//3241 3320//3320 1223//1223
f 1856//1856 1229//1229 1230//1230
f 3242//3242 3322//3322 1232//1232
f 2353//2353 3266//3266 626//626
f 3267//3267 2292//2292 3256//3256
f 2301//2301 3275//3275 1940//1940
f 3275//3275 1067//1067 3247//3247
f 1444//1444 3247//3247 1067//1067
f 2306//2306 3276//3276 1944//1944
f 3276//3276 1070//1070 3248//3248
f 1451//1451 3248//3248 1070//1070
f 3268//3268 1957//1957 1278//1278
f 3249//3249 703//703 699//699
f 3269//3269 1539//1539 3250//3250
f 2331//2331 3250//3250 1539//1539
f 3286//3286 3270//3270 3504//3504
f 3271//3271 3252//3252 1577//1577
f 2946//2946 3010//3010 2006//2006
f 3272//3272 2012//2012 2624//2624
f 1916//1916 1058//1058 1589//1589
f 3337//3337 2064//2064 2687//2687
f 1225//1225 2123//2123 1250//1250
f 1437//1437 1946//1946 1241//1241
f 3258//3258 2743//2743 3161//3161
f 1005//1005 3167//3167 1773//1773
f 2467//2467 3537//3537 3259//3259
f 663//663 3206//3206 3151//3151
f 1068//1068 3275//3275 2302//2302
f 3275//3275 2301//2301 2302//2302
f 1071//1071 3276//3276 2307//2307
f 3276//3276 2306//2306 2307//2307
f 413//413 3277//3277 3219//3219
f 1917//1917 3279//3279 620//620
f 2369//2369 3149//3149 1199//1199
f 2400//2400 2890//2890 2401//2401
f 3195//3195 2400//2400 3257//3257
f 1667//1667 3257//3257 2400//2400
f 403//403 3282//3282 1073//1073
f 2556//2556 416//416 3268//3268
f 996//996 1321//1321 2443//2443
f 1358//1358 2255//2255 1360//1360
f 583//583 194//194 826//826
f 3244//3244 344//344 2491//2491
f 335//335 1151//1151 1150//1150
f 1925//1925 3266//3266 2353//2353
f 3150//3150 3296//3296 659//659
f 2085//2085 3281//3281 665//665
f 3153//3153 3297//3297 667//667
f 3236//3236 3209//3209 2100//2100
f 3154//3154 3299//3299 673//673
f 2308//2308 3300//3300 680//680
f 408//408 2548//2548 3539//3539
f 2898//2898 2755//2755 3220//3220
f 3284//3284 2567//2567 490//490
f 1824//1824 3537//3537 2451//2451
f 510//510 2589//2589 2247//2247
f 3269//3269 2586//2586 1539//1539
f 801//801 2469//2469 2812//2812
f 1028//1028 3262//3262 3375//3375
f 3285//3285 2610//2610 552//552
f 314//314 3252//3252 3346//3346
f 314//314 1836//1836 852//852
f 43//43 2006//2006 2617//2617
f 3253//3253 2618//2618 2619//2619
f 3272//3272 2622//2622 2857//2857
f 2622//2622 3272//3272 1585//1585
f 2857//2857 1837//1837 2012//2012
f 2870//2870 1147//1147 326//326
f 1604//1604 1602//1602 2640//2640
f 855//855 2646//2646 854//854
f 2029//2029 3244//3244 345//345
f 3388//3388 2649//2649 3255//3255
f 2650//2650 3255//3255 2649//2649
f 3287//3287 3400//3400 2652//2652
f 2351//2351 1625//1625 1624//1624
f 626//626 3266//3266 625//625
f 3266//3266 2352//2352 3288//3288
f 3235//3235 1643//1643 2072//2072
f 1202//1202 3280//3280 3151//3151
f 3292//3292 887//887 2374//2374
f 1212//1212 2696//2696 3294//3294
f 3351//3351 3247//3247 1444//1444
f 3241//3241 1443//1443 3273//3273
f 1443//1443 3241//3241 2387//2387
f 2113//2113 146//146 900//900
f 2723//2723 729//729 149//149
f 1666//1666 3257//3257 1667//1667
f 3353//3353 3248//3248 1451//1451
f 3242//3242 1450//1450 3274//3274
f 1450//1450 3242//3242 2398//2398
f 3093//3093 3258//3258 1690//1690
f 3290//3290 3028//3028 3459//3459
f 456//456 3284//3284 2206//2206
f 1874//1874 2238//2238 1518//1518
f 1319//1319 3251//3251 2209//2209
f 2568//2568 2578//2578 3324//3324
f 2785//2785 996//996 2443//2443
f 2799//2799 246//246 1774//1774
f 238//238 3261//3261 254//254
f 1538//1538 3291//3291 3405//3405
f 2469//2469 801//801 2805//2805
f 3099//3099 1358//1358 1360//1360
f 3263//3263 278//278 2267//2267
f 474//474 3285//3285 2283//2283
f 832//832 2842//2842 1138//1138
f 3267//3267 2852//2852 2292//2292
f 2377//2377 3292//3292 2076//2076
f 3229//3229 961//961 745//745
f 2876//2876 3288//3288 2352//2352
f 342//342 1408//1408 2491//2491
f 2508//2508 319//319 2922//2922
f 3246//3246 2922//2922 2354//2354
f 313//313 3069//3069 314//314
f 3425//3425 2126//2126 3406//3406
f 887//887 3293//3293 1205//1205
f 3294//3294 2957//2957 1213//1213
f 2700//2700 3088//3088 2418//2418
f 3262//3262 798//798 3375//3375
f 2777//2777 2471//2471 1362//1362
f 3001//3001 2506//2506 3201//3201
f 1149//1149 2870//2870 326//326
f 650//650 3015//3015 1425//1425
f 3294//3294 2085//2085 1212//1212
f 1657//1657 3305//3305 1213//1213
f 2369//2369 1199//1199 3334//3334
f 3295//3295 3220//3220 3197//3197
f 3282//3282 2406//2406 1073//1073
f 490//490 3095//3095 3284//3284
f 990//990 3284//3284 3095//3095
f 552//552 2980//2980 3285//3285
f 1023//1023 3285//3285 2980//2980
f 3170//3170 2914//2914 2915//2915
f 3246//3246 3283//3283 2508//2508
f 2881//2881 3296//3296 2928//2928
f 3296//3296 2516//2516 2928//2928
f 2884//2884 3297//3297 2930//2930
f 3297//3297 2522//2522 2930//2930
f 2524//2524 3298//3298 3208//3208
f 3372//3372 3299//3299 2933//2933
f 3299//3299 2529//2529 2933//2933
f 3220//3220 3295//3295 3301//3301
f 3295//3295 680//680 3300//3300
f 3301//3301 3300//3300 2935//2935
f 3300//3300 2536//2536 2935//2935
f 2947//2947 2630//2630 3501//3501
f 72//72 3302//3302 35//35
f 2696//2696 2957//2957 3294//3294
f 1220//1220 3471//3471 3017//3017
f 895//895 2109//2109 3392//3392
f 1229//1229 3050//3050 3018//3018
f 902//902 2135//2135 3393//3393
f 1862//1862 120//120 2964//2964
f 3156//3156 491//491 2779//2779
f 3303//3303 3227//3227 492//492
f 3313//3313 650//650 3338//3338
f 355//355 112//112 119//119
f 366//366 3373//3373 875//875
f 1119//1119 3240//3240 3024//3024
f 3304//3304 3107//3107 2990//2990
f 2166//2166 3161//3161 1253//1253
f 3070//3070 3162//3162 1260//1260
f 770//770 906//906 2428//2428
f 3259//3259 280//280 1325//1325
f 1791//1791 3304//3304 3416//3416
f 3304//3304 1791//1791 3107//3107
f 1534//1534 2973//2973 1775//1775
f 3158//3158 3278//3278 1169//1169
f 3337//3337 2687//2687 1077//1077
f 3305//3305 3281//3281 3294//3294
f 3281//3281 3305//3305 2087//2087
f 3239//3239 1710//1710 1483//1483
f 1667//1667 2400//2400 2401//2401
f 3173//3173 3298//3298 2524//2524
f 2935//2935 3211//3211 3301//3301
f 2315//2315 3301//3301 3211//3211
f 1575//1575 3271//3271 3504//3504
f 3286//3286 3271//3271 1576//1576
f 1840//1840 855//855 854//854
f 3178//3178 2351//2351 1624//1624
f 3203//3203 3267//3267 2363//2363
f 2166//2166 1253//1253 2896//2896
f 1507//1507 141//141 1508//1508
f 3293//3293 1653//1653 3226//3226
f 3293//3293 3226//3226 1205//1205
f 605//605 1157//1157 3368//3368
f 3208//3208 3298//3298 3236//3236
f 3302//3302 1998//1998 3083//3083
f 1643//1643 377//377 2072//2072
f 3189//3189 3292//3292 2377//2377
f 3097//3097 2594//2594 491//491
f 71//71 72//72 74//74
f 3306//3306 833//833 832//832
f 844//844 3311//3311 845//845
f 1283//1283 187//187 179//179
f 1326//1326 3308//3308 1544//1544
f 2841//2841 218//218 560//560
f 602//602 3309//3309 310//310
f 367//367 3373//3373 366//366
f 3310//3310 1464//1464 1463//1463
f 15//15 837//837 836//836
f 26//26 3311//3311 25//25
f 36//36 3083//3083 2613//2613
f 3339//3339 2956//2956 2089//2089
f 3379//3379 3314//3314 2103//2103
f 3380//3380 3315//3315 2129//2129
f 2798//2798 1340//1340 1335//1335
f 3311//3311 1141//1141 845//845
f 3119//3119 3308//3308 1326//1326
f 264//264 3119//3119 1326//1326
f 1045//1045 3319//3319 2474//2474
f 2909//2909 341//341 2642//2642
f 2525//2525 1440//1440 2302//2302
f 2532//2532 1447//1447 2307//2307
f 1950//1950 409//409 1252//1252
f 719//719 718//718 732//732
f 519//519 2816//2816 2989//2989
f 3318//3318 1375//1375 3232//3232
f 4//4 1136//1136 829//829
f 10//10 3306//3306 9//9
f 2854//2854 9//9 3306//3306
f 1836//1836 314//314 3069//3069
f 1586//1586 1585//1585 3272//3272
f 1223//1223 3320//3320 2111//2111
f 673//673 688//688 2544//2544
f 1232//1232 3322//3322 2137//2137
f 3316//3316 2159//2159 2734//2734
f 1686//1686 2163//2163 1862//1862
f 2175//2175 2420//2420 924//924
f 1475//1475 2761//2761 2180//2180
f 1475//1475 2180//2180 3451//3451
f 1990//1990 1289//1289 1287//1287
f 212//212 1737//1737 745//745
f 978//978 1507//1507 753//753
f 3317//3317 770//770 3561//3561
f 3324//3324 780//780 3264//3264
f 784//784 1540//1540 3545//3545
f 3134//3134 3357//3357 1022//1022
f 2739//2739 409//409 1950//1950
f 1564//1564 1990//1990 2476//2476
f 1586//1586 3272//3272 2624//2624
f 2648//2648 3388//3388 3255//3255
f 3324//3324 1320//1320 2568//2568
f 802//802 2219//2219 2576//2576
f 2791//2791 3327//3327 1330//1330
f 1340//1340 1778//1778 1335//1335
f 2338//2338 3367//3367 2615//2615
f 3367//3367 2338//2338 2509//2509
f 1251//1251 3539//3539 2548//2548
f 409//409 2413//2413 3424//3424
f 3308//3308 1349//1349 1544//1544
f 605//605 3368//3368 1897//1897
f 2341//2341 2655//2655 2340//2340
f 2947//2947 2917//2917 3064//3064
f 1176//1176 1416//1416 3065//3065
f 3530//3530 3328//3328 2506//2506
f 3006//3006 1190//1190 1403//1403
f 3006//3006 1403//1403 1155//1155
f 1934//1934 3339//3339 2089//2089
f 1441//1441 2301//2301 672//672
f 1448//1448 2306//2306 679//679
f 1464//1464 3310//3310 1467//1467
f 2549//2549 3310//3310 3155//3155
f 2790//2790 3329//3329 509//509
f 3327//3327 802//802 1330//1330
f 3360//3360 2005//2005 2616//2616
f 70//70 3362//3362 71//71
f 3368//3368 2653//2653 1897//1897
f 655//655 3330//3330 2683//2683
f 3339//3339 1934//1934 3172//3172
f 3314//3314 3379//3379 3488//3488
f 672//672 3314//3314 1441//1441
f 675//675 3512//3512 1664//1664
f 2721//2721 3321//3321 2722//2722
f 3315//3315 3380//3380 397//397
f 679//679 3315//3315 1448//1448
f 1685//1685 1686//1686 1862//1862
f 3323//3323 2165//2165 157//157
f 2267//2267 3118//3118 537//537
f 1183//1183 3186//3186 1923//1923
f 133//133 3359//3359 115//115
f 2552//2552 2898//2898 2417//2417
f 1156//1156 3371//3371 1157//1157
f 1924//1924 3332//3332 1922//1922
f 1924//1924 1183//1183 1923//1923
f 655//655 2878//2878 3330//3330
f 2057//2057 3330//3330 2878//2878
f 2366//2366 3334//3334 1199//1199
f 1200//1200 3225//3225 3337//3337
f 2451//2451 1364//1364 2904//2904
f 348//348 2908//2908 349//349
f 2947//2947 3064//3064 2948//2948
f 1415//1415 2498//2498 2499//2499
f 855//855 3335//3335 2649//2649
f 2056//2056 2852//2852 3267//3267
f 2852//2852 2056//2056 2058//2058
f 1197//1197 3334//3334 3011//3011
f 2078//2078 1207//1207 2087//2087
f 508//508 1534//1534 505//505
f 908//908 3021//3021 3374//3374
f 3351//3351 1444//1444 2096//2096
f 3353//3353 1451//1451 2121//2121
f 1178//1178 326//326 1917//1917
f 3320//3320 2388//2388 2111//2111
f 3322//3322 2399//2399 2137//2137
f 2507//2507 2506//2506 3328//3328
f 2506//2506 2507//2507 3201//3201
f 2909//2909 2642//2642 340//340
f 1425//1425 3216//3216 377//377
f 399//399 3218//3218 2864//2864
f 2349//2349 3333//3333 619//619
f 903//903 3397//3397 690//690
f 1415//1415 3065//3065 1416//1416
f 3065//3065 1415//1415 2499//2499
f 2329//2329 3250//3250 3358//3358
f 673//673 2544//2544 2713//2713
f 2525//2525 2302//2302 1441//1441
f 2532//2532 2307//2307 1448//1448
f 3040//3040 3337//3337 3225//3225
f 1985//1985 3262//3262 1028//1028
f 3230//3230 3324//3324 2578//2578
f 3324//3324 3230//3230 780//780
f 2568//2568 2442//2442 3198//3198
f 1059//1059 112//112 355//355
f 266//266 252//252 581//581
f 1307//1307 3336//3336 143//143
f 2318//2318 696//696 3350//3350
f 2313//2313 689//689 3352//3352
f 111//111 36//36 110//110
f 1340//1340 3355//3355 2238//2238
f 634//634 3464//3464 351//351
f 1643//1643 375//375 377//377
f 1289//1289 3340//3340 1287//1287
f 265//265 1009//1009 271//271
f 265//265 787//787 1009//1009
f 2331//2331 3342//3342 3358//3358
f 1713//1713 3343//3343 937//937
f 2492//2492 1841//1841 2843//2843
f 3345//3345 2361//2361 1155//1155
f 3346//3346 313//313 314//314
f 1600//1600 3348//3348 3550//3550
f 2704//2704 3351//3351 2703//2703
f 2717//2717 3353//3353 2716//2716
f 397//397 3390//3390 2532//2532
f 2315//2315 2892//2892 2417//2417
f 2179//2179 3354//3354 3515//3515
f 719//719 438//438 443//443
f 3340//3340 1722//1722 1287//1287
f 1291//1291 1290//1290 440//440
f 1092//1092 1291//1291 949//949
f 2798//2798 3355//3355 1340//1340
f 993//993 3355//3355 2798//2798
f 775//775 3356//3356 784//784
f 1184//1184 2921//2921 1183//1183
f 537//537 1980//1980 1543//1543
f 3361//3361 1601//1601 2641//2641
f 1610//1610 3362//3362 2648//2648
f 3362//3362 1610//1610 2034//2034
f 3363//3363 1657//1657 1658//1658
f 3349//3349 2078//2078 3363//3363
f 2087//2087 3363//3363 2078//2078
f 1442//1442 1221//1221 2107//2107
f 1449//1449 1230//1230 2133//2133
f 2165//2165 156//156 157//157
f 2904//2904 1364//1364 3364//3364
f 1704//1704 3354//3354 1475//1475
f 3342//3342 1121//1121 3358//3358
f 2254//2254 1787//1787 2253//2253
f 3345//3345 1156//1156 2360//2360
f 2060//2060 1198//1198 1197//1197
f 2411//2411 2548//2548 2413//2413
f 3355//3355 1518//1518 2238//2238
f 2476//2476 1384//1384 1564//1564
f 3488//3488 2525//2525 1441//1441
f 675//675 2124//2124 3182//3182
f 397//397 2532//2532 1448//1448
f 3366//3366 158//158 3323//3323
f 745//745 215//215 212//212
f 511//511 2582//2582 1117//1117
f 3367//3367 316//316 1186//1186
f 3347//3347 1584//1584 2622//2622
f 2623//2623 2013//2013 1586//1586
f 2626//2626 2623//2623 1586//1586
f 2625//2625 51//51 50//50
f 3368//3368 2340//2340 2653//2653
f 3407//3407 883//883 1196//1196
f 3339//3339 1436//1436 2956//2956
f 889//889 2078//2078 3349//3349
f 1447//1447 2532//2532 1669//1669
f 2159//2159 2735//2735 1684//1684
f 3391//3391 3543//3543 1696//1696
f 2754//2754 1697//1697 1078//1078
f 2420//2420 3369//3369 1699//1699
f 1700//1700 3369//3369 2176//2176
f 2173//2173 3398//3398 1269//1269
f 3369//3369 1701//1701 2176//2176
f 3354//3354 2179//2179 1703//1703
f 3541//3541 1291//1291 440//440
f 2576//2576 1330//1330 802//802
f 2806//2806 3364//3364 1364//1364
f 788//788 2460//2460 2585//2585
f 2801//2801 3341//3341 3102//3102
f 3370//3370 3107//3107 1792//1792
f 2900//2900 3343//3343 1713//1713
f 75//75 2851//2851 3489//3489
f 1913//1913 1910//1910 1416//1416
f 1434//1434 1435//1435 3217//3217
f 1158//1158 3371//3371 1156//1156
f 3216//3216 3217//3217 2072//2072
f 3372//3372 673//673 3299//3299
f 531//531 2819//2819 537//537
f 3085//3085 348//348 2650//2650
f 858//858 2136//2136 1632//1632
f 3049//3049 2724//2724 3021//3021
f 351//351 3464//3464 3359//3359
f 2810//2810 552//552 2488//2488
f 518//518 3125//3125 3531//3531
f 3359//3359 861//861 351//351
f 861//861 3359//3359 105//105
f 3365//3365 2124//2124 2126//2126
f 1613//1613 3287//3287 2653//2653
f 3361//3361 2638//2638 1601//1601
f 1863//1863 3224//3224 2164//2164
f 3345//3345 1155//1155 3002//3002
f 3382//3382 1255//1255 3426//3426
f 3343//3343 1285//1285 937//937
f 1112//1112 3318//3318 1557//1557
f 3407//3407 1196//1196 3389//3389
f 961//961 215//215 745//745
f 3375//3375 798//798 1126//1126
f 3085//3085 2650//2650 2649//2649
f 908//908 3049//3049 3021//3021
f 2072//2072 377//377 3216//3216
f 910//910 1671//1671 1670//1670
f 1207//1207 888//888 2087//2087
f 2720//2720 2961//2961 3425//3425
f 2585//2585 3250//3250 2329//2329
f 3330//3330 2057//2057 3389//3389
f 581//581 252//252 582//582
f 3350//3350 696//696 895//895
f 3352//3352 689//689 902//902
f 3376//3376 448//448 3366//3366
f 157//157 3376//3376 3366//3366
f 193//193 191//191 3376//3376
f 3376//3376 449//449 193//193
f 3377//3377 3531//3531 3410//3410
f 3377//3377 518//518 3531//3531
f 561//561 181//181 570//570
f 3517//3517 429//429 1886//1886
f 1131//1131 1130//1130 3519//3519
f 3493//3493 3378//3378 23//23
f 1346//1346 271//271 3377//3377
f 1906//1906 1150//1150 1905//1905
f 2527//2527 3386//3386 1939//1939
f 2534//2534 3387//3387 1943//1943
f 1967//1967 1966//1966 1536//1536
f 3414//3414 1536//1536 1966//1966
f 1595//1595 3384//3384 2023//2023
f 1595//1595 1598//1598 3384//3384
f 634//634 1634//1634 3464//3464
f 1064//1064 1434//1434 2518//2518
f 1479//1479 3517//3517 1886//1886
f 1090//1090 947//947 963//963
f 1090//1090 963//963 1741//1741
f 3386//3386 1442//1442 3159//3159
f 3387//3387 1449//1449 3160//3160
f 691//691 1952//1952 3174//3174
f 1535//1535 3447//3447 3446//3446
f 1592//1592 3084//3084 2019//2019
f 2646//2646 3388//3388 1608//1608
f 2050//2050 2169//2169 3419//3419
f 1434//1434 3293//3293 2518//2518
f 2123//2123 3406//3406 2124//2124
f 3390//3390 3428//3428 2141//2141
f 2602//2602 817//817 1548//1548
f 1649//1649 3440//3440 3407//3407
f 1849//1849 3413//3413 2376//2376
f 2078//2078 3413//3413 1207//1207
f 3469//3469 3502//3502 3472//3472
f 2252//2252 3394//3394 2254//2254
f 3421//3421 1150//1150 1906//1906
f 3379//3379 2114//2114 3396//3396
f 1446//1446 3396//3396 2114//2114
f 3380//3380 2139//2139 3404//3404
f 3397//3397 1251//1251 2411//2411
f 692//692 691//691 3174//3174
f 3382//3382 2167//2167 1256//1256
f 1270//1270 3398//3398 2554//2554
f 508//508 3399//3399 511//511
f 2262//2262 1984//1984 795//795
f 1131//1131 3519//3519 1554//1554
f 1796//1796 2994//2994 3422//3422
f 3400//3400 2//2 1//1
f 1817//1817 3412//3412 2036//2036
f 3//3 2036//2036 3412//3412
f 610//610 3401//3401 609//609
f 21//21 2501//2501 22//22
f 3402//3402 22//22 2667//2667
f 2669//2669 3378//3378 2668//2668
f 3217//3217 1201//1201 2072//2072
f 1204//1204 1072//1072 3403//3403
f 2311//2311 3403//3403 1072//1072
f 889//889 3413//3413 2078//2078
f 3396//3396 1446//1446 1941//1941
f 904//904 2127//2127 2128//2128
f 1945//1945 3404//3404 1453//1453
f 1863//1863 2164//2164 3556//3556
f 3398//3398 1270//1270 1269//1269
f 2797//2797 1123//1123 2782//2782
f 3405//3405 1336//1336 788//788
f 3213//3213 55//55 54//54
f 2656//2656 3401//3401 3418//3418
f 1824//1824 1331//1331 2789//2789
f 3406//3406 1225//1225 3425//3425
f 1185//1185 3283//3283 3246//3246
f 3402//3402 2667//2667 2668//2668
f 904//904 2128//2128 1228//1228
f 3405//3405 2330//2330 1538//1538
f 3399//3399 508//508 505//505
f 789//789 2816//2816 3125//3125
f 482//482 978//978 229//229
f 3386//3386 3159//3159 1443//1443
f 3387//3387 3160//3160 1450//1450
f 397//397 3404//3404 3390//3390
f 1205//1205 3403//3403 2374//2374
f 1664//1664 3397//3397 903//903
f 694//694 2416//2416 413//413
f 22//22 3402//3402 841//841
f 1201//1201 3235//3235 2072//2072
f 1283//1283 3381//3381 3343//3343
f 3400//3400 1//1 2652//2652
f 3400//3400 3287//3287 2654//2654
f 3406//3406 2126//2126 2124//2124
f 2723//2723 149//149 2138//2138
f 111//111 3307//3307 873//873
f 3321//3321 904//904 1228//1228
f 908//908 3374//3374 1254//1254
f 2317//2317 3459//3459 3028//3028
f 3397//3397 2411//2411 690//690
f 1670//1670 3449//3449 1234//1234
f 1435//1435 1201//1201 3217//3217
f 3358//3358 1121//1121 1826//1826
f 1547//1547 3395//3395 1044//1044
f 1409//1409 3418//3418 1164//1164
f 2668//2668 3378//3378 3402//3402
f 252//252 2797//2797 2782//2782
f 2864//2864 2141//2141 3428//3428
f 3101//3101 3429//3429 2203//2203
f 2204//2204 2203//2203 188//188
f 2273//2273 188//188 3429//3429
f 224//224 221//221 3450//3450
f 3392//3392 3350//3350 895//895
f 3393//3393 3352//3352 902//902
f 399//399 2864//2864 3428//3428
f 3408//3408 187//187 561//561
f 562//562 3408//3408 287//287
f 244//244 3408//3408 561//561
f 865//865 858//858 1632//1632
f 3338//3338 877//877 3313//3313
f 929//929 3409//3409 1712//1712
f 479//479 1100//1100 1754//1754
f 3416//3416 3410//3410 1791//1791
f 2244//2244 1881//1881 2230//2230
f 1712//1712 3409//3409 1707//1707
f 401//401 1459//1459 402//402
f 744//744 2484//2484 1501//1501
f 1100//1100 759//759 1754//1754
f 3411//3411 1968//1968 1529//1529
f 3413//3413 2523//2523 2376//2376
f 401//401 402//402 1235//1235
f 1282//1282 3517//3517 1479//1479
f 982//982 2191//2191 2192//2192
f 3415//3415 2797//2797 252//252
f 254//254 3261//3261 1975//1975
f 2240//2240 2228//2228 2790//2790
f 1346//1346 3416//3416 273//273
f 1791//1791 3410//3410 519//519
f 2797//2797 3415//3415 1549//1549
f 3419//3419 2169//2169 1426//1426
f 982//982 2192//2192 3521//3521
f 2325//2325 1103//1103 3513//3513
f 1128//1128 1982//1982 2597//2597
f 2415//2415 2511//2511 1426//1426
f 1951//1951 3442//3442 1463//1463
f 3424//3424 2413//2413 1075//1075
f 1055//1055 3421//3421 1597//1597
f 3412//3412 3524//3524 4//4
f 3571//3571 1615//1615 1164//1164
f 3418//3418 3401//3401 2344//2344
f 2061//2061 3012//3012 1198//1198
f 3041//3041 2063//2063 2062//2062
f 2704//2704 3236//3236 391//391
f 2721//2721 3365//3365 904//904
f 3321//3321 1227//1227 2722//2722
f 3424//3424 692//692 1252//1252
f 1538//1538 1975//1975 3261//3261
f 3415//3415 266//266 3445//3445
f 1025//1025 1017//1017 3420//3420
f 3416//3416 272//272 273//273
f 1175//1175 1415//1415 2872//2872
f 3012//3012 2061//2061 3071//3071
f 899//899 1219//1219 2390//2390
f 3385//3385 2800//2800 3183//3183
f 3426//3426 3374//3374 2864//2864
f 3291//3291 1538//1538 3261//3261
f 1175//1175 2872//2872 1174//1174
f 3424//3424 691//691 692//692
f 2267//2267 537//537 2819//2819
f 3425//3425 2961//2961 2889//2889
f 271//271 1009//1009 3377//3377
f 691//691 3424//3424 1075//1075
f 494//494 3446//3446 2568//2568
f 2721//2721 904//904 3321//3321
f 2752//2752 3543//3543 3391//3391
f 3426//3426 1255//1255 3374//3374
f 3382//3382 3426//3426 3218//3218
f 1279//1279 2885//2885 1868//1868
f 492//492 3427//3427 3583//3583
f 910//910 1670//1670 2144//2144
f 3330//3330 3389//3389 1196//1196
f 3377//3377 3410//3410 1346//1346
f 221//221 222//222 587//587
f 221//221 587//587 588//588
f 1776//1776 2796//2796 3447//3447
f 1640//1640 3448//3448 874//874
f 506//506 1966//1966 2578//2578
f 61//61 2026//2026 62//62
f 3433//3433 401//401 3434//3434
f 1811//1811 3583//3583 3427//3427
f 3389//3389 1649//1649 3407//3407
f 2663//2663 16//16 15//15
f 3429//3429 188//188 2203//2203
f 234//234 2835//2835 3429//3429
f 2273//2273 3429//3429 2835//2835
f 99//99 46//46 47//47
f 3446//3446 494//494 1535//1535
f 871//871 99//99 863//863
f 3430//3430 962//962 463//463
f 3110//3110 1992//1992 2825//2825
f 2415//2415 693//693 2511//2511
f 1017//1017 1345//1345 1780//1780
f 570//570 3443//3443 236//236
f 1591//1591 2017//2017 2016//2016
f 135//135 870//870 1641//1641
f 2722//2722 3121//3121 2721//2721
f 3433//3433 400//400 401//401
f 1235//1235 3434//3434 401//401
f 3580//3580 425//425 930//930
f 1789//1789 1979//1979 801//801
f 816//816 3341//3341 2801//2801
f 3183//3183 1879//1879 2972//2972
f 1132//1132 3431//3431 1381//1381
f 1591//1591 2016//2016 1590//1590
f 871//871 863//863 865//865
f 2057//2057 1648//1648 1649//1649
f 3438//3438 3100//3100 1359//1359
f 2983//2983 3439//3439 2982//2982
f 3121//3121 3182//3182 2721//2721
f 1756//1756 2429//2429 2983//2983
f 2485//2485 1815//1815 1394//1394
f 3432//3432 2489//2489 3057//3057
f 1789//1789 801//801 2812//2812
f 1593//1593 2633//2633 2022//2022
f 2932//2932 2709//2709 3441//3441
f 3572//3572 3121//3121 2722//2722
f 3449//3449 1670//1670 2893//2893
f 129//129 137//137 2759//2759
f 987//987 3439//3439 2983//2983
f 3439//3439 987//987 2564//2564
f 1756//1756 2983//2983 2780//2780
f 1017//1017 1780//1780 2466//2466
f 3439//3439 3438//3438 2982//2982
f 2602//2602 710//710 1989//1989
f 3440//3440 2370//2370 2880//2880
f 1138//1138 2854//2854 3306//3306
f 361//361 2851//2851 646//646
f 2316//2316 2858//2858 2879//2879
f 3041//3041 2858//2858 2897//2897
f 2220//2220 3437//3437 2228//2228
f 1543//1543 531//531 537//537
f 3436//3436 3142//3142 2073//2073
f 1203//1203 2073//2073 3142//3142
f 2514//2514 3448//3448 1640//1640
f 3441//3441 1660//1660 2932//2932
f 409//409 3424//3424 1252//1252
f 2578//2578 3446//3446 506//506
f 3084//3084 1593//1593 3514//3514
f 3385//3385 3183//3183 2972//2972
f 3447//3447 506//506 3446//3446
f 506//506 3447//3447 2796//2796
f 3440//3440 2880//2880 3407//3407
f 3448//3448 2061//2061 2060//2060
f 3442//3442 1951//1951 3556//3556
f 1258//1258 1696//1696 2680//2680
f 3472//3472 1219//1219 1851//1851
f 2070//2070 3449//3449 3456//3456
f 3449//3449 2070//2070 1233//1233
f 3389//3389 2057//2057 1649//1649
f 2154//2154 2882//2882 141//141
f 874//874 361//361 646//646
f 3446//3446 2578//2578 2568//2568
f 205//205 1094//1094 3435//3435
f 506//506 2796//2796 3414//3414
f 3448//3448 2060//2060 874//874
f 3441//3441 3472//3472 1851//1851
f 886//886 3019//3019 3433//3433
f 886//886 3433//3433 3434//3434
f 2664//2664 16//16 2663//2663
f 99//99 47//47 98//98
f 2993//2993 3468//3468 2994//2994
f 63//63 2637//2637 3361//3361
f 2638//2638 3361//3361 2637//2637
f 98//98 357//357 863//863
f 1764//1764 3454//3454 1873//1873
f 3455//3455 2674//2674 2289//2289
f 1137//1137 3453//3453 3141//3141
f 3456//3456 123//123 128//128
f 3454//3454 1764//1764 2783//2783
f 1803//1803 2764//2764 3395//3395
f 3451//3451 2762//2762 2763//2763
f 1867//1867 1268//1268 2556//2556
f 1517//1517 1962//1962 2435//2435
f 1568//1568 1997//1997 2488//2488
f 3489//3489 361//361 870//870
f 1879//1879 2244//2244 2230//2230
f 1034//1034 1033//1033 1008//1008
f 1867//1867 2556//2556 418//418
f 1543//1543 3078//3078 1125//1125
f 1543//1543 1125//1125 531//531
f 3455//3455 1627//1627 2674//2674
f 2893//2893 3456//3456 3449//3449
f 1277//1277 1704//1704 3451//3451
f 3290//3290 3459//3459 2763//2763
f 2972//2972 1879//1879 2230//2230
f 2234//2234 1776//1776 3447//3447
f 2256//2256 1549//1549 3415//3415
f 795//795 1984//1984 1025//1025
f 2932//2932 3209//3209 3173//3173
f 2637//2637 62//62 3547//3547
f 3453//3453 1138//1138 1395//1395
f 3522//3522 3152//3152 2520//2520
f 3465//3465 3458//3458 2390//2390
f 3455//3455 628//628 1627//1627
f 2994//2994 3506//3506 3422//3422
f 221//221 588//588 3450//3450
f 3420//3420 795//795 1025//1025
f 3420//3420 1017//1017 1977//1977
f 1599//1599 3547//3547 3555//3555
f 1034//1034 1008//1008 1366//1366
f 3290//3290 2763//2763 697//697
f 1279//1279 3459//3459 2317//2317
f 135//135 3456//3456 128//128
f 2154//2154 141//141 151//151
f 3435//3435 1094//1094 981//981
f 2234//2234 3447//3447 1535//1535
f 2408//2408 2895//2895 3047//3047
f 141//141 2882//2882 3188//3188
f 144//144 2885//2885 3191//3191
f 263//263 1830//1830 282//282
f 3468//3468 2824//2824 2994//2994
f 885//885 141//141 3188//3188
f 894//894 144//144 3191//3191
f 1833//1833 3508//3508 589//589
f 241//241 590//590 1833//1833
f 1543//1543 1980//1980 2940//2940
f 3460//3460 1137//1137 7//7
f 3461//3461 299//299 837//837
f 651//651 3338//3338 650//650
f 751//751 1894//1894 3435//3435
f 971//971 1094//1094 1893//1893
f 1137//1137 3460//3460 3453//3453
f 3460//3460 8//8 2854//2854
f 3306//3306 832//832 1138//1138
f 2628//2628 2017//2017 3466//3466
f 3466//3466 2017//2017 1591//1591
f 3466//3466 3484//3484 2018//2018
f 1601//1601 2638//2638 1600//1600
f 1652//1652 2519//2519 2520//2520
f 1661//1661 3465//3465 2886//2886
f 2176//2176 3467//3467 1700//1700
f 1543//1543 2940//2940 3078//3078
f 2435//2435 490//490 1517//1517
f 2227//2227 2332//2332 1976//1976
f 1599//1599 3475//3475 2638//2638
f 2173//2173 1867//1867 1273//1273
f 3467//3467 2759//2759 1700//1700
f 3470//3470 2252//2252 2254//2254
f 1804//1804 546//546 2559//2559
f 1803//1803 3000//3000 2840//2840
f 3498//3498 3463//3463 328//328
f 1242//1242 3072//3072 2963//2963
f 3483//3483 2234//2234 521//521
f 3471//3471 3047//3047 3017//3017
f 1242//1242 2963//2963 1947//1947
f 971//971 1391//1391 744//744
f 2709//2709 3472//3472 3441//3441
f 3472//3472 2709//2709 3469//3469
f 2182//2182 1279//1279 1868//1868
f 589//589 219//219 224//224
f 751//751 3435//3435 982//982
f 2858//2858 2316//2316 2897//2897
f 3518//3518 3573//3573 3089//3089
f 114//114 3464//3464 1634//1634
f 870//870 361//361 1641//1641
f 2629//2629 3466//3466 1591//1591
f 49//49 2013//2013 2623//2623
f 49//49 2623//2623 50//50
f 1779//1779 1830//1830 263//263
f 2905//2905 3468//3468 2599//2599
f 862//862 651//651 377//377
f 3473//3473 751//751 3521//3521
f 54//54 53//53 2628//2628
f 957//957 1296//1296 3490//3490
f 1733//1733 957//957 3490//3490
f 3473//3473 1393//1393 751//751
f 1369//1369 1378//1378 1884//1884
f 591//591 227//227 1895//1895
f 3573//3573 3584//3584 3503//3503
f 3476//3476 2147//2147 1674//1674
f 3477//3477 1466//1466 406//406
f 2414//2414 411//411 1255//1255
f 1271//1271 1703//1703 2706//2706
f 1327//1327 3454//3454 237//237
f 339//339 1842//1842 2910//2910
f 2949//2949 2636//2636 3475//3475
f 1988//1988 546//546 796//796
f 3216//3216 3015//3015 1653//1653
f 2235//2235 3331//3331 1979//1979
f 2235//2235 1979//1979 3483//3483
f 3217//3217 3216//3216 1653//1653
f 787//787 1011//1011 1009//1009
f 1992//1992 1133//1133 2825//2825
f 1327//1327 237//237 253//253
f 3466//3466 2018//2018 2628//2628
f 589//589 224//224 3450//3450
f 2486//2486 3473//3473 1505//1505
f 1505//1505 3473//3473 1506//1506
f 147//147 2888//2888 3193//3193
f 901//901 147//147 3193//3193
f 592//592 227//227 591//591
f 254//254 241//241 1833//1833
f 843//843 844//844 307//307
f 1306//1306 2478//2478 986//986
f 3479//3479 1927//1927 2355//2355
f 3480//3480 1946//1946 2150//2150
f 1886//1886 1988//1988 1563//1563
f 3484//3484 2629//2629 2630//2630
f 3481//3481 1606//1606 1608//1608
f 1310//1310 1306//1306 986//986
f 2463//2463 2219//2219 251//251
f 1563//1563 1988//1988 1382//1382
f 3077//3077 1382//1382 1988//1988
f 3167//3167 2259//2259 1542//1542
f 807//807 1367//1367 2990//2990
f 3483//3483 1374//1374 2234//2234
f 1590//1590 2627//2627 1591//1591
f 2631//2631 3484//3484 2630//2630
f 2639//2639 3485//3485 3550//3550
f 3485//3485 2639//2639 339//339
f 2910//2910 3485//3485 339//339
f 3550//3550 3485//3485 340//340
f 2708//2708 3486//3486 1216//1216
f 1216//1216 3486//3486 2710//2710
f 2179//2179 170//170 2706//2706
f 2097//2097 1703//1703 1271//1271
f 1475//1475 3354//3354 1703//1703
f 1475//1475 1703//1703 2761//2761
f 3487//3487 3168//3168 1528//1528
f 1992//1992 1796//1796 3422//3422
f 2855//2855 843//843 307//307
f 2965//2965 3496//3496 921//921
f 3487//3487 1331//1331 2451//2451
f 292//292 595//595 286//286
f 1576//1576 1999//1999 3286//3286
f 3479//3479 2357//2357 1927//1927
f 898//898 3486//3486 390//390
f 3478//3478 3304//3304 1367//1367
f 2904//2904 3168//3168 3487//3487
f 2699//2699 695//695 2553//2553
f 1426//1426 2169//2169 1954//1954
f 3484//3484 2631//2631 1592//1592
f 3488//3488 3584//3584 2116//2116
f 3584//3584 3488//3488 3396//3396
f 3423//3423 339//339 2639//2639
f 1219//1219 3502//3502 2390//2390
f 3559//3559 3558//3558 214//214
f 3483//3483 2457//2457 1374//1374
f 2563//2563 757//757 3422//3422
f 16//16 837//837 15//15
f 1703//1703 2179//2179 2706//2706
f 958//958 1734//1734 1738//1738
f 1884//1884 1378//1378 532//532
f 591//591 1895//1895 590//590
f 1842//1842 2493//2493 2910//2910
f 369//369 870//870 128//128
f 369//369 128//128 123//123
f 75//75 3489//3489 76//76
f 223//223 3508//3508 590//590
f 593//593 3491//3491 285//285
f 3491//3491 284//284 285//285
f 3491//3491 591//591 284//284
f 3430//3430 3492//3492 458//458
f 1835//1835 3493//3493 843//843
f 3493//3493 24//24 844//844
f 549//549 1808//1808 3506//3506
f 3153//3153 3494//3494 2298//2298
f 2393//2393 3495//3495 1854//1854
f 3496//3496 2748//2748 2749//2749
f 743//743 1500//1500 969//969
f 3519//3519 541//541 809//809
f 24//24 3493//3493 23//23
f 1708//1708 1080//1080 1479//1479
f 3492//3492 1733//1733 458//458
f 2807//2807 3497//3497 1884//1884
f 3497//3497 2807//2807 1790//1790
f 2298//2298 3494//3494 1439//1439
f 1926//1926 1143//1143 315//315
f 2815//2815 3497//3497 1015//1015
f 2494//2494 3499//3499 2912//2912
f 3499//3499 3423//3423 338//338
f 3498//3498 329//329 3501//3501
f 331//331 3501//3501 329//329
f 3503//3503 1941//1941 393//393
f 3451//3451 1704//1704 1475//1475
f 3498//3498 3500//3500 3463//3463
f 2627//2627 3463//3463 3500//3500
f 3500//3500 1591//1591 2627//2627
f 3499//3499 339//339 3423//3423
f 2699//2699 2553//2553 3494//3494
f 1472//1472 3494//3494 2553//2553
f 170//170 2179//2179 3515//3515
f 2567//2567 456//456 733//733
f 338//338 2912//2912 3499//3499
f 3501//3501 331//331 2947//2947
f 1485//1485 1715//1715 939//939
f 1485//1485 939//939 2901//2901
f 1576//1576 1577//1577 1578//1578
f 3501//3501 2630//2630 330//330
f 2181//2181 3354//3354 1704//1704
f 1576//1576 1578//1578 2614//2614
f 2862//2862 3573//3573 3503//3503
f 3503//3503 393//393 2862//2862
f 1593//1593 2022//2022 3514//3514
f 2102//2102 3502//3502 3469//3469
f 168//168 2181//2181 2182//2182
f 3500//3500 3498//3498 330//330
f 3500//3500 330//330 2629//2629
f 254//254 1833//1833 589//589
f 2600//2600 1367//1367 807//807
f 3286//3286 1999//1999 2613//2613
f 1954//1954 2169//2169 1260//1260
f 838//838 837//837 16//16
f 733//733 734//734 735//735
f 232//232 225//225 3120//3120
f 774//774 1528//1528 1529//1529
f 873//873 73//73 111//111
f 1082//1082 1081//1081 1485//1485
f 1541//1541 774//774 1529//1529
f 3504//3504 1574//1574 1575//1575
f 2014//2014 3463//3463 2627//2627
f 1739//1739 3505//3505 735//735
f 3506//3506 2563//2563 3422//3422
f 1663//1663 2105//2105 1440//1440
f 2936//2936 3562//3562 3552//3552
f 3560//3560 2531//2531 2164//2164
f 3507//3507 2539//2539 1073//1073
f 1858//1858 1859//1859 2539//2539
f 3245//3245 1145//1145 1148//1148
f 2014//2014 2627//2627 853//853
f 2021//2021 3115//3115 2024//2024
f 1738//1738 206//206 214//214
f 3562//3562 1954//1954 3525//3525
f 929//929 429//429 3517//3517
f 1652//1652 2958//2958 2689//2689
f 2021//2021 2024//2024 2022//2022
f 3254//3254 1837//1837 1148//1148
f 3245//3245 1148//1148 1837//1837
f 3504//3504 3270//3270 1574//1574
f 3504//3504 3271//3271 3286//3286
f 223//223 219//219 3508//3508
f 1277//1277 3451//3451 2763//2763
f 3508//3508 219//219 589//589
f 1222//1222 3509//3509 1852//1852
f 3509//3509 3471//3471 1852//1852
f 1734//1734 735//735 3505//3505
f 2825//2825 3519//3519 2821//2821
f 3508//3508 1833//1833 590//590
f 1708//1708 1479//1479 1380//1380
f 3224//3224 3560//3560 2164//2164
f 3507//3507 1858//1858 2539//2539
f 168//168 2182//2182 167//167
f 3510//3510 647//647 873//873
f 646//646 3510//3510 1640//1640
f 217//217 824//824 555//555
f 2542//2542 1245//1245 2538//2538
f 2186//2186 1085//1085 1082//1082
f 374//374 3510//3510 873//873
f 2453//2453 2325//2325 3513//3513
f 1762//1762 2566//2566 2985//2985
f 3254//3254 327//327 2014//2014
f 3514//3514 3312//3312 3084//3084
f 2065//2065 140//140 884//884
f 2181//2181 168//168 169//169
f 1704//1704 1277//1277 2182//2182
f 2207//2207 737//737 734//734
f 1762//1762 2985//2985 3099//3099
f 3513//3513 774//774 1525//1525
f 3042//3042 2370//2370 3516//3516
f 1260//1260 2169//2169 3070//3070
f 3//3 3412//3412 4//4
f 3513//3513 1103//1103 774//774
f 2182//2182 1277//1277 1279//1279
f 3440//3440 3516//3516 2370//2370
f 2520//2520 2519//2519 3522//3522
f 1858//1858 3480//3480 1242//1242
f 1858//1858 1242//1242 1673//1673
f 2505//2505 3245//3245 325//325
f 3515//3515 3354//3354 2181//2181
f 3409//3409 3517//3517 1282//1282
f 2023//2023 60//60 3532//3532
f 2181//2181 169//169 3515//3515
f 3516//3516 2065//2065 884//884
f 3519//3519 1130//1130 2821//2821
f 56//56 2019//2019 3312//3312
f 3516//3516 3526//3526 2065//2065
f 1735//1735 2771//2771 737//737
f 1010//1010 3131//3131 1348//1348
f 1049//1049 597//597 2907//2907
f 982//982 3521//3521 751//751
f 3522//3522 2295//2295 3152//3152
f 3520//3520 1484//1484 709//709
f 3523//3523 854//854 2646//2646
f 2684//2684 2065//2065 1648//1648
f 518//518 1009//1009 1011//1011
f 3524//3524 1054//1054 2037//2037
f 1784//1784 1010//1010 1348//1348
f 325//325 3245//3245 1837//1837
f 3524//3524 5//5 4//4
f 1648//1648 3526//3526 1649//1649
f 3526//3526 1648//1648 2065//2065
f 1259//1259 3525//3525 1260//1260
f 518//518 1011//1011 3240//3240
f 1049//1049 2907//2907 600//600
f 3412//3412 1817//1817 3524//3524
f 3521//3521 2192//2192 3538//3538
f 1649//1649 3526//3526 3440//3440
f 1506//1506 3521//3521 3538//3538
f 1144//1144 3479//3479 1143//1143
f 2023//2023 3384//3384 2026//2026
f 60//60 2023//2023 61//61
f 1144//1144 1143//1143 316//316
f 555//555 824//824 3119//3119
f 2634//2634 3312//3312 3514//3514
f 262//262 2840//2840 1546//1546
f 262//262 1546//1546 3112//3112
f 124//124 3535//3535 2690//2690
f 555//555 556//556 214//214
f 556//556 555//555 264//264
f 3527//3527 1049//1049 3591//3591
f 602//602 3527//3527 601//601
f 3527//3527 602//602 1050//1050
f 775//775 2233//2233 1010//1010
f 956//956 200//200 944//944
f 3529//3529 1902//1902 614//614
f 324//324 3530//3530 325//325
f 2952//2952 2748//2748 3590//3590
f 3462//3462 3528//3528 1029//1029
f 325//325 3530//3530 2505//2505
f 555//555 3119//3119 264//264
f 2000//2000 3455//3455 1420//1420
f 2816//2816 3531//3531 3125//3125
f 3531//3531 2816//2816 519//519
f 3410//3410 3531//3531 519//519
f 2000//2000 1420//1420 1925//1925
f 170//170 3515//3515 169//169
f 1144//1144 3367//3367 2509//2509
f 1144//1144 2509//2509 1187//1187
f 3532//3532 59//59 2634//2634
f 2023//2023 3532//3532 1595//1595
f 1594//1594 1595//1595 3532//3532
f 56//56 3312//3312 57//57
f 956//956 944//944 945//945
f 1233//1233 3011//3011 2403//2403
f 2388//2388 1635//1635 2094//2094
f 1722//1722 3340//3340 956//956
f 3533//3533 735//735 734//734
f 3237//3237 1297//1297 459//459
f 334//334 3265//3265 3034//3034
f 2489//2489 1846//1846 3570//3570
f 1540//1540 1976//1976 3075//3075
f 325//325 2857//2857 324//324
f 3535//3535 130//130 3092//3092
f 3011//3011 3546//3546 1197//1197
f 3534//3534 628//628 2000//2000
f 3536//3536 2531//2531 3560//3560
f 2125//2125 3536//3536 3572//3572
f 334//334 3034//3034 1904//1904
f 3348//3348 3475//3475 2636//2636
f 3539//3539 1251//1251 1863//1863
f 1100//1100 3538//3538 1101//1101
f 2936//2936 2415//2415 1426//1426
f 3475//3475 3348//3348 1600//1600
f 3348//3348 2636//2636 2639//2639
f 1954//1954 2936//2936 1426//1426
f 2567//2567 733//733 1734//1734
f 3259//3259 3537//3537 1824//1824
f 3538//3538 2195//2195 1101//1101
f 2023//2023 2026//2026 61//61
f 3543//3543 2170//2170 1696//1696
f 3535//3535 2727//2727 2690//2690
f 130//130 3535//3535 124//124
f 408//408 3539//3539 1464//1464
f 3546//3546 3540//3540 2368//2368
f 3540//3540 3546//3546 2070//2070
f 452//452 198//198 1295//1295
f 3539//3539 1951//1951 1464//1464
f 980//980 225//225 761//761
f 2094//2094 2093//2093 3554//3554
f 2125//2125 396//396 676//676
f 3543//3543 2752//2752 1697//1697
f 3545//3545 1880//1880 2788//2788
f 3548//3548 3511//3511 8//8
f 1641//1641 3540//3540 135//135
f 3545//3545 2788//2788 498//498
f 3542//3542 2079//2079 3025//3025
f 1404//1404 1403//1403 1190//1190
f 3536//3536 3544//3544 2531//2531
f 2416//2416 2936//2936 3552//3552
f 3162//3162 1259//1259 1260//1260
f 3325//3325 3545//3545 498//498
f 3545//3545 3325//3325 784//784
f 3536//3536 2125//2125 676//676
f 3547//3547 1599//1599 2637//2637
f 3547//3547 62//62 2026//2026
f 3547//3547 2026//2026 3384//3384
f 1034//1034 1366//1366 1365//1365
f 1599//1599 3555//3555 3475//3475
f 2207//2207 734//734 733//733
f 737//737 2771//2771 3237//3237
f 1164//1164 3548//3548 2657//2657
f 1615//1615 3511//3511 3548//3548
f 2657//2657 3548//3548 7//7
f 3340//3340 202//202 956//956
f 3546//3546 2368//2368 1197//1197
f 1863//1863 1251//1251 3224//3224
f 3475//3475 1600//1600 2638//2638
f 1696//1696 2170//2170 2680//2680
f 1491//1491 489//489 2205//2205
f 914//914 404//404 2955//2955
f 2399//2399 1631//1631 2119//2119
f 3570//3570 3549//3549 350//350
f 1108//1108 3551//3551 2327//2327
f 3551//3551 1366//1366 2327//2327
f 2789//2789 255//255 276//276
f 2792//2792 3551//3551 2458//2458
f 3553//3553 1602//1602 1601//1601
f 1602//1602 3553//3553 2640//2640
f 3550//3550 2640//2640 3553//3553
f 3384//3384 3555//3555 3547//3547
f 3143//3143 3582//3582 3552//3552
f 3561//3561 770//770 2428//2428
f 410//410 3556//3556 2164//2164
f 3556//3556 410//410 3442//3442
f 3555//3555 3384//3384 1598//1598
f 3556//3556 1951//1951 1863//1863
f 3558//3558 1738//1738 214//214
f 452//452 159//159 448//448
f 198//198 452//452 448//448
f 2789//2789 276//276 1824//1824
f 694//694 2936//2936 2416//2416
f 213//213 3559//3559 214//214
f 1762//1762 489//489 1491//1491
f 1051//1051 597//597 1049//1049
f 1051//1051 1049//1049 1050//1050
f 367//367 83//83 649//649
f 3373//3373 367//367 649//649
f 3557//3557 1706//1706 706//706
f 3557//3557 700//700 3317//3317
f 1295//1295 953//953 452//452
f 1702//1702 2318//2318 1079//1079
f 2119//2119 3565//3565 2137//2137
f 2723//2723 3257//3257 1666//1666
f 2730//2730 154//154 2151//2151
f 458//458 3490//3490 3559//3559
f 3558//3558 3559//3559 3490//3490
f 3488//3488 2116//2116 2525//2525
f 458//458 3559//3559 962//962
f 213//213 962//962 3559//3559
f 3121//3121 2934//2934 3512//3512
f 1706//1706 3561//3561 1311//1311
f 3561//3561 3541//3541 1311//1311
f 1404//1404 1190//1190 2489//2489
f 8//8 3511//3511 9//9
f 3562//3562 3143//3143 3552//3552
f 3511//3511 2038//2038 9//9
f 3563//3563 954//954 1295//1295
f 1615//1615 2038//2038 3511//3511
f 1666//1666 2128//2128 2127//2127
f 1679//1679 2153//2153 2730//2730
f 3563//3563 197//197 1728//1728
f 2325//2325 3564//3564 1820//1820
f 793//793 1544//1544 2471//2471
f 1666//1666 2127//2127 2889//2889
f 1044//1044 3395//3395 930//930
f 3219//3219 3391//3391 693//693
f 793//793 2471//2471 990//990
f 1845//1845 1190//1190 3202//3202
f 2752//2752 3391//3391 3219//3219
f 1728//1728 1294//1294 3563//3563
f 3352//3352 2714//2714 2313//2313
f 3565//3565 2313//2313 2714//2714
f 3443//3443 3578//3578 1112//1112
f 2094//2094 3554//3554 2111//2111
f 3585//3585 136//136 3586//3586
f 1615//1615 3548//3548 1164//1164
f 3567//3567 1326//1326 3574//3574
f 2151//2151 154//154 155//155
f 1331//1331 1103//1103 1820//1820
f 2934//2934 3560//3560 3512//3512
f 3097//3097 491//491 771//771
f 3095//3095 3574//3574 793//793
f 3568//3568 295//295 598//598
f 255//255 3443//3443 569//569
f 596//596 3568//3568 1051//1051
f 1409//1409 2028//2028 2656//2656
f 1676//1676 3569//3569 2694//2694
f 2489//2489 3570//3570 3057//3057
f 2645//2645 3481//3481 68//68
f 3571//3571 2344//2344 2658//2658
f 1079//1079 2318//2318 3579//3579
f 3569//3569 155//155 2694//2694
f 3581//3581 1677//1677 1676//1676
f 2730//2730 2151//2151 1677//1677
f 3445//3445 1883//1883 2256//2256
f 3121//3121 3572//3572 2934//2934
f 3572//3572 1665//1665 2125//2125
f 1409//1409 2656//2656 3418//3418
f 1699//1699 3369//3369 1700//1700
f 1453//1453 3404//3404 2139//2139
f 1820//1820 1103//1103 2325//2325
f 2344//2344 3571//3571 3418//3418
f 1164//1164 3418//3418 3571//3571
f 825//825 3443//3443 570//570
f 569//569 3443//3443 825//825
f 3020//3020 3573//3573 2862//2862
f 3573//3573 3020//3020 3089//3089
f 555//555 214//214 206//206
f 3572//3572 3536//3536 2934//2934
f 3525//3525 1864//1864 3143//3143
f 3554//3554 1079//1079 3579//3579
f 1050//1050 1049//1049 3527//3527
f 2723//2723 1666//1666 2889//2889
f 596//596 1051//1051 604//604
f 786//786 3567//3567 3574//3574
f 3574//3574 1326//1326 793//793
f 294//294 596//596 1834//1834
f 2037//2037 3575//3575 2657//2657
f 3577//3577 2758//2758 3586//3586
f 3578//3578 2789//2789 1820//1820
f 3575//3575 2037//2037 1054//1054
f 3576//3576 2140//2140 1945//1945
f 1698//1698 3577//3577 3586//3586
f 3575//3575 1409//1409 1164//1164
f 2725//2725 3576//3576 2309//2309
f 3576//3576 2725//2725 1468//1468
f 2751//2751 2749//2749 2748//2748
f 3577//3577 1698//1698 2172//2172
f 1606//1606 2643//2643 1605//1605
f 629//629 630//630 628//628
f 2194//2194 892//892 386//386
f 2194//2194 386//386 756//756
f 425//425 1708//1708 2473//2473
f 255//255 3578//3578 3443//3443
f 1820//1820 3564//3564 3578//3578
f 3555//3555 2949//2949 3475//3475
f 2894//2894 914//914 2955//2955
f 3350//3350 2701//2701 3579//3579
f 3224//3224 1664//1664 3512//3512
f 57//57 3312//3312 2634//2634
f 220//220 3587//3587 3163//3163
f 3587//3587 220//220 548//548
f 1044//1044 930//930 2473//2473
f 3578//3578 3564//3564 1112//1112
f 2820//2820 1559//1559 2261//2261
f 1331//1331 1820//1820 2789//2789
f 3579//3579 2318//2318 3350//3350
f 2730//2730 1677//1677 1678//1678
f 930//930 425//425 2473//2473
f 2897//2897 2316//2316 2751//2751
f 3554//3554 3579//3579 2701//2701
f 260//260 2820//2820 2261//2261
f 3580//3580 926//926 425//425
f 799//799 798//798 2232//2232
f 2152//2152 3581//3581 2728//2728
f 1866//1866 1702//1702 1079//1079
f 761//761 225//225 232//232
f 2416//2416 3582//3582 1956//1956
f 3581//3581 1676//1676 2728//2728
f 1678//1678 3581//3581 2152//2152
f 3583//3583 789//789 235//235
f 3585//3585 137//137 378//378
f 2355//2355 1927//1927 1580//1580
f 2356//2356 1580//1580 1927//1927
f 2231//2231 258//258 1368//1368
f 3143//3143 1470//1470 1955//1955
f 2231//2231 1368//1368 1026//1026
f 3289//3289 2761//2761 2097//2097
f 2195//2195 2192//2192 2193//2193
f 3583//3583 235//235 492//492
f 2116//2116 3584//3584 3573//3573
f 3591//3591 1049//1049 600//600
f 2751//2751 2748//2748 2897//2897
f 3512//3512 3560//3560 3224//3224
f 2845//2845 1644//1644 136//136
f 2845//2845 136//136 3585//3585
f 137//137 3585//3585 3586//3586
f 2634//2634 58//58 57//57
f 529//529 3528//3528 2810//2810
f 771//771 491//491 2565//2565
f 2194//2194 2195//2195 2193//2193
f 2820//2820 292//292 1043//1043
f 2820//2820 1043//1043 540//540
f 3090//3090 2385//2385 3089//3089
f 2960//2960 3090//3090 3089//3089
f 1583//1583 3417//3417 2009//2009
f 1583//1583 2009//2009 2008//2008
f 1811//1811 2817//2817 3583//3583
f 761//761 232//232 3122//3122
f 117//117 3593//3593 127//127
f 3582//3582 3143//3143 1955//1955
f 896//896 3289//3289 2097//2097
f 3587//3587 1745//1745 3163//3163
f 1745//1745 3587//3587 823//823
f 823//823 3587//3587 3228//3228
f 548//548 3228//3228 3587//3587
f 1788//1788 529//529 2810//2810
f 2751//2751 2316//2316 1694//1694
f 2053//2053 1696//1696 1258//1258
f 260//260 2261//2261 1986//1986
f 2092//2092 3586//3586 136//136
f 183//183 1080//1080 172//172
f 3135//3135 292//292 286//286
f 2602//2602 1482//1482 2558//2558
f 2095//2095 1270//1270 1473//1473
f 896//896 2705//2705 3592//3592
f 158//158 159//159 2738//2738
f 3566//3566 2998//2998 2830//2830
f 2740//2740 158//158 2738//2738
f 210//210 553//553 554//554
f 3588//3588 980//980 761//761
f 208//208 210//210 554//554
f 3234//3234 311//311 603//603
f 293//293 311//311 851//851
f 3593//3593 3467//3467 1866//1866
f 1810//1810 1047//1047 2996//2996
f 3279//3279 1179//1179 3185//3185
f 3588//3588 1306//1306 486//486
f 1770//1770 2232//2232 3243//3243
f 3588//3588 760//760 1306//1306
f 2166//2166 2744//2744 2745//2745
f 1770//1770 3243//3243 999//999
f 2492//2492 2843//2843 2909//2909
f 2621//2621 1584//1584 2619//2619
f 2966//2966 3590//3590 3162//3162
f 1810//1810 2996//2996 2828//2828
f 3591//3591 1402//1402 601//601
f 1401//1401 3452//3452 3591//3591
f 1402//1402 3591//3591 3452//3452
f 419//419 3592//3592 421//421
f 2857//2857 2622//2622 2621//2621
f 2180//2180 3592//3592 419//419
f 3279//3279 3185//3185 620//620
f 2819//2819 3263//3263 2267//2267
f 2492//2492 2909//2909 2910//2910
f 3518//3518 1663//1663 2116//2116
f 3573//3573 3518//3518 2116//2116
f 3525//3525 3143//3143 3562//3562
f 2634//2634 3514//3514 1594//1594
f 3532//3532 2634//2634 1594//1594
f 3512//3512 675//675 3182//3182
f 3121//3121 3512//3512 3182//3182
f 529//529 2981//2981 3231//3231
f 529//529 3231//3231 533//533
f 1807//1807 2275//2275 220//220
f 548//548 220//220 2275//2275
f 1807//1807 220//220 1755//1755
f 1316//1316 2565//2565 1872//1872
f 2093//2093 3593//3593 1866//1866
f 3090//3090 2408//2408 3047//3047
f 1583//1583 3253//3253 2619//2619
f 1584//1584 1583//1583 2619//2619
f 3509//3509 3090//3090 3047//3047
f 3592//3592 2705//2705 421//421
f 293//293 851//851 827//827
f 3589//3589 1774//1774 2231//2231
f 2857//2857 2621//2621 324//324
f 2897//2897 2748//2748 2952//2952
f 3593//3593 2093//2093 127//127
f 3589//3589 2231//2231 2596//2596
f 265//265 264//264 3567//3567
f 382//382 3042//3042 3516//3516
f 382//382 3516//3516 884//884
f 3391//3391 1696//1696 2053//2053
f 757//757 1386//1386 1992//1992
f 757//757 1992//1992 3422//3422
f 1282//1282 1080//1080 183//183
f 265//265 3567//3567 787//787
f 1043//1043 292//292 3135//3135
f 398//398 3051//3051 3195//3195
f 112//112 2732//2732 2158//2158
f 398//398 3195//3195 906//906
f 387//387 3046//3046 3190//3190
f 119//119 112//112 2158//2158
f 387//387 3190//3190 893//893
f 76//76 3489//3489 369//369
f 1788//1788 2810//2810 2488//2488
f 3105//3105 2809//2809 1814//1814
f 1788//1788 2488//2488 2487//2487
f 1804//1804 1482//1482 2602//2602
f 3105//3105 1814//1814 2283//2283
f 365//365 76//76 369//369
f 1760//1760 2776//2776 2435//2435
f 1760//1760 2435//2435 2434//2434
f 420//420 1270//1270 2095//2095
f 134//134 653//653 370//370
f 376//376 134//134 370//370
f 1781//1781 2803//2803 2476//2476
f 1781//1781 2476//2476 2475//2475
f 896//896 3592//3592 3289//3289
f 885//885 382//382 764//764
f 131//131 1639//1639 653//653
f 134//134 131//131 653//653
f 1373//1373 2998//2998 3566//3566
f 885//885 764//764 752//752
# 7198 faces, 0 coords texture

# End of File
