# Copyright (c) 2023 NVIDIA CORPORATION & AFFILIATES. All rights reserved.
#
# Licensed under the NVIDIA Source Code License [see LICENSE for details].

# Vertices: 3729
# Faces: 7454

mtllib peg_tray_round_16mm.mtl

vn -0.7151775 -0.0616494 0.6962187
v 0.0084561 0.0005772 0.0000000
vn -0.6852835 -0.1818966 0.7051952
v 0.0081770 0.0020925 0.0000000
vn -0.6460233 -0.3253180 0.6905231
v 0.0075493 0.0038778 0.0000000
vn -0.5593571 -0.4545636 0.6931750
v 0.0065522 0.0053773 0.0000000
vn -0.4668930 -0.5511148 0.6915804
v 0.0053888 0.0065663 0.0000000
vn -0.3748651 -0.6147342 0.6939583
v 0.0044856 0.0072135 0.0000000
vn -0.2728701 -0.6661976 0.6940624
v 0.0032064 0.0078623 0.0000000
vn -0.1688220 -0.6979036 0.6960099
v 0.0021061 0.0082167 0.0000000
vn -0.0381508 -0.7235496 0.6892174
v 0.0004631 0.0084818 0.0000000
vn 0.1233564 -0.7122285 0.6910236
v -0.0012903 0.0083831 0.0000000
vn 0.3778562 -0.5766093 0.7243938
v -0.0045564 0.0069947 0.0000000
vn 0.4771731 -0.5230317 0.7062178
v -0.0057930 0.0060962 0.0000000
vn 0.5737105 -0.4203451 0.7029696
v -0.0068708 0.0048986 0.0000000
vn 0.6596382 -0.2990185 0.6895400
v -0.0077709 0.0034193 0.0000000
vn 0.7073933 -0.1506859 0.6905711
v -0.0082997 0.0017924 0.0000000
vn 0.7208217 -0.0041780 0.6931079
v -0.0084843 0.0000228 0.0000000
vn 0.7072400 0.1204228 0.6966419
v -0.0083439 -0.0015183 0.0000000
vn 0.6834255 0.2369482 0.6904964
v -0.0080470 -0.0027316 0.0000000
vn 0.6244030 0.3581004 0.6941795
v -0.0073590 -0.0042224 0.0000000
vn 0.5519162 0.4601966 0.6954191
v -0.0065396 -0.0053963 0.0000000
vn 0.4554425 0.5646290 0.6883067
v -0.0053191 -0.0066274 0.0000000
vn 0.3327612 0.6373397 0.6950310
v -0.0039956 -0.0074754 0.0000000
vn 0.2025892 0.6901889 0.6946920
v -0.0023498 -0.0081435 0.0000000
vn 0.0733978 0.7166733 0.6935360
v -0.0006480 -0.0084697 0.0000000
vn -0.0299811 0.7205119 0.6927942
v 0.0001854 -0.0084960 0.0000000
vn -0.1473667 0.7024461 0.6963136
v 0.0016767 -0.0083093 0.0000000
vn -0.2693679 0.6687241 0.6930001
v 0.0032922 -0.0078268 0.0000000
vn -0.3725487 0.6171010 0.6931045
v 0.0043272 -0.0073096 0.0000000
vn -0.4705176 0.5412848 0.6968672
v 0.0054116 -0.0065221 0.0000000
vn -0.6038248 0.3932998 0.6933331
v 0.0072307 -0.0044417 0.0000000
vn -0.6586654 0.2896682 0.6944439
v 0.0078119 -0.0033361 0.0000000
vn -0.6965317 0.1913130 0.6915512
v 0.0081585 -0.0023780 0.0000000
vn -0.7182898 0.0631003 0.6928768
v 0.0084581 -0.0007165 0.0000000
vn -0.6886994 -0.0229881 0.7246826
v 0.0084929 0.0003242 0.0250000
vn -0.6811170 0.1037030 0.7247933
v 0.0083991 -0.0012927 0.0250000
vn -0.6488332 0.2278327 0.7260219
v 0.0080470 -0.0027316 0.0250000
vn -0.5964583 0.3499667 0.7223302
v 0.0072169 -0.0044879 0.0250000
vn -0.5432246 0.4303975 0.7208779
v 0.0067435 -0.0051745 0.0250000
vn -0.4698096 0.5075467 0.7222709
v 0.0057247 -0.0062824 0.0250000
vn -0.3863546 0.5729005 0.7228522
v 0.0048368 -0.0069886 0.0250000
vn -0.2783987 0.6301605 0.7248393
v 0.0034225 -0.0077783 0.0250000
vn -0.1595224 0.6699158 0.7250968
v 0.0019750 -0.0082654 0.0250000
vn -0.0339739 0.6871225 0.7257469
v 0.0004634 -0.0084858 0.0250000
vn 0.1019984 0.6798156 0.7262556
v -0.0012470 -0.0084061 0.0250000
vn 0.2377067 0.6443052 0.7268881
v -0.0029506 -0.0079705 0.0250000
vn 0.3600962 0.5864131 0.7255690
v -0.0044879 -0.0072169 0.0250000
vn 0.4618605 0.5092933 0.7261578
v -0.0056552 -0.0063434 0.0250000
vn 0.5549216 0.4058516 0.7261863
v -0.0069079 -0.0049502 0.0250000
vn 0.6205759 0.2976622 0.7254536
v -0.0076420 -0.0037171 0.0250000
vn 0.6651685 0.1708003 0.7268962
v -0.0082324 -0.0021098 0.0250000
vn 0.6844822 0.0451694 0.7276290
v -0.0084858 -0.0004634 0.0250000
vn 0.6930766 -0.0247292 0.7204397
v -0.0084919 0.0003708 0.0250000
vn 0.6794682 -0.1103413 0.7253605
v -0.0084202 0.0011555 0.0250000
vn 0.6481335 -0.2336119 0.7248093
v -0.0079705 0.0029506 0.0250000
vn 0.5973496 -0.3443090 0.7243099
v -0.0073837 0.0042090 0.0250000
vn 0.5197182 -0.4493902 0.7265959
v -0.0064808 0.0054986 0.0250000
vn 0.4089896 -0.5521104 0.7265684
v -0.0050249 0.0068531 0.0250000
vn 0.2829751 -0.6270570 0.7257580
v -0.0035075 0.0077409 0.0250000
vn 0.1559886 -0.6731976 0.7228227
v -0.0017487 0.0083166 0.0250000
vn 0.0597408 -0.6902288 0.7211209
v -0.0008331 0.0084575 0.0250000
vn -0.0490124 -0.6880272 0.7240279
v 0.0005558 0.0084798 0.0250000
vn -0.1760088 -0.6649293 0.7258719
v 0.0021548 0.0082214 0.0250000
vn -0.3047788 -0.6163000 0.7261434
v 0.0037586 0.0076216 0.0250000
vn -0.4189349 -0.5478690 0.7241085
v 0.0052468 0.0066854 0.0250000
vn -0.5025169 -0.4738161 0.7231702
v 0.0061386 0.0058765 0.0250000
vn -0.5753520 -0.3792539 0.7246632
v 0.0070915 0.0046828 0.0250000
vn -0.6345430 -0.2651272 0.7259909
v 0.0078342 0.0032955 0.0250000
vn -0.6733958 -0.1443406 0.7250544
v 0.0083166 0.0017487 0.0250000
vn 0.5773503 -0.5773503 0.5773503
v 0.0125000 -0.0125000 0.0250000
vn 0.5773503 0.5773503 0.5773503
v 0.0125000 0.0125000 0.0250000
vn -0.5773503 0.5773503 0.5773503
v -0.0125000 0.0125000 0.0250000
vn -0.5773503 -0.5773503 0.5773503
v -0.0125000 -0.0125000 0.0250000
vn 0.3015113 -0.3015113 0.9045340
v 0.0125000 -0.0125000 0.0000000
vn 0.3015114 0.3015113 0.9045340
v 0.0125000 0.0125000 0.0000000
vn -0.3015113 0.3015113 0.9045341
v -0.0125000 0.0125000 0.0000000
vn -0.3015114 -0.3015113 0.9045340
v -0.0125000 -0.0125000 0.0000000
vn 0.5773503 0.5773503 0.5773503
v 0.0200000 0.0200000 0.0000000
vn -0.5773503 0.5773503 0.5773503
v -0.0200000 0.0200000 0.0000000
vn -0.5773503 -0.5773503 0.5773503
v -0.0200000 -0.0200000 0.0000000
vn 0.5773503 -0.5773503 0.5773503
v 0.0200000 -0.0200000 0.0000000
vn -0.5773503 -0.5773503 -0.5773503
v -0.0200000 -0.0200000 -0.0030000
vn -0.5773503 0.5773503 -0.5773503
v -0.0200000 0.0200000 -0.0030000
vn 0.5773504 0.5773503 -0.5773503
v 0.0200000 0.0200000 -0.0030000
vn 0.5773503 -0.5773503 -0.5773503
v 0.0200000 -0.0200000 -0.0030000
vn 0.0000000 0.0000000 1.0000000
v 0.0051044 0.0011245 0.0000000
vn 0.0000000 0.0000000 1.0000000
v 0.0040697 0.0022483 0.0000000
vn 0.0000000 0.0000000 1.0000000
v 0.0031637 0.0034313 0.0000000
vn 0.0000000 0.0000000 1.0000000
v 0.0037776 0.0045413 0.0000000
vn 0.0000000 0.0000000 1.0000000
v 0.0006017 0.0047384 0.0000000
vn 0.0000000 0.0000000 1.0000000
v -0.0011498 0.0042521 0.0000000
vn 0.0000000 0.0000000 1.0000000
v -0.0026520 0.0038619 0.0000000
vn 0.0000000 0.0000000 1.0000000
v -0.0028674 0.0026447 0.0000000
vn 0.0000000 0.0000000 1.0000000
v -0.0036869 0.0017061 0.0000000
vn 0.0000000 0.0000000 1.0000000
v -0.0046363 0.0005112 0.0000000
vn 0.0000000 0.0000000 1.0000000
v -0.0041506 -0.0009730 0.0000000
vn 0.0000000 0.0000000 1.0000000
v -0.0038674 -0.0024666 0.0000000
vn 0.0000000 0.0000000 1.0000000
v -0.0027004 -0.0029436 0.0000000
vn 0.0000000 0.0000000 1.0000000
v -0.0022132 -0.0041404 0.0000000
vn 0.0000000 0.0000000 1.0000000
v -0.0005822 -0.0044987 0.0000000
vn 0.0000000 0.0000000 1.0000000
v 0.0002553 -0.0030393 0.0000000
vn 0.0000000 0.0000000 1.0000000
v 0.0008973 -0.0043006 0.0000000
vn 0.0000000 0.0000000 1.0000000
v 0.0019906 -0.0032651 0.0000000
vn 0.0000000 0.0000000 1.0000000
v 0.0035352 -0.0042256 0.0000000
vn 0.0000000 0.0000000 1.0000000
v 0.0058528 -0.0011082 0.0000000
vn 0.0000000 0.0000000 1.0000000
v 0.0048161 -0.0003565 0.0000000
vn -0.9999852 -0.0053941 -0.0006950
v 0.0084991 0.0000400 0.0171994
vn -0.9810078 0.1939627 -0.0014787
v 0.0083310 -0.0016763 0.0125681
vn -0.9632642 0.2685522 0.0013431
v 0.0081857 -0.0022846 0.0157577
vn -0.7595009 0.6504981 0.0032747
v 0.0064722 -0.0055084 0.0148010
vn -0.6230289 0.7821987 -0.0003587
v 0.0052940 -0.0066476 0.0173515
vn -0.3364460 0.9416893 -0.0050537
v 0.0028892 -0.0079935 0.0144574
vn -0.0227182 0.9997396 -0.0021609
v 0.0001810 -0.0084961 0.0149170
vn -0.0188804 0.9998142 0.0038773
v 0.0001614 -0.0084965 0.0165005
vn -0.0113164 0.9999269 -0.0042713
v 0.0001202 -0.0084974 0.0180466
vn 0.3071639 0.9516565 0.0004876
v -0.0026117 -0.0080877 0.0149857
vn 0.6083980 0.7936301 -0.0017786
v -0.0051522 -0.0067598 0.0150025
vn 0.7964717 0.6046758 0.0003571
v -0.0067543 -0.0051597 0.0174073
vn 0.9286004 0.3710803 0.0008504
v -0.0078733 -0.0032007 0.0092189
vn 0.9768915 0.2137358 -0.0004408
v -0.0083055 -0.0018046 0.0160135
vn 0.9965450 0.0830402 -0.0015703
v -0.0084694 -0.0007134 0.0151268
vn 0.9976139 0.0689784 -0.0029244
v -0.0084793 -0.0005624 0.0110243
vn 0.9999020 0.0135387 -0.0035631
v -0.0084979 -0.0000964 0.0080914
vn 0.9990283 0.0440674 -0.0006761
v -0.0084908 -0.0003880 0.0166923
vn 0.9914920 -0.1301498 0.0021700
v -0.0084260 0.0011181 0.0172425
vn 0.9563736 -0.2921421 0.0015962
v -0.0081329 0.0024656 0.0161000
vn 0.8875158 -0.4607764 -0.0008865
v -0.0075509 0.0039019 0.0128537
vn 0.6669575 -0.7450931 0.0020000
v -0.0056610 0.0063384 0.0170903
vn 0.3307288 -0.9437245 -0.0016079
v -0.0028323 0.0080128 0.0118798
vn 0.3493353 -0.9369978 0.0000244
v -0.0029493 0.0079710 0.0175955
vn 0.0794790 -0.9968292 0.0038402
v -0.0006581 0.0084731 0.0169946
vn -0.0511219 -0.9986901 0.0021400
v 0.0004177 0.0084888 0.0175290
vn -0.2291557 -0.9733898 -0.0001032
v 0.0019709 0.0082664 0.0127149
vn -0.2885693 -0.9574587 0.0008079
v 0.0024577 0.0081352 0.0102041
vn -0.4496208 -0.8932191 0.0009773
v 0.0038437 0.0075796 0.0156613
vn -0.3996199 -0.9166805 -0.0009430
v 0.0034599 0.0077619 0.0127516
vn -0.6092945 -0.7929366 -0.0034500
v 0.0051701 0.0067467 0.0148362
vn -0.7839741 -0.6207872 0.0028207
v 0.0066603 0.0052782 0.0176041
vn -0.9229161 -0.3849852 0.0035121
v 0.0078548 0.0032480 0.0153732
vn -0.9476537 -0.3192999 -0.0001992
v 0.0080545 0.0027094 0.0095232
vn -0.9942866 -0.1067429 -0.0003134
v 0.0084521 0.0008829 0.0118175
vn 0.0000000 0.0000000 1.0000000
v 0.0088367 -0.0071578 0.0250000
vn 0.0000000 0.0000000 1.0000000
v -0.0088686 0.0088914 0.0250000
vn 0.0000000 0.0000000 1.0000000
v -0.0107100 -0.0056064 0.0250000
vn 0.0000000 0.0000000 1.0000000
v -0.0097820 -0.0082228 0.0250000
vn 0.0000000 -0.7071068 0.7071068
v 0.0000000 -0.0125000 0.0250000
vn 0.0000000 0.0000000 1.0000000
v 0.0058805 -0.0109247 0.0250000
vn 0.0000000 0.0000000 1.0000000
v -0.0053121 -0.0112127 0.0250000
vn 0.0000000 0.0000000 1.0000000
v 0.0090522 0.0090213 0.0250000
vn 0.0000000 0.0000000 1.0000000
v 0.0082739 0.0101663 0.0250000
vn 0.0000000 0.7071068 0.7071068
v 0.0000000 0.0125000 0.0250000
vn 0.0000000 0.0000000 1.0000000
v 0.0059040 0.0107899 0.0250000
vn 0.0000000 0.0000000 1.0000000
v -0.0097195 0.0057190 0.0250000
vn 0.0000000 0.0000000 1.0000000
v 0.0085758 -0.0102462 0.0250000
vn 0.0000000 0.0000000 1.0000000
v 0.0069960 0.0100371 0.0250000
vn -0.7071068 0.0000000 0.7071068
v -0.0125000 0.0000000 0.0250000
vn 0.7071067 0.0000000 0.7071068
v 0.0125000 0.0000000 0.0250000
vn 0.0000000 0.0000000 1.0000000
v 0.0112113 -0.0052460 0.0250000
vn 0.7071068 -0.7071068 0.0000000
v 0.0125000 -0.0125000 0.0125000
vn 0.7071068 0.0000000 0.7071068
v 0.0125000 0.0000000 0.0000000
vn 1.0000000 0.0000000 0.0000000
v 0.0125000 0.0006419 0.0122018
vn 0.7071068 0.7071068 0.0000000
v 0.0125000 0.0125000 0.0125000
vn 0.0000000 0.7071068 0.7071068
v 0.0000000 0.0125000 0.0000000
vn 0.0000000 1.0000000 0.0000000
v -0.0006419 0.0125000 0.0122018
vn -0.7071068 0.7071068 0.0000000
v -0.0125000 0.0125000 0.0125000
vn -0.7071068 0.0000000 0.7071068
v -0.0125000 0.0000000 0.0000000
vn -1.0000000 0.0000000 0.0000000
v -0.0125000 -0.0006419 0.0122018
vn -0.7071068 -0.7071068 0.0000000
v -0.0125000 -0.0125000 0.0125000
vn 0.0000000 -0.7071068 0.7071068
v 0.0000000 -0.0125000 0.0000000
vn 0.0000000 -1.0000000 0.0000000
v 0.0006420 -0.0125000 0.0122017
vn 0.0000000 0.7071068 0.7071068
v 0.0000000 0.0200000 0.0000000
vn 0.0000000 0.0000000 1.0000000
v 0.0038315 0.0162702 0.0000000
vn -0.7071068 0.0000000 0.7071068
v -0.0200000 0.0000000 0.0000000
vn 0.0000000 0.0000000 1.0000000
v -0.0162069 0.0039403 0.0000000
vn 0.0000000 -0.7071068 0.7071068
v 0.0000000 -0.0200000 0.0000000
vn 0.0000000 0.0000000 1.0000000
v -0.0039476 -0.0162206 0.0000000
vn 0.7071068 0.0000000 0.7071068
v 0.0200000 0.0000000 0.0000000
vn 0.0000000 0.0000000 1.0000000
v 0.0164218 -0.0045960 0.0000000
vn -0.7071068 -0.7071068 0.0000000
v -0.0200000 -0.0200000 -0.0015000
vn -1.0000000 0.0000000 0.0000000
v -0.0200000 0.0025714 -0.0013227
vn -0.7071068 0.7071068 0.0000000
v -0.0200000 0.0200000 -0.0015000
vn 0.0000000 0.7071068 -0.7071068
v 0.0000000 0.0200000 -0.0030000
vn 0.0000000 0.0000000 -1.0000000
v -0.0001112 0.0012269 -0.0030000
vn 0.7071068 0.0000000 -0.7071068
v 0.0200000 0.0000000 -0.0030000
vn 0.0000000 -0.7071068 -0.7071068
v 0.0000000 -0.0200000 -0.0030000
vn 0.0000000 -1.0000000 0.0000000
v -0.0019294 -0.0200000 -0.0015134
vn 0.7071068 0.7071068 0.0000000
v 0.0200000 0.0200000 -0.0015000
vn 1.0000000 0.0000000 0.0000000
v 0.0200000 0.0005480 -0.0014639
vn 0.0000000 0.0000000 1.0000000
v 0.0034360 0.0006193 0.0000000
vn 0.0000000 0.0000000 1.0000000
v 0.0025109 0.0020581 0.0000000
vn 0.0000000 0.0000000 1.0000000
v 0.0009599 0.0018272 0.0000000
vn 0.0000000 0.0000000 1.0000000
v -0.0006259 0.0015648 0.0000000
vn 0.0000000 0.0000000 1.0000000
v -0.0013812 0.0000703 0.0000000
vn 0.0000000 0.0000000 1.0000000
v -0.0005484 -0.0015002 0.0000000
vn 0.0000000 0.0000000 1.0000000
v 0.0011263 -0.0016990 0.0000000
vn 0.0000000 0.0000000 1.0000000
v 0.0035349 -0.0010938 0.0000000
vn -0.9985082 -0.0545816 0.0015618
v 0.0084833 0.0005022 0.0044591
vn -0.6194923 -0.7850026 0.0004602
v 0.0052120 0.0067134 0.0059135
vn -0.4771060 -0.8788441 0.0017394
v 0.0040532 0.0074692 0.0058338
vn -0.1592403 -0.9872398 0.0003005
v 0.0013478 0.0083906 0.0061825
vn 0.0003550 -0.9999994 0.0010346
v -0.0000278 0.0084994 0.0058256
vn 0.1432961 -0.9896680 -0.0048437
v -0.0011975 0.0084137 0.0064672
vn 0.2534643 -0.9673447 0.0001954
v -0.0021689 0.0082180 0.0057554
vn 0.3135887 -0.9495569 -0.0019602
v -0.0026620 0.0080706 0.0072971
vn 0.7660887 -0.6427348 -0.0002360
v -0.0065017 0.0054747 0.0059202
vn 0.8605361 -0.5093894 0.0002312
v -0.0073099 0.0043345 0.0059075
vn 0.9336881 -0.3580830 0.0017602
v -0.0079270 0.0030625 0.0058740
vn 0.9822425 -0.1876155 0.0005089
v -0.0083519 0.0015712 0.0059582
vn 0.9994208 -0.0340290 -0.0002505
v -0.0084946 0.0002470 0.0066959
vn 0.9991591 -0.0409703 -0.0015740
v -0.0084930 0.0003231 0.0054589
vn 0.9705660 0.2408087 -0.0035703
v -0.0082585 -0.0020031 0.0065504
vn 0.8611565 0.5083355 -0.0021470
v -0.0073385 -0.0042875 0.0059529
vn 0.6123405 0.7905938 -0.0007307
v -0.0051970 -0.0067254 0.0059851
vn 0.4512299 0.8924076 0.0004875
v -0.0038330 -0.0075849 0.0058958
vn 0.2772069 0.9608099 0.0007549
v -0.0023586 -0.0081641 0.0058385
vn 0.0894947 0.9959872 0.0004575
v -0.0007687 -0.0084646 0.0058272
vn -0.0080043 0.9999671 -0.0013182
v 0.0000606 -0.0084987 0.0044177
vn -0.3174158 0.9482854 0.0014386
v 0.0027296 -0.0080477 0.0060900
vn -0.4779046 0.8784059 0.0032143
v 0.0040811 -0.0074539 0.0068176
vn -0.4888579 0.8723593 -0.0026962
v 0.0042111 -0.0073826 0.0055329
vn -0.8265962 0.5627889 0.0027292
v 0.0070137 -0.0047992 0.0053743
vn -0.9068729 0.4214013 0.0016101
v 0.0077136 -0.0035695 0.0063006
vn -0.9646943 0.2633718 0.0005203
v 0.0082045 -0.0022201 0.0056298
vn -0.9927288 0.1203706 -0.0006817
v 0.0084369 -0.0010220 0.0066177
vn 0.0000000 0.0000000 1.0000000
v 0.0113028 -0.0096267 0.0250000
vn 0.0000000 0.0000000 1.0000000
v -0.0093204 -0.0115167 0.0250000
vn 0.0000000 0.0000000 1.0000000
v 0.0040302 -0.0111234 0.0250000
vn 0.0000000 0.0000000 1.0000000
v 0.0110811 -0.0111454 0.0250000
vn 0.0000000 0.0000000 1.0000000
v 0.0097281 0.0104438 0.0250000
vn 0.0000000 0.0000000 1.0000000
v -0.0033016 0.0115908 0.0250000
vn 0.0000000 0.0000000 1.0000000
v 0.0001272 0.0096033 0.0250000
vn 0.0000000 0.0000000 1.0000000
v -0.0114225 0.0086142 0.0250000
vn 0.0000000 0.0000000 1.0000000
v -0.0082980 -0.0103320 0.0250000
vn 0.0000000 0.0000000 1.0000000
v 0.0111394 0.0100495 0.0250000
vn 0.0000000 0.0000000 1.0000000
v 0.0108407 0.0115178 0.0250000
vn 0.0000000 0.0000000 1.0000000
v 0.0090337 0.0114388 0.0250000
vn 0.0000000 0.0000000 1.0000000
v -0.0070565 0.0070485 0.0250000
vn 0.0000000 0.0000000 1.0000000
v -0.0110882 0.0100449 0.0250000
vn 0.0000000 0.0000000 1.0000000
v -0.0114450 -0.0100362 0.0250000
vn 0.0000000 0.0000000 1.0000000
v 0.0093281 -0.0114243 0.0250000
vn 0.0000000 0.0000000 1.0000000
v -0.0097750 0.0000241 0.0250000
vn 0.0000000 0.0000000 1.0000000
v -0.0112234 -0.0028735 0.0250000
vn 0.0000000 0.0000000 1.0000000
v -0.0097704 -0.0026031 0.0250000
vn 0.0000000 0.0000000 1.0000000
v -0.0111080 -0.0112390 0.0250000
vn 0.0000000 0.0000000 1.0000000
v 0.0113786 0.0033815 0.0250000
vn 0.0000000 0.0000000 1.0000000
v 0.0096837 0.0033356 0.0250000
vn 0.0000000 0.0000000 1.0000000
v 0.0096820 0.0008795 0.0250000
vn 1.0000000 0.0000000 0.0000000
v 0.0125000 -0.0066132 0.0066277
vn 1.0000000 0.0000000 0.0000000
v 0.0125000 -0.0066708 0.0128886
vn 1.0000000 0.0000000 0.0000000
v 0.0125000 0.0066643 0.0184709
vn 1.0000000 0.0000000 0.0000000
v 0.0125000 0.0066431 0.0121438
vn 0.0000000 1.0000000 0.0000000
v 0.0066133 0.0125000 0.0066276
vn 0.0000000 1.0000000 0.0000000
v 0.0066705 0.0125000 0.0128888
vn 0.0000000 1.0000000 0.0000000
v -0.0066463 0.0125000 0.0184851
vn 0.0000000 1.0000000 0.0000000
v -0.0066431 0.0125000 0.0121438
vn -1.0000000 0.0000000 0.0000000
v -0.0125000 0.0066133 0.0066276
vn -1.0000000 0.0000000 0.0000000
v -0.0125000 0.0066708 0.0128899
vn -1.0000000 0.0000000 0.0000000
v -0.0125000 -0.0066462 0.0184850
vn -1.0000000 0.0000000 0.0000000
v -0.0125000 -0.0066431 0.0121438
vn 0.0000000 -1.0000000 0.0000000
v -0.0066133 -0.0125000 0.0066276
vn 0.0000000 -1.0000000 0.0000000
v -0.0066708 -0.0125000 0.0128886
vn 0.0000000 -1.0000000 0.0000000
v 0.0066063 -0.0125000 0.0183889
vn 0.0000000 -1.0000000 0.0000000
v 0.0066432 -0.0125000 0.0121435
vn 0.0000000 0.0000000 1.0000000
v -0.0053722 0.0177351 0.0000000
vn 0.0000000 0.0000000 1.0000000
v 0.0030710 0.0186603 0.0000000
vn 0.0000000 0.0000000 1.0000000
v -0.0182520 -0.0054288 0.0000000
vn -0.7071068 0.0000000 0.7071068
v -0.0125000 0.0062500 0.0000000
vn 0.0000000 0.0000000 1.0000000
v -0.0147518 0.0010288 0.0000000
vn 0.0000000 0.0000000 1.0000000
v 0.0059956 -0.0187898 0.0000000
vn 0.0000000 -0.7071068 0.7071068
v -0.0062500 -0.0125000 0.0000000
vn 0.0000000 0.0000000 1.0000000
v -0.0010597 -0.0148185 0.0000000
vn 0.0000000 0.0000000 1.0000000
v 0.0176766 0.0054011 0.0000000
vn 0.0000000 0.0000000 1.0000000
v 0.0175846 -0.0037125 0.0000000
vn 0.7071068 0.0000000 0.7071068
v 0.0125000 -0.0062500 0.0000000
vn 0.0000000 0.0000000 1.0000000
v 0.0145861 -0.0010136 0.0000000
vn 0.0000000 0.7071068 0.7071068
v 0.0062500 0.0125000 0.0000000
vn -1.0000000 0.0000000 0.0000000
v -0.0200000 -0.0081925 -0.0015025
vn -1.0000000 0.0000000 0.0000000
v -0.0200000 0.0104779 -0.0014310
vn 0.0000000 0.7071068 -0.7071068
v -0.0100000 0.0200000 -0.0030000
vn 0.0000000 0.0000000 -1.0000000
v 0.0000040 0.0119748 -0.0030000
vn 0.0000000 0.0000000 -1.0000000
v -0.0103325 0.0094192 -0.0030000
vn 0.0000000 0.0000000 -1.0000000
v 0.0100000 -0.0099551 -0.0030000
vn 0.0000000 0.0000000 -1.0000000
v -0.0000000 -0.0096911 -0.0030000
vn 0.0000000 0.0000000 -1.0000000
v 0.0100000 0.0002737 -0.0030000
vn 0.0000000 -1.0000000 0.0000000
v 0.0107761 -0.0200000 -0.0015383
vn 0.0000000 -1.0000000 0.0000000
v 0.0079430 -0.0200000 -0.0020040
vn 1.0000000 0.0000000 0.0000000
v 0.0200000 0.0087903 -0.0012781
vn 0.7071068 0.0000000 -0.7071068
v 0.0200000 -0.0100000 -0.0030000
vn 0.0000000 1.0000000 0.0000000
v 0.0082022 0.0200000 -0.0017550
vn 0.0000000 0.0000000 1.0000000
v 0.0065545 0.0015196 0.0000000
vn 0.0000000 0.0000000 1.0000000
v 0.0055449 0.0025419 0.0000000
vn 0.0000000 0.0000000 1.0000000
v 0.0046117 0.0036229 0.0000000
vn 0.0000000 0.0000000 1.0000000
v 0.0050088 0.0049917 0.0000000
vn 0.0000000 0.0000000 1.0000000
v 0.0036641 0.0058718 0.0000000
vn 0.0000000 0.0000000 1.0000000
v 0.0024287 0.0046654 0.0000000
vn 0.0000000 0.0000000 1.0000000
v 0.0018418 0.0059460 0.0000000
vn 0.0000000 0.0000000 1.0000000
v -0.0003136 0.0070961 0.0000000
vn 0.0000000 0.0000000 1.0000000
v -0.0018857 0.0067509 0.0000000
vn 0.0000000 0.0000000 1.0000000
v -0.0022823 0.0052819 0.0000000
vn 0.0000000 0.0000000 1.0000000
v -0.0033729 0.0062448 0.0000000
vn 0.0000000 0.0000000 1.0000000
v -0.0052003 0.0047198 0.0000000
vn 0.0000000 0.0000000 1.0000000
v -0.0060135 0.0033867 0.0000000
vn 0.0000000 0.0000000 1.0000000
v -0.0067921 0.0020176 0.0000000
vn 0.0000000 0.0000000 1.0000000
v -0.0061238 0.0007121 0.0000000
vn 0.0000000 0.0000000 1.0000000
v -0.0036104 -0.0038721 0.0000000
vn 0.0000000 0.0000000 1.0000000
v -0.0064021 -0.0032628 0.0000000
vn 0.0000000 0.0000000 1.0000000
v -0.0045406 -0.0050489 0.0000000
vn 0.0000000 0.0000000 1.0000000
v -0.0031801 -0.0052048 0.0000000
vn 0.0000000 0.0000000 1.0000000
v -0.0027734 -0.0065741 0.0000000
vn 0.0000000 0.0000000 1.0000000
v -0.0013066 -0.0069751 0.0000000
vn 0.0000000 0.0000000 1.0000000
v -0.0005482 -0.0059623 0.0000000
vn 0.0000000 0.0000000 1.0000000
v 0.0002776 -0.0072124 0.0000000
vn 0.0000000 0.0000000 1.0000000
v 0.0006798 -0.0056159 0.0000000
vn 0.0000000 0.0000000 1.0000000
v 0.0019434 -0.0066784 0.0000000
vn 0.0000000 0.0000000 1.0000000
v 0.0021162 -0.0050311 0.0000000
vn 0.0000000 0.0000000 1.0000000
v 0.0036556 -0.0060799 0.0000000
vn 0.0000000 0.0000000 1.0000000
v 0.0049969 -0.0049807 0.0000000
vn 0.0000000 0.0000000 1.0000000
v 0.0049282 -0.0033617 0.0000000
vn 0.0000000 0.0000000 1.0000000
v 0.0064148 -0.0024439 0.0000000
vn 0.0000000 0.0000000 1.0000000
v 0.0070819 -0.0010191 0.0000000
vn 0.0000000 0.0000000 1.0000000
v 0.0061506 0.0001045 0.0000000
vn -0.9974423 0.0714735 0.0006361
v 0.0084761 -0.0006120 0.0185323
vn -0.9843432 0.1762624 0.0001573
v 0.0083674 -0.0014934 0.0172091
vn -0.9679444 0.2511453 0.0031013
v 0.0082306 -0.0021172 0.0188757
vn -0.8089152 0.5879243 -0.0011200
v 0.0068777 -0.0049914 0.0189183
vn -0.6875790 0.7261088 -0.0010818
v 0.0058326 -0.0061806 0.0189328
vn -0.6149076 0.7885984 0.0011218
v 0.0052275 -0.0067009 0.0072708
vn -0.4749392 0.8800184 0.0006310
v 0.0040416 -0.0074755 0.0173199
vn -0.5449566 0.8384643 0.0003119
v 0.0046275 -0.0071284 0.0188635
vn -0.3819439 0.9241853 0.0006596
v 0.0032742 -0.0078436 0.0188272
vn -0.1833462 0.9830419 0.0035910
v 0.0015558 -0.0083550 0.0074524
vn 0.5247154 0.8512772 0.0009833
v -0.0044296 -0.0072523 0.0074027
vn 0.6545357 0.7560188 -0.0043122
v -0.0055397 -0.0064447 0.0190357
vn 0.7756970 0.6311045 -0.0011763
v -0.0065748 -0.0053846 0.0187968
vn 0.8157178 0.5784476 0.0016912
v -0.0069396 -0.0049070 0.0074299
vn 0.8788283 0.4771379 0.0005456
v -0.0074680 -0.0040553 0.0182222
vn 0.9196435 0.3927542 0.0004867
v -0.0078161 -0.0033366 0.0195454
vn 0.9514536 0.3077732 0.0034263
v -0.0081051 -0.0025605 0.0184958
vn 0.9871570 0.1597271 0.0029020
v -0.0083833 -0.0013950 0.0189289
vn 0.9827518 -0.1849286 -0.0005567
v -0.0083455 0.0016033 0.0188059
vn 0.9315311 -0.3636591 -0.0013749
v -0.0079235 0.0030714 0.0188764
vn 0.8449511 -0.5348433 0.0005091
v -0.0071949 0.0045241 0.0188211
vn 0.8168651 -0.5768251 -0.0020466
v -0.0069397 0.0049070 0.0073431
vn 0.7751033 -0.6318265 -0.0031862
v -0.0065632 0.0053992 0.0128895
vn 0.4814151 -0.8764796 -0.0048182
v -0.0041451 0.0074188 0.0072050
vn 0.4628883 -0.8864160 -0.0010284
v -0.0039491 0.0075263 0.0186277
vn -0.1137848 -0.9935043 -0.0014776
v 0.0009419 0.0084456 0.0188220
vn -0.2796501 -0.9601020 -0.0001795
v 0.0023913 0.0081546 0.0072119
vn -0.2722784 -0.9622183 -0.0006223
v 0.0023078 0.0081789 0.0189063
vn -0.5798132 -0.8147495 0.0001560
v 0.0049181 0.0069314 0.0189452
vn -0.8854972 -0.4646435 0.0010475
v 0.0075285 0.0039451 0.0179552
vn -0.9129027 -0.4081756 0.0012166
v 0.0077379 0.0035143 0.0194442
vn -0.9556671 -0.2944454 -0.0015529
v 0.0081211 0.0025063 0.0184012
vn -0.9934697 -0.1140815 -0.0018652
v 0.0084437 0.0009599 0.0185966
vn 0.0000000 0.0000000 1.0000000
v 0.0032209 -0.0094979 0.0250000
vn 0.0000000 0.0000000 1.0000000
v 0.0086994 -0.0089490 0.0250000
vn 0.0000000 0.0000000 1.0000000
v -0.0102186 -0.0040853 0.0250000
vn 0.0000000 -0.7071068 0.7071068
v -0.0062500 -0.0125000 0.0250000
vn 0.0000000 0.0000000 1.0000000
v -0.0026876 -0.0111336 0.0250000
vn 0.0000000 0.7071068 0.7071068
v 0.0062500 0.0125000 0.0250000
vn 0.0000000 0.0000000 1.0000000
v 0.0029343 0.0112717 0.0250000
vn 0.0000000 0.0000000 1.0000000
v -0.0097089 0.0029066 0.0250000
vn 0.0000000 0.0000000 1.0000000
v 0.0046410 -0.0085473 0.0250000
vn 0.0000000 0.0000000 1.0000000
v 0.0059271 -0.0076845 0.0250000
vn 0.0000000 0.0000000 1.0000000
v 0.0073204 -0.0082558 0.0250000
vn 0.0000000 0.0000000 1.0000000
v 0.0027145 0.0101018 0.0250000
vn 0.0000000 0.0000000 1.0000000
v -0.0038281 0.0101774 0.0250000
vn 0.0000000 0.0000000 1.0000000
v 0.0087206 0.0046341 0.0250000
vn 0.0000000 0.0000000 1.0000000
v -0.0112141 0.0029102 0.0250000
vn -0.7071068 0.0000000 0.7071068
v -0.0125000 0.0062500 0.0250000
vn 0.0000000 0.0000000 1.0000000
v -0.0056426 -0.0097059 0.0250000
vn 0.7071067 0.0000000 0.7071068
v 0.0125000 -0.0062500 0.0250000
vn 0.0000000 0.0000000 1.0000000
v 0.0112085 -0.0028674 0.0250000
vn 0.7071068 0.0000000 0.7071068
v 0.0125000 0.0060547 0.0250000
vn 0.0000000 0.0000000 1.0000000
v 0.0096071 -0.0025766 0.0250000
vn 0.0000000 0.0000000 1.0000000
v -0.0057320 -0.0080805 0.0250000
vn 0.7071068 -0.7071068 0.0000000
v 0.0125000 -0.0125000 0.0187500
vn 1.0000000 0.0000000 0.0000000
v 0.0125000 -0.0055707 0.0183428
vn 0.7071068 -0.7071068 0.0000000
v 0.0125000 -0.0125000 0.0062500
vn 0.7071068 0.0000000 0.7071068
v 0.0125000 0.0062500 0.0000000
vn 1.0000000 0.0000000 0.0000000
v 0.0125000 0.0069039 0.0059106
vn 0.7071068 0.7071068 0.0000000
v 0.0125000 0.0125000 0.0062500
vn 0.7071068 0.7071068 0.0000000
v 0.0125000 0.0125000 0.0187500
vn 0.0000000 1.0000000 0.0000000
v 0.0055312 0.0125000 0.0183457
vn 0.0000000 0.7071068 0.7071068
v -0.0062500 0.0125000 0.0000000
vn 0.0000000 1.0000000 0.0000000
v -0.0069055 0.0125000 0.0059086
vn -0.7071068 0.7071068 0.0000000
v -0.0125000 0.0125000 0.0062500
vn -0.7071068 0.7071068 0.0000000
v -0.0125000 0.0125000 0.0187500
vn -1.0000000 0.0000000 0.0000000
v -0.0125000 0.0055388 0.0183965
vn -0.7071068 0.0000000 0.7071068
v -0.0125000 -0.0062500 0.0000000
vn -1.0000000 0.0000000 0.0000000
v -0.0125000 -0.0069039 0.0059106
vn -0.7071068 -0.7071068 0.0000000
v -0.0125000 -0.0125000 0.0062500
vn -0.7071068 -0.7071068 0.0000000
v -0.0125000 -0.0125000 0.0187500
vn 0.0000000 -1.0000000 0.0000000
v -0.0055623 -0.0125000 0.0183993
vn 0.0000000 -0.7071068 0.7071067
v 0.0062500 -0.0125000 0.0000000
vn 0.0000000 -1.0000000 0.0000000
v 0.0069045 -0.0125000 0.0059085
vn 0.0000000 0.7071068 0.7071068
v 0.0100000 0.0200000 0.0000000
vn 0.0000000 0.0000000 1.0000000
v 0.0113404 0.0175912 0.0000000
vn 0.0000000 0.7071068 0.7071068
v -0.0100000 0.0200000 0.0000000
vn 0.0000000 0.0000000 1.0000000
v -0.0046062 0.0148496 0.0000000
vn -0.7071068 0.0000000 0.7071068
v -0.0200000 0.0100000 0.0000000
vn 0.0000000 0.0000000 1.0000000
v -0.0176642 0.0116299 0.0000000
vn -0.7071068 0.0000000 0.7071068
v -0.0200000 -0.0106250 0.0000000
vn 0.0000000 0.0000000 1.0000000
v -0.0138450 -0.0041204 0.0000000
vn 0.0000000 0.0000000 1.0000000
v -0.0153391 0.0096938 0.0000000
vn 0.0000000 -0.7071068 0.7071068
v -0.0100000 -0.0200000 0.0000000
vn 0.0000000 0.0000000 1.0000000
v -0.0118609 -0.0177739 0.0000000
vn 0.0000000 -0.7071068 0.7071068
v 0.0100000 -0.0200000 0.0000000
vn 0.0000000 0.0000000 1.0000000
v 0.0040991 -0.0139230 0.0000000
vn 0.0000000 0.0000000 1.0000000
v -0.0097014 -0.0153709 0.0000000
vn 0.7071067 0.0000000 0.7071068
v 0.0200000 -0.0100000 0.0000000
vn 0.0000000 0.0000000 1.0000000
v 0.0178375 -0.0118706 0.0000000
vn 0.7071068 0.0000000 0.7071068
v 0.0200000 0.0100000 0.0000000
vn 0.0000000 0.0000000 1.0000000
v 0.0175085 0.0171242 0.0000000
vn 0.0000000 0.0000000 1.0000000
v 0.0141732 0.0120195 0.0000000
vn 0.0000000 0.0000000 1.0000000
v 0.0150186 0.0049066 0.0000000
vn 0.0000000 0.0000000 1.0000000
v 0.0157335 -0.0097830 0.0000000
vn -1.0000000 0.0000000 0.0000000
v -0.0200000 -0.0097414 -0.0014924
vn -1.0000000 0.0000000 0.0000000
v -0.0200000 0.0143735 -0.0014935
vn -0.7071067 0.0000000 -0.7071068
v -0.0200000 0.0000000 -0.0030000
vn 0.0000000 0.0000000 -1.0000000
v -0.0102992 -0.0088259 -0.0030000
vn 0.0000000 0.7071068 -0.7071068
v 0.0100000 0.0200000 -0.0030000
vn 0.0000000 0.0000000 -1.0000000
v 0.0099987 0.0103060 -0.0030000
vn 0.7071068 0.0000000 -0.7071068
v 0.0200000 0.0100000 -0.0030000
vn 0.0000000 -0.7071068 -0.7071068
v 0.0100000 -0.0200000 -0.0030000
vn 0.0000000 -0.7071068 -0.7071068
v -0.0100000 -0.0200000 -0.0030000
vn 1.0000000 0.0000000 0.0000000
v 0.0200000 0.0100951 -0.0021688
vn 0.0000000 1.0000000 0.0000000
v -0.0098267 0.0200000 -0.0015340
vn 0.0000000 1.0000000 0.0000000
v 0.0095658 0.0200000 -0.0014490
vn 0.0000000 0.0000000 1.0000000
v 0.0021508 -0.0005277 0.0000000
vn -0.7798251 -0.6259964 0.0011559
v 0.0066238 0.0053236 0.0080705
vn -0.7973495 -0.6035022 -0.0043520
v 0.0067667 0.0051429 0.0043803
vn -0.6252192 -0.7804485 0.0010751
v 0.0053507 0.0066020 0.0029469
vn -0.5406485 -0.8412449 -0.0024933
v 0.0045819 0.0071589 0.0070028
vn -0.3370668 -0.9414807 -0.0002320
v 0.0028662 0.0080013 0.0030152
vn 0.1156451 -0.9932838 0.0036710
v -0.0009893 0.0084404 0.0047349
vn 0.5890093 -0.8081260 -0.0005698
v -0.0050179 0.0068583 0.0045071
vn 0.8122032 0.5833744 -0.0004396
v -0.0069112 -0.0049457 0.0044928
vn -0.8267673 0.5625402 0.0020656
v 0.0070236 -0.0047844 0.0070830
vn -0.9596496 0.2811989 0.0000872
v 0.0081558 -0.0023870 0.0073138
vn 0.0000000 0.0000000 1.0000000
v 0.0023525 -0.0110975 0.0250000
vn 0.0000000 0.0000000 1.0000000
v -0.0022178 0.0106393 0.0250000
vn 0.0000000 0.0000000 1.0000000
v -0.0076271 0.0084890 0.0250000
vn 0.0000000 0.0000000 1.0000000
v -0.0106993 -0.0013927 0.0250000
vn 0.0000000 0.0000000 1.0000000
v -0.0094028 -0.0013112 0.0250000
vn 0.0000000 0.0000000 1.0000000
v 0.0105993 0.0019824 0.0250000
vn 0.0000000 0.0000000 1.0000000
v -0.0114171 0.0114487 0.0250000
vn 1.0000000 0.0000000 0.0000000
v 0.0125000 -0.0035075 0.0066424
vn 1.0000000 0.0000000 0.0000000
v 0.0125000 0.0034769 0.0184907
vn 0.0000000 1.0000000 0.0000000
v 0.0035076 0.0125000 0.0066424
vn 0.0000000 1.0000000 0.0000000
v -0.0034496 0.0125000 0.0184813
vn -1.0000000 0.0000000 0.0000000
v -0.0125000 0.0035075 0.0066424
vn -1.0000000 0.0000000 0.0000000
v -0.0125000 -0.0034496 0.0184813
vn 0.0000000 -1.0000000 0.0000000
v -0.0035075 -0.0125000 0.0066424
vn 0.0000000 -1.0000000 0.0000000
v 0.0034859 -0.0125000 0.0183715
vn 0.0000000 0.0000000 1.0000000
v -0.0024474 0.0185054 0.0000000
vn 0.0000000 0.0000000 1.0000000
v -0.0160423 -0.0067130 0.0000000
vn 0.0000000 0.0000000 1.0000000
v -0.0167211 -0.0018108 0.0000000
vn 0.0000000 0.0000000 1.0000000
v -0.0176666 -0.0029110 0.0000000
vn 0.0000000 0.0000000 1.0000000
v 0.0066066 -0.0160962 0.0000000
vn 0.0000000 0.0000000 1.0000000
v 0.0019912 -0.0166141 0.0000000
vn 0.0000000 0.0000000 1.0000000
v 0.0025455 -0.0178094 0.0000000
vn 0.0000000 0.0000000 1.0000000
v 0.0151641 0.0075125 0.0000000
vn 0.0000000 0.0000000 1.0000000
v 0.0170685 0.0013240 0.0000000
vn 0.0000000 0.0000000 1.0000000
v 0.0183889 0.0023304 0.0000000
vn 0.0000000 0.0000000 -1.0000000
v -0.0049479 0.0155346 -0.0030000
vn 0.0000000 0.0000000 -1.0000000
v -0.0050040 0.0103267 -0.0030000
vn 0.0000000 0.0000000 -1.0000000
v -0.0100040 0.0149082 -0.0030000
vn 0.0000000 0.0000000 -1.0000000
v 0.0050000 -0.0098457 -0.0030000
vn 0.0000000 0.0000000 -1.0000000
v 0.0050000 -0.0046805 -0.0030000
vn 0.0000000 0.0000000 -1.0000000
v 0.0100000 -0.0048467 -0.0030000
vn 0.7071068 0.0000000 -0.7071068
v 0.0200000 -0.0150000 -0.0030000
vn 0.0000000 0.0000000 1.0000000
v 0.0060230 0.0038772 0.0000000
vn 0.0000000 0.0000000 1.0000000
v -0.0007818 0.0057067 0.0000000
vn 0.0000000 0.0000000 1.0000000
v -0.0045380 0.0057822 0.0000000
vn 0.0000000 0.0000000 1.0000000
v -0.0071292 -0.0004027 0.0000000
vn 0.0000000 0.0000000 1.0000000
v -0.0068235 -0.0017917 0.0000000
vn -0.9745511 0.2241561 0.0020605
v 0.0082815 -0.0019092 0.0113875
vn -0.8514894 0.5243664 0.0024089
v 0.0072192 -0.0044841 0.0145494
vn -0.8909435 0.4541143 -0.0000480
v 0.0075700 -0.0038633 0.0096304
vn -0.8806668 0.4737352 -0.0010181
v 0.0074939 -0.0040081 0.0112053
vn -0.8570865 0.5151725 -0.0003675
v 0.0072818 -0.0043809 0.0173547
vn -0.6957469 0.7182860 -0.0012722
v 0.0059234 -0.0060937 0.0159014
vn -0.5388224 0.8424173 -0.0018794
v 0.0045485 -0.0071801 0.0099133
vn -0.3097079 0.9508315 0.0006650
v 0.0026091 -0.0080886 0.0173041
vn -0.1730833 0.9849056 -0.0017685
v 0.0014933 -0.0083674 0.0139756
vn -0.1338675 0.9909989 -0.0008108
v 0.0011824 -0.0084161 0.0104764
vn -0.2054151 0.9786745 0.0009867
v 0.0017503 -0.0083163 0.0157688
vn 0.1427219 0.9897624 0.0010105
v -0.0012438 -0.0084066 0.0172352
vn 0.1496764 0.9887348 -0.0006398
v -0.0012719 -0.0084023 0.0141762
vn 0.1977857 0.9802430 -0.0021029
v -0.0016689 -0.0083325 0.0097070
vn 0.1863897 0.9824746 -0.0015806
v -0.0015819 -0.0083498 0.0110204
vn 0.2902826 0.9569401 -0.0013731
v -0.0024597 -0.0081347 0.0177872
vn 0.4816760 0.8763466 -0.0021796
v -0.0041123 -0.0074367 0.0098293
vn 0.4739406 0.8805543 -0.0021315
v -0.0040333 -0.0074801 0.0111109
vn 0.5791631 0.8152068 0.0028441
v -0.0049438 -0.0069126 0.0179035
vn 0.7408097 0.6717096 0.0026892
v -0.0062987 -0.0057062 0.0159694
vn 0.9380193 0.3465822 -0.0007864
v -0.0079822 -0.0029204 0.0169853
vn 0.9703685 0.2416278 -0.0009821
v -0.0082554 -0.0020158 0.0145177
vn 0.9841421 0.1773806 0.0007332
v -0.0083626 -0.0015177 0.0175951
vn 0.9780371 -0.2083979 -0.0037255
v -0.0083137 0.0017632 0.0144903
vn 0.9686244 -0.2485274 -0.0009105
v -0.0082355 0.0020973 0.0104041
vn 0.7991737 -0.6011001 0.0001099
v -0.0067919 0.0051085 0.0172087
vn 0.7514918 -0.6597425 0.0000486
v -0.0063749 0.0056193 0.0156916
vn 0.6857826 -0.7278045 0.0017241
v -0.0057919 0.0062196 0.0099769
vn 0.5587439 -0.8293402 -0.0003253
v -0.0047469 0.0070487 0.0140362
vn 0.4805284 -0.8769659 -0.0048272
v -0.0041347 0.0074245 0.0111554
vn 0.2836816 -0.9589185 0.0002280
v -0.0024093 0.0081494 0.0149430
vn 0.1424321 -0.9897736 -0.0078308
v -0.0012286 0.0084090 0.0110589
vn 0.1119777 -0.9937102 -0.0010819
v -0.0009424 0.0084456 0.0154447
vn -0.1710736 -0.9852548 -0.0026331
v 0.0014456 0.0083755 0.0111242
vn -0.1909798 -0.9815906 0.0025725
v 0.0015798 0.0083502 0.0173771
vn -0.4934040 -0.8697922 -0.0037608
v 0.0042028 0.0073871 0.0139041
vn -0.4858088 -0.8740624 0.0021564
v 0.0041359 0.0074238 0.0115234
vn -0.7343575 -0.6787628 0.0003521
v 0.0062136 0.0057982 0.0158947
vn -0.9036722 -0.4282248 -0.0003780
v 0.0076787 0.0036428 0.0121111
vn -0.9357962 -0.3525363 -0.0019081
v 0.0079636 0.0029683 0.0169005
vn -0.9690270 -0.2469527 0.0010529
v 0.0082352 0.0020986 0.0159809
vn -0.9746314 -0.2238158 0.0002938
v 0.0082858 0.0018919 0.0144935
vn -0.9845130 -0.1753118 0.0000083
v 0.0083690 0.0014854 0.0085672
vn -0.9939220 -0.1100797 0.0012363
v 0.0084447 0.0009500 0.0029712
vn -0.9573956 -0.2887784 -0.0009144
v 0.0081312 0.0024716 0.0111579
vn -0.7994611 -0.6007164 0.0013686
v 0.0067920 0.0051083 0.0097740
vn -0.5225401 -0.8526125 -0.0019744
v 0.0044520 0.0072386 0.0085660
vn -0.1614941 -0.9868683 0.0032792
v 0.0013789 0.0083858 0.0095253
vn 0.2911459 -0.9566740 0.0029953
v -0.0024677 0.0081323 0.0090357
vn 0.4476131 -0.8942221 0.0030450
v -0.0037873 0.0076074 0.0086831
vn 0.3963334 -0.9181048 -0.0018311
v -0.0033537 0.0078086 0.0058451
vn 0.7070282 -0.7071851 -0.0007005
v -0.0059962 0.0060240 0.0045230
vn 0.9506920 -0.3101313 -0.0018465
v -0.0080773 0.0026422 0.0086158
vn 0.9944519 -0.1051782 -0.0017587
v -0.0084517 0.0008867 0.0116047
vn 0.9987292 0.0503265 0.0027130
v -0.0084879 -0.0004326 0.0126567
vn 0.9233140 0.3840447 -0.0009798
v -0.0078470 -0.0032665 0.0108367
vn 0.8638577 0.5037326 0.0018402
v -0.0073374 -0.0042892 0.0085936
vn 0.7757673 0.6310185 0.0009305
v -0.0065919 -0.0053633 0.0089178
vn 0.5671581 0.8235881 0.0058637
v -0.0048180 -0.0070011 0.0088524
vn 0.4575382 0.8891899 0.0004618
v -0.0038873 -0.0075581 0.0029571
vn 0.2748436 0.9614865 0.0021968
v -0.0023367 -0.0081705 0.0086282
vn 0.1083686 0.9941084 0.0021696
v -0.0009432 -0.0084455 0.0086023
vn 0.0160402 0.9998708 0.0010881
v -0.0001517 -0.0084967 0.0116275
vn -0.0046707 0.9999890 -0.0004956
v 0.0000456 -0.0084990 0.0132803
vn -0.2369689 0.9715151 0.0020237
v 0.0020356 -0.0082506 0.0089870
vn -0.4207545 0.9071738 -0.0011956
v 0.0035484 -0.0077229 0.0107739
vn -0.6358319 0.7718276 -0.0001249
v 0.0054296 -0.0065388 0.0088780
vn -0.8240904 0.5664550 0.0019391
v 0.0069876 -0.0048383 0.0086806
vn -0.8916852 0.4526356 -0.0043224
v 0.0075688 -0.0038657 0.0026263
vn -0.9535006 0.3013904 -0.0005734
v 0.0080993 -0.0025774 0.0090082
vn -0.9969231 0.0783498 -0.0023961
v 0.0084689 -0.0007214 0.0115987
vn 0.0000000 0.0000000 1.0000000
v 0.0101822 -0.0083985 0.0250000
vn 0.0000000 0.0000000 1.0000000
v 0.0072889 0.0071611 0.0250000
vn 0.0000000 0.0000000 1.0000000
v -0.0040520 -0.0115325 0.0250000
vn 0.0000000 0.0000000 1.0000000
v 0.0061608 0.0076785 0.0250000
vn 0.0000000 0.0000000 1.0000000
v 0.0045438 0.0116048 0.0250000
vn 0.0000000 0.0000000 1.0000000
v -0.0103706 0.0042393 0.0250000
vn 0.0000000 0.0000000 1.0000000
v -0.0017354 -0.0101959 0.0250000
vn 0.0000000 0.0000000 1.0000000
v -0.0018211 -0.0091901 0.0250000
vn 0.0000000 0.0000000 1.0000000
v 0.0032553 0.0089573 0.0250000
vn 0.0000000 0.0000000 1.0000000
v 0.0012274 0.0108898 0.0250000
vn 0.0000000 0.0000000 1.0000000
v 0.0016914 0.0093717 0.0250000
vn 0.0000000 0.0000000 1.0000000
v 0.0006813 -0.0111209 0.0250000
vn 0.0000000 0.0000000 1.0000000
v 0.0094435 0.0060393 0.0250000
vn 0.0000000 0.0000000 1.0000000
v -0.0060543 0.0083564 0.0250000
vn 0.0000000 0.0000000 1.0000000
v 0.0047908 0.0083805 0.0250000
vn 0.0000000 0.0000000 1.0000000
v -0.0106458 0.0014852 0.0250000
vn 0.0000000 0.0000000 1.0000000
v -0.0112370 0.0053683 0.0250000
vn 0.0000000 0.0000000 1.0000000
v -0.0115553 0.0040819 0.0250000
vn 0.0000000 0.0000000 1.0000000
v 0.0115555 -0.0040309 0.0250000
vn 0.0000000 0.0000000 1.0000000
v 0.0114289 0.0072230 0.0250000
vn 0.0000000 0.0000000 1.0000000
v -0.0006082 0.0109323 0.0250000
vn 0.0000000 0.0000000 1.0000000
v -0.0087112 -0.0090717 0.0250000
vn 0.0000000 0.0000000 1.0000000
v 0.0107612 -0.0016896 0.0250000
vn 0.0000000 0.0000000 1.0000000
v -0.0043626 -0.0088136 0.0250000
vn 1.0000000 0.0000000 0.0000000
v 0.0125000 -0.0096873 0.0158972
vn 1.0000000 0.0000000 0.0000000
v 0.0125000 -0.0097323 0.0189095
vn 1.0000000 0.0000000 0.0000000
v 0.0125000 -0.0095365 0.0034206
vn 1.0000000 0.0000000 0.0000000
v 0.0125000 -0.0096476 0.0065342
vn 1.0000000 0.0000000 0.0000000
v 0.0125000 0.0028387 0.0035343
vn 1.0000000 0.0000000 0.0000000
v 0.0125000 0.0025459 0.0066848
vn 1.0000000 0.0000000 0.0000000
v 0.0125000 0.0096719 0.0091064
vn 1.0000000 0.0000000 0.0000000
v 0.0125000 0.0097128 0.0060118
vn 1.0000000 0.0000000 0.0000000
v 0.0125000 0.0095783 0.0215622
vn 1.0000000 0.0000000 0.0000000
v 0.0125000 0.0096632 0.0184729
vn 1.0000000 0.0000000 0.0000000
v 0.0125000 -0.0028588 0.0214934
vn 1.0000000 0.0000000 0.0000000
v 0.0125000 -0.0026433 0.0183954
vn 0.0000000 1.0000000 0.0000000
v 0.0096862 0.0125000 0.0159040
vn 0.0000000 1.0000000 0.0000000
v 0.0097101 0.0125000 0.0189857
vn 0.0000000 1.0000000 0.0000000
v 0.0095380 0.0125000 0.0034186
vn 0.0000000 1.0000000 0.0000000
v 0.0096480 0.0125000 0.0065339
vn 0.0000000 1.0000000 0.0000000
v -0.0028357 0.0125000 0.0035323
vn 0.0000000 1.0000000 0.0000000
v -0.0025455 0.0125000 0.0066845
vn 0.0000000 1.0000000 0.0000000
v -0.0096719 0.0125000 0.0091064
vn 0.0000000 1.0000000 0.0000000
v -0.0097162 0.0125000 0.0060129
vn 0.0000000 1.0000000 0.0000000
v -0.0096371 0.0125000 0.0215656
vn 0.0000000 1.0000000 0.0000000
v -0.0096654 0.0125000 0.0184773
vn 0.0000000 1.0000000 0.0000000
v 0.0028545 0.0125000 0.0214885
vn 0.0000000 1.0000000 0.0000000
v 0.0026407 0.0125000 0.0183934
vn -1.0000000 0.0000000 0.0000000
v -0.0125000 0.0096917 0.0159153
vn -1.0000000 0.0000000 0.0000000
v -0.0125000 0.0097966 0.0190563
vn -1.0000000 0.0000000 0.0000000
v -0.0125000 0.0095380 0.0034186
vn -1.0000000 0.0000000 0.0000000
v -0.0125000 0.0096480 0.0065339
vn -1.0000000 0.0000000 0.0000000
v -0.0125000 -0.0028387 0.0035343
vn -1.0000000 0.0000000 0.0000000
v -0.0125000 -0.0025459 0.0066848
vn -1.0000000 0.0000000 0.0000000
v -0.0125000 -0.0096719 0.0091064
vn -1.0000000 0.0000000 0.0000000
v -0.0125000 -0.0097128 0.0060118
vn -1.0000000 0.0000000 0.0000000
v -0.0125000 -0.0096355 0.0215635
vn -1.0000000 0.0000000 0.0000000
v -0.0125000 -0.0096650 0.0184770
vn -1.0000000 0.0000000 0.0000000
v -0.0125000 0.0028629 0.0215136
vn -1.0000000 0.0000000 0.0000000
v -0.0125000 0.0026401 0.0184020
vn 0.0000000 -1.0000000 0.0000000
v -0.0096873 -0.0125000 0.0158976
vn 0.0000000 -1.0000000 0.0000000
v -0.0097421 -0.0125000 0.0189189
vn 0.0000000 -1.0000000 0.0000000
v -0.0095380 -0.0125000 0.0034186
vn 0.0000000 -1.0000000 0.0000000
v -0.0096480 -0.0125000 0.0065339
vn 0.0000000 -1.0000000 0.0000000
v 0.0028386 -0.0125000 0.0035342
vn 0.0000000 -1.0000000 0.0000000
v 0.0025459 -0.0125000 0.0066847
vn 0.0000000 -1.0000000 0.0000000
v 0.0096726 -0.0125000 0.0091056
vn 0.0000000 -1.0000000 0.0000000
v 0.0097144 -0.0125000 0.0060111
vn 0.0000000 -1.0000000 0.0000000
v 0.0095225 -0.0125000 0.0214966
vn 0.0000000 -1.0000000 0.0000000
v 0.0096448 -0.0125000 0.0184629
vn 0.0000000 -1.0000000 0.0000000
v -0.0028547 -0.0125000 0.0214846
vn 0.0000000 -1.0000000 0.0000000
v -0.0026401 -0.0125000 0.0183914
vn 0.0000000 0.0000000 1.0000000
v 0.0063912 0.0172387 0.0000000
vn 0.0000000 0.0000000 1.0000000
v 0.0105758 0.0188068 0.0000000
vn 0.0000000 0.0000000 1.0000000
v -0.0156293 0.0170480 0.0000000
vn 0.0000000 0.0000000 1.0000000
v -0.0092986 0.0146637 0.0000000
vn 0.0000000 0.0000000 1.0000000
v -0.0187608 0.0077400 0.0000000
vn 0.0000000 0.0000000 1.0000000
v -0.0173390 -0.0163523 0.0000000
vn 0.0000000 0.0000000 1.0000000
v -0.0185687 -0.0117960 0.0000000
vn 0.0000000 0.0000000 1.0000000
v -0.0153537 -0.0092496 0.0000000
vn 0.0000000 0.0000000 1.0000000
v -0.0138852 -0.0086942 0.0000000
vn -0.7071068 0.0000000 0.7071068
v -0.0125000 -0.0031250 0.0000000
vn 0.0000000 0.0000000 1.0000000
v -0.0138589 0.0102610 0.0000000
vn 0.0000000 0.0000000 1.0000000
v -0.0148932 0.0127949 0.0000000
vn 0.0000000 0.0000000 1.0000000
v -0.0161240 0.0137759 0.0000000
vn 0.0000000 0.0000000 1.0000000
v -0.0164949 0.0107488 0.0000000
vn 0.0000000 0.0000000 1.0000000
v -0.0076717 -0.0187658 0.0000000
vn 0.0000000 0.0000000 1.0000000
v -0.0114698 -0.0191313 0.0000000
vn 0.0000000 0.0000000 1.0000000
v 0.0139207 -0.0185429 0.0000000
vn 0.0000000 0.0000000 1.0000000
v 0.0170735 -0.0175929 0.0000000
vn 0.0000000 0.0000000 1.0000000
v 0.0092762 -0.0153689 0.0000000
vn 0.0000000 -0.7071068 0.7071068
v 0.0031250 -0.0125000 0.0000000
vn 0.0000000 0.0000000 1.0000000
v -0.0102678 -0.0138649 0.0000000
vn 0.0000000 0.0000000 1.0000000
v -0.0128639 -0.0148650 0.0000000
vn 0.0000000 0.0000000 1.0000000
v -0.0141057 -0.0160673 0.0000000
vn 0.0000000 0.0000000 1.0000000
v -0.0108100 -0.0165973 0.0000000
vn 0.0000000 0.0000000 1.0000000
v 0.0183811 -0.0081135 0.0000000
vn 0.0000000 0.0000000 1.0000000
v 0.0191634 -0.0114595 0.0000000
vn 0.0000000 0.0000000 1.0000000
v 0.0186113 0.0136178 0.0000000
vn 0.0000000 0.0000000 1.0000000
v 0.0166881 0.0158500 0.0000000
vn 0.0000000 0.0000000 1.0000000
v 0.0154534 0.0092179 0.0000000
vn 0.0000000 0.0000000 1.0000000
v 0.0139011 0.0086592 0.0000000
vn 0.7071068 0.0000000 0.7071068
v 0.0125000 0.0031250 0.0000000
vn 0.0000000 0.0000000 1.0000000
v 0.0149476 -0.0128918 0.0000000
vn 0.0000000 0.0000000 1.0000000
v 0.0161626 -0.0138991 0.0000000
vn 0.0000000 0.0000000 1.0000000
v 0.0167594 -0.0108758 0.0000000
vn 0.0000000 0.7071068 0.7071068
v -0.0031250 0.0125000 0.0000000
vn 0.0000000 0.0000000 1.0000000
v -0.0024384 0.0136547 0.0000000
vn 0.0000000 0.0000000 1.0000000
v 0.0102501 0.0137057 0.0000000
vn 0.0000000 0.0000000 1.0000000
v 0.0095286 0.0149193 0.0000000
vn 0.0000000 0.0000000 1.0000000
v 0.0127421 0.0149317 0.0000000
vn 0.0000000 0.0000000 1.0000000
v 0.0136499 0.0162015 0.0000000
vn 0.0000000 0.0000000 1.0000000
v 0.0104080 0.0162406 0.0000000
vn -1.0000000 0.0000000 0.0000000
v -0.0200000 -0.0041513 -0.0012865
vn -0.7071068 0.0000000 0.7071068
v -0.0200000 -0.0050000 0.0000000
vn -0.7071067 0.0000000 0.7071068
v -0.0200000 0.0150000 0.0000000
vn -1.0000000 0.0000000 0.0000000
v -0.0200000 0.0050998 -0.0010376
vn 0.0000000 0.0000000 -1.0000000
v -0.0152363 0.0040959 -0.0030000
vn 0.0000000 0.0000000 -1.0000000
v -0.0151949 -0.0044408 -0.0030000
vn 0.0000000 0.0000000 -1.0000000
v 0.0048537 0.0157023 -0.0030000
vn 0.0000000 0.0000000 -1.0000000
v 0.0099998 0.0152055 -0.0030000
vn 0.0000000 0.0000000 -1.0000000
v 0.0049998 0.0106238 -0.0030000
vn 0.0000000 0.0000000 -1.0000000
v 0.0150000 0.0051440 -0.0030000
vn 0.0000000 0.0000000 -1.0000000
v 0.0100000 0.0053176 -0.0030000
vn 0.0000000 0.0000000 -1.0000000
v 0.0149947 0.0101492 -0.0030000
vn 0.0000000 0.0000000 -1.0000000
v 0.0150000 -0.0149981 -0.0030000
vn 0.0000000 0.0000000 -1.0000000
v 0.0100000 -0.0149907 -0.0030000
vn 0.0000000 0.0000000 -1.0000000
v 0.0150000 -0.0099907 -0.0030000
vn 0.0000000 0.0000000 -1.0000000
v -0.0050000 -0.0147939 -0.0030000
vn 0.0000000 0.0000000 -1.0000000
v -0.0100043 -0.0145594 -0.0030000
vn 0.0000000 0.0000000 -1.0000000
v -0.0050041 -0.0093874 -0.0030000
vn 0.0000000 -1.0000000 0.0000000
v -0.0106180 -0.0200000 -0.0014968
vn 0.0000000 -0.7071068 -0.7071068
v -0.0050000 -0.0200000 -0.0030000
vn 0.0000000 -0.7071068 -0.7071068
v 0.0150000 -0.0200000 -0.0030000
vn 0.7071068 0.0000000 0.7071068
v 0.0200000 0.0062500 0.0000000
vn 0.7071068 0.0000000 0.7071068
v 0.0200000 -0.0150000 0.0000000
vn 0.7071068 0.0000000 -0.7071068
v 0.0200000 0.0150000 -0.0030000
vn 0.0000000 1.0000000 0.0000000
v -0.0068223 0.0200000 -0.0010522
vn 0.0000000 0.7071068 0.7071068
v -0.0062500 0.0200000 0.0000000
vn 0.0000000 0.7071068 0.7071068
v 0.0150000 0.0200000 0.0000000
vn 0.0000000 0.7071068 -0.7071068
v 0.0050000 0.0200000 -0.0030000
vn 0.0000000 0.7071068 -0.7071068
v -0.0150000 0.0200000 -0.0030000
vn 0.0000000 0.0000000 1.0000000
v 0.0015884 0.0033204 0.0000000
vn 0.0000000 0.0000000 1.0000000
v -0.0000517 0.0030934 0.0000000
vn 0.0000000 0.0000000 1.0000000
v -0.0015967 0.0028207 0.0000000
vn 0.0000000 0.0000000 1.0000000
v -0.0021925 0.0015110 0.0000000
vn 0.0000000 0.0000000 1.0000000
v -0.0030591 0.0002408 0.0000000
vn 0.0000000 0.0000000 1.0000000
v -0.0024281 -0.0014773 0.0000000
vn 0.0000000 0.0000000 1.0000000
v -0.0013663 -0.0029185 0.0000000
vn -0.9999967 -0.0025174 0.0005204
v 0.0084993 0.0000329 0.0106001
vn -0.9928559 -0.1193149 -0.0010932
v 0.0084380 0.0010112 0.0133073
vn -0.9154509 -0.4024275 -0.0013543
v 0.0077758 0.0034282 0.0137598
vn -0.8931084 -0.4498415 -0.0003703
v 0.0075725 0.0038581 0.0025346
vn -0.8392240 -0.5437809 -0.0023329
v 0.0071440 0.0046041 0.0147465
vn -0.6248566 -0.7807335 -0.0030754
v 0.0052799 0.0066589 0.0132854
vn -0.6154216 -0.7881964 0.0016231
v 0.0052081 0.0067165 0.0118323
vn -0.3319919 -0.9432822 -0.0000151
v 0.0027904 0.0080270 0.0086971
vn -0.1637716 -0.9864982 0.0004121
v 0.0013562 0.0083893 0.0142891
vn -0.0087342 -0.9999590 -0.0024191
v 0.0000861 0.0084981 0.0102991
vn 0.4088198 -0.9126152 -0.0001828
v -0.0034520 0.0077653 0.0136968
vn 0.5448278 -0.8385413 0.0033482
v -0.0046223 0.0071319 0.0099146
vn 0.5076557 -0.8615600 0.0001189
v -0.0043617 0.0072935 0.0124874
vn 0.8266932 -0.5626475 -0.0024803
v -0.0070137 0.0047992 0.0117263
vn 0.8249101 -0.5652639 0.0001470
v -0.0070089 0.0048064 0.0143098
vn 0.9526886 -0.3039434 0.0016926
v -0.0081060 0.0025579 0.0134042
vn 0.9583679 -0.2855315 0.0016715
v -0.0081501 0.0024067 0.0120740
vn 0.9982525 0.0590222 0.0028978
v -0.0084851 -0.0004753 0.0095323
vn 0.9931648 0.1166884 0.0027329
v -0.0084417 -0.0009779 0.0138867
vn 0.9202902 0.3912360 0.0006248
v -0.0078270 -0.0033118 0.0138624
vn 0.8653297 0.5012031 -0.0002131
v -0.0073579 -0.0042555 0.0030023
vn 0.8450705 0.5346531 -0.0014380
v -0.0071944 -0.0045249 0.0147938
vn 0.6098729 0.7924990 -0.0006283
v -0.0051771 -0.0067414 0.0133827
vn 0.6101415 0.7922925 0.0000295
v -0.0051659 -0.0067498 0.0117574
vn 0.4276901 0.9039233 0.0019896
v -0.0036424 -0.0076789 0.0087058
vn 0.3418533 0.9397497 -0.0026059
v -0.0029121 -0.0079855 0.0101511
vn 0.3278227 0.9447383 -0.0013890
v -0.0027867 -0.0080283 0.0118629
vn 0.1651752 0.9862641 -0.0005937
v -0.0014024 -0.0083822 0.0125922
vn -0.0656362 0.9978436 -0.0003169
v 0.0005543 -0.0084799 0.0087806
vn -0.0869696 0.9962092 -0.0018938
v 0.0007533 -0.0084663 0.0029799
vn -0.2877479 0.9577062 -0.0000839
v 0.0024733 -0.0081307 0.0114917
vn -0.3943970 0.9189374 0.0022376
v 0.0033403 -0.0078145 0.0093272
vn -0.5647223 0.8252727 -0.0037080
v 0.0047677 -0.0070347 0.0024536
vn -0.4983716 0.8669589 -0.0028627
v 0.0042001 -0.0073886 0.0144964
vn -0.7762918 0.6303698 0.0022169
v 0.0065929 -0.0053622 0.0134595
vn -0.7908329 0.6120315 -0.0009762
v 0.0067227 -0.0052003 0.0118158
vn -0.9442710 0.3291521 0.0033666
v 0.0080227 -0.0028032 0.0105739
vn -0.9303958 0.3665565 -0.0002025
v 0.0078985 -0.0031357 0.0143983
vn -0.9393008 0.3430860 -0.0024622
v 0.0079972 -0.0028784 0.0119932
vn -0.9843587 0.1761640 -0.0020766
v 0.0083630 -0.0015155 0.0141530
vn 0.0000000 0.0000000 1.0000000
v -0.0110344 -0.0071831 0.0250000
vn 0.0000000 0.0000000 1.0000000
v 0.0047128 -0.0099168 0.0250000
vn 0.0000000 0.0000000 1.0000000
v 0.0014421 -0.0096905 0.0250000
vn 0.0000000 0.0000000 1.0000000
v -0.0013425 0.0095112 0.0250000
vn 0.0000000 0.0000000 1.0000000
v -0.0111992 -0.0087447 0.0250000
vn 0.0000000 0.0000000 1.0000000
v -0.0077027 -0.0115388 0.0250000
vn 0.0000000 0.0000000 1.0000000
v 0.0073595 0.0112427 0.0250000
vn 0.0000000 0.0000000 1.0000000
v -0.0099807 -0.0098884 0.0250000
vn 0.0000000 0.0000000 1.0000000
v 0.0075983 -0.0112255 0.0250000
vn 0.0000000 0.0000000 1.0000000
v -0.0101306 0.0086861 0.0250000
vn 0.0000000 0.0000000 1.0000000
v -0.0114454 0.0000168 0.0250000
vn 0.0000000 0.0000000 1.0000000
v 0.0102932 0.0046753 0.0250000
vn 0.0000000 0.0000000 1.0000000
v 0.0106785 -0.0067701 0.0250000
vn 0.0000000 0.0000000 1.0000000
v 0.0112681 0.0085696 0.0250000
vn 0.0000000 0.0000000 1.0000000
v -0.0085966 0.0111540 0.0250000
vn 1.0000000 0.0000000 0.0000000
v 0.0125000 -0.0096606 0.0096606
vn 1.0000000 0.0000000 0.0000000
v 0.0125000 -0.0096651 0.0127856
vn 1.0000000 0.0000000 0.0000000
v 0.0125000 -0.0033674 0.0035235
vn 1.0000000 0.0000000 0.0000000
v 0.0125000 -0.0037087 0.0129378
vn 1.0000000 0.0000000 0.0000000
v 0.0125000 0.0096608 0.0153419
vn 1.0000000 0.0000000 0.0000000
v 0.0125000 0.0096620 0.0122191
vn 1.0000000 0.0000000 0.0000000
v 0.0125000 0.0032747 0.0219385
vn 1.0000000 0.0000000 0.0000000
v 0.0125000 0.0035917 0.0121735
vn 0.0000000 1.0000000 0.0000000
v 0.0096606 0.0125000 0.0096605
vn 0.0000000 1.0000000 0.0000000
v 0.0096650 0.0125000 0.0127859
vn 0.0000000 1.0000000 0.0000000
v 0.0033681 0.0125000 0.0035235
vn 0.0000000 1.0000000 0.0000000
v 0.0037086 0.0125000 0.0129378
vn 0.0000000 1.0000000 0.0000000
v -0.0096607 0.0125000 0.0153420
vn 0.0000000 1.0000000 0.0000000
v -0.0096620 0.0125000 0.0122191
vn 0.0000000 1.0000000 0.0000000
v -0.0031731 0.0125000 0.0216510
vn 0.0000000 1.0000000 0.0000000
v -0.0035916 0.0125000 0.0121735
vn -1.0000000 0.0000000 0.0000000
v -0.0125000 0.0096606 0.0096606
vn -1.0000000 0.0000000 0.0000000
v -0.0125000 0.0096652 0.0127864
vn -1.0000000 0.0000000 0.0000000
v -0.0125000 0.0033674 0.0035235
vn -1.0000000 0.0000000 0.0000000
v -0.0125000 0.0037087 0.0129383
vn -1.0000000 0.0000000 0.0000000
v -0.0125000 -0.0096607 0.0153420
vn -1.0000000 0.0000000 0.0000000
v -0.0125000 -0.0096620 0.0122191
vn -1.0000000 0.0000000 0.0000000
v -0.0125000 -0.0031731 0.0216510
vn -1.0000000 0.0000000 0.0000000
v -0.0125000 -0.0035916 0.0121735
vn 0.0000000 -1.0000000 0.0000000
v -0.0096606 -0.0125000 0.0096605
vn 0.0000000 -1.0000000 0.0000000
v -0.0096651 -0.0125000 0.0127856
vn 0.0000000 -1.0000000 0.0000000
v -0.0033674 -0.0125000 0.0035235
vn 0.0000000 -1.0000000 0.0000000
v -0.0037087 -0.0125000 0.0129378
vn 0.0000000 -1.0000000 0.0000000
v 0.0096600 -0.0125000 0.0153403
vn 0.0000000 -1.0000000 0.0000000
v 0.0096621 -0.0125000 0.0122189
vn 0.0000000 -1.0000000 0.0000000
v 0.0036991 -0.0125000 0.0224331
vn 0.0000000 -1.0000000 0.0000000
v 0.0035918 -0.0125000 0.0121732
vn 0.0000000 0.0000000 1.0000000
v 0.0002669 0.0187825 0.0000000
vn 0.0000000 0.0000000 1.0000000
v -0.0102749 0.0156583 0.0000000
vn 0.0000000 0.0000000 1.0000000
v -0.0006171 0.0162573 0.0000000
vn 0.0000000 0.0000000 1.0000000
v 0.0037275 0.0175869 0.0000000
vn 0.0000000 0.0000000 1.0000000
v -0.0189208 -0.0025311 0.0000000
vn 0.0000000 0.0000000 1.0000000
v -0.0157217 -0.0105087 0.0000000
vn 0.0000000 0.0000000 1.0000000
v -0.0155130 -0.0005701 0.0000000
vn 0.0000000 0.0000000 1.0000000
v -0.0170680 0.0025691 0.0000000
vn -0.7071068 0.0000000 0.7071068
v -0.0125000 0.0031250 0.0000000
vn 0.0000000 0.0000000 1.0000000
v -0.0134845 0.0009472 0.0000000
vn -0.7071068 0.0000000 0.7071068
v -0.0125000 0.0093750 0.0000000
vn 0.0000000 0.0000000 1.0000000
v -0.0154684 0.0025186 0.0000000
vn 0.0000000 0.0000000 1.0000000
v 0.0096323 -0.0168847 0.0000000
vn 0.0000000 0.0000000 1.0000000
v 0.0105062 -0.0157784 0.0000000
vn 0.0000000 0.0000000 1.0000000
v 0.0005632 -0.0157930 0.0000000
vn 0.0000000 0.0000000 1.0000000
v -0.0026070 -0.0171075 0.0000000
vn 0.0000000 -0.7071068 0.7071068
v -0.0031250 -0.0125000 0.0000000
vn 0.0000000 0.0000000 1.0000000
v -0.0009556 -0.0135064 0.0000000
vn 0.0000000 -0.7071068 0.7071068
v -0.0093750 -0.0125000 0.0000000
vn 0.0000000 0.0000000 1.0000000
v -0.0025499 -0.0154956 0.0000000
vn 0.0000000 0.0000000 1.0000000
v 0.0186913 -0.0010904 0.0000000
vn 0.0000000 0.0000000 1.0000000
v 0.0170433 0.0097944 0.0000000
vn 0.0000000 0.0000000 1.0000000
v 0.0156678 0.0108135 0.0000000
vn 0.0000000 0.0000000 1.0000000
v 0.0155449 0.0004298 0.0000000
vn 0.7071068 0.0000000 0.7071068
v 0.0125000 -0.0031250 0.0000000
vn 0.0000000 0.0000000 1.0000000
v 0.0137508 -0.0035989 0.0000000
vn 0.0000000 0.0000000 1.0000000
v 0.0134224 -0.0008666 0.0000000
vn 0.7071068 0.0000000 0.7071068
v 0.0125000 -0.0093750 0.0000000
vn 0.0000000 0.0000000 1.0000000
v 0.0149148 -0.0025151 0.0000000
vn 0.0000000 0.7071068 0.7071068
v 0.0031250 0.0125000 0.0000000
vn 0.0000000 0.0000000 1.0000000
v 0.0039627 0.0135013 0.0000000
vn 0.0000000 0.0000000 1.0000000
v 0.0009379 0.0140692 0.0000000
vn 0.0000000 0.7071068 0.7071068
v 0.0093750 0.0125000 0.0000000
vn 0.0000000 0.0000000 1.0000000
v 0.0024569 0.0152732 0.0000000
vn 0.0000000 0.0000000 -1.0000000
v -0.0154143 0.0143936 -0.0030000
vn 0.0000000 0.7071068 -0.7071068
v -0.0050000 0.0200000 -0.0030000
vn 0.0000000 0.0000000 -1.0000000
v -0.0000029 0.0067502 -0.0030000
vn 0.0000000 0.0000000 -1.0000000
v -0.0052939 0.0047932 -0.0030000
vn 0.0000000 0.0000000 -1.0000000
v 0.0150000 -0.0049625 -0.0030000
vn 0.0000000 0.0000000 -1.0000000
v 0.0150000 0.0001165 -0.0030000
vn 0.0000000 0.0000000 -1.0000000
v 0.0050000 -0.0149625 -0.0030000
vn 0.0000000 0.0000000 -1.0000000
v 0.0000000 -0.0148802 -0.0030000
vn 0.0000000 0.0000000 -1.0000000
v -0.0000040 -0.0043811 -0.0030000
vn 0.0000000 0.0000000 -1.0000000
v 0.0049998 0.0005309 -0.0030000
vn 0.0000000 -1.0000000 0.0000000
v 0.0050237 -0.0200000 -0.0008936
vn 0.0000000 -1.0000000 0.0000000
v -0.0006652 -0.0200000 -0.0015147
vn 0.7071068 0.0000000 -0.7071068
v 0.0200000 -0.0050000 -0.0030000
vn 0.0000000 0.0000000 1.0000000
v 0.0067853 0.0027884 0.0000000
vn 0.0000000 0.0000000 1.0000000
v 0.0012111 0.0071527 0.0000000
vn 0.0000000 0.0000000 1.0000000
v -0.0042029 0.0033077 0.0000000
vn 0.0000000 0.0000000 1.0000000
v -0.0052324 0.0019498 0.0000000
vn 0.0000000 0.0000000 1.0000000
v -0.0073575 0.0008286 0.0000000
vn 0.0000000 0.0000000 1.0000000
v -0.0056855 -0.0006686 0.0000000
vn 0.0000000 0.0000000 1.0000000
v -0.0017756 -0.0055437 0.0000000
vn -0.9982495 0.0591277 -0.0014098
v 0.0084831 -0.0005053 0.0210202
vn -0.9857744 0.1680739 -0.0002588
v 0.0083849 -0.0013846 0.0221870
vn -0.9363654 0.3510267 -0.0004781
v 0.0079582 -0.0029823 0.0172918
vn -0.9346527 0.3555566 -0.0020018
v 0.0079450 -0.0030162 0.0217624
vn -0.8512550 0.5247278 0.0050830
v 0.0071985 -0.0045182 0.0220201
vn -0.8985516 0.4388678 -0.0001428
v 0.0076305 -0.0037406 0.0158613
vn -0.7661329 0.6426714 0.0037176
v 0.0065033 -0.0054729 0.0223398
vn -0.7406553 0.6718826 -0.0018684
v 0.0062965 -0.0057087 0.0092510
vn -0.7270634 0.6865703 0.0003575
v 0.0061598 -0.0058543 0.0062851
vn -0.6679946 0.7441552 0.0040154
v 0.0056974 -0.0063064 0.0220510
vn -0.5372622 0.8434152 0.0004693
v 0.0045772 -0.0071620 0.0219506
vn -0.3787450 0.9255009 -0.0005872
v 0.0032559 -0.0078516 0.0219424
vn -0.1945111 0.9808997 -0.0011170
v 0.0016272 -0.0083408 0.0219810
vn -0.1504625 0.9886156 0.0004466
v 0.0012866 -0.0084000 0.0172841
vn -0.0241474 0.9996927 -0.0055983
v 0.0002107 -0.0084954 0.0211775
vn 0.1467607 0.9891717 -0.0007251
v -0.0012143 -0.0084111 0.0219812
vn 0.1435444 0.9896437 0.0006123
v -0.0012268 -0.0084092 0.0157246
vn 0.3419803 0.9397069 -0.0007249
v -0.0029297 -0.0079786 0.0219775
vn 0.5167387 0.8561429 -0.0006593
v -0.0043887 -0.0072770 0.0219950
vn 0.4473618 0.8943497 0.0024658
v -0.0038077 -0.0075974 0.0174681
vn 0.4585816 0.8886522 0.0004841
v -0.0038911 -0.0075563 0.0157783
vn 0.6705409 0.7418721 0.0009326
v -0.0056958 -0.0063078 0.0220353
vn 0.6743697 0.7383935 -0.0007058
v -0.0057245 -0.0062827 0.0092525
vn 0.6199619 0.7846318 0.0003688
v -0.0052680 -0.0066684 0.0029800
vn 0.8615804 0.5076112 0.0031723
v -0.0073313 -0.0042993 0.0164289
vn 0.8541422 0.5200381 0.0012644
v -0.0072619 -0.0044136 0.0211856
vn 0.9000869 0.4357095 -0.0008571
v -0.0076442 -0.0037127 0.0223801
vn 0.9853898 0.1702562 -0.0044495
v -0.0083800 -0.0014167 0.0213758
vn 0.9873543 0.1585258 -0.0010904
v -0.0083917 -0.0013404 0.0030143
vn 0.9999676 -0.0076427 -0.0025318
v -0.0084986 0.0000645 0.0215459
vn 0.9960268 -0.0890131 0.0027099
v -0.0084666 0.0007501 0.0201816
vn 0.9855003 -0.1696375 -0.0035017
v -0.0083788 0.0014247 0.0214599
vn 0.9591473 -0.2829015 0.0017701
v -0.0081531 0.0023964 0.0176607
vn 0.9923663 -0.1233253 0.0003948
v -0.0084385 0.0010072 0.0091254
vn 0.9447340 -0.3278379 -0.0001771
v -0.0080378 0.0027587 0.0220533
vn 0.8618268 -0.5072020 0.0009425
v -0.0073056 0.0043416 0.0219779
vn 0.9004298 -0.4349824 0.0040530
v -0.0076662 0.0036681 0.0173772
vn 0.8707362 -0.4917500 -0.0006442
v -0.0073913 0.0041952 0.0158284
vn 0.8681673 -0.4962712 -0.0007027
v -0.0073725 0.0042295 0.0087175
vn 0.8484414 -0.5292870 0.0015841
v -0.0072098 0.0044995 0.0029826
vn 0.7578092 -0.6524762 -0.0001786
v -0.0064054 0.0055845 0.0219861
vn 0.7558269 -0.6547664 -0.0025902
v -0.0064334 0.0055527 0.0087011
vn 0.7198026 -0.6941788 0.0001081
v -0.0060906 0.0059267 0.0188440
vn 0.7449166 -0.6671367 0.0052771
v -0.0063098 0.0056936 0.0030760
vn 0.6519429 -0.7582679 -0.0005566
v -0.0055305 0.0064528 0.0220167
vn 0.5059943 -0.8625368 0.0003635
v -0.0042715 0.0073482 0.0169748
vn 0.4565470 -0.8896967 0.0021493
v -0.0038816 0.0075609 0.0152756
vn 0.5514337 -0.8342187 0.0000870
v -0.0047236 0.0070642 0.0212291
vn 0.4061967 -0.9137847 0.0013317
v -0.0034639 0.0077601 0.0220416
vn 0.2232957 -0.9747494 0.0016302
v -0.0018535 0.0082952 0.0221465
vn 0.1882733 -0.9821159 0.0012127
v -0.0016056 0.0083451 0.0030483
vn -0.0117442 -0.9999310 -0.0004684
v 0.0000968 0.0084979 0.0199470
vn -0.1128215 -0.9936124 -0.0023888
v 0.0009367 0.0084462 0.0221212
vn -0.2612221 -0.9652786 0.0004766
v 0.0022062 0.0082086 0.0157741
vn -0.2762404 -0.9610886 0.0000004
v 0.0023391 0.0081698 0.0220053
vn -0.4392404 -0.8983690 -0.0010395
v 0.0037312 0.0076351 0.0219831
vn -0.4330966 -0.9013379 0.0041787
v 0.0036531 0.0076736 0.0101248
vn -0.5907775 -0.8068345 -0.0001267
v 0.0050154 0.0068601 0.0219603
vn -0.7277455 -0.6858473 0.0004315
v 0.0061674 0.0058464 0.0219087
vn -0.6787519 -0.7343636 0.0024423
v 0.0057813 0.0062297 0.0091532
vn -0.7148602 -0.6992669 0.0007986
v 0.0060751 0.0059428 0.0189706
vn -0.7601914 -0.6496974 -0.0015519
v 0.0064493 0.0055345 0.0061391
vn -0.7340212 -0.6791227 0.0022835
v 0.0062331 0.0057778 0.0033355
vn -0.9211500 -0.3892061 -0.0011821
v 0.0078391 0.0032844 0.0222537
vn -0.9663038 -0.2573779 0.0037064
v 0.0082126 0.0021909 0.0217387
vn -0.9954975 -0.0947587 0.0023409
v 0.0084571 0.0008372 0.0158506
vn -0.9526151 -0.3041733 0.0017393
v 0.0080881 0.0026105 0.0030186
vn -0.9887037 -0.1498562 -0.0028568
v 0.0084049 0.0012549 0.0225103
vn -0.8156892 -0.5784683 0.0050637
v 0.0069494 0.0048936 0.0029058
vn -0.4882039 -0.8727292 -0.0008424
v 0.0041360 0.0074238 0.0029904
vn 0.0036254 -0.9999934 0.0000427
v -0.0000108 0.0084998 0.0030757
vn 0.3665253 -0.9304057 0.0021298
v -0.0031280 0.0079015 0.0030046
vn 0.5230882 -0.8522648 0.0048484
v -0.0044770 0.0072234 0.0030730
vn 0.9295928 -0.3685863 0.0011444
v -0.0079011 0.0031291 0.0029662
vn 0.9804854 -0.1965877 0.0013364
v -0.0083333 0.0016650 0.0029635
vn 0.9997999 -0.0199729 0.0011414
v -0.0084963 0.0001716 0.0029619
vn 0.9982957 0.0583388 0.0015556
v -0.0084868 -0.0004483 0.0043961
vn 0.9427626 0.3334626 -0.0012059
v -0.0080103 -0.0028397 0.0030358
vn 0.2801295 0.9599622 0.0000858
v -0.0023749 -0.0081594 0.0029456
vn 0.0964056 0.9953409 -0.0015462
v -0.0008128 -0.0084598 0.0029537
vn -0.2618254 0.9651141 -0.0015156
v 0.0021890 -0.0082131 0.0027936
vn -0.8167797 0.5769451 -0.0023013
v 0.0069372 -0.0049103 0.0036636
vn -0.9585461 0.2849340 -0.0014479
v 0.0081409 -0.0024384 0.0028837
vn -0.9960251 0.0890583 0.0016326
v 0.0084644 -0.0007708 0.0032145
vn 0.0000000 0.0000000 1.0000000
v 0.0059583 -0.0092217 0.0250000
vn 0.0000000 0.0000000 1.0000000
v 0.0074755 0.0087040 0.0250000
vn 0.0000000 -0.7071068 0.7071068
v -0.0093750 -0.0125000 0.0250000
vn 0.0000000 -0.7071068 0.7071068
v -0.0031250 -0.0125000 0.0250000
vn 0.0000000 -0.7071068 0.7071068
v 0.0031250 -0.0125000 0.0250000
vn 0.0000000 -0.7071068 0.7071068
v 0.0093750 -0.0125000 0.0250000
vn 0.0000000 0.0000000 1.0000000
v 0.0098748 -0.0099426 0.0250000
vn 0.0000000 0.7071068 0.7071068
v 0.0093750 0.0125000 0.0250000
vn 0.0000000 0.7071068 0.7071068
v 0.0031250 0.0125000 0.0250000
vn 0.0000000 0.7071068 0.7071068
v -0.0031250 0.0125000 0.0250000
vn 0.0000000 0.7071068 0.7071068
v -0.0093750 0.0125000 0.0250000
vn 0.0000000 0.0000000 1.0000000
v -0.0067608 0.0094550 0.0250000
vn 0.0000000 0.0000000 1.0000000
v -0.0044393 0.0086692 0.0250000
vn 0.0000000 0.0000000 1.0000000
v -0.0091755 0.0014825 0.0250000
vn 0.0000000 0.0000000 1.0000000
v -0.0092001 -0.0052079 0.0250000
vn 0.0000000 0.0000000 1.0000000
v -0.0029681 -0.0096101 0.0250000
vn 0.0000000 0.0000000 1.0000000
v -0.0042217 -0.0103282 0.0250000
vn 0.0000000 0.0000000 1.0000000
v 0.0043159 0.0100549 0.0250000
vn 0.0000000 0.0000000 1.0000000
v -0.0088210 -0.0038062 0.0250000
vn 0.0000000 0.0000000 1.0000000
v 0.0078946 0.0059645 0.0250000
vn 0.0000000 0.0000000 1.0000000
v -0.0080011 -0.0061808 0.0250000
vn 0.0000000 0.0000000 1.0000000
v 0.0092188 0.0022380 0.0250000
vn 0.0000000 0.0000000 1.0000000
v -0.0080853 0.0057212 0.0250000
vn 0.0000000 0.0000000 1.0000000
v -0.0109099 0.0071289 0.0250000
vn -0.7071068 0.0000000 0.7071068
v -0.0125000 0.0093750 0.0250000
vn -0.7071068 0.0000000 0.7071068
v -0.0125000 0.0031250 0.0250000
vn -0.7071068 0.0000000 0.7071068
v -0.0125000 -0.0031250 0.0250000
vn -0.7071068 0.0000000 0.7071068
v -0.0125000 -0.0093750 0.0250000
vn 0.0000000 0.0000000 1.0000000
v 0.0088366 -0.0041726 0.0250000
vn 0.7071068 0.0000000 0.7071068
v 0.0125000 -0.0093750 0.0250000
vn 0.0000000 0.0000000 1.0000000
v 0.0116180 -0.0080330 0.0250000
vn 0.7071068 0.0000000 0.7071068
v 0.0125000 -0.0031250 0.0250000
vn 0.7071068 0.0000000 0.7071068
v 0.0125000 0.0031250 0.0250000
vn 0.7071068 0.0000000 0.7071068
v 0.0125000 0.0093750 0.0250000
vn 0.0000000 0.0000000 1.0000000
v 0.0059507 0.0092760 0.0250000
vn 0.0000000 0.0000000 1.0000000
v -0.0069469 -0.0072814 0.0250000
vn 0.0000000 0.0000000 1.0000000
v 0.0080839 -0.0055383 0.0250000
vn 0.0000000 0.0000000 1.0000000
v 0.0103516 -0.0040983 0.0250000
vn 0.0000000 0.0000000 1.0000000
v -0.0089273 0.0073985 0.0250000
vn 0.7071068 -0.7071068 0.0000000
v 0.0125000 -0.0125000 0.0218750
vn 1.0000000 0.0000000 0.0000000
v 0.0125000 -0.0096117 0.0217824
vn 0.7071068 -0.7071068 0.0000000
v 0.0125000 -0.0125000 0.0156250
vn 1.0000000 0.0000000 0.0000000
v 0.0125000 -0.0024480 0.0153047
vn 0.7071068 -0.7071068 0.0000000
v 0.0125000 -0.0125000 0.0093750
vn 0.7071068 -0.7071068 0.0000000
v 0.0125000 -0.0125000 0.0031250
vn 1.0000000 0.0000000 0.0000000
v 0.0125000 0.0037653 0.0090692
vn 1.0000000 0.0000000 0.0000000
v 0.0125000 0.0096920 0.0027702
vn 0.7071068 0.7071068 0.0000000
v 0.0125000 0.0125000 0.0031250
vn 0.7071068 0.7071068 0.0000000
v 0.0125000 0.0125000 0.0093750
vn 0.7071068 0.7071068 0.0000000
v 0.0125000 0.0125000 0.0156250
vn 0.7071068 0.7071068 0.0000000
v 0.0125000 0.0125000 0.0218750
vn 0.0000000 1.0000000 0.0000000
v 0.0024478 0.0125000 0.0153046
vn 0.0000000 1.0000000 0.0000000
v -0.0037653 0.0125000 0.0090692
vn 0.0000000 1.0000000 0.0000000
v -0.0098175 0.0125000 0.0029937
vn -0.7071068 0.7071068 0.0000000
v -0.0125000 0.0125000 0.0031250
vn -0.7071068 0.7071068 0.0000000
v -0.0125000 0.0125000 0.0093750
vn -0.7071068 0.7071068 0.0000000
v -0.0125000 0.0125000 0.0156250
vn -0.7071068 0.7071068 0.0000000
v -0.0125000 0.0125000 0.0218750
vn -1.0000000 0.0000000 0.0000000
v -0.0125000 0.0024479 0.0153064
vn -1.0000000 0.0000000 0.0000000
v -0.0125000 -0.0037653 0.0090692
vn -1.0000000 0.0000000 0.0000000
v -0.0125000 -0.0096920 0.0027702
vn -0.7071068 -0.7071068 0.0000000
v -0.0125000 -0.0125000 0.0031250
vn -0.7071068 -0.7071068 0.0000000
v -0.0125000 -0.0125000 0.0093750
vn -0.7071068 -0.7071068 0.0000000
v -0.0125000 -0.0125000 0.0156250
vn -0.7071068 -0.7071068 0.0000000
v -0.0125000 -0.0125000 0.0218750
vn 0.0000000 -1.0000000 0.0000000
v -0.0096251 -0.0125000 0.0217904
vn 0.0000000 -1.0000000 0.0000000
v -0.0024477 -0.0125000 0.0153042
vn 0.0000000 -1.0000000 0.0000000
v 0.0037653 -0.0125000 0.0090691
vn 0.0000000 -1.0000000 0.0000000
v 0.0096968 -0.0125000 0.0027851
vn 0.0000000 0.0000000 1.0000000
v 0.0140304 0.0187911 0.0000000
vn 0.0000000 0.0000000 1.0000000
v 0.0145645 0.0174505 0.0000000
vn 0.0000000 0.7071068 0.7071068
v 0.0050000 0.0200000 0.0000000
vn 0.0000000 0.0000000 1.0000000
v 0.0079787 0.0173328 0.0000000
vn 0.0000000 0.0000000 1.0000000
v -0.0089709 0.0185126 0.0000000
vn 0.0000000 0.7071068 0.7071068
v -0.0156250 0.0200000 0.0000000
vn 0.0000000 0.0000000 1.0000000
v -0.0131574 0.0147927 0.0000000
vn 0.0000000 0.0000000 1.0000000
v -0.0187284 0.0155929 0.0000000
vn -0.7071067 0.0000000 0.7071068
v -0.0200000 0.0056250 0.0000000
vn 0.0000000 0.0000000 1.0000000
v -0.0173080 0.0079196 0.0000000
vn 0.0000000 0.0000000 1.0000000
v -0.0182103 -0.0102424 0.0000000
vn -0.7071068 0.0000000 0.7071068
v -0.0200000 -0.0156250 0.0000000
vn 0.0000000 0.0000000 1.0000000
v -0.0152687 -0.0022488 0.0000000
vn 0.0000000 0.0000000 1.0000000
v -0.0142181 -0.0014823 0.0000000
vn 0.0000000 0.0000000 1.0000000
v -0.0147833 -0.0131153 0.0000000
vn 0.0000000 0.0000000 1.0000000
v -0.0137202 0.0118478 0.0000000
vn 0.0000000 0.0000000 1.0000000
v -0.0174264 0.0147291 0.0000000
vn 0.0000000 -0.7071068 0.7071068
v -0.0150000 -0.0200000 0.0000000
vn 0.0000000 0.0000000 1.0000000
v -0.0158677 -0.0188222 0.0000000
vn 0.0000000 -0.7071068 0.7071068
v -0.0056250 -0.0200000 0.0000000
vn 0.0000000 0.0000000 1.0000000
v -0.0078492 -0.0173275 0.0000000
vn 0.0000000 -0.7071068 0.7071068
v 0.0050000 -0.0200000 0.0000000
vn 0.0000000 -0.7071068 0.7071068
v 0.0156250 -0.0200000 0.0000000
vn 0.0000000 0.0000000 1.0000000
v 0.0185733 -0.0185334 0.0000000
vn 0.0000000 0.0000000 1.0000000
v 0.0023173 -0.0153829 0.0000000
vn 0.0000000 0.0000000 1.0000000
v 0.0014925 -0.0143041 0.0000000
vn 0.0000000 0.0000000 1.0000000
v 0.0131928 -0.0148505 0.0000000
vn 0.0000000 0.0000000 1.0000000
v -0.0118617 -0.0137153 0.0000000
vn 0.0000000 0.0000000 1.0000000
v -0.0149788 -0.0175546 0.0000000
vn 0.0000000 0.0000000 1.0000000
v 0.0187062 -0.0155974 0.0000000
vn 0.7071068 0.0000000 0.7071068
v 0.0200000 -0.0037500 0.0000000
vn 0.0000000 0.0000000 1.0000000
v 0.0172794 -0.0069374 0.0000000
vn 0.0000000 0.0000000 1.0000000
v 0.0185016 0.0086897 0.0000000
vn 0.7071068 0.0000000 0.7071068
v 0.0200000 0.0162500 0.0000000
vn 0.0000000 0.0000000 1.0000000
v 0.0182655 0.0183684 0.0000000
vn 0.0000000 0.0000000 1.0000000
v 0.0157189 0.0022520 0.0000000
vn 0.0000000 0.0000000 1.0000000
v 0.0142502 0.0018723 0.0000000
vn 0.0000000 0.0000000 1.0000000
v 0.0157564 -0.0070924 0.0000000
vn 0.0000000 0.0000000 1.0000000
v 0.0137739 -0.0118628 0.0000000
vn 0.0000000 0.0000000 1.0000000
v 0.0174357 -0.0148068 0.0000000
vn 0.0000000 0.0000000 1.0000000
v 0.0071428 0.0159886 0.0000000
vn 0.0000000 0.0000000 1.0000000
v 0.0118353 0.0136965 0.0000000
vn -1.0000000 0.0000000 0.0000000
v -0.0200000 -0.0184138 -0.0015072
vn -1.0000000 0.0000000 0.0000000
v -0.0200000 0.0053368 -0.0020739
vn -0.7071068 0.0000000 -0.7071068
v -0.0200000 0.0100000 -0.0030000
vn -0.7071068 0.0000000 -0.7071068
v -0.0200000 -0.0106250 -0.0030000
vn 0.0000000 0.0000000 -1.0000000
v -0.0154495 -0.0142702 -0.0030000
vn 0.0000000 0.0000000 -1.0000000
v -0.0053067 -0.0038210 -0.0030000
vn 0.0000000 0.0000000 -1.0000000
v 0.0049999 0.0056226 -0.0030000
vn 0.0000000 0.7071068 -0.7071068
v 0.0150000 0.0200000 -0.0030000
vn 0.0000000 0.0000000 -1.0000000
v 0.0149187 0.0144543 -0.0030000
vn 0.7071068 0.0000000 -0.7071068
v 0.0200000 0.0050000 -0.0030000
vn 0.0000000 -0.7071068 -0.7071068
v 0.0050000 -0.0200000 -0.0030000
vn 0.0000000 -0.7071068 -0.7071068
v -0.0150000 -0.0200000 -0.0030000
vn 1.0000000 0.0000000 0.0000000
v 0.0200000 -0.0048529 -0.0012017
vn 0.0000000 1.0000000 0.0000000
v 0.0149924 0.0200000 -0.0016910
vn 0.0000000 0.0000000 1.0000000
v 0.0005056 0.0000722 0.0000000
vn 0.9933918 -0.1147548 0.0020577
v -0.0084437 0.0009595 0.0043786
vn 0.0000000 0.0000000 1.0000000
v -0.0038000 0.0172904 0.0000000
vn 0.0000000 0.0000000 1.0000000
v -0.0148001 0.0068090 0.0000000
vn 0.0000000 0.0000000 1.0000000
v 0.0041135 -0.0183914 0.0000000
vn 0.0000000 0.0000000 1.0000000
v -0.0068040 -0.0148063 0.0000000
vn 0.0000000 0.0000000 1.0000000
v 0.0065453 0.0148396 0.0000000
vn 0.0000000 0.0000000 -1.0000000
v -0.0049915 0.0129304 -0.0030000
vn 0.0000000 0.0000000 -1.0000000
v -0.0075039 0.0125529 -0.0030000
vn 0.0000000 0.0000000 -1.0000000
v -0.0074976 0.0151512 -0.0030000
vn 0.0000000 0.0000000 -1.0000000
v 0.0050000 -0.0072707 -0.0030000
vn 0.0000000 0.0000000 -1.0000000
v 0.0075000 -0.0047725 -0.0030000
vn 0.0000000 0.0000000 -1.0000000
v 0.0075000 -0.0073438 -0.0030000
vn 0.7071068 0.0000000 -0.7071068
v 0.0200000 -0.0175000 -0.0030000
vn 0.0000000 0.0000000 1.0000000
v 0.0004897 0.0061256 0.0000000
vn 0.0000000 0.0000000 1.0000000
v -0.0039881 -0.0061744 0.0000000
vn -0.8797881 0.4753661 -0.0002670
v 0.0074965 -0.0040034 0.0129448
vn -0.7511126 0.6601734 -0.0009860
v 0.0063794 -0.0056142 0.0173870
vn 0.6921795 0.7217205 0.0026722
v -0.0058781 -0.0061371 0.0175969
vn 0.9716408 0.2364208 0.0043995
v -0.0082589 -0.0020017 0.0131366
vn 0.5807813 -0.8140588 0.0011720
v -0.0049196 0.0069304 0.0196330
vn 0.1311128 -0.9913467 0.0064214
v -0.0011259 0.0084247 0.0125238
vn -0.3358027 -0.9419316 -0.0011995
v 0.0028639 0.0080021 0.0141813
vn -0.5093673 -0.8605493 -0.0000271
v 0.0043305 0.0073124 0.0174211
vn -0.6557466 -0.7549809 0.0006095
v 0.0055544 0.0064319 0.0174960
vn -0.8263170 -0.5631989 0.0026933
v 0.0070272 0.0047790 0.0190810
vn -0.9636539 -0.2671452 0.0022032
v 0.0081949 0.0022530 0.0127817
vn 0.2653438 -0.9641475 -0.0035169
v -0.0022699 0.0081900 0.0103607
vn 0.6566557 -0.7541898 0.0010388
v -0.0055739 0.0064147 0.0058679
vn 0.9974046 -0.0719968 -0.0007188
v -0.0084787 0.0005717 0.0103569
vn 0.9993361 -0.0363856 0.0018468
v -0.0084943 0.0002635 0.0141453
vn 0.9950037 0.0998172 0.0020640
v -0.0084611 -0.0008007 0.0058289
vn 0.7519750 0.6591910 -0.0009259
v -0.0063967 -0.0055944 0.0060047
vn -0.9993342 0.0364701 -0.0010819
v 0.0084937 -0.0002903 0.0129881
vn 1.0000000 0.0000000 0.0000000
v 0.0125000 -0.0082120 0.0151886
vn 1.0000000 0.0000000 0.0000000
v 0.0125000 -0.0079580 0.0025865
vn 1.0000000 0.0000000 0.0000000
v 0.0125000 0.0044490 0.0026387
vn 1.0000000 0.0000000 0.0000000
v 0.0125000 0.0081849 0.0098301
vn 1.0000000 0.0000000 0.0000000
v 0.0125000 0.0080498 0.0223232
vn 1.0000000 0.0000000 0.0000000
v 0.0125000 -0.0044692 0.0223178
vn 0.0000000 1.0000000 0.0000000
v 0.0082106 0.0125000 0.0151921
vn 0.0000000 1.0000000 0.0000000
v 0.0079590 0.0125000 0.0025852
vn 0.0000000 1.0000000 0.0000000
v -0.0044446 0.0125000 0.0026342
vn 0.0000000 1.0000000 0.0000000
v -0.0081849 0.0125000 0.0098301
vn 0.0000000 1.0000000 0.0000000
v -0.0083190 0.0125000 0.0223152
vn 0.0000000 1.0000000 0.0000000
v 0.0044537 0.0125000 0.0222909
vn -1.0000000 0.0000000 0.0000000
v -0.0125000 0.0082136 0.0152020
vn -1.0000000 0.0000000 0.0000000
v -0.0125000 0.0079590 0.0025852
vn -1.0000000 0.0000000 0.0000000
v -0.0125000 -0.0044490 0.0026387
vn -1.0000000 0.0000000 0.0000000
v -0.0125000 -0.0081849 0.0098301
vn -1.0000000 0.0000000 0.0000000
v -0.0125000 -0.0083179 0.0223137
vn -1.0000000 0.0000000 0.0000000
v -0.0125000 0.0044625 0.0223901
vn 0.0000000 -1.0000000 0.0000000
v -0.0082120 -0.0125000 0.0151890
vn 0.0000000 -1.0000000 0.0000000
v -0.0079590 -0.0125000 0.0025852
vn 0.0000000 -1.0000000 0.0000000
v 0.0044476 -0.0125000 0.0026372
vn 0.0000000 -1.0000000 0.0000000
v 0.0081853 -0.0125000 0.0098296
vn 0.0000000 -1.0000000 0.0000000
v 0.0082041 -0.0125000 0.0222819
vn 0.0000000 -1.0000000 0.0000000
v -0.0044797 -0.0125000 0.0223064
vn 0.0000000 0.0000000 1.0000000
v -0.0146918 0.0185642 0.0000000
vn 0.0000000 0.0000000 1.0000000
v -0.0137996 0.0173239 0.0000000
vn 0.0000000 0.0000000 1.0000000
v -0.0107507 0.0141948 0.0000000
vn 0.0000000 0.0000000 1.0000000
v -0.0179154 -0.0149619 0.0000000
vn 0.0000000 0.0000000 1.0000000
v -0.0165125 -0.0151489 0.0000000
vn 0.0000000 0.0000000 1.0000000
v -0.0171028 -0.0138404 0.0000000
vn 0.0000000 0.0000000 1.0000000
v -0.0141535 -0.0104707 0.0000000
vn 0.0000000 0.0000000 1.0000000
v -0.0163136 0.0122314 0.0000000
vn 0.0000000 0.0000000 1.0000000
v 0.0154245 -0.0180186 0.0000000
vn 0.0000000 0.0000000 1.0000000
v 0.0156898 -0.0167398 0.0000000
vn 0.0000000 0.0000000 1.0000000
v 0.0141107 -0.0172281 0.0000000
vn 0.0000000 0.0000000 1.0000000
v 0.0105167 -0.0141774 0.0000000
vn 0.0000000 0.0000000 1.0000000
v -0.0123623 -0.0163303 0.0000000
vn 0.0000000 0.0000000 1.0000000
v 0.0172047 0.0143435 0.0000000
vn 0.0000000 0.0000000 1.0000000
v 0.0140436 0.0102689 0.0000000
vn 0.0000000 0.0000000 1.0000000
v 0.0164080 -0.0123806 0.0000000
vn 0.0000000 0.0000000 1.0000000
v 0.0120545 0.0162766 0.0000000
vn -0.7071068 0.0000000 0.7071068
v -0.0200000 0.0181250 0.0000000
vn 0.0000000 0.0000000 -1.0000000
v -0.0121883 0.0026338 -0.0030000
vn 0.0000000 0.0000000 -1.0000000
v -0.0145744 -0.0004700 -0.0030000
vn 0.0000000 0.0000000 -1.0000000
v 0.0074943 0.0153205 -0.0030000
vn 0.0000000 0.0000000 -1.0000000
v 0.0074998 0.0128854 -0.0030000
vn 0.0000000 0.0000000 -1.0000000
v 0.0049907 0.0131021 -0.0030000
vn 0.0000000 0.0000000 -1.0000000
v 0.0125000 0.0052226 -0.0030000
vn 0.0000000 0.0000000 -1.0000000
v 0.0124999 0.0077243 -0.0030000
vn 0.0000000 0.0000000 -1.0000000
v 0.0150000 0.0076459 -0.0030000
vn 0.0000000 0.0000000 -1.0000000
v 0.0125000 -0.0149951 -0.0030000
vn 0.0000000 0.0000000 -1.0000000
v 0.0125000 -0.0124897 -0.0030000
vn 0.0000000 0.0000000 -1.0000000
v 0.0150000 -0.0124951 -0.0030000
vn 0.0000000 0.0000000 -1.0000000
v -0.0075001 -0.0146945 -0.0030000
vn 0.0000000 0.0000000 -1.0000000
v -0.0075041 -0.0119465 -0.0030000
vn 0.0000000 0.0000000 -1.0000000
v -0.0050001 -0.0121161 -0.0030000
vn 0.7071068 0.0000000 0.7071068
v 0.0200000 0.0025000 0.0000000
vn 0.7071067 0.0000000 0.7071068
v 0.0200000 -0.0175000 0.0000000
vn 0.7071068 0.0000000 -0.7071068
v 0.0200000 0.0181250 -0.0030000
vn 0.0000000 0.7071068 0.7071068
v -0.0018750 0.0200000 0.0000000
vn 0.0000000 0.7071068 0.7071068
v 0.0175000 0.0200000 0.0000000
vn 0.0000000 0.7071068 -0.7071068
v 0.0031250 0.0200000 -0.0030000
vn 0.0000000 0.7071068 -0.7071068
v -0.0175000 0.0200000 -0.0030000
vn -0.9877337 -0.1561483 0.0000369
v 0.0083996 0.0012890 0.0101638
vn -0.8915255 -0.4529703 0.0004932
v 0.0075741 0.0038549 0.0104664
vn -0.9323207 -0.3612306 0.0170482
v 0.0079004 0.0031308 0.0014167
vn -0.4049766 -0.9143271 0.0000764
v 0.0034398 0.0077707 0.0044628
vn 0.8168723 -0.5768182 0.0006857
v -0.0069533 0.0048884 0.0102443
vn 0.0455972 0.9989572 -0.0023358
v -0.0004509 -0.0084867 0.0100360
vn -0.4274054 0.9040577 0.0021152
v 0.0036265 -0.0076868 0.0122286
vn -0.5553842 0.8315912 0.0021243
v 0.0046863 -0.0070892 0.0115159
vn -0.9010103 0.4337962 0.0011241
v 0.0076542 -0.0036925 0.0080143
vn -0.9874616 0.1578239 0.0033416
v 0.0083936 -0.0013286 0.0101135
vn 1.0000000 0.0000000 0.0000000
v 0.0125000 -0.0081636 0.0089451
vn 1.0000000 0.0000000 0.0000000
v 0.0125000 -0.0017323 0.0026157
vn 1.0000000 0.0000000 0.0000000
v 0.0125000 -0.0020340 0.0090110
vn 1.0000000 0.0000000 0.0000000
v 0.0125000 0.0081654 0.0160646
vn 1.0000000 0.0000000 0.0000000
v 0.0125000 0.0019742 0.0160575
vn 0.0000000 1.0000000 0.0000000
v 0.0081636 0.0125000 0.0089451
vn 0.0000000 1.0000000 0.0000000
v 0.0017343 0.0125000 0.0026158
vn 0.0000000 1.0000000 0.0000000
v 0.0020340 0.0125000 0.0090110
vn 0.0000000 1.0000000 0.0000000
v -0.0081647 0.0125000 0.0160654
vn 0.0000000 1.0000000 0.0000000
v -0.0019718 0.0125000 0.0160568
vn -1.0000000 0.0000000 0.0000000
v -0.0125000 0.0081636 0.0089451
vn -1.0000000 0.0000000 0.0000000
v -0.0125000 0.0017323 0.0026157
vn -1.0000000 0.0000000 0.0000000
v -0.0125000 0.0020340 0.0090110
vn -1.0000000 0.0000000 0.0000000
v -0.0125000 -0.0081646 0.0160654
vn -1.0000000 0.0000000 0.0000000
v -0.0125000 -0.0019718 0.0160568
vn 0.0000000 -1.0000000 0.0000000
v -0.0081636 -0.0125000 0.0089451
vn 0.0000000 -1.0000000 0.0000000
v -0.0017323 -0.0125000 0.0026157
vn 0.0000000 -1.0000000 0.0000000
v -0.0020340 -0.0125000 0.0090110
vn 0.0000000 -1.0000000 0.0000000
v 0.0081620 -0.0125000 0.0160571
vn 0.0000000 -1.0000000 0.0000000
v 0.0019784 -0.0125000 0.0160463
vn 0.0000000 0.0000000 1.0000000
v -0.0081822 0.0170136 0.0000000
vn 0.0000000 0.0000000 1.0000000
v 0.0009238 0.0158122 0.0000000
vn 0.0000000 0.0000000 1.0000000
v 0.0006180 0.0173654 0.0000000
vn 0.0000000 0.0000000 1.0000000
v -0.0164642 -0.0082160 0.0000000
vn 0.0000000 0.0000000 1.0000000
v -0.0163619 0.0010983 0.0000000
vn 0.0000000 0.0000000 1.0000000
v -0.0138263 0.0024389 0.0000000
vn 0.0000000 0.0000000 1.0000000
v -0.0146839 0.0039384 0.0000000
vn 0.0000000 0.0000000 1.0000000
v 0.0081613 -0.0165292 0.0000000
vn 0.0000000 0.0000000 1.0000000
v -0.0012234 -0.0164361 0.0000000
vn 0.0000000 0.0000000 1.0000000
v -0.0002463 -0.0173532 0.0000000
vn 0.0000000 0.0000000 1.0000000
v -0.0024480 -0.0138392 0.0000000
vn 0.0000000 0.0000000 1.0000000
v -0.0039441 -0.0146908 0.0000000
vn 0.0000000 0.0000000 1.0000000
v 0.0168001 0.0081524 0.0000000
vn 0.0000000 0.0000000 1.0000000
v 0.0160352 -0.0014079 0.0000000
vn 0.0000000 0.0000000 1.0000000
v 0.0172471 -0.0003652 0.0000000
vn 0.0000000 0.0000000 1.0000000
v 0.0135590 -0.0085604 0.0000000
vn 0.0000000 0.0000000 1.0000000
v 0.0150890 -0.0040594 0.0000000
vn 0.0000000 0.0000000 1.0000000
v 0.0086675 0.0136803 0.0000000
vn 0.0000000 0.0000000 1.0000000
v 0.0039874 0.0147504 0.0000000
vn 0.0000000 0.0000000 -1.0000000
v -0.0125041 0.0173966 -0.0030000
vn 0.0000000 0.0000000 -1.0000000
v -0.0125570 0.0146739 -0.0030000
vn 0.0000000 0.0000000 -1.0000000
v -0.0150543 0.0172677 -0.0030000
vn 0.0000000 0.0000000 -1.0000000
v -0.0022724 0.0151810 -0.0030000
vn 0.0000000 0.0000000 -1.0000000
v -0.0025040 0.0082981 -0.0030000
vn 0.0000000 0.0000000 -1.0000000
v -0.0025518 0.0056049 -0.0030000
vn 0.0000000 0.0000000 -1.0000000
v -0.0050571 0.0076496 -0.0030000
vn 0.0000000 0.0000000 -1.0000000
v 0.0125000 -0.0049123 -0.0030000
vn 0.0000000 0.0000000 -1.0000000
v 0.0125000 -0.0023570 -0.0030000
vn 0.0000000 0.0000000 -1.0000000
v 0.0150000 -0.0024231 -0.0030000
vn 0.0000000 0.0000000 -1.0000000
v 0.0025000 -0.0149227 -0.0030000
vn 0.0000000 0.0000000 -1.0000000
v 0.0025000 -0.0123548 -0.0030000
vn 0.0000000 0.0000000 -1.0000000
v 0.0050000 -0.0124120 -0.0030000
vn 0.0000000 0.0000000 -1.0000000
v 0.0024999 -0.0045554 -0.0030000
vn 0.0000000 0.0000000 -1.0000000
v 0.0024982 -0.0019091 -0.0030000
vn 0.0000000 0.0000000 -1.0000000
v 0.0050000 -0.0020708 -0.0030000
vn 1.0000000 0.0000000 0.0000000
v 0.0200000 0.0070615 -0.0015033
vn 0.7071068 0.0000000 -0.7071068
v 0.0200000 -0.0025000 -0.0030000
vn -0.9999975 -0.0022328 -0.0002686
v 0.0084988 0.0000536 0.0224147
vn -0.9934840 0.1139427 0.0025729
v 0.0084433 -0.0009630 0.0197352
vn -0.9971492 0.0754350 -0.0017680
v 0.0084750 -0.0006291 0.0236501
vn -0.9665771 0.2563729 0.0012778
v 0.0082198 -0.0021616 0.0235234
vn -0.9030928 0.4294326 -0.0033396
v 0.0076583 -0.0036842 0.0234753
vn -0.8060933 0.5917749 -0.0040262
v 0.0068599 -0.0050158 0.0102051
vn -0.7577659 0.6525208 0.0027303
v 0.0064339 -0.0055521 0.0207053
vn -0.6165826 0.7872901 0.0005427
v 0.0052115 -0.0067138 0.0204600
vn -0.6088735 0.7932665 0.0011737
v 0.0051920 -0.0067295 0.0234890
vn -0.4699686 0.8826811 -0.0019061
v 0.0040142 -0.0074906 0.0234779
vn -0.3036337 0.9527885 0.0008133
v 0.0025950 -0.0080933 0.0235218
vn -0.1491242 0.9888183 0.0005666
v 0.0012922 -0.0083992 0.0123132
vn -0.1491419 0.9888156 0.0007213
v 0.0012635 -0.0084036 0.0203816
vn -0.0263587 0.9996504 0.0020766
v 0.0002285 -0.0084950 0.0226145
vn 0.0655460 0.9978462 -0.0025827
v -0.0005525 -0.0084800 0.0236606
vn 0.2504582 0.9681274 -0.0003685
v -0.0021217 -0.0082295 0.0235127
vn 0.5989043 0.8008016 -0.0055203
v -0.0050458 -0.0068379 0.0102407
vn 0.5969802 0.8022549 -0.0013540
v -0.0050416 -0.0068409 0.0204950
vn 0.7413275 0.6711376 -0.0028277
v -0.0063042 -0.0057000 0.0235536
vn 0.7460579 0.6658811 -0.0001156
v -0.0063513 -0.0056463 0.0205333
vn 0.7999417 0.6000773 -0.0008184
v -0.0068039 -0.0050921 0.0222449
vn 0.8568355 0.5155863 0.0019331
v -0.0072855 -0.0043747 0.0236590
vn 0.9400856 0.3409381 -0.0005985
v -0.0079883 -0.0029046 0.0236786
vn 0.9710158 0.2390058 0.0021465
v -0.0082518 -0.0020308 0.0047359
vn 0.9892512 0.1462228 0.0010145
v -0.0084047 -0.0012563 0.0237058
vn 0.9999904 0.0040632 0.0016312
v -0.0084983 -0.0000769 0.0185299
vn 0.9038486 -0.4278401 0.0032636
v -0.0076853 0.0036293 0.0235352
vn 0.8128878 -0.5824203 0.0000246
v -0.0069121 0.0049445 0.0234766
vn 0.6816192 -0.7317024 0.0026183
v -0.0057779 0.0062330 0.0206815
vn 0.5614717 -0.8274959 0.0002087
v -0.0047835 0.0070242 0.0228814
vn 0.4611288 -0.8873310 -0.0019883
v -0.0039154 0.0075443 0.0236893
vn 0.2612876 -0.9652566 0.0029009
v -0.0022189 0.0082049 0.0134119
vn 0.0428936 -0.9990778 -0.0019281
v -0.0003470 0.0084924 0.0185012
vn -0.1831363 -0.9830862 -0.0016293
v 0.0015457 0.0083570 0.0235148
vn -0.3574263 -0.9339394 -0.0019292
v 0.0030317 0.0079390 0.0234945
vn -0.5794339 -0.8150145 0.0027739
v 0.0049208 0.0069295 0.0103227
vn -0.6527380 -0.7575837 -0.0003338
v 0.0055439 0.0064411 0.0204352
vn -0.6829558 -0.7304511 -0.0035663
v 0.0058060 0.0062060 0.0045420
vn -0.7734338 -0.6338739 -0.0020542
v 0.0065954 0.0053590 0.0203949
vn -0.7876623 -0.6161063 0.0010742
v 0.0066892 0.0052421 0.0234365
vn -0.8871698 -0.4614411 -0.0014066
v 0.0075358 0.0039317 0.0234726
vn -0.5509188 -0.8345587 0.0006174
v 0.0046758 0.0070962 0.0044559
vn 0.6018650 -0.7985934 -0.0026907
v -0.0051261 0.0067790 0.0069705
vn 0.5334827 -0.8458104 0.0010019
v -0.0045502 0.0071790 0.0058354
vn 0.7724031 -0.6346866 0.0238020
v -0.0066046 0.0053476 0.0015338
vn 0.9684935 0.2490370 0.0010337
v -0.0082275 -0.0021299 0.0015005
vn 0.5384026 0.8426878 0.0003594
v -0.0045750 -0.0071635 0.0044510
vn 0.3724507 0.9280061 0.0092329
v -0.0031629 -0.0078879 0.0014776
vn 0.0173093 0.9998479 -0.0021328
v -0.0001430 -0.0084969 0.0014921
vn -0.9365950 0.3504041 -0.0026086
v 0.0079567 -0.0029862 0.0013709
vn -0.9836544 0.1800559 0.0019904
v 0.0083560 -0.0015506 0.0014973
vn -0.9999903 -0.0035739 0.0025882
v 0.0084996 0.0000179 0.0015241
vn 0.0000000 0.0000000 1.0000000
v 0.0071167 -0.0066885 0.0250000
vn 1.0000000 0.0000000 0.0000000
v 0.0125000 -0.0111045 0.0196032
vn 1.0000000 0.0000000 0.0000000
v 0.0125000 -0.0111045 0.0134456
vn 1.0000000 0.0000000 0.0000000
v 0.0125000 -0.0111077 0.0150055
vn 1.0000000 0.0000000 0.0000000
v 0.0125000 -0.0052051 0.0136971
vn 1.0000000 0.0000000 0.0000000
v 0.0125000 -0.0052864 0.0152566
vn 1.0000000 0.0000000 0.0000000
v 0.0125000 -0.0110989 0.0071957
vn 1.0000000 0.0000000 0.0000000
v 0.0125000 -0.0111019 0.0087587
vn 1.0000000 0.0000000 0.0000000
v 0.0125000 -0.0114049 0.0010278
vn 1.0000000 0.0000000 0.0000000
v 0.0125000 -0.0109484 0.0023748
vn 1.0000000 0.0000000 0.0000000
v 0.0125000 -0.0055319 0.0012214
vn 1.0000000 0.0000000 0.0000000
v 0.0125000 -0.0048564 0.0026137
vn 1.0000000 0.0000000 0.0000000
v 0.0125000 0.0010218 0.0074650
vn 1.0000000 0.0000000 0.0000000
v 0.0125000 0.0009029 0.0090524
vn 1.0000000 0.0000000 0.0000000
v 0.0125000 0.0007193 0.0012236
vn 1.0000000 0.0000000 0.0000000
v 0.0125000 0.0013870 0.0026190
vn 1.0000000 0.0000000 0.0000000
v 0.0125000 0.0070686 0.0014287
vn 1.0000000 0.0000000 0.0000000
v 0.0125000 0.0071018 0.0029079
vn 1.0000000 0.0000000 0.0000000
v 0.0125000 0.0111158 0.0053516
vn 1.0000000 0.0000000 0.0000000
v 0.0125000 0.0112480 0.0022969
vn 1.0000000 0.0000000 0.0000000
v 0.0125000 0.0111032 0.0115561
vn 1.0000000 0.0000000 0.0000000
v 0.0125000 0.0111042 0.0099966
vn 1.0000000 0.0000000 0.0000000
v 0.0125000 0.0051274 0.0113815
vn 1.0000000 0.0000000 0.0000000
v 0.0125000 0.0051808 0.0098350
vn 1.0000000 0.0000000 0.0000000
v 0.0125000 0.0111016 0.0178057
vn 1.0000000 0.0000000 0.0000000
v 0.0125000 0.0111025 0.0162422
vn 1.0000000 0.0000000 0.0000000
v 0.0125000 0.0114069 0.0239727
vn 1.0000000 0.0000000 0.0000000
v 0.0125000 0.0109573 0.0226223
vn 1.0000000 0.0000000 0.0000000
v 0.0125000 0.0039663 0.0235366
vn 1.0000000 0.0000000 0.0000000
v 0.0125000 0.0048938 0.0222619
vn 1.0000000 0.0000000 0.0000000
v 0.0125000 -0.0011092 0.0176232
vn 1.0000000 0.0000000 0.0000000
v 0.0125000 -0.0010449 0.0160786
vn 1.0000000 0.0000000 0.0000000
v 0.0125000 -0.0014327 0.0225002
vn 1.0000000 0.0000000 0.0000000
v 0.0125000 -0.0070370 0.0237534
vn 1.0000000 0.0000000 0.0000000
v 0.0125000 -0.0080165 0.0224682
vn 0.0000000 1.0000000 0.0000000
v 0.0110751 0.0125000 0.0196972
vn 0.0000000 1.0000000 0.0000000
v 0.0115009 0.0125000 0.0226958
vn 0.0000000 1.0000000 0.0000000
v 0.0111044 0.0125000 0.0134461
vn 0.0000000 1.0000000 0.0000000
v 0.0111075 0.0125000 0.0150075
vn 0.0000000 1.0000000 0.0000000
v 0.0052048 0.0125000 0.0136974
vn 0.0000000 1.0000000 0.0000000
v 0.0052850 0.0125000 0.0152575
vn 0.0000000 1.0000000 0.0000000
v 0.0110991 0.0125000 0.0071956
vn 0.0000000 1.0000000 0.0000000
v 0.0111020 0.0125000 0.0087587
vn 0.0000000 1.0000000 0.0000000
v 0.0114055 0.0125000 0.0010258
vn 0.0000000 1.0000000 0.0000000
v 0.0109497 0.0125000 0.0023725
vn 0.0000000 1.0000000 0.0000000
v 0.0055321 0.0125000 0.0012212
vn 0.0000000 1.0000000 0.0000000
v 0.0048568 0.0125000 0.0026136
vn 0.0000000 1.0000000 0.0000000
v -0.0010216 0.0125000 0.0074649
vn 0.0000000 1.0000000 0.0000000
v -0.0009029 0.0125000 0.0090524
vn 0.0000000 1.0000000 0.0000000
v -0.0007158 0.0125000 0.0012230
vn 0.0000000 1.0000000 0.0000000
v -0.0013828 0.0125000 0.0026175
vn 0.0000000 1.0000000 0.0000000
v -0.0070414 0.0125000 0.0013825
vn 0.0000000 1.0000000 0.0000000
v -0.0071246 0.0125000 0.0028662
vn 0.0000000 1.0000000 0.0000000
v -0.0111200 0.0125000 0.0053553
vn 0.0000000 1.0000000 0.0000000
v -0.0111844 0.0125000 0.0023429
vn 0.0000000 1.0000000 0.0000000
v -0.0111032 0.0125000 0.0115561
vn 0.0000000 1.0000000 0.0000000
v -0.0111042 0.0125000 0.0099966
vn 0.0000000 1.0000000 0.0000000
v -0.0051274 0.0125000 0.0113815
vn 0.0000000 1.0000000 0.0000000
v -0.0051808 0.0125000 0.0098350
vn 0.0000000 1.0000000 0.0000000
v -0.0111023 0.0125000 0.0178063
vn 0.0000000 1.0000000 0.0000000
v -0.0111026 0.0125000 0.0162423
vn 0.0000000 1.0000000 0.0000000
v -0.0114082 0.0125000 0.0239703
vn 0.0000000 1.0000000 0.0000000
v -0.0109713 0.0125000 0.0226182
vn 0.0000000 1.0000000 0.0000000
v -0.0051767 0.0125000 0.0235781
vn 0.0000000 1.0000000 0.0000000
v 0.0011108 0.0125000 0.0176223
vn 0.0000000 1.0000000 0.0000000
v 0.0010454 0.0125000 0.0160784
vn 0.0000000 1.0000000 0.0000000
v 0.0014316 0.0125000 0.0224979
vn 0.0000000 1.0000000 0.0000000
v 0.0070385 0.0125000 0.0236567
vn 0.0000000 1.0000000 0.0000000
v 0.0077653 0.0125000 0.0222491
vn -1.0000000 0.0000000 0.0000000
v -0.0125000 0.0111708 0.0196994
vn -1.0000000 0.0000000 0.0000000
v -0.0125000 0.0113127 0.0227423
vn -1.0000000 0.0000000 0.0000000
v -0.0125000 0.0111047 0.0134466
vn -1.0000000 0.0000000 0.0000000
v -0.0125000 0.0111089 0.0150098
vn -1.0000000 0.0000000 0.0000000
v -0.0125000 0.0052052 0.0136993
vn -1.0000000 0.0000000 0.0000000
v -0.0125000 0.0052862 0.0152659
vn -1.0000000 0.0000000 0.0000000
v -0.0125000 0.0110991 0.0071956
vn -1.0000000 0.0000000 0.0000000
v -0.0125000 0.0111020 0.0087587
vn -1.0000000 0.0000000 0.0000000
v -0.0125000 0.0114055 0.0010258
vn -1.0000000 0.0000000 0.0000000
v -0.0125000 0.0109497 0.0023725
vn -1.0000000 0.0000000 0.0000000
v -0.0125000 0.0055321 0.0012212
vn -1.0000000 0.0000000 0.0000000
v -0.0125000 0.0048565 0.0026136
vn -1.0000000 0.0000000 0.0000000
v -0.0125000 -0.0010218 0.0074650
vn -1.0000000 0.0000000 0.0000000
v -0.0125000 -0.0009029 0.0090524
vn -1.0000000 0.0000000 0.0000000
v -0.0125000 -0.0007193 0.0012236
vn -1.0000000 0.0000000 0.0000000
v -0.0125000 -0.0013870 0.0026190
vn -1.0000000 0.0000000 0.0000000
v -0.0125000 -0.0070686 0.0014287
vn -1.0000000 0.0000000 0.0000000
v -0.0125000 -0.0071018 0.0029079
vn -1.0000000 0.0000000 0.0000000
v -0.0125000 -0.0111158 0.0053516
vn -1.0000000 0.0000000 0.0000000
v -0.0125000 -0.0112480 0.0022969
vn -1.0000000 0.0000000 0.0000000
v -0.0125000 -0.0111032 0.0115561
vn -1.0000000 0.0000000 0.0000000
v -0.0125000 -0.0111042 0.0099966
vn -1.0000000 0.0000000 0.0000000
v -0.0125000 -0.0051274 0.0113815
vn -1.0000000 0.0000000 0.0000000
v -0.0125000 -0.0051808 0.0098350
vn -1.0000000 0.0000000 0.0000000
v -0.0125000 -0.0111022 0.0178061
vn -1.0000000 0.0000000 0.0000000
v -0.0125000 -0.0111026 0.0162423
vn -1.0000000 0.0000000 0.0000000
v -0.0125000 -0.0114077 0.0239683
vn -1.0000000 0.0000000 0.0000000
v -0.0125000 -0.0109699 0.0226158
vn -1.0000000 0.0000000 0.0000000
v -0.0125000 -0.0051766 0.0235780
vn -1.0000000 0.0000000 0.0000000
v -0.0125000 0.0011106 0.0176242
vn -1.0000000 0.0000000 0.0000000
v -0.0125000 0.0010453 0.0160793
vn -1.0000000 0.0000000 0.0000000
v -0.0125000 0.0014329 0.0225034
vn -1.0000000 0.0000000 0.0000000
v -0.0125000 0.0068850 0.0236941
vn -1.0000000 0.0000000 0.0000000
v -0.0125000 0.0071909 0.0222728
vn 0.0000000 -1.0000000 0.0000000
v -0.0111062 -0.0125000 0.0196051
vn 0.0000000 -1.0000000 0.0000000
v -0.0111045 -0.0125000 0.0134456
vn 0.0000000 -1.0000000 0.0000000
v -0.0111077 -0.0125000 0.0150055
vn 0.0000000 -1.0000000 0.0000000
v -0.0052051 -0.0125000 0.0136971
vn 0.0000000 -1.0000000 0.0000000
v -0.0052864 -0.0125000 0.0152569
vn 0.0000000 -1.0000000 0.0000000
v -0.0110991 -0.0125000 0.0071956
vn 0.0000000 -1.0000000 0.0000000
v -0.0111020 -0.0125000 0.0087587
vn 0.0000000 -1.0000000 0.0000000
v -0.0114055 -0.0125000 0.0010258
vn 0.0000000 -1.0000000 0.0000000
v -0.0109497 -0.0125000 0.0023725
vn 0.0000000 -1.0000000 0.0000000
v -0.0055321 -0.0125000 0.0012212
vn 0.0000000 -1.0000000 0.0000000
v -0.0048565 -0.0125000 0.0026136
vn 0.0000000 -1.0000000 0.0000000
v 0.0010218 -0.0125000 0.0074650
vn 0.0000000 -1.0000000 0.0000000
v 0.0009030 -0.0125000 0.0090524
vn 0.0000000 -1.0000000 0.0000000
v 0.0007193 -0.0125000 0.0012236
vn 0.0000000 -1.0000000 0.0000000
v 0.0013870 -0.0125000 0.0026190
vn 0.0000000 -1.0000000 0.0000000
v 0.0070550 -0.0125000 0.0014197
vn 0.0000000 -1.0000000 0.0000000
v 0.0071017 -0.0125000 0.0028941
vn 0.0000000 -1.0000000 0.0000000
v 0.0111170 -0.0125000 0.0053537
vn 0.0000000 -1.0000000 0.0000000
v 0.0112381 -0.0125000 0.0023084
vn 0.0000000 -1.0000000 0.0000000
v 0.0111033 -0.0125000 0.0115560
vn 0.0000000 -1.0000000 0.0000000
v 0.0111045 -0.0125000 0.0099963
vn 0.0000000 -1.0000000 0.0000000
v 0.0051274 -0.0125000 0.0113813
vn 0.0000000 -1.0000000 0.0000000
v 0.0051808 -0.0125000 0.0098349
vn 0.0000000 -1.0000000 0.0000000
v 0.0110974 -0.0125000 0.0178027
vn 0.0000000 -1.0000000 0.0000000
v 0.0111016 -0.0125000 0.0162412
vn 0.0000000 -1.0000000 0.0000000
v 0.0107008 -0.0125000 0.0223698
vn 0.0000000 -1.0000000 0.0000000
v 0.0053404 -0.0125000 0.0226586
vn 0.0000000 -1.0000000 0.0000000
v -0.0011051 -0.0125000 0.0176166
vn 0.0000000 -1.0000000 0.0000000
v -0.0010435 -0.0125000 0.0160764
vn 0.0000000 -1.0000000 0.0000000
v -0.0010243 -0.0125000 0.0238861
vn 0.0000000 -1.0000000 0.0000000
v -0.0014200 -0.0125000 0.0224803
vn 0.0000000 -1.0000000 0.0000000
v -0.0070512 -0.0125000 0.0237517
vn 0.0000000 -1.0000000 0.0000000
v -0.0080579 -0.0125000 0.0224709
vn 0.0000000 0.0000000 1.0000000
v 0.0049323 0.0173320 0.0000000
vn 0.0000000 0.0000000 1.0000000
v -0.0173142 0.0178048 0.0000000
vn 0.0000000 0.0000000 1.0000000
v -0.0002769 0.0149666 0.0000000
vn 0.0000000 0.0000000 1.0000000
v -0.0055029 0.0137320 0.0000000
vn 0.0000000 0.0000000 1.0000000
v -0.0189918 0.0124649 0.0000000
vn 0.0000000 0.0000000 1.0000000
v -0.0184467 -0.0177771 0.0000000
vn 0.0000000 0.0000000 1.0000000
v -0.0138379 -0.0002789 0.0000000
vn -0.7071068 0.0000000 0.7071068
v -0.0125000 -0.0078125 0.0000000
vn 0.0000000 0.0000000 1.0000000
v -0.0137475 -0.0071348 0.0000000
vn 0.0000000 0.0000000 1.0000000
v -0.0135037 0.0133347 0.0000000
vn 0.0000000 0.0000000 1.0000000
v -0.0157553 0.0081242 0.0000000
vn 0.0000000 0.0000000 1.0000000
v -0.0158973 0.0153539 0.0000000
vn 0.0000000 0.0000000 1.0000000
v -0.0173198 0.0162860 0.0000000
vn 0.0000000 0.0000000 1.0000000
v -0.0128602 -0.0188840 0.0000000
vn 0.0000000 0.0000000 1.0000000
v 0.0002709 -0.0139020 0.0000000
vn 0.0000000 -0.7071068 0.7071068
v 0.0078125 -0.0125000 0.0000000
vn 0.0000000 0.0000000 1.0000000
v 0.0071439 -0.0137651 0.0000000
vn 0.0000000 0.0000000 1.0000000
v -0.0133436 -0.0134699 0.0000000
vn 0.0000000 0.0000000 1.0000000
v -0.0081075 -0.0157774 0.0000000
vn 0.0000000 0.0000000 1.0000000
v -0.0152650 -0.0152429 0.0000000
vn 0.0000000 0.0000000 1.0000000
v -0.0166364 -0.0176369 0.0000000
vn 0.0000000 0.0000000 1.0000000
v 0.0188993 -0.0128393 0.0000000
vn 0.0000000 0.0000000 1.0000000
v 0.0138134 0.0003311 0.0000000
vn 0.7071068 0.0000000 0.7071068
v 0.0125000 0.0078125 0.0000000
vn 0.0000000 0.0000000 1.0000000
v 0.0135256 -0.0133840 0.0000000
vn 0.0000000 0.0000000 1.0000000
v 0.0159312 -0.0153559 0.0000000
vn 0.0000000 0.0000000 1.0000000
v 0.0172672 -0.0162272 0.0000000
vn 0.0000000 0.7071068 0.7071068
v -0.0078125 0.0125000 0.0000000
vn 0.0000000 0.0000000 1.0000000
v 0.0134322 0.0135677 0.0000000
vn 0.0000000 0.0000000 1.0000000
v 0.0151765 0.0160626 0.0000000
vn 0.0000000 0.0000000 1.0000000
v 0.0154550 0.0186956 0.0000000
vn -1.0000000 0.0000000 0.0000000
v -0.0200000 -0.0130677 -0.0012767
vn -0.7071068 0.0000000 0.7071068
v -0.0200000 -0.0175000 0.0000000
vn -0.7071068 0.0000000 0.7071068
v -0.0200000 0.0075000 0.0000000
vn -1.0000000 0.0000000 0.0000000
v -0.0200000 0.0040075 -0.0019174
vn -1.0000000 0.0000000 0.0000000
v -0.0200000 0.0079511 -0.0014074
vn 0.0000000 0.0000000 -1.0000000
v -0.0177263 -0.0077668 -0.0030000
vn 0.0000000 0.0000000 -1.0000000
v -0.0145195 0.0100708 -0.0030000
vn 0.0000000 0.0000000 -1.0000000
v -0.0172567 0.0077122 -0.0030000
vn 0.0000000 0.0000000 -1.0000000
v -0.0082860 0.0023131 -0.0030000
vn 0.0000000 0.0000000 -1.0000000
v -0.0049730 0.0000785 -0.0030000
vn 0.0000000 0.0000000 -1.0000000
v -0.0076005 -0.0013220 -0.0030000
vn 0.0000000 0.0000000 -1.0000000
v 0.0024999 0.0084882 -0.0030000
vn 0.0000000 0.0000000 -1.0000000
v 0.0050000 0.0081359 -0.0030000
vn 0.0000000 0.0000000 -1.0000000
v 0.0024991 0.0059541 -0.0030000
vn 0.0000000 0.0000000 -1.0000000
v 0.0023467 0.0185685 -0.0030000
vn 0.0000000 0.0000000 -1.0000000
v 0.0058384 0.0184128 -0.0030000
vn 0.0000000 0.0000000 -1.0000000
v 0.0124993 0.0175798 -0.0030000
vn 0.0000000 0.0000000 -1.0000000
v 0.0149988 0.0174389 -0.0030000
vn 0.0000000 0.0000000 -1.0000000
v 0.0124928 0.0151074 -0.0030000
vn 0.0000000 0.0000000 -1.0000000
v 0.0174802 0.0125885 -0.0030000
vn 0.0000000 0.0000000 -1.0000000
v 0.0148910 0.0128540 -0.0030000
vn 0.0000000 0.0000000 -1.0000000
v 0.0173895 0.0152397 -0.0030000
vn 0.0000000 0.0000000 -1.0000000
v 0.0175000 0.0025657 -0.0030000
vn 0.0000000 0.0000000 -1.0000000
v 0.0150000 0.0026371 -0.0030000
vn 0.0000000 0.0000000 -1.0000000
v 0.0175000 0.0050708 -0.0030000
vn 0.0000000 0.0000000 -1.0000000
v 0.0075000 0.0029288 -0.0030000
vn 0.0000000 0.0000000 -1.0000000
v 0.0049997 0.0030915 -0.0030000
vn 0.0000000 0.0000000 -1.0000000
v 0.0075000 0.0054442 -0.0030000
vn 0.0000000 0.0000000 -1.0000000
v 0.0175000 -0.0074941 -0.0030000
vn 0.0000000 0.0000000 -1.0000000
v 0.0150000 -0.0074830 -0.0030000
vn 0.0000000 0.0000000 -1.0000000
v 0.0175000 -0.0049888 -0.0030000
vn 0.0000000 0.0000000 -1.0000000
v 0.0175085 -0.0175078 -0.0030000
vn 0.0000000 0.0000000 -1.0000000
v 0.0150004 -0.0174999 -0.0030000
vn 0.0000000 0.0000000 -1.0000000
v 0.0175004 -0.0149999 -0.0030000
vn 0.0000000 0.0000000 -1.0000000
v 0.0075000 -0.0174941 -0.0030000
vn 0.0000000 0.0000000 -1.0000000
v 0.0050000 -0.0174888 -0.0030000
vn 0.0000000 0.0000000 -1.0000000
v 0.0075000 -0.0149830 -0.0030000
vn 0.0000000 0.0000000 -1.0000000
v -0.0025042 -0.0068708 -0.0030000
vn 0.0000000 0.0000000 -1.0000000
v -0.0050547 -0.0066112 -0.0030000
vn 0.0000000 0.0000000 -1.0000000
v -0.0025595 -0.0041250 -0.0030000
vn 0.0000000 0.0000000 -1.0000000
v -0.0025000 -0.0174308 -0.0030000
vn 0.0000000 0.0000000 -1.0000000
v -0.0050000 -0.0174146 -0.0030000
vn 0.0000000 0.0000000 -1.0000000
v -0.0025000 -0.0148463 -0.0030000
vn 0.0000000 0.0000000 -1.0000000
v -0.0125042 -0.0172419 -0.0030000
vn 0.0000000 0.0000000 -1.0000000
v -0.0150544 -0.0171508 -0.0030000
vn 0.0000000 0.0000000 -1.0000000
v -0.0125672 -0.0143937 -0.0030000
vn 0.0000000 -1.0000000 0.0000000
v 0.0151985 -0.0200000 -0.0017886
vn 0.0000000 -0.7071068 -0.7071068
v 0.0175000 -0.0200000 -0.0030000
vn 0.0000000 -1.0000000 0.0000000
v 0.0185413 -0.0200000 -0.0015114
vn 0.0000000 -0.7071068 0.7071068
v 0.0118750 -0.0200000 0.0000000
vn 0.0000000 -0.7071068 0.7071068
v 0.0025000 -0.0200000 0.0000000
vn 0.0000000 -1.0000000 0.0000000
v -0.0131338 -0.0200000 -0.0014985
vn 0.0000000 -0.7071068 -0.7071068
v -0.0175000 -0.0200000 -0.0030000
vn 0.0000000 -0.7071068 -0.7071068
v 0.0025000 -0.0200000 -0.0030000
vn 1.0000000 0.0000000 0.0000000
v 0.0200000 0.0115890 -0.0015255
vn 1.0000000 0.0000000 0.0000000
v 0.0200000 -0.0025910 -0.0010980
vn 0.7071068 0.0000000 -0.7071068
v 0.0200000 0.0025000 -0.0030000
vn 0.0000000 1.0000000 0.0000000
v -0.0112678 0.0200000 -0.0021402
vn 0.0000000 0.7071068 0.7071068
v -0.0175000 0.0200000 0.0000000
vn 0.0000000 1.0000000 0.0000000
v -0.0169289 0.0200000 -0.0010537
vn 0.0000000 1.0000000 0.0000000
v 0.0070044 0.0200000 -0.0015334
vn 0.0000000 0.7071068 0.7071068
v 0.0025000 0.0200000 0.0000000
vn 0.0000000 1.0000000 0.0000000
v 0.0174921 0.0200000 -0.0013341
vn 0.0000000 0.7071068 -0.7071067
v 0.0175000 0.0200000 -0.0030000
vn 0.0000000 0.7071068 -0.7071068
v -0.0031250 0.0200000 -0.0030000
vn 0.0000000 0.0000000 1.0000000
v 0.0018995 0.0008133 0.0000000
vn 1.0000000 0.0000000 0.0000000
v 0.0125000 -0.0050446 0.0058541
vn 1.0000000 0.0000000 0.0000000
v 0.0125000 -0.0019352 0.0058618
vn 1.0000000 0.0000000 0.0000000
v 0.0125000 0.0050898 0.0195330
vn 1.0000000 0.0000000 0.0000000
v 0.0125000 0.0018862 0.0192391
vn 0.0000000 1.0000000 0.0000000
v 0.0050448 0.0125000 0.0058540
vn 0.0000000 1.0000000 0.0000000
v 0.0019356 0.0125000 0.0058618
vn 0.0000000 1.0000000 0.0000000
v -0.0050236 0.0125000 0.0195358
vn 0.0000000 1.0000000 0.0000000
v -0.0018614 0.0125000 0.0192218
vn -1.0000000 0.0000000 0.0000000
v -0.0125000 0.0050447 0.0058540
vn -1.0000000 0.0000000 0.0000000
v -0.0125000 0.0019352 0.0058618
vn -1.0000000 0.0000000 0.0000000
v -0.0125000 -0.0050235 0.0195357
vn -1.0000000 0.0000000 0.0000000
v -0.0125000 -0.0018614 0.0192219
vn 0.0000000 -1.0000000 0.0000000
v -0.0050447 -0.0125000 0.0058540
vn 0.0000000 -1.0000000 0.0000000
v -0.0019352 -0.0125000 0.0058618
vn 0.0000000 -1.0000000 0.0000000
v 0.0050098 -0.0125000 0.0191953
vn 0.0000000 -1.0000000 0.0000000
v 0.0019165 -0.0125000 0.0191466
vn 0.0000000 0.0000000 1.0000000
v -0.0162138 -0.0033263 0.0000000
vn 0.0000000 0.0000000 1.0000000
v 0.0035213 -0.0165474 0.0000000
vn 0.0000000 0.0000000 -1.0000000
v -0.0074959 0.0176630 -0.0030000
vn 0.0000000 0.0000000 -1.0000000
v -0.0100000 0.0175091 -0.0030000
vn 0.0000000 0.0000000 -1.0000000
v -0.0023573 0.0136647 -0.0030000
vn 0.0000000 0.0000000 -1.0000000
v -0.0024953 0.0109057 -0.0030000
vn 0.0000000 0.0000000 -1.0000000
v -0.0075584 0.0098648 -0.0030000
vn 0.0000000 0.0000000 -1.0000000
v -0.0100535 0.0121989 -0.0030000
vn 0.0000000 0.0000000 -1.0000000
v 0.0075000 -0.0099077 -0.0030000
vn 0.0000000 0.0000000 -1.0000000
v 0.0100000 -0.0074078 -0.0030000
vn 0.0000000 0.0000000 -1.0000000
v 0.0025000 -0.0097760 -0.0030000
vn 0.0000000 0.0000000 -1.0000000
v 0.0025000 -0.0071795 -0.0030000
vn 0.0000000 0.0000000 -1.0000000
v 0.0075000 -0.0021921 -0.0030000
vn 0.0000000 0.0000000 -1.0000000
v 0.0100000 -0.0022827 -0.0030000
vn 0.7071068 0.0000000 -0.7071068
v 0.0200000 -0.0125000 -0.0030000
vn 1.0000000 0.0000000 0.0000000
v 0.0200000 -0.0091452 -0.0020262
vn 1.0000000 0.0000000 0.0000000
v 0.0200000 -0.0103133 -0.0014893
vn -0.9031698 0.4292809 0.0014985
v 0.0076727 -0.0036549 0.0188082
vn -0.6738786 0.7388419 0.0006303
v 0.0057162 -0.0062900 0.0124541
vn -0.6497676 0.7601318 0.0013124
v 0.0055339 -0.0064498 0.0142632
vn -0.5485601 0.8361111 -0.0003259
v 0.0046157 -0.0071363 0.0130758
vn 0.1631394 0.9866030 0.0003780
v -0.0013961 -0.0083832 0.0189046
vn 0.3151521 0.9490411 -0.0004332
v -0.0026770 -0.0080655 0.0134459
vn 0.5137227 0.8579544 -0.0018165
v -0.0043785 -0.0072833 0.0190263
vn 0.7357202 0.6772856 0.0004164
v -0.0062490 -0.0057612 0.0124416
vn 0.7371035 0.6757790 -0.0011190
v -0.0062641 -0.0057454 0.0141206
vn 0.8407573 0.5414122 0.0000595
v -0.0071495 -0.0045959 0.0131844
vn 0.6491873 -0.7606279 -0.0010413
v -0.0055074 0.0064730 0.0127251
vn 0.6100492 -0.7923608 -0.0020745
v -0.0051822 0.0067373 0.0084101
vn 0.3674995 -0.9300237 -0.0001260
v -0.0031035 0.0079111 0.0162686
vn 0.1956951 -0.9806645 -0.0007961
v -0.0016501 0.0083362 0.0180521
vn -0.3529510 -0.9356393 0.0021936
v 0.0029929 0.0079541 0.0173292
vn -0.5265373 -0.8501514 -0.0010700
v 0.0044785 0.0072226 0.0126689
vn -0.7285995 -0.6849393 -0.0009866
v 0.0061775 0.0058359 0.0124038
vn -0.7094266 -0.7047784 0.0011694
v 0.0060233 0.0059970 0.0108037
vn -0.7346824 -0.6784080 -0.0020816
v 0.0062306 0.0057804 0.0140359
vn -0.8308411 -0.5565083 -0.0012579
v 0.0070575 0.0047336 0.0130748
vn -0.9398304 -0.3416377 -0.0016317
v 0.0079982 0.0028754 0.0047049
vn -0.6578820 -0.7531173 -0.0023804
v 0.0055578 0.0064289 0.0074715
vn -0.4163120 -0.9092062 -0.0053400
v 0.0035375 0.0077277 0.0072150
vn -0.1592916 -0.9872261 -0.0033050
v 0.0013563 0.0083893 0.0079451
vn -0.0048484 -0.9999876 0.0011689
v 0.0000394 0.0084991 0.0144747
vn -0.0073004 -0.9999734 0.0001963
v 0.0000608 0.0084987 0.0087664
vn 0.1506097 -0.9885918 0.0017351
v -0.0012649 0.0084034 0.0080536
vn 0.7093195 -0.7048693 -0.0050202
v -0.0060115 0.0060093 0.0072554
vn 0.9877756 -0.1558087 -0.0047979
v -0.0083938 0.0013267 0.0076238
vn 0.9944038 0.1055974 -0.0031880
v -0.0084515 -0.0008885 0.0071126
vn 0.9779154 0.2089996 -0.0008259
v -0.0083196 -0.0017339 0.0083115
vn 0.9068955 0.4213551 0.0006716
v -0.0077002 -0.0035992 0.0045085
vn 0.6814321 0.7318761 0.0027826
v -0.0057858 -0.0062255 0.0076860
vn -0.3932341 0.9194376 0.0012564
v 0.0033619 -0.0078050 0.0044028
vn -0.9902076 0.1396024 -0.0002788
v 0.0084153 -0.0011873 0.0083026
vn 0.0000000 0.0000000 1.0000000
v -0.0067769 0.0109186 0.0250000
vn 0.0000000 0.0000000 1.0000000
v 0.0109054 0.0060442 0.0250000
vn 0.0000000 0.0000000 1.0000000
v -0.0072051 -0.0090396 0.0250000
vn 1.0000000 0.0000000 0.0000000
v 0.0125000 -0.0111134 0.0165587
vn 1.0000000 0.0000000 0.0000000
v 0.0125000 -0.0111171 0.0180951
vn 1.0000000 0.0000000 0.0000000
v 0.0125000 -0.0081862 0.0136340
vn 1.0000000 0.0000000 0.0000000
v 0.0125000 -0.0083368 0.0182131
vn 1.0000000 0.0000000 0.0000000
v 0.0125000 -0.0110494 0.0040519
vn 1.0000000 0.0000000 0.0000000
v 0.0125000 -0.0110869 0.0056306
vn 1.0000000 0.0000000 0.0000000
v 0.0125000 -0.0086325 0.0011976
vn 1.0000000 0.0000000 0.0000000
v 0.0125000 -0.0081336 0.0058170
vn 1.0000000 0.0000000 0.0000000
v 0.0125000 0.0012399 0.0042902
vn 1.0000000 0.0000000 0.0000000
v 0.0125000 0.0011262 0.0058782
vn 1.0000000 0.0000000 0.0000000
v 0.0125000 0.0038328 0.0012311
vn 1.0000000 0.0000000 0.0000000
v 0.0125000 0.0040721 0.0058959
vn 1.0000000 0.0000000 0.0000000
v 0.0125000 0.0111063 0.0084405
vn 1.0000000 0.0000000 0.0000000
v 0.0125000 0.0111097 0.0068918
vn 1.0000000 0.0000000 0.0000000
v 0.0125000 0.0081720 0.0113824
vn 1.0000000 0.0000000 0.0000000
v 0.0125000 0.0082702 0.0067194
vn 1.0000000 0.0000000 0.0000000
v 0.0125000 0.0110605 0.0209465
vn 1.0000000 0.0000000 0.0000000
v 0.0125000 0.0110942 0.0193703
vn 1.0000000 0.0000000 0.0000000
v 0.0125000 0.0086443 0.0237757
vn 1.0000000 0.0000000 0.0000000
v 0.0125000 0.0082027 0.0192121
vn 1.0000000 0.0000000 0.0000000
v 0.0125000 -0.0012638 0.0207779
vn 1.0000000 0.0000000 0.0000000
v 0.0125000 -0.0011724 0.0191832
vn 1.0000000 0.0000000 0.0000000
v 0.0125000 -0.0038503 0.0237646
vn 1.0000000 0.0000000 0.0000000
v 0.0125000 -0.0041939 0.0191623
vn 0.0000000 1.0000000 0.0000000
v 0.0111129 0.0125000 0.0165667
vn 0.0000000 1.0000000 0.0000000
v 0.0111124 0.0125000 0.0181235
vn 0.0000000 1.0000000 0.0000000
v 0.0081858 0.0125000 0.0136348
vn 0.0000000 1.0000000 0.0000000
v 0.0083170 0.0125000 0.0182675
vn 0.0000000 1.0000000 0.0000000
v 0.0110505 0.0125000 0.0040506
vn 0.0000000 1.0000000 0.0000000
v 0.0110874 0.0125000 0.0056301
vn 0.0000000 1.0000000 0.0000000
v 0.0086333 0.0125000 0.0011962
vn 0.0000000 1.0000000 0.0000000
v 0.0081341 0.0125000 0.0058166
vn 0.0000000 1.0000000 0.0000000
v -0.0012376 0.0125000 0.0042892
vn 0.0000000 1.0000000 0.0000000
v -0.0011254 0.0125000 0.0058778
vn 0.0000000 1.0000000 0.0000000
v -0.0038289 0.0125000 0.0012285
vn 0.0000000 1.0000000 0.0000000
v -0.0040717 0.0125000 0.0058953
vn 0.0000000 1.0000000 0.0000000
v -0.0111063 0.0125000 0.0084405
vn 0.0000000 1.0000000 0.0000000
v -0.0111102 0.0125000 0.0068921
vn 0.0000000 1.0000000 0.0000000
v -0.0081720 0.0125000 0.0113824
vn 0.0000000 1.0000000 0.0000000
v -0.0082712 0.0125000 0.0067188
vn 0.0000000 1.0000000 0.0000000
v -0.0110721 0.0125000 0.0209469
vn 0.0000000 1.0000000 0.0000000
v -0.0110978 0.0125000 0.0193718
vn 0.0000000 1.0000000 0.0000000
v -0.0082012 0.0125000 0.0192354
vn 0.0000000 1.0000000 0.0000000
v 0.0012671 0.0125000 0.0207743
vn 0.0000000 1.0000000 0.0000000
v 0.0011760 0.0125000 0.0191808
vn 0.0000000 1.0000000 0.0000000
v 0.0038448 0.0125000 0.0237599
vn 0.0000000 1.0000000 0.0000000
v 0.0041620 0.0125000 0.0191486
vn -1.0000000 0.0000000 0.0000000
v -0.0125000 0.0111199 0.0165738
vn -1.0000000 0.0000000 0.0000000
v -0.0125000 0.0111413 0.0181377
vn -1.0000000 0.0000000 0.0000000
v -0.0125000 0.0081864 0.0136369
vn -1.0000000 0.0000000 0.0000000
v -0.0125000 0.0083604 0.0183511
vn -1.0000000 0.0000000 0.0000000
v -0.0125000 0.0110505 0.0040506
vn -1.0000000 0.0000000 0.0000000
v -0.0125000 0.0110874 0.0056301
vn -1.0000000 0.0000000 0.0000000
v -0.0125000 0.0086333 0.0011962
vn -1.0000000 0.0000000 0.0000000
v -0.0125000 0.0081341 0.0058166
vn -1.0000000 0.0000000 0.0000000
v -0.0125000 -0.0012399 0.0042902
vn -1.0000000 0.0000000 0.0000000
v -0.0125000 -0.0011262 0.0058782
vn -1.0000000 0.0000000 0.0000000
v -0.0125000 -0.0038328 0.0012311
vn -1.0000000 0.0000000 0.0000000
v -0.0125000 -0.0040721 0.0058959
vn -1.0000000 0.0000000 0.0000000
v -0.0125000 -0.0111063 0.0084405
vn -1.0000000 0.0000000 0.0000000
v -0.0125000 -0.0111097 0.0068918
vn -1.0000000 0.0000000 0.0000000
v -0.0125000 -0.0081720 0.0113824
vn -1.0000000 0.0000000 0.0000000
v -0.0125000 -0.0082702 0.0067194
vn -1.0000000 0.0000000 0.0000000
v -0.0125000 -0.0110711 0.0209456
vn -1.0000000 0.0000000 0.0000000
v -0.0125000 -0.0110973 0.0193713
vn -1.0000000 0.0000000 0.0000000
v -0.0125000 -0.0082008 0.0192350
vn -1.0000000 0.0000000 0.0000000
v -0.0125000 0.0012687 0.0207796
vn -1.0000000 0.0000000 0.0000000
v -0.0125000 0.0011764 0.0191841
vn -1.0000000 0.0000000 0.0000000
v -0.0125000 0.0038399 0.0237848
vn -1.0000000 0.0000000 0.0000000
v -0.0125000 0.0041679 0.0191783
vn 0.0000000 -1.0000000 0.0000000
v -0.0111134 -0.0125000 0.0165589
vn 0.0000000 -1.0000000 0.0000000
v -0.0111176 -0.0125000 0.0180959
vn 0.0000000 -1.0000000 0.0000000
v -0.0081862 -0.0125000 0.0136340
vn 0.0000000 -1.0000000 0.0000000
v -0.0083527 -0.0125000 0.0182776
vn 0.0000000 -1.0000000 0.0000000
v -0.0110505 -0.0125000 0.0040506
vn 0.0000000 -1.0000000 0.0000000
v -0.0110874 -0.0125000 0.0056301
vn 0.0000000 -1.0000000 0.0000000
v -0.0086333 -0.0125000 0.0011962
vn 0.0000000 -1.0000000 0.0000000
v -0.0081341 -0.0125000 0.0058166
vn 0.0000000 -1.0000000 0.0000000
v 0.0012398 -0.0125000 0.0042902
vn 0.0000000 -1.0000000 0.0000000
v 0.0011262 -0.0125000 0.0058782
vn 0.0000000 -1.0000000 0.0000000
v 0.0038319 -0.0125000 0.0012307
vn 0.0000000 -1.0000000 0.0000000
v 0.0040721 -0.0125000 0.0058956
vn 0.0000000 -1.0000000 0.0000000
v 0.0111070 -0.0125000 0.0084398
vn 0.0000000 -1.0000000 0.0000000
v 0.0111107 -0.0125000 0.0068914
vn 0.0000000 -1.0000000 0.0000000
v 0.0081721 -0.0125000 0.0113823
vn 0.0000000 -1.0000000 0.0000000
v 0.0082712 -0.0125000 0.0067175
vn 0.0000000 -1.0000000 0.0000000
v 0.0110046 -0.0125000 0.0208942
vn 0.0000000 -1.0000000 0.0000000
v 0.0110785 -0.0125000 0.0193591
vn 0.0000000 -1.0000000 0.0000000
v 0.0086391 -0.0125000 0.0236904
vn 0.0000000 -1.0000000 0.0000000
v 0.0081353 -0.0125000 0.0191898
vn 0.0000000 -1.0000000 0.0000000
v -0.0012479 -0.0125000 0.0207551
vn 0.0000000 -1.0000000 0.0000000
v -0.0011636 -0.0125000 0.0191680
vn 0.0000000 -1.0000000 0.0000000
v -0.0038508 -0.0125000 0.0237620
vn 0.0000000 -1.0000000 0.0000000
v -0.0041775 -0.0125000 0.0191604
vn 0.0000000 0.0000000 1.0000000
v -0.0085104 0.0136508 0.0000000
vn 0.0000000 0.0000000 1.0000000
v -0.0184866 0.0092638 0.0000000
vn 0.0000000 0.0000000 1.0000000
v -0.0150463 -0.0077736 0.0000000
vn -0.7071068 0.0000000 0.7071067
v -0.0125000 -0.0046875 0.0000000
vn -0.7071068 0.0000000 0.7071068
v -0.0125000 -0.0015625 0.0000000
vn 0.0000000 0.0000000 1.0000000
v -0.0140342 0.0084342 0.0000000
vn 0.0000000 0.0000000 1.0000000
v -0.0150983 0.0112635 0.0000000
vn 0.0000000 0.0000000 1.0000000
v -0.0146278 0.0143147 0.0000000
vn 0.0000000 0.0000000 1.0000000
v -0.0089875 -0.0185099 0.0000000
vn 0.0000000 0.0000000 1.0000000
v 0.0077878 -0.0150452 0.0000000
vn 0.0000000 -0.7071068 0.7071068
v 0.0046875 -0.0125000 0.0000000
vn 0.0000000 -0.7071068 0.7071068
v 0.0015625 -0.0125000 0.0000000
vn 0.0000000 0.0000000 1.0000000
v -0.0084336 -0.0140415 0.0000000
vn 0.0000000 0.0000000 1.0000000
v -0.0113005 -0.0151137 0.0000000
vn 0.0000000 0.0000000 1.0000000
v -0.0143284 -0.0144845 0.0000000
vn 0.0000000 0.0000000 1.0000000
v 0.0187713 -0.0093405 0.0000000
vn 0.0000000 0.0000000 1.0000000
v 0.0162916 0.0135135 0.0000000
vn 0.7071068 0.0000000 0.7071068
v 0.0125000 0.0046875 0.0000000
vn 0.0000000 0.0000000 1.0000000
v 0.0133309 0.0032429 0.0000000
vn 0.7071068 0.0000000 0.7071068
v 0.0125000 0.0015625 0.0000000
vn 0.0000000 0.0000000 1.0000000
v 0.0148899 -0.0084984 0.0000000
vn 0.0000000 0.0000000 1.0000000
v 0.0152384 -0.0113286 0.0000000
vn 0.0000000 0.0000000 1.0000000
v 0.0146630 -0.0143822 0.0000000
vn 0.0000000 0.7071068 0.7071067
v -0.0046875 0.0125000 0.0000000
vn 0.0000000 0.0000000 1.0000000
v -0.0039681 0.0136255 0.0000000
vn 0.0000000 0.7071068 0.7071068
v -0.0015625 0.0125000 0.0000000
vn 0.0000000 0.0000000 1.0000000
v 0.0079392 0.0148465 0.0000000
vn 0.0000000 0.0000000 1.0000000
v 0.0111412 0.0149698 0.0000000
vn -0.7071068 0.0000000 0.7071068
v -0.0200000 -0.0075000 0.0000000
vn -0.7071068 0.0000000 0.7071068
v -0.0200000 0.0125000 0.0000000
vn 0.0000000 0.0000000 -1.0000000
v -0.0171938 0.0008955 -0.0030000
vn 0.0000000 0.0000000 -1.0000000
v -0.0175425 -0.0020514 -0.0030000
vn 0.0000000 0.0000000 -1.0000000
v -0.0129949 0.0072247 -0.0030000
vn 0.0000000 0.0000000 -1.0000000
v -0.0095544 0.0044141 -0.0030000
vn 0.0000000 0.0000000 -1.0000000
v -0.0131362 -0.0066716 -0.0030000
vn 0.0000000 0.0000000 -1.0000000
v 0.0023792 0.0137053 -0.0030000
vn 0.0000000 0.0000000 -1.0000000
v 0.0024952 0.0110233 -0.0030000
vn 0.0000000 0.0000000 -1.0000000
v 0.0074176 0.0178359 -0.0030000
vn 0.0000000 0.0000000 -1.0000000
v 0.0099991 0.0176243 -0.0030000
vn 0.0000000 0.0000000 -1.0000000
v 0.0099994 0.0127675 -0.0030000
vn 0.0000000 0.0000000 -1.0000000
v 0.0075000 0.0104319 -0.0030000
vn 0.0000000 0.0000000 -1.0000000
v 0.0175000 0.0075722 -0.0030000
vn 0.0000000 0.0000000 -1.0000000
v 0.0174994 0.0100726 -0.0030000
vn 0.0000000 0.0000000 -1.0000000
v 0.0125000 0.0027139 -0.0030000
vn 0.0000000 0.0000000 -1.0000000
v 0.0100000 0.0028064 -0.0030000
vn 0.0000000 0.0000000 -1.0000000
v 0.0099999 0.0078188 -0.0030000
vn 0.0000000 0.0000000 -1.0000000
v 0.0124760 0.0102191 -0.0030000
vn 0.0000000 0.0000000 -1.0000000
v 0.0175000 -0.0124985 -0.0030000
vn 0.0000000 0.0000000 -1.0000000
v 0.0175000 -0.0099965 -0.0030000
vn 0.0000000 0.0000000 -1.0000000
v 0.0125000 -0.0174985 -0.0030000
vn 0.0000000 0.0000000 -1.0000000
v 0.0100000 -0.0174965 -0.0030000
vn 0.0000000 0.0000000 -1.0000000
v 0.0100000 -0.0124800 -0.0030000
vn 0.0000000 0.0000000 -1.0000000
v 0.0125000 -0.0099800 -0.0030000
vn 0.0000000 0.0000000 -1.0000000
v -0.0025000 -0.0122298 -0.0030000
vn 0.0000000 0.0000000 -1.0000000
v -0.0025001 -0.0095682 -0.0030000
vn 0.0000000 0.0000000 -1.0000000
v -0.0075000 -0.0173781 -0.0030000
vn 0.0000000 0.0000000 -1.0000000
v -0.0100002 -0.0173147 -0.0030000
vn 0.0000000 0.0000000 -1.0000000
v -0.0100572 -0.0117244 -0.0030000
vn 0.0000000 0.0000000 -1.0000000
v -0.0075544 -0.0091356 -0.0030000
vn 0.0000000 -1.0000000 0.0000000
v 0.0123331 -0.0200000 -0.0017823
vn 0.0000000 -0.7071068 0.7071068
v -0.0125000 -0.0200000 0.0000000
vn 0.0000000 -0.7071068 -0.7071068
v -0.0025000 -0.0200000 -0.0030000
vn 0.0000000 -0.7071068 -0.7071068
v -0.0075000 -0.0200000 -0.0030000
vn 0.0000000 -0.7071068 -0.7071068
v 0.0125000 -0.0200000 -0.0030000
vn 0.7071068 0.0000000 0.7071068
v 0.0200000 -0.0125000 0.0000000
vn 1.0000000 0.0000000 0.0000000
v 0.0200000 -0.0131125 -0.0015024
vn 0.7071068 0.0000000 -0.7071068
v 0.0200000 0.0125000 -0.0030000
vn 0.0000000 0.7071068 0.7071068
v 0.0125000 0.0200000 0.0000000
vn 0.0000000 1.0000000 0.0000000
v 0.0124538 0.0200000 -0.0016863
vn 0.0000000 0.7071068 -0.7071067
v 0.0075000 0.0200000 -0.0030000
vn 0.0000000 0.7071068 -0.7071068
v -0.0125000 0.0200000 -0.0030000
vn -0.9792435 -0.2026717 0.0025542
v 0.0083210 0.0017266 0.0041282
vn -0.9404644 -0.3398923 -0.0000415
v 0.0079959 0.0028820 0.0078900
vn -0.8175160 -0.5759059 -0.0001146
v 0.0069441 0.0049008 0.0114276
vn -0.0691109 -0.9976084 0.0010916
v 0.0005663 0.0084791 0.0159444
vn 0.4024473 -0.9154423 0.0012328
v -0.0034028 0.0077870 0.0101817
vn 0.4652226 -0.8843527 0.0385772
v -0.0038785 0.0075625 0.0015426
vn 0.9567804 -0.2908116 -0.0001841
v -0.0081284 0.0024812 0.0070990
vn 0.9899028 -0.1417176 0.0029393
v -0.0084056 0.0012503 0.0130697
vn 0.9957227 -0.0923831 -0.0013443
v -0.0084682 0.0007332 0.0156384
vn 0.9204341 0.3908978 0.0002949
v -0.0078236 -0.0033196 0.0123768
vn 0.9182711 0.3959499 -0.0013922
v -0.0077921 -0.0033912 0.0074219
vn 0.3611727 0.9324976 0.0016000
v -0.0030692 -0.0079244 0.0072895
vn 0.0040919 0.9999911 0.0010818
v -0.0000451 -0.0084990 0.0072728
vn -0.1517788 0.9883967 0.0059313
v 0.0012595 -0.0084042 0.0014985
vn -0.4267818 0.9043545 -0.0005228
v 0.0036278 -0.0076861 0.0134722
vn -0.3536766 0.9353659 0.0018681
v 0.0030189 -0.0079440 0.0078210
vn 0.0000000 0.0000000 1.0000000
v -0.0067647 -0.0107408 0.0250000
vn 1.0000000 0.0000000 0.0000000
v 0.0125000 -0.0111027 0.0103213
vn 1.0000000 0.0000000 0.0000000
v 0.0125000 -0.0111032 0.0118838
vn 1.0000000 0.0000000 0.0000000
v 0.0125000 -0.0081566 0.0073817
vn 1.0000000 0.0000000 0.0000000
v 0.0125000 -0.0081737 0.0120723
vn 1.0000000 0.0000000 0.0000000
v 0.0125000 -0.0049779 0.0042788
vn 1.0000000 0.0000000 0.0000000
v 0.0125000 -0.0024076 0.0012227
vn 1.0000000 0.0000000 0.0000000
v 0.0125000 -0.0051474 0.0121273
vn 1.0000000 0.0000000 0.0000000
v 0.0125000 -0.0022158 0.0121750
vn 1.0000000 0.0000000 0.0000000
v 0.0125000 0.0111026 0.0146793
vn 1.0000000 0.0000000 0.0000000
v 0.0125000 0.0111027 0.0131172
vn 1.0000000 0.0000000 0.0000000
v 0.0125000 0.0081737 0.0176415
vn 1.0000000 0.0000000 0.0000000
v 0.0125000 0.0081667 0.0129378
vn 1.0000000 0.0000000 0.0000000
v 0.0125000 0.0044827 0.0209764
vn 1.0000000 0.0000000 0.0000000
v 0.0125000 0.0015359 0.0240062
vn 1.0000000 0.0000000 0.0000000
v 0.0125000 0.0050987 0.0129255
vn 1.0000000 0.0000000 0.0000000
v 0.0125000 0.0020613 0.0129647
vn 0.0000000 1.0000000 0.0000000
v 0.0111027 0.0125000 0.0103213
vn 0.0000000 1.0000000 0.0000000
v 0.0111032 0.0125000 0.0118838
vn 0.0000000 1.0000000 0.0000000
v 0.0081568 0.0125000 0.0073816
vn 0.0000000 1.0000000 0.0000000
v 0.0081736 0.0125000 0.0120724
vn 0.0000000 1.0000000 0.0000000
v 0.0049782 0.0125000 0.0042788
vn 0.0000000 1.0000000 0.0000000
v 0.0024086 0.0125000 0.0012228
vn 0.0000000 1.0000000 0.0000000
v 0.0051473 0.0125000 0.0121273
vn 0.0000000 1.0000000 0.0000000
v 0.0022158 0.0125000 0.0121750
vn 0.0000000 1.0000000 0.0000000
v -0.0111026 0.0125000 0.0146793
vn 0.0000000 1.0000000 0.0000000
v -0.0111027 0.0125000 0.0131172
vn 0.0000000 1.0000000 0.0000000
v -0.0081714 0.0125000 0.0176465
vn 0.0000000 1.0000000 0.0000000
v -0.0081667 0.0125000 0.0129378
vn 0.0000000 1.0000000 0.0000000
v -0.0043350 0.0125000 0.0209150
vn 0.0000000 1.0000000 0.0000000
v -0.0016487 0.0125000 0.0240078
vn 0.0000000 1.0000000 0.0000000
v -0.0050986 0.0125000 0.0129255
vn 0.0000000 1.0000000 0.0000000
v -0.0020613 0.0125000 0.0129647
vn -1.0000000 0.0000000 0.0000000
v -0.0125000 0.0111027 0.0103213
vn -1.0000000 0.0000000 0.0000000
v -0.0125000 0.0111032 0.0118839
vn -1.0000000 0.0000000 0.0000000
v -0.0125000 0.0081568 0.0073816
vn -1.0000000 0.0000000 0.0000000
v -0.0125000 0.0081737 0.0120728
vn -1.0000000 0.0000000 0.0000000
v -0.0125000 0.0049781 0.0042787
vn -1.0000000 0.0000000 0.0000000
v -0.0125000 0.0024076 0.0012227
vn -1.0000000 0.0000000 0.0000000
v -0.0125000 0.0051474 0.0121277
vn -1.0000000 0.0000000 0.0000000
v -0.0125000 0.0022159 0.0121751
vn -1.0000000 0.0000000 0.0000000
v -0.0125000 -0.0111026 0.0146793
vn -1.0000000 0.0000000 0.0000000
v -0.0125000 -0.0111027 0.0131172
vn -1.0000000 0.0000000 0.0000000
v -0.0125000 -0.0081712 0.0176463
vn -1.0000000 0.0000000 0.0000000
v -0.0125000 -0.0081667 0.0129378
vn -1.0000000 0.0000000 0.0000000
v -0.0125000 -0.0043350 0.0209149
vn -1.0000000 0.0000000 0.0000000
v -0.0125000 -0.0016486 0.0240078
vn -1.0000000 0.0000000 0.0000000
v -0.0125000 -0.0050986 0.0129255
vn -1.0000000 0.0000000 0.0000000
v -0.0125000 -0.0020613 0.0129647
vn 0.0000000 -1.0000000 0.0000000
v -0.0111027 -0.0125000 0.0103213
vn 0.0000000 -1.0000000 0.0000000
v -0.0111032 -0.0125000 0.0118838
vn 0.0000000 -1.0000000 0.0000000
v -0.0081568 -0.0125000 0.0073816
vn 0.0000000 -1.0000000 0.0000000
v -0.0081737 -0.0125000 0.0120723
vn 0.0000000 -1.0000000 0.0000000
v -0.0049781 -0.0125000 0.0042787
vn 0.0000000 -1.0000000 0.0000000
v -0.0024076 -0.0125000 0.0012227
vn 0.0000000 -1.0000000 0.0000000
v -0.0051474 -0.0125000 0.0121273
vn 0.0000000 -1.0000000 0.0000000
v -0.0022158 -0.0125000 0.0121749
vn 0.0000000 -1.0000000 0.0000000
v 0.0111025 -0.0125000 0.0146791
vn 0.0000000 -1.0000000 0.0000000
v 0.0111027 -0.0125000 0.0131172
vn 0.0000000 -1.0000000 0.0000000
v 0.0081549 -0.0125000 0.0176210
vn 0.0000000 -1.0000000 0.0000000
v 0.0081667 -0.0125000 0.0129375
vn 0.0000000 -1.0000000 0.0000000
v 0.0048459 -0.0125000 0.0209851
vn 0.0000000 -1.0000000 0.0000000
v 0.0050989 -0.0125000 0.0129248
vn 0.0000000 -1.0000000 0.0000000
v 0.0020615 -0.0125000 0.0129642
vn 0.0000000 0.0000000 1.0000000
v -0.0127415 0.0162772 0.0000000
vn 0.0000000 0.0000000 1.0000000
v -0.0034870 0.0157871 0.0000000
vn 0.0000000 0.0000000 1.0000000
v -0.0162430 -0.0127838 0.0000000
vn 0.0000000 0.0000000 1.0000000
v -0.0149421 -0.0034986 0.0000000
vn -0.7071068 0.0000000 0.7071068
v -0.0125000 0.0015625 0.0000000
vn -0.7071068 0.0000000 0.7071068
v -0.0125000 0.0046875 0.0000000
vn 0.0000000 0.0000000 1.0000000
v -0.0138302 0.0054159 0.0000000
vn -0.7071068 0.0000000 0.7071068
v -0.0125000 0.0078125 0.0000000
vn -0.7071068 0.0000000 0.7071068
v -0.0125000 0.0109375 0.0000000
vn 0.0000000 0.0000000 1.0000000
v 0.0128552 -0.0163621 0.0000000
vn 0.0000000 0.0000000 1.0000000
v 0.0035476 -0.0150824 0.0000000
vn 0.0000000 -0.7071068 0.7071068
v -0.0015625 -0.0125000 0.0000000
vn 0.0000000 -0.7071068 0.7071068
v -0.0046875 -0.0125000 0.0000000
vn 0.0000000 0.0000000 1.0000000
v -0.0054158 -0.0138324 0.0000000
vn 0.0000000 -0.7071067 0.7071068
v -0.0078125 -0.0125000 0.0000000
vn 0.0000000 -0.7071068 0.7071067
v -0.0109375 -0.0125000 0.0000000
vn 0.0000000 0.0000000 1.0000000
v 0.0159767 0.0123132 0.0000000
vn 0.0000000 0.0000000 1.0000000
v 0.0159765 0.0037267 0.0000000
vn 0.7071068 0.0000000 0.7071068
v 0.0125000 -0.0015625 0.0000000
vn 0.7071068 0.0000000 0.7071068
v 0.0125000 -0.0046875 0.0000000
vn 0.0000000 0.0000000 1.0000000
v 0.0138521 -0.0051862 0.0000000
vn 0.7071068 0.0000000 0.7071068
v 0.0125000 -0.0078125 0.0000000
vn 0.7071068 0.0000000 0.7071068
v 0.0125000 -0.0109375 0.0000000
vn 0.0000000 0.7071068 0.7071068
v 0.0015625 0.0125000 0.0000000
vn 0.0000000 0.7071068 0.7071068
v 0.0046875 0.0125000 0.0000000
vn 0.0000000 0.0000000 1.0000000
v 0.0053926 0.0140220 0.0000000
vn 0.0000000 0.7071068 0.7071068
v 0.0078125 0.0125000 0.0000000
vn 0.0000000 0.7071068 0.7071068
v 0.0109375 0.0125000 0.0000000
vn -1.0000000 0.0000000 0.0000000
v -0.0200000 0.0012573 -0.0008284
vn -0.7071068 0.0000000 0.7071068
v -0.0200000 -0.0031250 0.0000000
vn -1.0000000 0.0000000 0.0000000
v -0.0200000 0.0171380 -0.0015095
vn 0.0000000 0.0000000 -1.0000000
v -0.0177807 0.0170696 -0.0030000
vn 0.0000000 0.0000000 -1.0000000
v -0.0128167 0.0118105 -0.0030000
vn 0.0000000 0.7071068 -0.7071068
v -0.0075000 0.0200000 -0.0030000
vn 0.0000000 0.0000000 -1.0000000
v 0.0000403 0.0131887 -0.0030000
vn 0.0000000 0.0000000 -1.0000000
v -0.0078997 0.0070644 -0.0030000
vn 0.0000000 0.0000000 -1.0000000
v -0.0000006 0.0093260 -0.0030000
vn 0.0000000 0.0000000 -1.0000000
v -0.0000280 0.0040798 -0.0030000
vn 0.0000000 0.0000000 -1.0000000
v 0.0175000 -0.0024736 -0.0030000
vn 0.0000000 0.0000000 -1.0000000
v 0.0175000 0.0000505 -0.0030000
vn 0.0000000 0.0000000 -1.0000000
v 0.0125000 -0.0074571 -0.0030000
vn 0.0000000 0.0000000 -1.0000000
v 0.0125000 0.0001894 -0.0030000
vn 0.0000000 0.0000000 -1.0000000
v 0.0075000 -0.0124570 -0.0030000
vn 0.0000000 0.0000000 -1.0000000
v 0.0025000 -0.0174736 -0.0030000
vn 0.0000000 0.0000000 -1.0000000
v 0.0000000 -0.0174489 -0.0030000
vn 0.0000000 0.0000000 -1.0000000
v -0.0000000 -0.0122978 -0.0030000
vn 0.0000000 0.0000000 -1.0000000
v 0.0075000 0.0003854 -0.0030000
vn 0.0000000 0.0000000 -1.0000000
v -0.0000001 -0.0070526 -0.0030000
vn 0.0000000 0.0000000 -1.0000000
v -0.0000492 -0.0016542 -0.0030000
vn 0.0000000 0.0000000 -1.0000000
v 0.0024919 0.0007425 -0.0030000
vn 0.0000000 -1.0000000 0.0000000
v 0.0091422 -0.0200000 -0.0014805
vn 1.0000000 0.0000000 0.0000000
v 0.0200000 0.0028087 -0.0021810
vn 0.7071068 0.0000000 -0.7071068
v 0.0200000 -0.0075000 -0.0030000
vn 1.0000000 0.0000000 0.0000000
v 0.0200000 -0.0024879 -0.0022264
vn 0.0000000 1.0000000 0.0000000
v 0.0024681 0.0200000 -0.0013096
vn 0.0000000 0.0000000 1.0000000
v -0.0037234 0.0048645 0.0000000
vn -0.9757264 0.2189328 -0.0051489
v 0.0082956 -0.0018516 0.0206151
vn -0.9350883 0.3544148 0.0003279
v 0.0079523 -0.0029973 0.0200876
vn -0.8680754 0.4964212 -0.0033218
v 0.0074032 -0.0041735 0.0203779
vn -0.8192799 0.5733925 0.0012027
v 0.0069423 -0.0049034 0.0235479
vn -0.7237207 0.6900883 -0.0025420
v 0.0061576 -0.0058566 0.0235483
vn -0.7327730 0.6804664 0.0030363
v 0.0062289 -0.0057822 0.0078921
vn -0.6826424 0.7307484 -0.0024972
v 0.0058067 -0.0062054 0.0105893
vn -0.4638213 0.8859288 0.0004300
v 0.0039435 -0.0075294 0.0203876
vn -0.3006899 0.9537214 0.0010594
v 0.0025999 -0.0080917 0.0130059
vn -0.3009513 0.9536396 0.0001451
v 0.0025347 -0.0081128 0.0203766
vn -0.0187790 0.9997974 0.0072455
v 0.0001701 -0.0084963 0.0196039
vn 0.1076495 0.9941884 0.0010659
v -0.0009061 -0.0084496 0.0204019
vn 0.2668770 0.9637305 -0.0004465
v -0.0022443 -0.0081975 0.0204352
vn 0.4370166 0.8994530 -0.0009370
v -0.0037160 -0.0076426 0.0204677
vn 0.5973292 0.8019951 0.0012809
v -0.0050732 -0.0068177 0.0235127
vn 0.7348371 0.6782373 -0.0029534
v -0.0062289 -0.0057822 0.0105958
vn 0.8500903 0.5266253 -0.0035248
v -0.0072373 -0.0044542 0.0099605
vn 0.9331867 0.3593753 -0.0034819
v -0.0079198 -0.0030810 0.0209902
vn 0.9682835 0.2497845 -0.0059025
v -0.0082295 -0.0021219 0.0198853
vn 0.9964514 0.0841655 -0.0009346
v -0.0084679 -0.0007378 0.0201135
vn 0.8983479 -0.4392833 -0.0011519
v -0.0076353 0.0037308 0.0204036
vn 0.7998704 -0.6001700 0.0018292
v -0.0067891 0.0051123 0.0204445
vn 0.6941850 -0.7197711 -0.0060662
v -0.0058951 0.0061208 0.0233859
vn 0.6093056 -0.7929339 -0.0015858
v -0.0051623 0.0067524 0.0155852
vn 0.4353631 -0.9002542 -0.0011448
v -0.0037123 0.0076444 0.0202068
vn 0.2751978 -0.9613866 -0.0013861
v -0.0023244 0.0081741 0.0206626
vn 0.2282403 -0.9736048 0.0002826
v -0.0019624 0.0082685 0.0165430
vn 0.1493907 -0.9887756 0.0022722
v -0.0012574 0.0084045 0.0235599
vn -0.0130407 -0.9999148 -0.0006700
v 0.0000909 0.0084980 0.0235470
vn -0.1797912 -0.9837044 0.0008968
v 0.0014923 0.0083676 0.0204925
vn -0.3525768 -0.9357827 -0.0006037
v 0.0030145 0.0079457 0.0204680
vn -0.5102419 -0.8600308 -0.0005551
v 0.0043315 0.0073118 0.0204599
vn -0.5224628 -0.8526587 -0.0024275
v 0.0044472 0.0072416 0.0234853
vn -0.7128354 -0.7012995 0.0067013
v 0.0060092 0.0060115 0.0016305
vn -0.6656877 -0.7462277 0.0020387
v 0.0056601 0.0063392 0.0234651
vn -0.8558428 -0.5172336 0.0016302
v 0.0072966 0.0043565 0.0163959
vn -0.8601053 -0.5101166 0.0000954
v 0.0073135 0.0043287 0.0203039
vn -0.8667786 -0.4986910 0.0015118
v 0.0073806 0.0042146 0.0071117
vn -0.9214578 -0.3884761 0.0013329
v 0.0078193 0.0033293 0.0209241
vn -0.9595266 -0.2815849 -0.0043191
v 0.0081591 0.0023759 0.0233781
vn -0.9726118 -0.2324264 0.0020751
v 0.0082640 0.0019810 0.0200535
vn -0.9948081 -0.1017666 -0.0006540
v 0.0084564 0.0008435 0.0236707
vn -0.9815509 -0.1907326 0.0133776
v 0.0083495 0.0015832 0.0014868
vn -0.4292098 -0.9032011 0.0025965
v 0.0036583 0.0076710 0.0015096
vn -0.2466198 -0.9691118 -0.0010172
v 0.0021055 0.0082335 0.0045391
vn -0.1133202 -0.9935454 0.0051009
v 0.0009752 0.0084420 0.0015312
vn -0.0748611 -0.9971938 0.0005737
v 0.0006602 0.0084729 0.0045692
vn 0.0767316 -0.9970365 0.0055291
v -0.0006293 0.0084750 0.0015272
vn 0.2770418 -0.9606105 0.0218014
v -0.0023055 0.0081796 0.0015150
vn 0.2951636 -0.9554454 0.0016031
v -0.0025387 0.0081116 0.0044673
vn 0.4539625 -0.8910199 0.0013008
v -0.0038726 0.0075654 0.0044517
vn 0.8107260 -0.5854246 0.0011467
v -0.0068798 0.0049886 0.0044717
vn 0.8974576 -0.4410998 0.0009248
v -0.0076245 0.0037527 0.0044425
vn 0.9599644 -0.2801221 -0.0000595
v -0.0081588 0.0023768 0.0044437
vn 0.9562236 -0.2926052 0.0043214
v -0.0081286 0.0024806 0.0014829
vn 0.9970105 0.0770721 0.0054959
v -0.0084725 -0.0006669 0.0014915
vn 0.9083685 0.4181551 0.0036198
v -0.0077269 -0.0035394 0.0015010
vn 0.8173370 0.5761399 0.0048067
v -0.0069570 -0.0048833 0.0014984
vn 0.6970791 0.7169810 0.0043753
v -0.0059187 -0.0060982 0.0014952
vn 0.6889066 0.7248502 -0.0000316
v -0.0058540 -0.0061602 0.0044862
vn 0.5433396 0.8395061 0.0034332
v -0.0046331 -0.0071247 0.0014851
vn 0.3680597 0.9298021 0.0002297
v -0.0031305 -0.0079005 0.0044116
vn 0.1921966 0.9813368 0.0062132
v -0.0015920 -0.0083478 0.0014802
vn 0.1853298 0.9826764 -0.0002340
v -0.0015748 -0.0083512 0.0043945
vn -0.2062361 0.9784965 -0.0033682
v 0.0017376 -0.0083188 0.0044831
vn -0.3178216 0.9481370 0.0050617
v 0.0027275 -0.0080484 0.0014638
vn -0.4715629 0.8818316 0.0011727
v 0.0040209 -0.0074869 0.0013647
vn -0.8069729 0.5905884 -0.0004264
v 0.0068775 -0.0049918 0.0022586
vn -0.8627310 0.5056322 0.0055998
v 0.0073605 -0.0042512 0.0012173
vn 0.0000000 -0.7071068 0.7071068
v -0.0109375 -0.0125000 0.0250000
vn 0.0000000 -0.7071068 0.7071068
v -0.0078125 -0.0125000 0.0250000
vn 0.0000000 -0.7071068 0.7071068
v -0.0046875 -0.0125000 0.0250000
vn 0.0000000 -0.7071068 0.7071068
v -0.0015625 -0.0125000 0.0250000
vn 0.0000000 -0.7071068 0.7071068
v 0.0015625 -0.0125000 0.0250000
vn 0.0000000 -0.7071068 0.7071068
v 0.0078125 -0.0125000 0.0250000
vn 0.0000000 -0.7071068 0.7071068
v 0.0109375 -0.0125000 0.0250000
vn 0.0000000 0.7071068 0.7071068
v 0.0109375 0.0125000 0.0250000
vn 0.0000000 0.7071068 0.7071068
v 0.0078125 0.0125000 0.0250000
vn 0.0000000 0.7071068 0.7071068
v 0.0046875 0.0125000 0.0250000
vn 0.0000000 0.7071068 0.7071068
v 0.0015625 0.0125000 0.0250000
vn 0.0000000 0.7071068 0.7071068
v -0.0015625 0.0125000 0.0250000
vn 0.0000000 0.7071068 0.7071068
v -0.0078125 0.0125000 0.0250000
vn 0.0000000 0.7071068 0.7071068
v -0.0109375 0.0125000 0.0250000
vn -0.7071068 0.0000000 0.7071068
v -0.0125000 0.0109375 0.0250000
vn -0.7071068 0.0000000 0.7071068
v -0.0125000 0.0078125 0.0250000
vn -0.7071068 0.0000000 0.7071068
v -0.0125000 0.0046875 0.0250000
vn -0.7071068 0.0000000 0.7071068
v -0.0125000 0.0015625 0.0250000
vn -0.7071068 0.0000000 0.7071068
v -0.0125000 -0.0015625 0.0250000
vn -0.7071068 0.0000000 0.7071068
v -0.0125000 -0.0078125 0.0250000
vn -0.7071067 0.0000000 0.7071068
v -0.0125000 -0.0109375 0.0250000
vn 0.7071068 0.0000000 0.7071068
v 0.0125000 -0.0109375 0.0250000
vn 0.7071068 0.0000000 0.7071068
v 0.0125000 -0.0078125 0.0250000
vn 0.7071068 0.0000000 0.7071068
v 0.0125000 -0.0046875 0.0250000
vn 0.7071068 0.0000000 0.7071068
v 0.0125000 -0.0015625 0.0250000
vn 0.7071068 0.0000000 0.7071068
v 0.0125000 0.0015625 0.0250000
vn 0.7071068 0.0000000 0.7071068
v 0.0125000 0.0078125 0.0250000
vn 0.7071068 0.0000000 0.7071068
v 0.0125000 0.0109375 0.0250000
vn 0.7071068 -0.7071068 0.0000000
v 0.0125000 -0.0125000 0.0234375
vn 1.0000000 0.0000000 0.0000000
v 0.0125000 -0.0109830 0.0240471
vn 0.7071068 -0.7071068 0.0000000
v 0.0125000 -0.0125000 0.0203125
vn 1.0000000 0.0000000 0.0000000
v 0.0125000 -0.0073059 0.0201408
vn 0.7071068 -0.7071068 0.0000000
v 0.0125000 -0.0125000 0.0171875
vn 0.7071068 -0.7071068 0.0000000
v 0.0125000 -0.0125000 0.0140625
vn 1.0000000 0.0000000 0.0000000
v 0.0125000 -0.0054034 0.0168017
vn 0.7071068 -0.7071068 0.0000000
v 0.0125000 -0.0125000 0.0109375
vn 0.7071068 -0.7071068 0.0000000
v 0.0125000 -0.0125000 0.0078125
vn 0.7071068 -0.7071068 0.0000000
v 0.0125000 -0.0125000 0.0046875
vn 0.7071068 -0.7071067 0.0000000
v 0.0125000 -0.0125000 0.0015625
vn 1.0000000 0.0000000 0.0000000
v 0.0125000 0.0070351 0.0043591
vn 1.0000000 0.0000000 0.0000000
v 0.0125000 0.0115168 0.0010376
vn 0.7071068 0.7071068 0.0000000
v 0.0125000 0.0125000 0.0015625
vn 0.7071068 0.7071068 0.0000000
v 0.0125000 0.0125000 0.0046875
vn 0.7071068 0.7071068 0.0000000
v 0.0125000 0.0125000 0.0078125
vn 0.7071068 0.7071068 0.0000000
v 0.0125000 0.0125000 0.0109375
vn 0.7071068 0.7071068 0.0000000
v 0.0125000 0.0125000 0.0140625
vn 0.7071068 0.7071068 0.0000000
v 0.0125000 0.0125000 0.0171875
vn 0.7071067 0.7071068 0.0000000
v 0.0125000 0.0125000 0.0203125
vn 0.7071068 0.7071068 0.0000000
v 0.0125000 0.0125000 0.0234375
vn 0.0000000 1.0000000 0.0000000
v 0.0053968 0.0125000 0.0168045
vn 0.0000000 1.0000000 0.0000000
v -0.0070442 0.0125000 0.0043469
vn 0.0000000 1.0000000 0.0000000
v -0.0111740 0.0125000 0.0009219
vn -0.7071068 0.7071068 0.0000000
v -0.0125000 0.0125000 0.0015625
vn -0.7071067 0.7071068 0.0000000
v -0.0125000 0.0125000 0.0046875
vn -0.7071068 0.7071068 0.0000000
v -0.0125000 0.0125000 0.0078125
vn -0.7071068 0.7071068 0.0000000
v -0.0125000 0.0125000 0.0109375
vn -0.7071068 0.7071068 0.0000000
v -0.0125000 0.0125000 0.0140625
vn -0.7071068 0.7071068 0.0000000
v -0.0125000 0.0125000 0.0171875
vn -0.7071068 0.7071068 0.0000000
v -0.0125000 0.0125000 0.0203125
vn -0.7071068 0.7071068 0.0000000
v -0.0125000 0.0125000 0.0234375
vn -1.0000000 0.0000000 0.0000000
v -0.0125000 0.0053991 0.0168303
vn -1.0000000 0.0000000 0.0000000
v -0.0125000 -0.0070351 0.0043591
vn -1.0000000 0.0000000 0.0000000
v -0.0125000 -0.0115168 0.0010376
vn -0.7071068 -0.7071068 0.0000000
v -0.0125000 -0.0125000 0.0015625
vn -0.7071068 -0.7071068 0.0000000
v -0.0125000 -0.0125000 0.0046875
vn -0.7071068 -0.7071068 0.0000000
v -0.0125000 -0.0125000 0.0078125
vn -0.7071068 -0.7071068 0.0000000
v -0.0125000 -0.0125000 0.0109375
vn -0.7071068 -0.7071068 0.0000000
v -0.0125000 -0.0125000 0.0140625
vn -0.7071068 -0.7071068 0.0000000
v -0.0125000 -0.0125000 0.0171875
vn -0.7071068 -0.7071068 0.0000000
v -0.0125000 -0.0125000 0.0203125
vn -0.7071068 -0.7071068 0.0000000
v -0.0125000 -0.0125000 0.0234375
vn 0.0000000 -1.0000000 0.0000000
v -0.0109896 -0.0125000 0.0240506
vn 0.0000000 -1.0000000 0.0000000
v -0.0069727 -0.0125000 0.0211080
vn 0.0000000 -1.0000000 0.0000000
v -0.0054029 -0.0125000 0.0168088
vn 0.0000000 -1.0000000 0.0000000
v 0.0070373 -0.0125000 0.0043529
vn 0.0000000 -1.0000000 0.0000000
v 0.0114899 -0.0125000 0.0010379
vn 0.0000000 0.0000000 1.0000000
v 0.0160357 0.0173080 0.0000000
vn 0.0000000 0.0000000 1.0000000
v 0.0123600 0.0189822 0.0000000
vn 0.0000000 0.0000000 1.0000000
v 0.0130088 0.0175723 0.0000000
vn 0.0000000 0.0000000 1.0000000
v 0.0096404 0.0174717 0.0000000
vn 0.0000000 0.7071068 0.7071068
v -0.0125000 0.0200000 0.0000000
vn 0.0000000 0.0000000 1.0000000
v -0.0032818 0.0145791 0.0000000
vn 0.0000000 0.0000000 1.0000000
v -0.0186982 0.0171363 0.0000000
vn -0.7071068 0.0000000 0.7071068
v -0.0200000 0.0025000 0.0000000
vn 0.0000000 0.0000000 1.0000000
v -0.0176772 0.0103513 0.0000000
vn -0.7071068 0.0000000 0.7071068
v -0.0200000 -0.0125000 0.0000000
vn 0.0000000 0.0000000 1.0000000
v -0.0138885 -0.0026884 0.0000000
vn 0.0000000 0.0000000 1.0000000
v -0.0154454 0.0053329 0.0000000
vn 0.0000000 0.0000000 1.0000000
v -0.0168376 0.0093377 0.0000000
vn 0.0000000 -0.7071068 0.7071068
v -0.0075000 -0.0200000 0.0000000
vn 0.0000000 -0.7071068 0.7071068
v -0.0025000 -0.0200000 0.0000000
vn 0.0000000 0.0000000 1.0000000
v -0.0103962 -0.0181442 0.0000000
vn 0.0000000 -0.7071068 0.7071068
v 0.0075000 -0.0200000 0.0000000
vn 0.0000000 -0.7071068 0.7071068
v 0.0175000 -0.0200000 0.0000000
vn 0.0000000 0.0000000 1.0000000
v 0.0027092 -0.0139461 0.0000000
vn 0.0000000 0.0000000 1.0000000
v -0.0053298 -0.0154508 0.0000000
vn 0.0000000 0.0000000 1.0000000
v -0.0093011 -0.0169306 0.0000000
vn 0.0000000 0.0000000 1.0000000
v -0.0175174 -0.0188933 0.0000000
vn 0.0000000 0.0000000 1.0000000
v 0.0186153 -0.0169736 0.0000000
vn 0.7071068 0.0000000 0.7071068
v 0.0200000 -0.0075000 0.0000000
vn 0.0000000 0.0000000 1.0000000
v 0.0165337 -0.0059503 0.0000000
vn 0.7071068 0.0000000 0.7071068
v 0.0200000 0.0125000 0.0000000
vn 0.0000000 0.0000000 1.0000000
v 0.0146325 0.0034598 0.0000000
vn 0.0000000 0.0000000 1.0000000
v 0.0152851 -0.0056309 0.0000000
vn 0.0000000 0.0000000 1.0000000
v 0.0173471 -0.0094731 0.0000000
vn 0.0000000 0.0000000 1.0000000
v -0.0008530 0.0137722 0.0000000
vn 0.0000000 0.0000000 1.0000000
v 0.0143080 0.0148205 0.0000000
vn 0.0000000 0.0000000 1.0000000
v 0.0087558 0.0161187 0.0000000
vn 0.0000000 0.0000000 1.0000000
v 0.0168348 0.0185908 0.0000000
vn -0.7071067 0.0000000 -0.7071068
v -0.0200000 0.0150000 -0.0030000
vn -0.7071068 0.0000000 -0.7071068
v -0.0200000 0.0050000 -0.0030000
vn -0.7071068 0.0000000 -0.7071068
v -0.0200000 -0.0043750 -0.0030000
vn -0.7071068 0.0000000 -0.7071068
v -0.0200000 -0.0150000 -0.0030000
vn 0.0000000 0.0000000 -1.0000000
v -0.0177767 -0.0170403 -0.0030000
vn 0.0000000 0.0000000 -1.0000000
v -0.0138594 -0.0117555 -0.0030000
vn 0.0000000 0.0000000 -1.0000000
v -0.0078327 -0.0062742 -0.0030000
vn 0.0000000 0.0000000 -1.0000000
v -0.0029208 -0.0013322 -0.0030000
vn 0.0000000 0.0000000 -1.0000000
v 0.0024947 0.0033703 -0.0030000
vn 0.0000000 0.0000000 -1.0000000
v 0.0075000 0.0079472 -0.0030000
vn 0.0000000 0.0000000 -1.0000000
v 0.0124595 0.0124680 -0.0030000
vn 0.0000000 0.7071068 -0.7071068
v 0.0125000 0.0200000 -0.0030000
vn 0.0000000 0.0000000 -1.0000000
v 0.0174596 0.0166841 -0.0030000
vn 0.7071067 0.0000000 -0.7071068
v 0.0200000 0.0075000 -0.0030000
vn 0.0000000 -0.7071068 -0.7071068
v 0.0075000 -0.0200000 -0.0030000
vn 0.0000000 -0.7071068 -0.7071068
v -0.0125000 -0.0200000 -0.0030000
vn 0.0000000 -1.0000000 0.0000000
v 0.0077007 -0.0200000 -0.0008597
vn 0.0000000 -1.0000000 0.0000000
v 0.0065423 -0.0200000 -0.0017023
vn 0.0000000 -1.0000000 0.0000000
v 0.0050236 -0.0200000 -0.0021790
vn 1.0000000 0.0000000 0.0000000
v 0.0200000 -0.0089118 -0.0008769
vn 0.0000000 1.0000000 0.0000000
v -0.0172788 0.0200000 -0.0021890
vn 1.0000000 0.0000000 0.0000000
v 0.0125000 -0.0035355 0.0082111
vn 1.0000000 0.0000000 0.0000000
v 0.0125000 0.0035108 0.0168478
vn 0.0000000 1.0000000 0.0000000
v 0.0035356 0.0125000 0.0082111
vn 0.0000000 1.0000000 0.0000000
v -0.0035036 0.0125000 0.0168463
vn -1.0000000 0.0000000 0.0000000
v -0.0125000 0.0035355 0.0082111
vn -1.0000000 0.0000000 0.0000000
v -0.0125000 -0.0035036 0.0168463
vn 0.0000000 -1.0000000 0.0000000
v -0.0035355 -0.0125000 0.0082111
vn 0.0000000 -1.0000000 0.0000000
v 0.0035155 -0.0125000 0.0168106
vn 0.0000000 0.0000000 -1.0000000
v -0.0062493 0.0127308 -0.0030000
vn 0.0000000 0.0000000 -1.0000000
v -0.0074999 0.0138631 -0.0030000
vn 0.0000000 0.0000000 -1.0000000
v -0.0062445 0.0140222 -0.0030000
vn 0.0000000 0.0000000 -1.0000000
v 0.0062500 -0.0060208 -0.0030000
vn 0.0000000 0.0000000 -1.0000000
v 0.0075000 -0.0060591 -0.0030000
vn 0.0000000 0.0000000 -1.0000000
v 0.0062500 -0.0073086 -0.0030000
vn 1.0000000 0.0000000 0.0000000
v 0.0125000 -0.0082614 0.0167243
vn 1.0000000 0.0000000 0.0000000
v 0.0125000 -0.0080718 0.0042436
vn 1.0000000 0.0000000 0.0000000
v 0.0125000 0.0042471 0.0043054
vn 1.0000000 0.0000000 0.0000000
v 0.0125000 0.0082142 0.0082767
vn 1.0000000 0.0000000 0.0000000
v 0.0125000 0.0082216 0.0207346
vn 1.0000000 0.0000000 0.0000000
v 0.0125000 -0.0042810 0.0207028
vn 0.0000000 1.0000000 0.0000000
v 0.0082568 0.0125000 0.0167386
vn 0.0000000 1.0000000 0.0000000
v 0.0080727 0.0125000 0.0042427
vn 0.0000000 1.0000000 0.0000000
v -0.0042460 0.0125000 0.0043031
vn 0.0000000 1.0000000 0.0000000
v -0.0082143 0.0125000 0.0082766
vn 0.0000000 1.0000000 0.0000000
v -0.0082540 0.0125000 0.0208037
vn 0.0000000 1.0000000 0.0000000
v 0.0042490 0.0125000 0.0206760
vn -1.0000000 0.0000000 0.0000000
v -0.0125000 0.0082686 0.0167724
vn -1.0000000 0.0000000 0.0000000
v -0.0125000 0.0080727 0.0042427
vn -1.0000000 0.0000000 0.0000000
v -0.0125000 -0.0042471 0.0043054
vn -1.0000000 0.0000000 0.0000000
v -0.0125000 -0.0082142 0.0082767
vn -1.0000000 0.0000000 0.0000000
v -0.0125000 -0.0082531 0.0208028
vn -1.0000000 0.0000000 0.0000000
v -0.0125000 0.0042968 0.0207400
vn 0.0000000 -1.0000000 0.0000000
v -0.0082623 -0.0125000 0.0167324
vn 0.0000000 -1.0000000 0.0000000
v -0.0080727 -0.0125000 0.0042427
vn 0.0000000 -1.0000000 0.0000000
v 0.0042470 -0.0125000 0.0043046
vn 0.0000000 -1.0000000 0.0000000
v 0.0082150 -0.0125000 0.0082755
vn 0.0000000 -1.0000000 0.0000000
v 0.0081207 -0.0125000 0.0207550
vn 0.0000000 -1.0000000 0.0000000
v -0.0042713 -0.0125000 0.0206915
vn -0.7071068 0.0000000 0.7071068
v -0.0200000 0.0162500 0.0000000
vn 0.0000000 0.0000000 -1.0000000
v -0.0132920 0.0003275 -0.0030000
vn 0.0000000 0.0000000 -1.0000000
v -0.0132187 -0.0011226 -0.0030000
vn 0.0000000 0.0000000 -1.0000000
v 0.0074989 0.0141033 -0.0030000
vn 0.0000000 0.0000000 -1.0000000
v 0.0062485 0.0129716 -0.0030000
vn 0.0000000 0.0000000 -1.0000000
v 0.0062417 0.0141990 -0.0030000
vn 0.0000000 0.0000000 -1.0000000
v 0.0125000 0.0064741 -0.0030000
vn 0.0000000 0.0000000 -1.0000000
v 0.0137499 0.0076841 -0.0030000
vn 0.0000000 0.0000000 -1.0000000
v 0.0137500 0.0064336 -0.0030000
vn 0.0000000 0.0000000 -1.0000000
v 0.0125000 -0.0137427 -0.0030000
vn 0.0000000 0.0000000 -1.0000000
v 0.0137500 -0.0124927 -0.0030000
vn 0.0000000 0.0000000 -1.0000000
v 0.0137500 -0.0137450 -0.0030000
vn 0.0000000 0.0000000 -1.0000000
v -0.0075009 -0.0133289 -0.0030000
vn 0.0000000 0.0000000 -1.0000000
v -0.0062508 -0.0120386 -0.0030000
vn 0.0000000 0.0000000 -1.0000000
v -0.0062501 -0.0134016 -0.0030000
vn 0.7071068 0.0000000 0.7071068
v 0.0200000 0.0012500 0.0000000
vn 0.0000000 0.7071068 0.7071068
v 0.0187500 0.0200000 0.0000000
vn 0.0000000 0.7071068 -0.7071067
v -0.0187500 0.0200000 -0.0030000
vn -0.9999708 -0.0076221 0.0005372
v 0.0084984 0.0000724 0.0092211
vn 1.0000000 0.0000000 0.0000000
v 0.0125000 -0.0081674 0.0105087
vn 1.0000000 0.0000000 0.0000000
v 0.0125000 -0.0018589 0.0042831
vn 1.0000000 0.0000000 0.0000000
v 0.0125000 -0.0021107 0.0105931
vn 1.0000000 0.0000000 0.0000000
v 0.0125000 0.0081647 0.0144978
vn 1.0000000 0.0000000 0.0000000
v 0.0125000 0.0017969 0.0208840
vn 1.0000000 0.0000000 0.0000000
v 0.0125000 0.0020077 0.0145070
vn 0.0000000 1.0000000 0.0000000
v 0.0081674 0.0125000 0.0105087
vn 0.0000000 1.0000000 0.0000000
v 0.0018600 0.0125000 0.0042830
vn 0.0000000 1.0000000 0.0000000
v 0.0021107 0.0125000 0.0105931
vn 0.0000000 1.0000000 0.0000000
v -0.0081646 0.0125000 0.0144979
vn 0.0000000 1.0000000 0.0000000
v -0.0017680 0.0125000 0.0208260
vn 0.0000000 1.0000000 0.0000000
v -0.0020072 0.0125000 0.0145069
vn -1.0000000 0.0000000 0.0000000
v -0.0125000 0.0081674 0.0105087
vn -1.0000000 0.0000000 0.0000000
v -0.0125000 0.0018589 0.0042831
vn -1.0000000 0.0000000 0.0000000
v -0.0125000 0.0021107 0.0105931
vn -1.0000000 0.0000000 0.0000000
v -0.0125000 -0.0081645 0.0144979
vn -1.0000000 0.0000000 0.0000000
v -0.0125000 -0.0017679 0.0208262
vn -1.0000000 0.0000000 0.0000000
v -0.0125000 -0.0020072 0.0145069
vn 0.0000000 -1.0000000 0.0000000
v -0.0081674 -0.0125000 0.0105086
vn 0.0000000 -1.0000000 0.0000000
v -0.0018589 -0.0125000 0.0042831
vn 0.0000000 -1.0000000 0.0000000
v -0.0021107 -0.0125000 0.0105931
vn 0.0000000 -1.0000000 0.0000000
v 0.0081643 -0.0125000 0.0144960
vn 0.0000000 -1.0000000 0.0000000
v 0.0018481 -0.0125000 0.0206900
vn 0.0000000 -1.0000000 0.0000000
v 0.0020088 -0.0125000 0.0145045
vn 0.0000000 0.0000000 1.0000000
v 0.0023399 0.0170728 0.0000000
vn 0.0000000 0.0000000 1.0000000
v 0.0174658 -0.0020531 0.0000000
vn 0.0000000 0.0000000 -1.0000000
v -0.0125170 0.0160514 -0.0030000
vn 0.0000000 0.0000000 -1.0000000
v -0.0138091 0.0159576 -0.0030000
vn 0.0000000 0.0000000 -1.0000000
v -0.0137664 0.0173374 -0.0030000
vn 0.0000000 0.0000000 -1.0000000
v -0.0023050 0.0167058 -0.0030000
vn 0.0000000 0.0000000 -1.0000000
v -0.0036477 0.0174642 -0.0030000
vn 0.0000000 0.0000000 -1.0000000
v -0.0038458 0.0188185 -0.0030000
vn 0.0000000 0.0000000 -1.0000000
v -0.0025158 0.0069753 -0.0030000
vn 0.0000000 0.0000000 -1.0000000
v -0.0038036 0.0065950 -0.0030000
vn 0.0000000 0.0000000 -1.0000000
v -0.0037666 0.0079545 -0.0030000
vn 0.0000000 0.0000000 -1.0000000
v 0.0125000 -0.0036347 -0.0030000
vn 0.0000000 0.0000000 -1.0000000
v 0.0137500 -0.0023912 -0.0030000
vn 0.0000000 0.0000000 -1.0000000
v 0.0137500 -0.0036665 -0.0030000
vn 0.0000000 0.0000000 -1.0000000
v 0.0025000 -0.0136402 -0.0030000
vn 0.0000000 0.0000000 -1.0000000
v 0.0037500 -0.0123839 -0.0030000
vn 0.0000000 0.0000000 -1.0000000
v 0.0037500 -0.0136662 -0.0030000
vn 0.0000000 0.0000000 -1.0000000
v 0.0024995 -0.0032344 -0.0030000
vn 0.0000000 0.0000000 -1.0000000
v 0.0037497 -0.0019965 -0.0030000
vn 0.0000000 0.0000000 -1.0000000
v 0.0037499 -0.0033109 -0.0030000
vn 0.0000000 -0.7071068 0.7071068
v 0.0037500 -0.0200000 0.0000000
vn 0.0000000 -1.0000000 0.0000000
v 0.0006178 -0.0200000 -0.0015015
vn 0.0000000 1.0000000 0.0000000
v -0.0085043 0.0200000 -0.0012145
vn 0.0000000 0.0000000 1.0000000
v 0.0074827 0.0004278 0.0000000
vn -0.5100189 0.4513327 0.7322429
v 0.0062113 -0.0056591 0.0000000
vn 0.5944062 0.8041567 0.0036558
v -0.0050373 -0.0068441 0.0165865
vn -0.5945812 -0.8040254 0.0040631
v 0.0050357 0.0068452 0.0162495
vn -0.8780236 -0.4786173 0.0004078
v 0.0074632 0.0040641 0.0088080
vn 0.1885740 0.9820580 0.0013699
v -0.0016087 -0.0083445 0.0072348
vn 0.0000000 0.0000000 1.0000000
v 0.0096923 -0.0009129 0.0250000
vn 1.0000000 0.0000000 0.0000000
v 0.0125000 -0.0097037 0.0203386
vn 1.0000000 0.0000000 0.0000000
v 0.0125000 -0.0096721 0.0143453
vn 1.0000000 0.0000000 0.0000000
v 0.0125000 -0.0096579 0.0080977
vn 1.0000000 0.0000000 0.0000000
v 0.0125000 -0.0101258 0.0011433
vn 1.0000000 0.0000000 0.0000000
v 0.0125000 -0.0039705 0.0012227
vn 1.0000000 0.0000000 0.0000000
v 0.0125000 0.0022798 0.0012257
vn 1.0000000 0.0000000 0.0000000
v 0.0125000 0.0087637 0.0013203
vn 1.0000000 0.0000000 0.0000000
v 0.0125000 0.0097371 0.0044606
vn 1.0000000 0.0000000 0.0000000
v 0.0125000 0.0096649 0.0106614
vn 1.0000000 0.0000000 0.0000000
v 0.0125000 0.0096617 0.0169071
vn 1.0000000 0.0000000 0.0000000
v 0.0125000 0.0101315 0.0238523
vn 1.0000000 0.0000000 0.0000000
v 0.0125000 -0.0023352 0.0238121
vn 1.0000000 0.0000000 0.0000000
v 0.0125000 -0.0083738 0.0238931
vn 0.0000000 1.0000000 0.0000000
v 0.0096233 0.0125000 0.0204983
vn 0.0000000 1.0000000 0.0000000
v 0.0096717 0.0125000 0.0143469
vn 0.0000000 1.0000000 0.0000000
v 0.0096580 0.0125000 0.0080976
vn 0.0000000 1.0000000 0.0000000
v 0.0101267 0.0125000 0.0011410
vn 0.0000000 1.0000000 0.0000000
v 0.0039709 0.0125000 0.0012228
vn 0.0000000 1.0000000 0.0000000
v -0.0022762 0.0125000 0.0012239
vn 0.0000000 1.0000000 0.0000000
v -0.0085743 0.0125000 0.0011185
vn 0.0000000 1.0000000 0.0000000
v -0.0097627 0.0125000 0.0044817
vn 0.0000000 1.0000000 0.0000000
v -0.0096649 0.0125000 0.0106614
vn 0.0000000 1.0000000 0.0000000
v -0.0096618 0.0125000 0.0169081
vn 0.0000000 1.0000000 0.0000000
v -0.0101403 0.0125000 0.0238406
vn 0.0000000 1.0000000 0.0000000
v 0.0023342 0.0125000 0.0238116
vn -1.0000000 0.0000000 0.0000000
v -0.0125000 0.0098740 0.0206338
vn -1.0000000 0.0000000 0.0000000
v -0.0125000 0.0096728 0.0143498
vn -1.0000000 0.0000000 0.0000000
v -0.0125000 0.0096580 0.0080976
vn -1.0000000 0.0000000 0.0000000
v -0.0125000 0.0101267 0.0011410
vn -1.0000000 0.0000000 0.0000000
v -0.0125000 0.0039706 0.0012227
vn -1.0000000 0.0000000 0.0000000
v -0.0125000 -0.0022798 0.0012257
vn -1.0000000 0.0000000 0.0000000
v -0.0125000 -0.0087637 0.0013203
vn -1.0000000 0.0000000 0.0000000
v -0.0125000 -0.0097371 0.0044606
vn -1.0000000 0.0000000 0.0000000
v -0.0125000 -0.0096649 0.0106614
vn -1.0000000 0.0000000 0.0000000
v -0.0125000 -0.0096617 0.0169080
vn -1.0000000 0.0000000 0.0000000
v -0.0125000 -0.0101393 0.0238383
vn -1.0000000 0.0000000 0.0000000
v -0.0125000 0.0023342 0.0238175
vn 0.0000000 -1.0000000 0.0000000
v -0.0097172 -0.0125000 0.0203470
vn 0.0000000 -1.0000000 0.0000000
v -0.0096721 -0.0125000 0.0143453
vn 0.0000000 -1.0000000 0.0000000
v -0.0096580 -0.0125000 0.0080976
vn 0.0000000 -1.0000000 0.0000000
v -0.0101267 -0.0125000 0.0011410
vn 0.0000000 -1.0000000 0.0000000
v -0.0039706 -0.0125000 0.0012227
vn 0.0000000 -1.0000000 0.0000000
v 0.0022797 -0.0125000 0.0012257
vn 0.0000000 -1.0000000 0.0000000
v 0.0087532 -0.0125000 0.0013276
vn 0.0000000 -1.0000000 0.0000000
v 0.0097417 -0.0125000 0.0044643
vn 0.0000000 -1.0000000 0.0000000
v 0.0096651 -0.0125000 0.0106611
vn 0.0000000 -1.0000000 0.0000000
v 0.0096570 -0.0125000 0.0169023
vn 0.0000000 -1.0000000 0.0000000
v 0.0101086 -0.0125000 0.0237198
vn 0.0000000 -1.0000000 0.0000000
v -0.0023319 -0.0125000 0.0238075
vn 0.0000000 -1.0000000 0.0000000
v -0.0083845 -0.0125000 0.0238976
vn 0.0000000 0.0000000 1.0000000
v -0.0177379 0.0039402 0.0000000
vn 0.0000000 0.0000000 1.0000000
v -0.0187965 -0.0161722 0.0000000
vn 0.0000000 0.0000000 1.0000000
v -0.0039412 -0.0177571 0.0000000
vn -1.0000000 0.0000000 0.0000000
v -0.0200000 -0.0167581 -0.0015466
vn 0.0000000 0.0000000 -1.0000000
v -0.0154757 -0.0084625 -0.0030000
vn 0.0000000 0.0000000 -1.0000000
v -0.0154782 -0.0114915 -0.0030000
vn 0.0000000 0.0000000 -1.0000000
v -0.0170113 -0.0104169 -0.0030000
vn 0.0000000 0.0000000 -1.0000000
v -0.0157892 0.0110739 -0.0030000
vn 0.0000000 0.0000000 -1.0000000
v -0.0158954 0.0084026 -0.0030000
vn 0.0000000 0.0000000 -1.0000000
v -0.0171535 0.0092013 -0.0030000
vn 0.0000000 0.0000000 -1.0000000
v -0.0056130 0.0016128 -0.0030000
vn 0.0000000 0.0000000 -1.0000000
v -0.0065269 0.0000741 -0.0030000
vn 0.0000000 0.0000000 -1.0000000
v 0.0037500 0.0082783 -0.0030000
vn 0.0000000 0.0000000 -1.0000000
v 0.0037499 0.0070212 -0.0030000
vn 0.0000000 0.0000000 -1.0000000
v 0.0024997 0.0072259 -0.0030000
vn 0.0000000 0.0000000 -1.0000000
v 0.0032204 0.0174324 -0.0030000
vn 0.0000000 0.0000000 -1.0000000
v 0.0137481 0.0175450 -0.0030000
vn 0.0000000 0.0000000 -1.0000000
v 0.0137397 0.0162693 -0.0030000
vn 0.0000000 0.0000000 -1.0000000
v 0.0124975 0.0163548 -0.0030000
vn 0.0000000 0.0000000 -1.0000000
v 0.0161981 0.0126747 -0.0030000
vn 0.0000000 0.0000000 -1.0000000
v 0.0161538 0.0140941 -0.0030000
vn 0.0000000 0.0000000 -1.0000000
v 0.0174395 0.0138891 -0.0030000
vn 0.0000000 0.0000000 -1.0000000
v 0.0162500 0.0026009 -0.0030000
vn 0.0000000 0.0000000 -1.0000000
v 0.0162500 0.0038549 -0.0030000
vn 0.0000000 0.0000000 -1.0000000
v 0.0175000 0.0038190 -0.0030000
vn 0.0000000 0.0000000 -1.0000000
v 0.0062500 0.0030033 -0.0030000
vn 0.0000000 0.0000000 -1.0000000
v 0.0062500 0.0042657 -0.0030000
vn 0.0000000 0.0000000 -1.0000000
v 0.0075000 0.0041886 -0.0030000
vn 0.0000000 0.0000000 -1.0000000
v 0.0162500 -0.0074896 -0.0030000
vn 0.0000000 0.0000000 -1.0000000
v 0.0162500 -0.0062355 -0.0030000
vn 0.0000000 0.0000000 -1.0000000
v 0.0175000 -0.0062421 -0.0030000
vn 0.0000000 0.0000000 -1.0000000
v 0.0162522 -0.0175017 -0.0030000
vn 0.0000000 0.0000000 -1.0000000
v 0.0162506 -0.0162500 -0.0030000
vn 0.0000000 0.0000000 -1.0000000
v 0.0175022 -0.0162517 -0.0030000
vn 0.0000000 0.0000000 -1.0000000
v 0.0062500 -0.0174921 -0.0030000
vn 0.0000000 0.0000000 -1.0000000
v 0.0062500 -0.0162355 -0.0030000
vn 0.0000000 0.0000000 -1.0000000
v 0.0075000 -0.0162396 -0.0030000
vn 0.0000000 0.0000000 -1.0000000
v -0.0037667 -0.0067506 -0.0030000
vn 0.0000000 0.0000000 -1.0000000
v -0.0038058 -0.0053656 -0.0030000
vn 0.0000000 0.0000000 -1.0000000
v -0.0025173 -0.0055042 -0.0030000
vn 0.0000000 0.0000000 -1.0000000
v -0.0037500 -0.0174237 -0.0030000
vn 0.0000000 0.0000000 -1.0000000
v -0.0037500 -0.0161285 -0.0030000
vn 0.0000000 0.0000000 -1.0000000
v -0.0025000 -0.0161410 -0.0030000
vn 0.0000000 0.0000000 -1.0000000
v -0.0137667 -0.0171978 -0.0030000
vn 0.0000000 0.0000000 -1.0000000
v -0.0138121 -0.0157657 -0.0030000
vn 0.0000000 0.0000000 -1.0000000
v -0.0125180 -0.0158306 -0.0030000
vn 0.0000000 -1.0000000 0.0000000
v -0.0118716 -0.0200000 -0.0014970
vn 0.0000000 -0.7071068 -0.7071068
v 0.0012500 -0.0200000 -0.0030000
vn 0.7071068 0.0000000 -0.7071068
v 0.0200000 0.0012500 -0.0030000
vn 0.0000000 0.7071068 -0.7071068
v -0.0012500 0.0200000 -0.0030000
vn 0.0000000 0.0000000 1.0000000
v 0.0024620 -0.0018516 0.0000000
vn 1.0000000 0.0000000 0.0000000
v 0.0125000 -0.0050725 0.0074203
vn 1.0000000 0.0000000 0.0000000
v 0.0125000 -0.0019825 0.0074343
vn 1.0000000 0.0000000 0.0000000
v 0.0125000 -0.0051098 0.0105558
vn 1.0000000 0.0000000 0.0000000
v 0.0125000 0.0050747 0.0176846
vn 1.0000000 0.0000000 0.0000000
v 0.0125000 0.0019428 0.0176320
vn 1.0000000 0.0000000 0.0000000
v 0.0125000 0.0050842 0.0144772
vn 0.0000000 1.0000000 0.0000000
v 0.0050726 0.0125000 0.0074203
vn 0.0000000 1.0000000 0.0000000
v 0.0019826 0.0125000 0.0074343
vn 0.0000000 1.0000000 0.0000000
v 0.0051098 0.0125000 0.0105558
vn 0.0000000 1.0000000 0.0000000
v -0.0050583 0.0125000 0.0176854
vn 0.0000000 1.0000000 0.0000000
v -0.0019333 0.0125000 0.0176284
vn 0.0000000 1.0000000 0.0000000
v -0.0050836 0.0125000 0.0144771
vn -1.0000000 0.0000000 0.0000000
v -0.0125000 0.0050726 0.0074203
vn -1.0000000 0.0000000 0.0000000
v -0.0125000 0.0019825 0.0074343
vn -1.0000000 0.0000000 0.0000000
v -0.0125000 0.0051098 0.0105558
vn -1.0000000 0.0000000 0.0000000
v -0.0125000 -0.0050583 0.0176854
vn -1.0000000 0.0000000 0.0000000
v -0.0125000 -0.0019333 0.0176284
vn -1.0000000 0.0000000 0.0000000
v -0.0125000 -0.0050836 0.0144771
vn 0.0000000 -1.0000000 0.0000000
v -0.0050726 -0.0125000 0.0074203
vn 0.0000000 -1.0000000 0.0000000
v -0.0019825 -0.0125000 0.0074343
vn 0.0000000 -1.0000000 0.0000000
v -0.0051098 -0.0125000 0.0105558
vn 0.0000000 -1.0000000 0.0000000
v 0.0050611 -0.0125000 0.0175935
vn 0.0000000 -1.0000000 0.0000000
v 0.0019550 -0.0125000 0.0175944
vn 0.0000000 -1.0000000 0.0000000
v 0.0050846 -0.0125000 0.0144726
vn 0.0000000 0.0000000 1.0000000
v -0.0022037 0.0167582 0.0000000
vn 0.0000000 0.0000000 -1.0000000
v -0.0074952 0.0164177 -0.0030000
vn 0.0000000 0.0000000 -1.0000000
v -0.0087494 0.0163134 -0.0030000
vn 0.0000000 0.0000000 -1.0000000
v -0.0087490 0.0175757 -0.0030000
vn 0.0000000 0.0000000 -1.0000000
v -0.0024662 0.0122431 -0.0030000
vn 0.0000000 0.0000000 -1.0000000
v -0.0037415 0.0118847 -0.0030000
vn 0.0000000 0.0000000 -1.0000000
v -0.0037121 0.0132095 -0.0030000
vn 0.0000000 0.0000000 -1.0000000
v -0.0075168 0.0112198 -0.0030000
vn 0.0000000 0.0000000 -1.0000000
v -0.0088054 0.0110152 -0.0030000
vn 0.0000000 0.0000000 -1.0000000
v -0.0087663 0.0123766 -0.0030000
vn 0.0000000 0.0000000 -1.0000000
v 0.0075000 -0.0086269 -0.0030000
vn 0.0000000 0.0000000 -1.0000000
v 0.0087500 -0.0073770 -0.0030000
vn 0.0000000 0.0000000 -1.0000000
v 0.0087500 -0.0086572 -0.0030000
vn 0.0000000 0.0000000 -1.0000000
v 0.0025000 -0.0084808 -0.0030000
vn 0.0000000 0.0000000 -1.0000000
v 0.0037500 -0.0072285 -0.0030000
vn 0.0000000 0.0000000 -1.0000000
v 0.0037500 -0.0085222 -0.0030000
vn 0.0000000 0.0000000 -1.0000000
v 0.0075000 -0.0034835 -0.0030000
vn 0.0000000 0.0000000 -1.0000000
v 0.0087500 -0.0022405 -0.0030000
vn 0.0000000 0.0000000 -1.0000000
v 0.0087500 -0.0035261 -0.0030000
vn 0.7071068 0.0000000 -0.7071068
v 0.0200000 -0.0112500 -0.0030000
vn -0.2908994 0.9567530 -0.0011707
v 0.0025151 -0.0081185 0.0101936
vn 0.0000000 0.0000000 1.0000000
v -0.0095016 -0.0066973 0.0250000
vn 1.0000000 0.0000000 0.0000000
v 0.0125000 -0.0097123 0.0174271
vn 1.0000000 0.0000000 0.0000000
v 0.0125000 -0.0067093 0.0144495
vn 1.0000000 0.0000000 0.0000000
v 0.0125000 -0.0068875 0.0175171
vn 1.0000000 0.0000000 0.0000000
v 0.0125000 -0.0096139 0.0049697
vn 1.0000000 0.0000000 0.0000000
v 0.0125000 -0.0070892 0.0012161
vn 1.0000000 0.0000000 0.0000000
v 0.0125000 -0.0065718 0.0050634
vn 1.0000000 0.0000000 0.0000000
v 0.0125000 0.0026872 0.0050966
vn 1.0000000 0.0000000 0.0000000
v 0.0125000 0.0053879 0.0012624
vn 1.0000000 0.0000000 0.0000000
v 0.0125000 0.0055844 0.0051146
vn 1.0000000 0.0000000 0.0000000
v 0.0125000 0.0096871 0.0075556
vn 1.0000000 0.0000000 0.0000000
v 0.0125000 0.0066626 0.0105956
vn 1.0000000 0.0000000 0.0000000
v 0.0125000 0.0096506 0.0200300
vn 1.0000000 0.0000000 0.0000000
v 0.0125000 0.0070586 0.0236943
vn 1.0000000 0.0000000 0.0000000
v 0.0125000 0.0068228 0.0200412
vn 1.0000000 0.0000000 0.0000000
v 0.0125000 -0.0027355 0.0199469
vn 1.0000000 0.0000000 0.0000000
v 0.0125000 -0.0054361 0.0237158
vn 1.0000000 0.0000000 0.0000000
v 0.0125000 -0.0058419 0.0199798
vn 0.0000000 1.0000000 0.0000000
v 0.0097081 0.0125000 0.0174519
vn 0.0000000 1.0000000 0.0000000
v 0.0067083 0.0125000 0.0144507
vn 0.0000000 1.0000000 0.0000000
v 0.0068713 0.0125000 0.0175395
vn 0.0000000 1.0000000 0.0000000
v 0.0096148 0.0125000 0.0049687
vn 0.0000000 1.0000000 0.0000000
v 0.0070896 0.0125000 0.0012156
vn 0.0000000 1.0000000 0.0000000
v 0.0065721 0.0125000 0.0050632
vn 0.0000000 1.0000000 0.0000000
v -0.0026860 0.0125000 0.0050957
vn 0.0000000 1.0000000 0.0000000
v -0.0053764 0.0125000 0.0012537
vn 0.0000000 1.0000000 0.0000000
v -0.0055851 0.0125000 0.0051119
vn 0.0000000 1.0000000 0.0000000
v -0.0096874 0.0125000 0.0075556
vn 0.0000000 1.0000000 0.0000000
v -0.0066626 0.0125000 0.0105956
vn 0.0000000 1.0000000 0.0000000
v -0.0096656 0.0125000 0.0200417
vn 0.0000000 1.0000000 0.0000000
v -0.0058459 0.0125000 0.0224041
vn 0.0000000 1.0000000 0.0000000
v -0.0067745 0.0125000 0.0201203
vn 0.0000000 1.0000000 0.0000000
v 0.0027311 0.0125000 0.0199427
vn 0.0000000 1.0000000 0.0000000
v 0.0054211 0.0125000 0.0236873
vn 0.0000000 1.0000000 0.0000000
v 0.0056206 0.0125000 0.0198883
vn -1.0000000 0.0000000 0.0000000
v -0.0125000 0.0097318 0.0174845
vn -1.0000000 0.0000000 0.0000000
v -0.0125000 0.0067096 0.0144561
vn -1.0000000 0.0000000 0.0000000
v -0.0125000 0.0068851 0.0175965
vn -1.0000000 0.0000000 0.0000000
v -0.0125000 0.0096148 0.0049687
vn -1.0000000 0.0000000 0.0000000
v -0.0125000 0.0070896 0.0012156
vn -1.0000000 0.0000000 0.0000000
v -0.0125000 0.0065720 0.0050632
vn -1.0000000 0.0000000 0.0000000
v -0.0125000 -0.0026872 0.0050966
vn -1.0000000 0.0000000 0.0000000
v -0.0125000 -0.0053879 0.0012624
vn -1.0000000 0.0000000 0.0000000
v -0.0125000 -0.0055844 0.0051146
vn -1.0000000 0.0000000 0.0000000
v -0.0125000 -0.0096871 0.0075556
vn -1.0000000 0.0000000 0.0000000
v -0.0125000 -0.0066626 0.0105956
vn -1.0000000 0.0000000 0.0000000
v -0.0125000 -0.0096646 0.0200407
vn -1.0000000 0.0000000 0.0000000
v -0.0125000 -0.0058457 0.0224039
vn -1.0000000 0.0000000 0.0000000
v -0.0125000 -0.0067742 0.0201200
vn -1.0000000 0.0000000 0.0000000
v -0.0125000 0.0027369 0.0199582
vn -1.0000000 0.0000000 0.0000000
v -0.0125000 0.0053675 0.0237620
vn -1.0000000 0.0000000 0.0000000
v -0.0125000 0.0056799 0.0199558
vn 0.0000000 -1.0000000 0.0000000
v -0.0097132 -0.0125000 0.0174320
vn 0.0000000 -1.0000000 0.0000000
v -0.0067093 -0.0125000 0.0144497
vn 0.0000000 -1.0000000 0.0000000
v -0.0068944 -0.0125000 0.0175806
vn 0.0000000 -1.0000000 0.0000000
v -0.0096148 -0.0125000 0.0049687
vn 0.0000000 -1.0000000 0.0000000
v -0.0070896 -0.0125000 0.0012156
vn 0.0000000 -1.0000000 0.0000000
v -0.0065720 -0.0125000 0.0050632
vn 0.0000000 -1.0000000 0.0000000
v 0.0026872 -0.0125000 0.0050965
vn 0.0000000 -1.0000000 0.0000000
v 0.0053826 -0.0125000 0.0012593
vn 0.0000000 -1.0000000 0.0000000
v 0.0055846 -0.0125000 0.0051129
vn 0.0000000 -1.0000000 0.0000000
v 0.0096883 -0.0125000 0.0075542
vn 0.0000000 -1.0000000 0.0000000
v 0.0066628 -0.0125000 0.0105954
vn 0.0000000 -1.0000000 0.0000000
v 0.0096070 -0.0125000 0.0200109
vn 0.0000000 -1.0000000 0.0000000
v 0.0065731 -0.0125000 0.0200026
vn 0.0000000 -1.0000000 0.0000000
v -0.0027303 -0.0125000 0.0199393
vn 0.0000000 -1.0000000 0.0000000
v -0.0054451 -0.0125000 0.0237101
vn 0.0000000 -1.0000000 0.0000000
v -0.0056811 -0.0125000 0.0199874
vn -1.0000000 0.0000000 0.0000000
v -0.0200000 -0.0068744 -0.0015066
vn -0.7071068 0.0000000 0.7071068
v -0.0200000 -0.0062500 0.0000000
vn -0.7071068 0.0000000 0.7071068
v -0.0200000 0.0112500 0.0000000
vn -1.0000000 0.0000000 0.0000000
v -0.0200000 0.0092343 -0.0015540
vn 0.0000000 0.0000000 -1.0000000
v -0.0161616 0.0017041 -0.0030000
vn 0.0000000 0.0000000 -1.0000000
v -0.0158652 -0.0015329 -0.0030000
vn 0.0000000 0.0000000 -1.0000000
v -0.0173531 -0.0004529 -0.0030000
vn 0.0000000 0.0000000 -1.0000000
v -0.0107175 0.0033305 -0.0030000
vn 0.0000000 0.0000000 -1.0000000
v -0.0123627 0.0041958 -0.0030000
vn 0.0000000 0.0000000 -1.0000000
v -0.0106239 -0.0028027 -0.0030000
vn 0.0000000 0.0000000 -1.0000000
v -0.0107070 -0.0058568 -0.0030000
vn 0.0000000 0.0000000 -1.0000000
v -0.0122820 -0.0052856 -0.0030000
vn 0.0000000 0.0000000 -1.0000000
v 0.0037099 0.0133308 -0.0030000
vn 0.0000000 0.0000000 -1.0000000
v 0.0037422 0.0120371 -0.0030000
vn 0.0000000 0.0000000 -1.0000000
v 0.0024728 0.0123317 -0.0030000
vn 0.0000000 0.0000000 -1.0000000
v 0.0087392 0.0176743 -0.0030000
vn 0.0000000 0.0000000 -1.0000000
v 0.0087471 0.0164627 -0.0030000
vn 0.0000000 0.0000000 -1.0000000
v 0.0074745 0.0165509 -0.0030000
vn 0.0000000 0.0000000 -1.0000000
v 0.0087499 0.0128200 -0.0030000
vn 0.0000000 0.0000000 -1.0000000
v 0.0087499 0.0115957 -0.0030000
vn 0.0000000 0.0000000 -1.0000000
v 0.0075000 0.0116625 -0.0030000
vn 0.0000000 0.0000000 -1.0000000
v 0.0162500 0.0076087 -0.0030000
vn 0.0000000 0.0000000 -1.0000000
v 0.0162498 0.0088589 -0.0030000
vn 0.0000000 0.0000000 -1.0000000
v 0.0174999 0.0088224 -0.0030000
vn 0.0000000 0.0000000 -1.0000000
v 0.0112500 0.0027570 -0.0030000
vn 0.0000000 0.0000000 -1.0000000
v 0.0112500 0.0040135 -0.0030000
vn 0.0000000 0.0000000 -1.0000000
v 0.0125000 0.0039695 -0.0030000
vn 0.0000000 0.0000000 -1.0000000
v 0.0112499 0.0077684 -0.0030000
vn 0.0000000 0.0000000 -1.0000000
v 0.0112484 0.0090158 -0.0030000
vn 0.0000000 0.0000000 -1.0000000
v 0.0124981 0.0089736 -0.0030000
vn 0.0000000 0.0000000 -1.0000000
v 0.0162500 -0.0124970 -0.0030000
vn 0.0000000 0.0000000 -1.0000000
v 0.0162500 -0.0112456 -0.0030000
vn 0.0000000 0.0000000 -1.0000000
v 0.0175000 -0.0112476 -0.0030000
vn 0.0000000 0.0000000 -1.0000000
v 0.0112500 -0.0174976 -0.0030000
vn 0.0000000 0.0000000 -1.0000000
v 0.0112500 -0.0162456 -0.0030000
vn 0.0000000 0.0000000 -1.0000000
v 0.0125000 -0.0162470 -0.0030000
vn 0.0000000 0.0000000 -1.0000000
v 0.0112500 -0.0124857 -0.0030000
vn 0.0000000 0.0000000 -1.0000000
v 0.0112500 -0.0112296 -0.0030000
vn 0.0000000 0.0000000 -1.0000000
v 0.0125000 -0.0112357 -0.0030000
vn 0.0000000 0.0000000 -1.0000000
v -0.0037500 -0.0121798 -0.0030000
vn 0.0000000 0.0000000 -1.0000000
v -0.0037501 -0.0108380 -0.0030000
vn 0.0000000 0.0000000 -1.0000000
v -0.0025000 -0.0109039 -0.0030000
vn 0.0000000 0.0000000 -1.0000000
v -0.0087500 -0.0173482 -0.0030000
vn 0.0000000 0.0000000 -1.0000000
v -0.0087502 -0.0159976 -0.0030000
vn 0.0000000 0.0000000 -1.0000000
v -0.0075000 -0.0160444 -0.0030000
vn 0.0000000 0.0000000 -1.0000000
v -0.0087669 -0.0118405 -0.0030000
vn 0.0000000 0.0000000 -1.0000000
v -0.0088050 -0.0104206 -0.0030000
vn 0.0000000 0.0000000 -1.0000000
v -0.0075165 -0.0105472 -0.0030000
vn 0.0000000 -1.0000000 0.0000000
v 0.0137662 -0.0200000 -0.0022467
vn 0.0000000 -1.0000000 0.0000000
v 0.0137664 -0.0200000 -0.0009612
vn 0.0000000 -0.7071068 0.7071068
v -0.0137500 -0.0200000 0.0000000
vn 0.0000000 -0.7071068 -0.7071068
v -0.0037500 -0.0200000 -0.0030000
vn 0.0000000 -0.7071068 -0.7071068
v 0.0137500 -0.0200000 -0.0030000
vn 1.0000000 0.0000000 0.0000000
v 0.0200000 0.0143984 -0.0018132
vn 0.7071068 0.0000000 0.7071068
v 0.0200000 0.0081250 0.0000000
vn 0.7071068 0.0000000 0.7071068
v 0.0200000 -0.0137500 0.0000000
vn 1.0000000 0.0000000 0.0000000
v 0.0200000 -0.0118126 -0.0015000
vn 0.7071068 0.0000000 -0.7071068
v 0.0200000 0.0112500 -0.0030000
vn 0.0000000 1.0000000 0.0000000
v -0.0144774 0.0200000 -0.0015454
vn 0.0000000 0.7071068 0.7071068
v -0.0081250 0.0200000 0.0000000
vn 0.0000000 0.7071068 0.7071068
v 0.0112500 0.0200000 0.0000000
vn 0.0000000 1.0000000 0.0000000
v 0.0111373 0.0200000 -0.0008671
vn 0.0000000 0.7071068 -0.7071068
v 0.0062500 0.0200000 -0.0030000
vn 0.0000000 0.7071068 -0.7071068
v -0.0112500 0.0200000 -0.0030000
vn -0.9997270 -0.0233349 -0.0012432
v 0.0084953 0.0002141 0.0144210
vn -0.9991558 -0.0410754 -0.0007503
v 0.0084924 0.0003476 0.0060029
vn 0.9322652 0.3617752 0.0005946
v -0.0079208 -0.0030784 0.0058392
vn 1.0000000 0.0000000 0.0000000
v 0.0125000 -0.0096622 0.0112233
vn 1.0000000 0.0000000 0.0000000
v 0.0125000 -0.0066279 0.0081919
vn 1.0000000 0.0000000 0.0000000
v 0.0125000 -0.0066484 0.0113225
vn 1.0000000 0.0000000 0.0000000
v 0.0125000 -0.0034597 0.0050756
vn 1.0000000 0.0000000 0.0000000
v 0.0125000 -0.0008439 0.0012230
vn 1.0000000 0.0000000 0.0000000
v 0.0125000 -0.0003539 0.0050826
vn 1.0000000 0.0000000 0.0000000
v 0.0125000 -0.0036262 0.0113607
vn 1.0000000 0.0000000 0.0000000
v 0.0125000 -0.0005035 0.0082383
vn 1.0000000 0.0000000 0.0000000
v 0.0125000 0.0096609 0.0137793
vn 1.0000000 0.0000000 0.0000000
v 0.0125000 0.0066339 0.0168444
vn 1.0000000 0.0000000 0.0000000
v 0.0125000 0.0066342 0.0136968
vn 1.0000000 0.0000000 0.0000000
v 0.0125000 0.0016318 0.0224907
vn 1.0000000 0.0000000 0.0000000
v 0.0125000 0.0003219 0.0200015
vn 1.0000000 0.0000000 0.0000000
v 0.0125000 0.0035511 0.0137149
vn 1.0000000 0.0000000 0.0000000
v 0.0125000 0.0004275 0.0168430
vn 0.0000000 1.0000000 0.0000000
v 0.0096622 0.0125000 0.0112234
vn 0.0000000 1.0000000 0.0000000
v 0.0066280 0.0125000 0.0081918
vn 0.0000000 1.0000000 0.0000000
v 0.0066484 0.0125000 0.0113225
vn 0.0000000 1.0000000 0.0000000
v 0.0034600 0.0125000 0.0050756
vn 0.0000000 1.0000000 0.0000000
v 0.0008463 0.0125000 0.0012231
vn 0.0000000 1.0000000 0.0000000
v 0.0003551 0.0125000 0.0050823
vn 0.0000000 1.0000000 0.0000000
v 0.0036262 0.0125000 0.0113607
vn 0.0000000 1.0000000 0.0000000
v 0.0005035 0.0125000 0.0082383
vn 0.0000000 1.0000000 0.0000000
v -0.0096609 0.0125000 0.0137793
vn 0.0000000 1.0000000 0.0000000
v -0.0066292 0.0125000 0.0168466
vn 0.0000000 1.0000000 0.0000000
v -0.0066341 0.0125000 0.0136968
vn 0.0000000 1.0000000 0.0000000
v -0.0017205 0.0125000 0.0224476
vn 0.0000000 1.0000000 0.0000000
v -0.0003092 0.0125000 0.0199901
vn 0.0000000 1.0000000 0.0000000
v -0.0035509 0.0125000 0.0137149
vn 0.0000000 1.0000000 0.0000000
v -0.0004249 0.0125000 0.0168421
vn -1.0000000 0.0000000 0.0000000
v -0.0125000 0.0096622 0.0112235
vn -1.0000000 0.0000000 0.0000000
v -0.0125000 0.0066280 0.0081918
vn -1.0000000 0.0000000 0.0000000
v -0.0125000 0.0066484 0.0113227
vn -1.0000000 0.0000000 0.0000000
v -0.0125000 0.0034597 0.0050756
vn -1.0000000 0.0000000 0.0000000
v -0.0125000 0.0008439 0.0012230
vn -1.0000000 0.0000000 0.0000000
v -0.0125000 0.0003539 0.0050826
vn -1.0000000 0.0000000 0.0000000
v -0.0125000 0.0036263 0.0113608
vn -1.0000000 0.0000000 0.0000000
v -0.0125000 0.0005035 0.0082383
vn -1.0000000 0.0000000 0.0000000
v -0.0125000 -0.0096609 0.0137793
vn -1.0000000 0.0000000 0.0000000
v -0.0125000 -0.0066292 0.0168465
vn -1.0000000 0.0000000 0.0000000
v -0.0125000 -0.0066341 0.0136968
vn -1.0000000 0.0000000 0.0000000
v -0.0125000 -0.0017204 0.0224478
vn -1.0000000 0.0000000 0.0000000
v -0.0125000 -0.0003089 0.0199911
vn -1.0000000 0.0000000 0.0000000
v -0.0125000 -0.0035509 0.0137149
vn -1.0000000 0.0000000 0.0000000
v -0.0125000 -0.0004249 0.0168424
vn 0.0000000 -1.0000000 0.0000000
v -0.0096622 -0.0125000 0.0112233
vn 0.0000000 -1.0000000 0.0000000
v -0.0066280 -0.0125000 0.0081918
vn 0.0000000 -1.0000000 0.0000000
v -0.0066484 -0.0125000 0.0113225
vn 0.0000000 -1.0000000 0.0000000
v -0.0034597 -0.0125000 0.0050756
vn 0.0000000 -1.0000000 0.0000000
v -0.0008439 -0.0125000 0.0012230
vn 0.0000000 -1.0000000 0.0000000
v -0.0003539 -0.0125000 0.0050826
vn 0.0000000 -1.0000000 0.0000000
v -0.0036262 -0.0125000 0.0113607
vn 0.0000000 -1.0000000 0.0000000
v -0.0005035 -0.0125000 0.0082383
vn 0.0000000 -1.0000000 0.0000000
v 0.0096609 -0.0125000 0.0137789
vn 0.0000000 -1.0000000 0.0000000
v 0.0066239 -0.0125000 0.0168142
vn 0.0000000 -1.0000000 0.0000000
v 0.0066342 -0.0125000 0.0136953
vn 0.0000000 -1.0000000 0.0000000
v 0.0033958 -0.0125000 0.0199279
vn 0.0000000 -1.0000000 0.0000000
v 0.0003491 -0.0125000 0.0199440
vn 0.0000000 -1.0000000 0.0000000
v 0.0035516 -0.0125000 0.0137132
vn 0.0000000 -1.0000000 0.0000000
v 0.0004327 -0.0125000 0.0168333
vn 0.0000000 0.0000000 1.0000000
v -0.0142767 0.0158270 0.0000000
vn 0.0000000 0.0000000 1.0000000
v -0.0061235 0.0151200 0.0000000
vn 0.0000000 0.0000000 1.0000000
v -0.0157057 -0.0141030 0.0000000
vn 0.0000000 0.0000000 1.0000000
v -0.0186602 0.0025801 0.0000000
vn 0.0000000 0.0000000 1.0000000
v -0.0154541 -0.0049973 0.0000000
vn 0.0000000 0.0000000 1.0000000
v 0.0143678 -0.0158264 0.0000000
vn 0.0000000 0.0000000 1.0000000
v -0.0025846 -0.0186992 0.0000000
vn 0.0000000 0.0000000 1.0000000
v 0.0154514 0.0060919 0.0000000
vn -0.7071068 0.0000000 0.7071068
v -0.0200000 -0.0012500 0.0000000
vn 0.0000000 0.0000000 -1.0000000
v -0.0162862 0.0186079 -0.0030000
vn 0.0000000 0.0000000 -1.0000000
v -0.0163922 0.0171825 -0.0030000
vn 0.0000000 0.0000000 -1.0000000
v -0.0175762 0.0185354 -0.0030000
vn 0.0000000 0.0000000 -1.0000000
v -0.0112501 0.0187390 -0.0030000
vn 0.0000000 0.0000000 -1.0000000
v -0.0112508 0.0174511 -0.0030000
vn 0.0000000 0.0000000 -1.0000000
v -0.0125007 0.0187118 -0.0030000
vn 0.0000000 0.0000000 -1.0000000
v -0.0113041 0.0134193 -0.0030000
vn 0.0000000 0.0000000 -1.0000000
v -0.0113932 0.0120166 -0.0030000
vn 0.0000000 0.0000000 -1.0000000
v -0.0126525 0.0132606 -0.0030000
vn 0.0000000 0.0000000 -1.0000000
v -0.0062585 0.0191213 -0.0030000
vn 0.0000000 0.0000000 -1.0000000
v -0.0062440 0.0178555 -0.0030000
vn 0.0000000 0.0000000 -1.0000000
v -0.0075005 0.0188780 -0.0030000
vn 0.0000000 0.0000000 -1.0000000
v -0.0006541 0.0185675 -0.0030000
vn 0.0000000 0.0000000 -1.0000000
v -0.0022919 0.0184112 -0.0030000
vn 0.0000000 0.0000000 -1.0000000
v -0.0063096 0.0087427 -0.0030000
vn 0.0000000 0.0000000 -1.0000000
v -0.0064150 0.0073546 -0.0030000
vn 0.0000000 0.0000000 -1.0000000
v -0.0076678 0.0084878 -0.0030000
vn 0.0000000 0.0000000 -1.0000000
v -0.0012493 0.0100341 -0.0030000
vn 0.0000000 0.0000000 -1.0000000
v -0.0012508 0.0087339 -0.0030000
vn 0.0000000 0.0000000 -1.0000000
v -0.0025004 0.0096000 -0.0030000
vn 0.0000000 0.0000000 -1.0000000
v -0.0012943 0.0047415 -0.0030000
vn 0.0000000 0.0000000 -1.0000000
v -0.0013609 0.0032864 -0.0030000
vn 0.0000000 0.0000000 -1.0000000
v -0.0026457 0.0041520 -0.0030000
vn 0.0000000 0.0000000 -1.0000000
v 0.0162500 -0.0024512 -0.0030000
vn 0.0000000 0.0000000 -1.0000000
v 0.0162500 -0.0011835 -0.0030000
vn 0.0000000 0.0000000 -1.0000000
v 0.0175000 -0.0012115 -0.0030000
vn 0.0000000 0.0000000 -1.0000000
v 0.0112500 -0.0074351 -0.0030000
vn 0.0000000 0.0000000 -1.0000000
v 0.0112500 -0.0061594 -0.0030000
vn 0.0000000 0.0000000 -1.0000000
v 0.0125000 -0.0061871 -0.0030000
vn 0.0000000 0.0000000 -1.0000000
v 0.0112500 -0.0023210 -0.0030000
vn 0.0000000 0.0000000 -1.0000000
v 0.0112500 -0.0010437 -0.0030000
vn 0.0000000 0.0000000 -1.0000000
v 0.0125000 -0.0010815 -0.0030000
vn 0.0000000 0.0000000 -1.0000000
v 0.0062500 -0.0124370 -0.0030000
vn 0.0000000 0.0000000 -1.0000000
v 0.0062500 -0.0111593 -0.0030000
vn 0.0000000 0.0000000 -1.0000000
v 0.0075000 -0.0111850 -0.0030000
vn 0.0000000 0.0000000 -1.0000000
v 0.0012500 -0.0174614 -0.0030000
vn 0.0000000 0.0000000 -1.0000000
v 0.0012500 -0.0161830 -0.0030000
vn 0.0000000 0.0000000 -1.0000000
v 0.0025000 -0.0162010 -0.0030000
vn 0.0000000 0.0000000 -1.0000000
v 0.0012500 -0.0123260 -0.0030000
vn 0.0000000 0.0000000 -1.0000000
v 0.0012500 -0.0110339 -0.0030000
vn 0.0000000 0.0000000 -1.0000000
v 0.0025000 -0.0110669 -0.0030000
vn 0.0000000 0.0000000 -1.0000000
v 0.0062500 -0.0021357 -0.0030000
vn 0.0000000 0.0000000 -1.0000000
v 0.0062500 -0.0008377 -0.0030000
vn 0.0000000 0.0000000 -1.0000000
v 0.0075000 -0.0009007 -0.0030000
vn 0.0000000 0.0000000 -1.0000000
v 0.0012500 -0.0071214 -0.0030000
vn 0.0000000 0.0000000 -1.0000000
v 0.0012499 -0.0058026 -0.0030000
vn 0.0000000 0.0000000 -1.0000000
v 0.0025000 -0.0058708 -0.0030000
vn 0.0000000 0.0000000 -1.0000000
v 0.0012393 -0.0017997 -0.0030000
vn 0.0000000 0.0000000 -1.0000000
v 0.0012242 -0.0004451 -0.0030000
vn 0.0000000 0.0000000 -1.0000000
v 0.0024951 -0.0005821 -0.0030000
vn 0.0000000 -1.0000000 0.0000000
v 0.0035044 -0.0200000 -0.0015050
vn 0.0000000 -0.7071068 -0.7071068
v -0.0087500 -0.0200000 -0.0030000
vn 1.0000000 0.0000000 0.0000000
v 0.0200000 0.0054408 -0.0014996
vn 1.0000000 0.0000000 0.0000000
v 0.0200000 0.0019321 -0.0012698
vn 1.0000000 0.0000000 0.0000000
v 0.0200000 -0.0010952 -0.0015363
vn 0.9056128 -0.4240964 0.0027811
v -0.0076829 0.0036342 0.0111813
vn -0.3374369 -0.9413458 -0.0021327
v 0.0028917 0.0079926 0.0114311
vn -0.8401895 -0.5422075 0.0096279
v 0.0071841 0.0045419 0.0014510
vn -0.2775245 -0.9607105 0.0039424
v 0.0023900 0.0081550 0.0015208
vn 1.0000000 0.0000000 0.0000000
v 0.0125000 -0.0010297 0.0238984
vn 0.0000000 1.0000000 0.0000000
v 0.0010275 0.0125000 0.0238975
vn -1.0000000 0.0000000 0.0000000
v -0.0125000 0.0010277 0.0238989
vn 0.0000000 0.0000000 1.0000000
v 0.0016777 0.0186391 0.0000000
vn 0.0000000 0.0000000 1.0000000
v -0.0187998 0.0141206 0.0000000
vn 0.0000000 0.0000000 1.0000000
v -0.0175690 0.0131631 0.0000000
vn 0.0000000 0.0000000 1.0000000
v -0.0142871 -0.0188109 0.0000000
vn 0.0000000 -0.7071068 0.7071068
v -0.0087500 -0.0200000 0.0000000
vn 0.0000000 -0.7071068 0.7071068
v 0.0012500 -0.0200000 0.0000000
vn 0.0000000 0.0000000 1.0000000
v -0.0133792 -0.0175756 0.0000000
vn 0.0000000 0.0000000 1.0000000
v 0.0187881 -0.0142228 0.0000000
vn 0.7071068 0.0000000 0.7071068
v 0.0200000 0.0112500 0.0000000
vn 0.0000000 0.0000000 1.0000000
v 0.0188375 0.0170686 0.0000000
vn 0.0000000 0.0000000 1.0000000
v 0.0175962 -0.0133413 0.0000000
vn 0.0000000 0.7071068 0.7071068
v 0.0137500 0.0200000 0.0000000
vn 0.0000000 0.7071068 0.7071068
v 0.0162500 0.0200000 0.0000000
vn -1.0000000 0.0000000 0.0000000
v -0.0200000 0.0130605 -0.0014692
vn 0.0000000 0.0000000 -1.0000000
v -0.0185661 -0.0141072 -0.0030000
vn 0.0000000 0.0000000 -1.0000000
v -0.0170351 -0.0142827 -0.0030000
vn 0.0000000 0.0000000 -1.0000000
v -0.0184030 -0.0156227 -0.0030000
vn 0.0000000 0.0000000 -1.0000000
v -0.0178939 -0.0035786 -0.0030000
vn 0.0000000 0.0000000 -1.0000000
v -0.0168156 -0.0048029 -0.0030000
vn 0.0000000 0.0000000 -1.0000000
v -0.0187371 -0.0068158 -0.0030000
vn 0.0000000 0.0000000 -1.0000000
v -0.0131207 -0.0080833 -0.0030000
vn 0.0000000 0.0000000 -1.0000000
v -0.0117401 -0.0085605 -0.0030000
vn 0.0000000 0.0000000 -1.0000000
v -0.0130279 -0.0097093 -0.0030000
vn 0.0000000 0.0000000 -1.0000000
v -0.0181305 0.0035327 -0.0030000
vn 0.0000000 0.0000000 -1.0000000
v -0.0184072 0.0156393 -0.0030000
vn 0.0000000 0.0000000 -1.0000000
v -0.0170294 0.0143162 -0.0030000
vn 0.0000000 0.0000000 -1.0000000
v -0.0130456 0.0103340 -0.0030000
vn 0.0000000 0.0000000 -1.0000000
v -0.0118065 0.0091886 -0.0030000
vn 0.0000000 0.0000000 -1.0000000
v -0.0133753 0.0087824 -0.0030000
vn 0.0000000 0.0000000 -1.0000000
v -0.0079703 -0.0029852 -0.0030000
vn 0.0000000 0.0000000 -1.0000000
v -0.0067149 -0.0035823 -0.0030000
vn 0.0000000 0.0000000 -1.0000000
v -0.0081867 -0.0046860 -0.0030000
vn 0.0000000 0.0000000 -1.0000000
v -0.0083152 0.0054562 -0.0030000
vn 0.0000000 0.0000000 -1.0000000
v -0.0067602 0.0043519 -0.0030000
vn 0.0000000 0.0000000 -1.0000000
v -0.0081456 0.0037584 -0.0030000
vn 0.0000000 0.0000000 -1.0000000
v -0.0039461 0.0012828 -0.0030000
vn 0.0000000 0.0000000 -1.0000000
v -0.0026239 0.0011073 -0.0030000
vn 0.0000000 0.0000000 -1.0000000
v -0.0034014 -0.0000128 -0.0030000
vn 0.0000000 0.0000000 -1.0000000
v 0.0012444 0.0049657 -0.0030000
vn 0.0000000 0.0000000 -1.0000000
v 0.0024976 0.0046689 -0.0030000
vn 0.0000000 0.0000000 -1.0000000
v 0.0012367 0.0036390 -0.0030000
vn 0.0000000 0.0000000 -1.0000000
v 0.0012479 0.0101008 -0.0030000
vn 0.0000000 0.0000000 -1.0000000
v 0.0024993 0.0097493 -0.0030000
vn 0.0000000 0.0000000 -1.0000000
v 0.0012496 0.0088178 -0.0030000
vn 0.0000000 0.0000000 -1.0000000
v 0.0062500 0.0092769 -0.0030000
vn 0.0000000 0.0000000 -1.0000000
v 0.0075000 0.0091929 -0.0030000
vn 0.0000000 0.0000000 -1.0000000
v 0.0062500 0.0080306 -0.0030000
vn 0.0000000 0.0000000 -1.0000000
v 0.0009604 0.0141328 -0.0030000
vn 0.0000000 0.0000000 -1.0000000
v 0.0021457 0.0151936 -0.0030000
vn 0.0000000 0.0000000 -1.0000000
v 0.0074334 0.0191207 -0.0030000
vn 0.0000000 0.0000000 -1.0000000
v 0.0112472 0.0139411 -0.0030000
vn 0.0000000 0.0000000 -1.0000000
v 0.0124806 0.0138005 -0.0030000
vn 0.0000000 0.0000000 -1.0000000
v 0.0112444 0.0127038 -0.0030000
vn 0.0000000 0.0000000 -1.0000000
v 0.0112499 0.0188046 -0.0030000
vn 0.0000000 0.0000000 -1.0000000
v 0.0124998 0.0187942 -0.0030000
vn 0.0000000 0.0000000 -1.0000000
v 0.0112498 0.0175991 -0.0030000
vn 0.0000000 0.0000000 -1.0000000
v 0.0162841 0.0186506 -0.0030000
vn 0.0000000 0.0000000 -1.0000000
v 0.0177201 0.0184079 -0.0030000
vn 0.0000000 0.0000000 -1.0000000
v 0.0162622 0.0171770 -0.0030000
vn 0.0000000 0.0000000 -1.0000000
v 0.0184605 0.0161324 -0.0030000
vn 0.0000000 0.0000000 -1.0000000
v 0.0187796 0.0174117 -0.0030000
vn 0.0000000 0.0000000 -1.0000000
v 0.0187491 0.0112865 -0.0030000
vn 0.0000000 0.0000000 -1.0000000
v 0.0174960 0.0113247 -0.0030000
vn 0.0000000 0.0000000 -1.0000000
v 0.0187447 0.0125387 -0.0030000
vn 0.0000000 0.0000000 -1.0000000
v 0.0135890 0.0115890 -0.0030000
vn 0.0000000 0.0000000 -1.0000000
v 0.0123180 0.0112966 -0.0030000
vn 0.0000000 0.0000000 -1.0000000
v 0.0187500 0.0062856 -0.0030000
vn 0.0000000 0.0000000 -1.0000000
v 0.0175000 0.0063217 -0.0030000
vn 0.0000000 0.0000000 -1.0000000
v 0.0187500 0.0075360 -0.0030000
vn 0.0000000 0.0000000 -1.0000000
v 0.0187500 0.0012781 -0.0030000
vn 0.0000000 0.0000000 -1.0000000
v 0.0175000 0.0013099 -0.0030000
vn 0.0000000 0.0000000 -1.0000000
v 0.0187500 0.0025318 -0.0030000
vn 0.0000000 0.0000000 -1.0000000
v 0.0137500 0.0014159 -0.0030000
vn 0.0000000 0.0000000 -1.0000000
v 0.0125000 0.0014543 -0.0030000
vn 0.0000000 0.0000000 -1.0000000
v 0.0137500 0.0026745 -0.0030000
vn 0.0000000 0.0000000 -1.0000000
v 0.0087500 0.0066282 -0.0030000
vn 0.0000000 0.0000000 -1.0000000
v 0.0075000 0.0066971 -0.0030000
vn 0.0000000 0.0000000 -1.0000000
v 0.0087500 0.0078777 -0.0030000
vn 0.0000000 0.0000000 -1.0000000
v 0.0087500 0.0015987 -0.0030000
vn 0.0000000 0.0000000 -1.0000000
v 0.0075000 0.0016620 -0.0030000
vn 0.0000000 0.0000000 -1.0000000
v 0.0087500 0.0028635 -0.0030000
vn 0.0000000 0.0000000 -1.0000000
v 0.0037482 0.0019190 -0.0030000
vn 0.0000000 0.0000000 -1.0000000
v 0.0024918 0.0020608 -0.0030000
vn 0.0000000 0.0000000 -1.0000000
v 0.0037485 0.0032050 -0.0030000
vn 0.0000000 0.0000000 -1.0000000
v 0.0187500 -0.0037433 -0.0030000
vn 0.0000000 0.0000000 -1.0000000
v 0.0175000 -0.0037329 -0.0030000
vn 0.0000000 0.0000000 -1.0000000
v 0.0187500 -0.0024896 -0.0030000
vn 0.0000000 0.0000000 -1.0000000
v 0.0187500 -0.0087480 -0.0030000
vn 0.0000000 0.0000000 -1.0000000
v 0.0175000 -0.0087454 -0.0030000
vn 0.0000000 0.0000000 -1.0000000
v 0.0187500 -0.0074974 -0.0030000
vn 0.0000000 0.0000000 -1.0000000
v 0.0137500 -0.0087312 -0.0030000
vn 0.0000000 0.0000000 -1.0000000
v 0.0125000 -0.0087210 -0.0030000
vn 0.0000000 0.0000000 -1.0000000
v 0.0137500 -0.0074728 -0.0030000
vn 0.0000000 0.0000000 -1.0000000
v 0.0187501 -0.0137498 -0.0030000
vn 0.0000000 0.0000000 -1.0000000
v 0.0175001 -0.0137492 -0.0030000
vn 0.0000000 0.0000000 -1.0000000
v 0.0187500 -0.0124995 -0.0030000
vn 0.0000000 0.0000000 -1.0000000
v 0.0188815 -0.0188389 -0.0030000
vn 0.0000000 0.0000000 -1.0000000
v 0.0175226 -0.0187725 -0.0030000
vn 0.0000000 0.0000000 -1.0000000
v 0.0187726 -0.0175225 -0.0030000
vn 0.0000000 0.0000000 -1.0000000
v 0.0137502 -0.0187498 -0.0030000
vn 0.0000000 0.0000000 -1.0000000
v 0.0125000 -0.0187495 -0.0030000
vn 0.0000000 0.0000000 -1.0000000
v 0.0137501 -0.0174992 -0.0030000
vn 0.0000000 0.0000000 -1.0000000
v 0.0087500 -0.0137312 -0.0030000
vn 0.0000000 0.0000000 -1.0000000
v 0.0075000 -0.0137228 -0.0030000
vn 0.0000000 0.0000000 -1.0000000
v 0.0087500 -0.0124710 -0.0030000
vn 0.0000000 0.0000000 -1.0000000
v 0.0087500 -0.0187480 -0.0030000
vn 0.0000000 0.0000000 -1.0000000
v 0.0075000 -0.0187474 -0.0030000
vn 0.0000000 0.0000000 -1.0000000
v 0.0087500 -0.0174954 -0.0030000
vn 0.0000000 0.0000000 -1.0000000
v 0.0037500 -0.0187433 -0.0030000
vn 0.0000000 0.0000000 -1.0000000
v 0.0025000 -0.0187396 -0.0030000
vn 0.0000000 0.0000000 -1.0000000
v 0.0037500 -0.0174829 -0.0030000
vn 0.0000000 0.0000000 -1.0000000
v -0.0013109 -0.0028855 -0.0030000
vn 0.0000000 0.0000000 -1.0000000
v -0.0026718 -0.0027346 -0.0030000
vn 0.0000000 0.0000000 -1.0000000
v -0.0014239 -0.0014656 -0.0030000
vn 0.0000000 0.0000000 -1.0000000
v -0.0012501 -0.0083070 -0.0030000
vn 0.0000000 0.0000000 -1.0000000
v -0.0025009 -0.0082245 -0.0030000
vn 0.0000000 0.0000000 -1.0000000
v -0.0012509 -0.0069704 -0.0030000
vn 0.0000000 0.0000000 -1.0000000
v -0.0063047 -0.0078667 -0.0030000
vn 0.0000000 0.0000000 -1.0000000
v -0.0076467 -0.0077163 -0.0030000
vn 0.0000000 0.0000000 -1.0000000
v -0.0063986 -0.0064542 -0.0030000
vn 0.0000000 0.0000000 -1.0000000
v -0.0012500 -0.0135688 -0.0030000
vn 0.0000000 0.0000000 -1.0000000
v -0.0025000 -0.0135436 -0.0030000
vn 0.0000000 0.0000000 -1.0000000
v -0.0012500 -0.0122676 -0.0030000
vn 0.0000000 0.0000000 -1.0000000
v -0.0012500 -0.0187215 -0.0030000
vn 0.0000000 0.0000000 -1.0000000
v -0.0025000 -0.0187171 -0.0030000
vn 0.0000000 0.0000000 -1.0000000
v -0.0012500 -0.0174387 -0.0030000
vn 0.0000000 0.0000000 -1.0000000
v -0.0062500 -0.0187045 -0.0030000
vn 0.0000000 0.0000000 -1.0000000
v -0.0075000 -0.0186957 -0.0030000
vn 0.0000000 0.0000000 -1.0000000
v -0.0062500 -0.0174003 -0.0030000
vn 0.0000000 0.0000000 -1.0000000
v -0.0113146 -0.0130456 -0.0030000
vn 0.0000000 0.0000000 -1.0000000
v -0.0127625 -0.0128284 -0.0030000
vn 0.0000000 0.0000000 -1.0000000
v -0.0113962 -0.0115744 -0.0030000
vn 0.0000000 0.0000000 -1.0000000
v -0.0112501 -0.0186487 -0.0030000
vn 0.0000000 0.0000000 -1.0000000
v -0.0125007 -0.0186310 -0.0030000
vn 0.0000000 0.0000000 -1.0000000
v -0.0112509 -0.0172800 -0.0030000
vn 0.0000000 0.0000000 -1.0000000
v -0.0162854 -0.0185570 -0.0030000
vn 0.0000000 0.0000000 -1.0000000
v -0.0175742 -0.0185084 -0.0030000
vn 0.0000000 0.0000000 -1.0000000
v -0.0163907 -0.0171044 -0.0030000
vn 0.0000000 -0.7071068 0.7071068
v 0.0087500 -0.0200000 0.0000000
vn 0.0000000 -0.7071068 0.7071068
v -0.0037500 -0.0200000 0.0000000
vn 0.0000000 -0.7071068 -0.7071068
v -0.0187500 -0.0200000 -0.0030000
vn 0.0000000 -0.7071068 -0.7071068
v 0.0062500 -0.0200000 -0.0030000
vn 1.0000000 0.0000000 0.0000000
v 0.0200000 0.0172068 -0.0015054
vn 1.0000000 0.0000000 0.0000000
v 0.0200000 0.0132111 -0.0015464
vn 0.7071068 0.0000000 0.7071068
v 0.0200000 -0.0087500 0.0000000
vn 0.7071068 0.0000000 -0.7071068
v 0.0200000 0.0087500 -0.0030000
vn 0.0000000 1.0000000 0.0000000
v -0.0182330 0.0200000 -0.0013094
vn 0.0000000 0.7071068 0.7071068
v -0.0112500 0.0200000 0.0000000
vn 0.0000000 0.7071068 0.7071068
v 0.0081250 0.0200000 0.0000000
vn 0.0000000 1.0000000 0.0000000
v 0.0056250 0.0200000 -0.0014999
vn 0.0000000 1.0000000 0.0000000
v 0.0162426 0.0200000 -0.0008678
vn 0.0000000 1.0000000 0.0000000
v 0.0162424 0.0200000 -0.0021534
vn 0.0000000 1.0000000 0.0000000
v 0.0111355 0.0200000 -0.0021520
vn 0.0000000 0.7071068 -0.7071068
v -0.0087500 0.0200000 -0.0030000
vn 1.0000000 0.0000000 0.0000000
v 0.0125000 -0.0050882 0.0089868
vn 1.0000000 0.0000000 0.0000000
v 0.0125000 0.0050768 0.0160501
vn 0.0000000 1.0000000 0.0000000
v 0.0050882 0.0125000 0.0089868
vn 0.0000000 1.0000000 0.0000000
v -0.0050734 0.0125000 0.0160501
vn -1.0000000 0.0000000 0.0000000
v -0.0125000 0.0050882 0.0089868
vn -1.0000000 0.0000000 0.0000000
v -0.0125000 -0.0050734 0.0160501
vn 0.0000000 -1.0000000 0.0000000
v -0.0050882 -0.0125000 0.0089868
vn 0.0000000 -1.0000000 0.0000000
v 0.0050762 -0.0125000 0.0160277
vn 0.0000000 0.0000000 1.0000000
v 0.0169039 0.0027108 0.0000000
vn 0.0000000 0.0000000 1.0000000
v 0.0173524 0.0038957 0.0000000
vn 0.0000000 0.0000000 -1.0000000
v -0.0049737 0.0142283 -0.0030000
vn 0.0000000 0.0000000 -1.0000000
v -0.0062364 0.0152989 -0.0030000
vn 0.0000000 0.0000000 -1.0000000
v -0.0049990 0.0116328 -0.0030000
vn 0.0000000 0.0000000 -1.0000000
v -0.0062539 0.0114226 -0.0030000
vn 0.0000000 0.0000000 -1.0000000
v -0.0087539 0.0137142 -0.0030000
vn 0.0000000 0.0000000 -1.0000000
v -0.0087505 0.0150261 -0.0030000
vn 0.0000000 0.0000000 -1.0000000
v 0.0050000 -0.0085594 -0.0030000
vn 0.0000000 0.0000000 -1.0000000
v 0.0062500 -0.0085941 -0.0030000
vn 0.0000000 0.0000000 -1.0000000
v 0.0050000 -0.0059782 -0.0030000
vn 0.0000000 0.0000000 -1.0000000
v 0.0062500 -0.0047298 -0.0030000
vn 0.0000000 0.0000000 -1.0000000
v 0.0087500 -0.0048109 -0.0030000
vn 0.0000000 0.0000000 -1.0000000
v 0.0087500 -0.0060946 -0.0030000
vn 0.7071068 0.0000000 -0.7071067
v 0.0200000 -0.0162500 -0.0030000
vn 1.0000000 0.0000000 0.0000000
v 0.0125000 -0.0067763 0.0159969
vn 1.0000000 0.0000000 0.0000000
v 0.0125000 -0.0064836 0.0035139
vn 1.0000000 0.0000000 0.0000000
v 0.0125000 0.0057581 0.0035878
vn 1.0000000 0.0000000 0.0000000
v 0.0125000 0.0067039 0.0090455
vn 1.0000000 0.0000000 0.0000000
v 0.0125000 0.0070363 0.0213118
vn 1.0000000 0.0000000 0.0000000
v 0.0125000 -0.0055571 0.0213347
vn 0.0000000 1.0000000 0.0000000
v 0.0067729 0.0125000 0.0160019
vn 0.0000000 1.0000000 0.0000000
v 0.0064841 0.0125000 0.0035134
vn 0.0000000 1.0000000 0.0000000
v -0.0057593 0.0125000 0.0035774
vn 0.0000000 1.0000000 0.0000000
v -0.0067039 0.0125000 0.0090455
vn 0.0000000 1.0000000 0.0000000
v -0.0069476 0.0125000 0.0216842
vn 0.0000000 1.0000000 0.0000000
v 0.0055315 0.0125000 0.0212227
vn -1.0000000 0.0000000 0.0000000
v -0.0125000 0.0067772 0.0160229
vn -1.0000000 0.0000000 0.0000000
v -0.0125000 0.0064840 0.0035134
vn -1.0000000 0.0000000 0.0000000
v -0.0125000 -0.0057581 0.0035878
vn -1.0000000 0.0000000 0.0000000
v -0.0125000 -0.0067039 0.0090455
vn -1.0000000 0.0000000 0.0000000
v -0.0125000 -0.0069471 0.0216836
vn -1.0000000 0.0000000 0.0000000
v -0.0125000 0.0058123 0.0214739
vn 0.0000000 -1.0000000 0.0000000
v -0.0067766 -0.0125000 0.0160012
vn 0.0000000 -1.0000000 0.0000000
v -0.0064840 -0.0125000 0.0035134
vn 0.0000000 -1.0000000 0.0000000
v 0.0057579 -0.0125000 0.0035830
vn 0.0000000 -1.0000000 0.0000000
v 0.0067042 -0.0125000 0.0090450
vn 0.0000000 -1.0000000 0.0000000
v 0.0066632 -0.0125000 0.0216498
vn 0.0000000 -1.0000000 0.0000000
v -0.0055886 -0.0125000 0.0212967
vn 0.0000000 0.0000000 1.0000000
v 0.0089029 0.0187042 0.0000000
vn 0.0000000 0.0000000 1.0000000
v -0.0132117 0.0187529 0.0000000
vn 0.0000000 0.0000000 1.0000000
v -0.0177950 0.0065452 0.0000000
vn 0.0000000 0.0000000 1.0000000
v -0.0186155 -0.0134617 0.0000000
vn 0.0000000 0.0000000 1.0000000
v -0.0065128 -0.0178018 0.0000000
vn 0.0000000 0.0000000 -1.0000000
v -0.0136682 0.0034059 -0.0030000
vn 0.0000000 0.0000000 -1.0000000
v -0.0103753 0.0005175 -0.0030000
vn 0.0000000 0.0000000 -1.0000000
v -0.0104858 -0.0012267 -0.0030000
vn 0.0000000 0.0000000 -1.0000000
v -0.0135965 -0.0040363 -0.0030000
vn 0.0000000 0.0000000 -1.0000000
v -0.0147837 -0.0029196 -0.0030000
vn 0.0000000 0.0000000 -1.0000000
v 0.0062130 0.0154467 -0.0030000
vn 0.0000000 0.0000000 -1.0000000
v 0.0049570 0.0143719 -0.0030000
vn 0.0000000 0.0000000 -1.0000000
v 0.0087494 0.0152520 -0.0030000
vn 0.0000000 0.0000000 -1.0000000
v 0.0087499 0.0140383 -0.0030000
vn 0.0000000 0.0000000 -1.0000000
v 0.0062498 0.0117463 -0.0030000
vn 0.0000000 0.0000000 -1.0000000
v 0.0049985 0.0118600 -0.0030000
vn 0.0000000 0.0000000 -1.0000000
v 0.0137500 0.0051822 -0.0030000
vn 0.0000000 0.0000000 -1.0000000
v 0.0150000 0.0063953 -0.0030000
vn 0.0000000 0.0000000 -1.0000000
v 0.0112500 0.0052670 -0.0030000
vn 0.0000000 0.0000000 -1.0000000
v 0.0112500 0.0065185 -0.0030000
vn 0.0000000 0.0000000 -1.0000000
v 0.0137488 0.0089343 -0.0030000
vn 0.0000000 0.0000000 -1.0000000
v 0.0149995 0.0088961 -0.0030000
vn 0.0000000 0.0000000 -1.0000000
v 0.0137500 -0.0149968 -0.0030000
vn 0.0000000 0.0000000 -1.0000000
v 0.0150000 -0.0137468 -0.0030000
vn 0.0000000 0.0000000 -1.0000000
v 0.0112500 -0.0149931 -0.0030000
vn 0.0000000 0.0000000 -1.0000000
v 0.0112500 -0.0137399 -0.0030000
vn 0.0000000 0.0000000 -1.0000000
v 0.0137500 -0.0112399 -0.0030000
vn 0.0000000 0.0000000 -1.0000000
v 0.0150000 -0.0112431 -0.0030000
vn 0.0000000 0.0000000 -1.0000000
v -0.0062500 -0.0147500 -0.0030000
vn 0.0000000 0.0000000 -1.0000000
v -0.0050000 -0.0134621 -0.0030000
vn 0.0000000 0.0000000 -1.0000000
v -0.0087509 -0.0146304 -0.0030000
vn 0.0000000 0.0000000 -1.0000000
v -0.0087542 -0.0132450 -0.0030000
vn 0.0000000 0.0000000 -1.0000000
v -0.0062541 -0.0106611 -0.0030000
vn 0.0000000 0.0000000 -1.0000000
v -0.0050008 -0.0107577 -0.0030000
vn 0.7071068 0.0000000 0.7071068
v 0.0200000 0.0043750 0.0000000
vn 0.7071068 0.0000000 0.7071068
v 0.0200000 -0.0162500 0.0000000
vn 0.7071067 0.0000000 -0.7071068
v 0.0200000 0.0162500 -0.0030000
vn 0.0000000 0.7071068 0.7071068
v -0.0043750 0.0200000 0.0000000
vn 0.0000000 0.7071068 -0.7071068
v -0.0162500 0.0200000 -0.0030000
vn 1.0000000 0.0000000 0.0000000
v 0.0125000 -0.0066361 0.0097565
vn 1.0000000 0.0000000 0.0000000
v 0.0125000 -0.0002471 0.0035263
vn 1.0000000 0.0000000 0.0000000
v 0.0125000 -0.0006013 0.0098233
vn 1.0000000 0.0000000 0.0000000
v 0.0125000 0.0066307 0.0152596
vn 1.0000000 0.0000000 0.0000000
v 0.0125000 0.0004739 0.0152970
vn 0.0000000 1.0000000 0.0000000
v 0.0066361 0.0125000 0.0097565
vn 0.0000000 1.0000000 0.0000000
v 0.0002498 0.0125000 0.0035258
vn 0.0000000 1.0000000 0.0000000
v 0.0006013 0.0125000 0.0098233
vn 0.0000000 1.0000000 0.0000000
v -0.0066298 0.0125000 0.0152598
vn 0.0000000 1.0000000 0.0000000
v -0.0004734 0.0125000 0.0152968
vn -1.0000000 0.0000000 0.0000000
v -0.0125000 0.0066361 0.0097565
vn -1.0000000 0.0000000 0.0000000
v -0.0125000 0.0002471 0.0035263
vn -1.0000000 0.0000000 0.0000000
v -0.0125000 0.0006013 0.0098233
vn -1.0000000 0.0000000 0.0000000
v -0.0125000 -0.0066298 0.0152598
vn -1.0000000 0.0000000 0.0000000
v -0.0125000 -0.0004734 0.0152970
vn 0.0000000 -1.0000000 0.0000000
v -0.0066361 -0.0125000 0.0097565
vn 0.0000000 -1.0000000 0.0000000
v -0.0002471 -0.0125000 0.0035263
vn 0.0000000 -1.0000000 0.0000000
v -0.0006013 -0.0125000 0.0098233
vn 0.0000000 -1.0000000 0.0000000
v 0.0066297 -0.0125000 0.0152519
vn 0.0000000 -1.0000000 0.0000000
v 0.0002802 -0.0125000 0.0215581
vn 0.0000000 -1.0000000 0.0000000
v 0.0004755 -0.0125000 0.0152943
vn 0.0000000 0.0000000 -1.0000000
v -0.0137533 0.0186841 -0.0030000
vn 0.0000000 0.0000000 -1.0000000
v -0.0150124 0.0186512 -0.0030000
vn 0.0000000 0.0000000 -1.0000000
v -0.0112541 0.0161367 -0.0030000
vn 0.0000000 0.0000000 -1.0000000
v -0.0112665 0.0147933 -0.0030000
vn 0.0000000 0.0000000 -1.0000000
v -0.0139171 0.0145409 -0.0030000
vn 0.0000000 0.0000000 -1.0000000
v -0.0151703 0.0158524 -0.0030000
vn 0.0000000 0.0000000 -1.0000000
v -0.0050139 0.0183522 -0.0030000
vn 0.0000000 0.0000000 -1.0000000
v -0.0007405 0.0143468 -0.0030000
vn 0.0000000 0.0000000 -1.0000000
v -0.0036164 0.0159867 -0.0030000
vn 0.0000000 0.0000000 -1.0000000
v -0.0049447 0.0168862 -0.0030000
vn 0.0000000 0.0000000 -1.0000000
v -0.0037540 0.0092768 -0.0030000
vn 0.0000000 0.0000000 -1.0000000
v -0.0050172 0.0090027 -0.0030000
vn 0.0000000 0.0000000 -1.0000000
v -0.0012537 0.0074368 -0.0030000
vn 0.0000000 0.0000000 -1.0000000
v -0.0012640 0.0061155 -0.0030000
vn 0.0000000 0.0000000 -1.0000000
v -0.0038904 0.0051803 -0.0030000
vn 0.0000000 0.0000000 -1.0000000
v -0.0051484 0.0062498 -0.0030000
vn 0.0000000 0.0000000 -1.0000000
v 0.0137500 -0.0049401 -0.0030000
vn 0.0000000 0.0000000 -1.0000000
v 0.0150000 -0.0036945 -0.0030000
vn 0.0000000 0.0000000 -1.0000000
v 0.0112500 -0.0048806 -0.0030000
vn 0.0000000 0.0000000 -1.0000000
v 0.0112500 -0.0036006 -0.0030000
vn 0.0000000 0.0000000 -1.0000000
v 0.0137500 -0.0011174 -0.0030000
vn 0.0000000 0.0000000 -1.0000000
v 0.0150000 -0.0011516 -0.0030000
vn 0.0000000 0.0000000 -1.0000000
v 0.0037500 -0.0149444 -0.0030000
vn 0.0000000 0.0000000 -1.0000000
v 0.0050000 -0.0136900 -0.0030000
vn 0.0000000 0.0000000 -1.0000000
v 0.0012500 -0.0149003 -0.0030000
vn 0.0000000 0.0000000 -1.0000000
v 0.0012500 -0.0136146 -0.0030000
vn 0.0000000 0.0000000 -1.0000000
v 0.0037500 -0.0110990 -0.0030000
vn 0.0000000 0.0000000 -1.0000000
v 0.0050000 -0.0111301 -0.0030000
vn 0.0000000 0.0000000 -1.0000000
v 0.0037500 -0.0046226 -0.0030000
vn 0.0000000 0.0000000 -1.0000000
v 0.0050000 -0.0033771 -0.0030000
vn 0.0000000 0.0000000 -1.0000000
v 0.0012493 -0.0044766 -0.0030000
vn 0.0000000 0.0000000 -1.0000000
v 0.0012468 -0.0031427 -0.0030000
vn 0.0000000 0.0000000 -1.0000000
v 0.0037493 -0.0006835 -0.0030000
vn 0.0000000 0.0000000 -1.0000000
v 0.0049999 -0.0007662 -0.0030000
vn 0.0000000 -1.0000000 0.0000000
v -0.0065715 -0.0200000 -0.0014290
vn 0.7071068 0.0000000 -0.7071068
v 0.0200000 -0.0037500 -0.0030000
vn -0.8447766 -0.5351187 -0.0007436
v 0.0072015 0.0045132 0.0217996
vn -0.8857492 -0.4641638 -0.0006228
v 0.0075179 0.0039644 0.0038427
vn 0.7568834 0.6535499 -0.0003021
v -0.0064400 -0.0055451 0.0029953
vn 0.0000000 0.0000000 1.0000000
v 0.0043779 0.0186931 0.0000000
vn 0.0000000 0.7071068 0.7071068
v 0.0037500 0.0200000 0.0000000
vn 0.0000000 0.0000000 1.0000000
v -0.0054666 0.0189888 0.0000000
vn 0.0000000 0.0000000 1.0000000
v -0.0070204 0.0184310 0.0000000
vn 0.0000000 0.0000000 1.0000000
v -0.0117198 0.0152504 0.0000000
vn -0.7071068 0.0000000 0.7071068
v -0.0200000 0.0137500 0.0000000
vn 0.0000000 0.0000000 1.0000000
v -0.0191397 0.0039492 0.0000000
vn 0.0000000 0.0000000 1.0000000
v -0.0184438 0.0052995 0.0000000
vn -0.7071068 0.0000000 0.7071068
v -0.0200000 0.0037500 0.0000000
vn 0.0000000 0.0000000 1.0000000
v -0.0191437 -0.0065336 0.0000000
vn 0.0000000 0.0000000 1.0000000
v -0.0167781 -0.0097184 0.0000000
vn 0.0000000 0.0000000 1.0000000
v -0.0152844 -0.0117254 0.0000000
vn 0.0000000 0.0000000 1.0000000
v -0.0039534 -0.0191476 0.0000000
vn 0.0000000 0.0000000 1.0000000
v -0.0052919 -0.0184486 0.0000000
vn 0.0000000 -0.7071068 0.7071068
v 0.0062500 -0.0200000 0.0000000
vn 0.0000000 0.0000000 1.0000000
v 0.0117456 -0.0153480 0.0000000
vn 0.0000000 0.0000000 1.0000000
v -0.0157807 -0.0163492 0.0000000
vn 0.0000000 0.0000000 1.0000000
v 0.0187953 -0.0045800 0.0000000
vn 0.0000000 0.0000000 1.0000000
v 0.0187776 -0.0028301 0.0000000
vn 0.0000000 0.0000000 1.0000000
v 0.0189334 0.0057156 0.0000000
vn 0.0000000 0.0000000 1.0000000
v 0.0190919 0.0071682 0.0000000
vn 0.0000000 0.0000000 1.0000000
v 0.0179546 0.0069737 0.0000000
vn 0.0000000 0.0000000 1.0000000
v 0.0185678 0.0105211 0.0000000
vn 0.0000000 0.0000000 -1.0000000
v -0.0184439 -0.0093551 -0.0030000
vn 0.0000000 0.0000000 -1.0000000
v -0.0185621 -0.0112522 -0.0030000
vn 0.0000000 0.0000000 -1.0000000
v -0.0156623 -0.0059838 -0.0030000
vn 0.0000000 0.0000000 -1.0000000
v -0.0145569 -0.0073163 -0.0030000
vn 0.0000000 0.0000000 -1.0000000
v -0.0142296 -0.0106241 -0.0030000
vn 0.0000000 0.0000000 -1.0000000
v -0.0160460 -0.0129197 -0.0030000
vn 0.0000000 0.0000000 -1.0000000
v -0.0186700 0.0084816 -0.0030000
vn 0.0000000 0.0000000 -1.0000000
v -0.0158959 0.0127788 -0.0030000
vn 0.0000000 0.0000000 -1.0000000
v -0.0143311 0.0115400 -0.0030000
vn 0.0000000 0.0000000 -1.0000000
v -0.0145100 0.0077920 -0.0030000
vn 0.0000000 0.0000000 -1.0000000
v -0.0155418 0.0055841 -0.0030000
vn 0.0000000 0.0000000 -1.0000000
v -0.0087067 0.0009206 -0.0030000
vn 0.0000000 0.0000000 -1.0000000
v -0.0090084 -0.0005502 -0.0030000
vn 0.0000000 0.0000000 -1.0000000
v -0.0044675 -0.0012625 -0.0030000
vn 0.0000000 0.0000000 -1.0000000
v -0.0055458 -0.0024837 -0.0030000
vn 0.0000000 0.0000000 -1.0000000
v 0.0012495 0.0075457 -0.0030000
vn 0.0000000 0.0000000 -1.0000000
v 0.0012482 0.0062658 -0.0030000
vn 0.0000000 0.0000000 -1.0000000
v 0.0037499 0.0095292 -0.0030000
vn 0.0000000 0.0000000 -1.0000000
v 0.0050000 0.0093834 -0.0030000
vn 0.0000000 0.0000000 -1.0000000
v 0.0050000 0.0068819 -0.0030000
vn 0.0000000 0.0000000 -1.0000000
v 0.0037497 0.0057562 -0.0030000
vn 0.0000000 0.0000000 -1.0000000
v 0.0017834 0.0169400 -0.0030000
vn 0.0000000 0.0000000 -1.0000000
v 0.0005665 0.0156240 -0.0030000
vn 0.0000000 0.0000000 -1.0000000
v 0.0046127 0.0171143 -0.0030000
vn 0.0000000 0.0000000 -1.0000000
v 0.0033843 0.0161472 -0.0030000
vn 0.0000000 0.0000000 -1.0000000
v 0.0112495 0.0163870 -0.0030000
vn 0.0000000 0.0000000 -1.0000000
v 0.0112488 0.0151688 -0.0030000
vn 0.0000000 0.0000000 -1.0000000
v 0.0137499 0.0187821 -0.0030000
vn 0.0000000 0.0000000 -1.0000000
v 0.0150034 0.0187491 -0.0030000
vn 0.0000000 0.0000000 -1.0000000
v 0.0149688 0.0160278 -0.0030000
vn 0.0000000 0.0000000 -1.0000000
v 0.0137167 0.0148886 -0.0030000
vn 0.0000000 0.0000000 -1.0000000
v 0.0187272 0.0137966 -0.0030000
vn 0.0000000 0.0000000 -1.0000000
v 0.0186726 0.0150468 -0.0030000
vn 0.0000000 0.0000000 -1.0000000
v 0.0162375 0.0113692 -0.0030000
vn 0.0000000 0.0000000 -1.0000000
v 0.0149620 0.0114341 -0.0030000
vn 0.0000000 0.0000000 -1.0000000
v 0.0187500 0.0037839 -0.0030000
vn 0.0000000 0.0000000 -1.0000000
v 0.0187500 0.0050350 -0.0030000
vn 0.0000000 0.0000000 -1.0000000
v 0.0162500 0.0013439 -0.0030000
vn 0.0000000 0.0000000 -1.0000000
v 0.0150000 0.0013793 -0.0030000
vn 0.0000000 0.0000000 -1.0000000
v 0.0150000 0.0038915 -0.0030000
vn 0.0000000 0.0000000 -1.0000000
v 0.0162500 0.0051070 -0.0030000
vn 0.0000000 0.0000000 -1.0000000
v 0.0087500 0.0041219 -0.0030000
vn 0.0000000 0.0000000 -1.0000000
v 0.0087500 0.0053763 -0.0030000
vn 0.0000000 0.0000000 -1.0000000
v 0.0062500 0.0017337 -0.0030000
vn 0.0000000 0.0000000 -1.0000000
v 0.0049997 0.0018166 -0.0030000
vn 0.0000000 0.0000000 -1.0000000
v 0.0049998 0.0043592 -0.0030000
vn 0.0000000 0.0000000 -1.0000000
v 0.0062500 0.0055238 -0.0030000
vn 0.0000000 0.0000000 -1.0000000
v 0.0187500 -0.0062467 -0.0030000
vn 0.0000000 0.0000000 -1.0000000
v 0.0187500 -0.0049955 -0.0030000
vn 0.0000000 0.0000000 -1.0000000
v 0.0162500 -0.0087421 -0.0030000
vn 0.0000000 0.0000000 -1.0000000
v 0.0150000 -0.0087377 -0.0030000
vn 0.0000000 0.0000000 -1.0000000
v 0.0150000 -0.0062252 -0.0030000
vn 0.0000000 0.0000000 -1.0000000
v 0.0162500 -0.0049784 -0.0030000
vn 0.0000000 0.0000000 -1.0000000
v 0.0187548 -0.0162544 -0.0030000
vn 0.0000000 0.0000000 -1.0000000
v 0.0187509 -0.0150006 -0.0030000
vn 0.0000000 0.0000000 -1.0000000
v 0.0162548 -0.0187544 -0.0030000
vn 0.0000000 0.0000000 -1.0000000
v 0.0150009 -0.0187506 -0.0030000
vn 0.0000000 0.0000000 -1.0000000
v 0.0150001 -0.0162491 -0.0030000
vn 0.0000000 0.0000000 -1.0000000
v 0.0162501 -0.0149991 -0.0030000
vn 0.0000000 0.0000000 -1.0000000
v 0.0087500 -0.0162421 -0.0030000
vn 0.0000000 0.0000000 -1.0000000
v 0.0087500 -0.0149877 -0.0030000
vn 0.0000000 0.0000000 -1.0000000
v 0.0062500 -0.0187467 -0.0030000
vn 0.0000000 0.0000000 -1.0000000
v 0.0050000 -0.0187455 -0.0030000
vn 0.0000000 0.0000000 -1.0000000
v 0.0050000 -0.0162284 -0.0030000
vn 0.0000000 0.0000000 -1.0000000
v 0.0062500 -0.0149752 -0.0030000
vn 0.0000000 0.0000000 -1.0000000
v -0.0012543 -0.0056235 -0.0030000
vn 0.0000000 0.0000000 -1.0000000
v -0.0012677 -0.0042634 -0.0030000
vn 0.0000000 0.0000000 -1.0000000
v -0.0037541 -0.0081246 -0.0030000
vn 0.0000000 0.0000000 -1.0000000
v -0.0050165 -0.0080048 -0.0030000
vn 0.0000000 0.0000000 -1.0000000
v -0.0051462 -0.0052116 -0.0030000
vn 0.0000000 0.0000000 -1.0000000
v -0.0039038 -0.0039776 -0.0030000
vn 0.0000000 0.0000000 -1.0000000
v -0.0012500 -0.0161525 -0.0030000
vn 0.0000000 0.0000000 -1.0000000
v -0.0012500 -0.0148630 -0.0030000
vn 0.0000000 0.0000000 -1.0000000
v -0.0037500 -0.0187137 -0.0030000
vn 0.0000000 0.0000000 -1.0000000
v -0.0050000 -0.0187099 -0.0030000
vn 0.0000000 0.0000000 -1.0000000
v -0.0050000 -0.0161106 -0.0030000
vn 0.0000000 0.0000000 -1.0000000
v -0.0037500 -0.0148250 -0.0030000
vn 0.0000000 0.0000000 -1.0000000
v -0.0112543 -0.0158917 -0.0030000
vn 0.0000000 0.0000000 -1.0000000
v -0.0112681 -0.0144816 -0.0030000
vn 0.0000000 0.0000000 -1.0000000
v -0.0137533 -0.0186103 -0.0030000
vn 0.0000000 0.0000000 -1.0000000
v -0.0150123 -0.0185856 -0.0030000
vn 0.0000000 0.0000000 -1.0000000
v -0.0151748 -0.0157088 -0.0030000
vn 0.0000000 0.0000000 -1.0000000
v -0.0139481 -0.0143124 -0.0030000
vn 0.0000000 -0.7071068 -0.7071068
v 0.0162500 -0.0200000 -0.0030000
vn 0.0000000 -0.7071068 0.7071068
v 0.0137500 -0.0200000 0.0000000
vn 0.0000000 -0.7071068 -0.7071068
v -0.0162500 -0.0200000 -0.0030000
vn 0.0000000 -1.0000000 0.0000000
v 0.0019373 -0.0200000 -0.0014977
vn 0.0000000 -0.7071068 -0.7071068
v 0.0037500 -0.0200000 -0.0030000
vn 0.7071067 0.0000000 -0.7071068
v 0.0200000 0.0037500 -0.0030000
vn 0.0000000 1.0000000 0.0000000
v -0.0127939 0.0200000 -0.0015072
vn 0.0000000 0.7071068 -0.7071068
v 0.0162500 0.0200000 -0.0030000
vn 0.6426324 -0.7661664 0.0035643
v -0.0054591 0.0065151 0.0033454
vn 1.0000000 0.0000000 0.0000000
v 0.0125000 -0.0004294 0.0066578
vn 1.0000000 0.0000000 0.0000000
v 0.0125000 -0.0035699 0.0097839
vn 1.0000000 0.0000000 0.0000000
v 0.0125000 0.0003839 0.0184076
vn 1.0000000 0.0000000 0.0000000
v 0.0125000 0.0035285 0.0152670
vn 0.0000000 1.0000000 0.0000000
v 0.0004298 0.0125000 0.0066577
vn 0.0000000 1.0000000 0.0000000
v 0.0035699 0.0125000 0.0097839
vn 0.0000000 1.0000000 0.0000000
v -0.0003762 0.0125000 0.0184038
vn 0.0000000 1.0000000 0.0000000
v -0.0035271 0.0125000 0.0152667
vn -1.0000000 0.0000000 0.0000000
v -0.0125000 0.0004294 0.0066578
vn -1.0000000 0.0000000 0.0000000
v -0.0125000 0.0035699 0.0097839
vn -1.0000000 0.0000000 0.0000000
v -0.0125000 -0.0003762 0.0184044
vn -1.0000000 0.0000000 0.0000000
v -0.0125000 -0.0035271 0.0152667
vn 0.0000000 -1.0000000 0.0000000
v -0.0004294 -0.0125000 0.0066578
vn 0.0000000 -1.0000000 0.0000000
v -0.0035699 -0.0125000 0.0097839
vn 0.0000000 -1.0000000 0.0000000
v 0.0003973 -0.0125000 0.0183806
vn 0.0000000 -1.0000000 0.0000000
v 0.0035304 -0.0125000 0.0152581
vn 0.0000000 0.0000000 1.0000000
v -0.0050302 0.0162494 0.0000000
vn 0.0000000 0.0000000 1.0000000
v -0.0009089 0.0177573 0.0000000
vn 0.0000000 0.0000000 1.0000000
v -0.0169003 -0.0057143 0.0000000
vn 0.0000000 0.0000000 1.0000000
v -0.0173137 -0.0002646 0.0000000
vn 0.0000000 0.0000000 1.0000000
v -0.0189353 -0.0000811 0.0000000
vn 0.0000000 0.0000000 1.0000000
v -0.0135259 0.0069496 0.0000000
vn 0.0000000 0.0000000 1.0000000
v 0.0052813 -0.0170764 0.0000000
vn 0.0000000 0.0000000 1.0000000
v -0.0069489 -0.0135281 0.0000000
vn 0.0000000 0.0000000 1.0000000
v 0.0163379 0.0051127 0.0000000
vn 0.0000000 0.0000000 1.0000000
v 0.0185718 0.0005746 0.0000000
vn 0.0000000 0.0000000 1.0000000
v 0.0140272 -0.0070025 0.0000000
vn 0.0000000 0.0000000 1.0000000
v 0.0070888 0.0137123 0.0000000
vn 0.0000000 0.0000000 -1.0000000
v -0.0087495 0.0188083 -0.0030000
vn 0.0000000 0.0000000 -1.0000000
v -0.0099999 0.0187702 -0.0030000
vn 0.0000000 0.0000000 -1.0000000
v -0.0062298 0.0165684 -0.0030000
vn 0.0000000 0.0000000 -1.0000000
v -0.0100007 0.0162216 -0.0030000
vn 0.0000000 0.0000000 -1.0000000
v -0.0036582 0.0145777 -0.0030000
vn 0.0000000 0.0000000 -1.0000000
v -0.0011521 0.0127515 -0.0030000
vn 0.0000000 0.0000000 -1.0000000
v -0.0012374 0.0113648 -0.0030000
vn 0.0000000 0.0000000 -1.0000000
v -0.0037496 0.0105811 -0.0030000
vn 0.0000000 0.0000000 -1.0000000
v -0.0100162 0.0135673 -0.0030000
vn 0.0000000 0.0000000 -1.0000000
v -0.0062673 0.0100945 -0.0030000
vn 0.0000000 0.0000000 -1.0000000
v -0.0089068 0.0096382 -0.0030000
vn 0.0000000 0.0000000 -1.0000000
v -0.0101462 0.0108099 -0.0030000
vn 0.0000000 0.0000000 -1.0000000
v 0.0087500 -0.0099340 -0.0030000
vn 0.0000000 0.0000000 -1.0000000
v 0.0100000 -0.0086840 -0.0030000
vn 0.0000000 0.0000000 -1.0000000
v 0.0062500 -0.0098778 -0.0030000
vn 0.0000000 0.0000000 -1.0000000
v 0.0100000 -0.0061282 -0.0030000
vn 0.0000000 0.0000000 -1.0000000
v 0.0037500 -0.0098119 -0.0030000
vn 0.0000000 0.0000000 -1.0000000
v 0.0012500 -0.0097367 -0.0030000
vn 0.0000000 0.0000000 -1.0000000
v 0.0012500 -0.0084329 -0.0030000
vn 0.0000000 0.0000000 -1.0000000
v 0.0037500 -0.0059289 -0.0030000
vn 0.0000000 0.0000000 -1.0000000
v 0.0100000 -0.0035646 -0.0030000
vn 0.0000000 0.0000000 -1.0000000
v 0.0062500 -0.0034344 -0.0030000
vn 0.0000000 0.0000000 -1.0000000
v 0.0087500 -0.0009555 -0.0030000
vn 0.0000000 0.0000000 -1.0000000
v 0.0100000 -0.0010025 -0.0030000
vn 0.7071068 0.0000000 -0.7071068
v 0.0200000 -0.0137500 -0.0030000
vn -0.1937719 0.9810463 0.0007193
v 0.0016440 -0.0083374 0.0188167
vn 0.0000000 0.0000000 1.0000000
v 0.0057013 0.0186353 0.0000000
vn 0.0000000 0.7071068 0.7071068
v 0.0062500 0.0200000 0.0000000
vn 0.0000000 0.0000000 1.0000000
v -0.0107922 0.0184519 0.0000000
vn 0.0000000 0.0000000 1.0000000
v -0.0120258 0.0189898 0.0000000
vn 0.0000000 0.0000000 1.0000000
v -0.0123120 0.0177524 0.0000000
vn 0.0000000 0.0000000 1.0000000
v -0.0190047 0.0065304 0.0000000
vn 0.0000000 0.0000000 1.0000000
v -0.0175224 -0.0126321 0.0000000
vn 0.0000000 0.0000000 1.0000000
v -0.0065072 -0.0190075 0.0000000
vn 0.0000000 0.0000000 1.0000000
v 0.0113976 -0.0187381 0.0000000
vn 0.0000000 0.0000000 1.0000000
v 0.0126732 -0.0178368 0.0000000
vn 0.0000000 0.0000000 1.0000000
v 0.0187080 -0.0063206 0.0000000
vn 0.0000000 0.0000000 1.0000000
v 0.0186326 0.0120211 0.0000000
vn 0.0000000 0.0000000 1.0000000
v 0.0173457 0.0128554 0.0000000
vn -1.0000000 0.0000000 0.0000000
v -0.0200000 -0.0054934 -0.0014834
vn -0.7071068 0.0000000 0.7071068
v -0.0200000 -0.0087500 0.0000000
vn 0.0000000 0.0000000 -1.0000000
v -0.0186050 0.0007286 -0.0030000
vn 0.0000000 0.0000000 -1.0000000
v -0.0187532 -0.0009241 -0.0030000
vn 0.0000000 0.0000000 -1.0000000
v -0.0164979 0.0031586 -0.0030000
vn 0.0000000 0.0000000 -1.0000000
v -0.0163583 -0.0032473 -0.0030000
vn 0.0000000 0.0000000 -1.0000000
v -0.0139377 0.0049360 -0.0030000
vn 0.0000000 0.0000000 -1.0000000
v -0.0106460 0.0080599 -0.0030000
vn 0.0000000 0.0000000 -1.0000000
v -0.0095006 0.0068758 -0.0030000
vn 0.0000000 0.0000000 -1.0000000
v -0.0140367 -0.0056190 -0.0030000
vn 0.0000000 0.0000000 -1.0000000
v -0.0091751 -0.0021151 -0.0030000
vn 0.0000000 0.0000000 -1.0000000
v -0.0093006 -0.0061326 -0.0030000
vn 0.0000000 0.0000000 -1.0000000
v -0.0104882 -0.0073457 -0.0030000
vn 0.0000000 0.0000000 -1.0000000
v 0.0011937 0.0127605 -0.0030000
vn 0.0000000 0.0000000 -1.0000000
v 0.0012387 0.0114156 -0.0030000
vn 0.0000000 0.0000000 -1.0000000
v 0.0036030 0.0146974 -0.0030000
vn 0.0000000 0.0000000 -1.0000000
v 0.0037488 0.0107783 -0.0030000
vn 0.0000000 0.0000000 -1.0000000
v 0.0061128 0.0167733 -0.0030000
vn 0.0000000 0.0000000 -1.0000000
v 0.0087352 0.0188785 -0.0030000
vn 0.0000000 0.0000000 -1.0000000
v 0.0099983 0.0188229 -0.0030000
vn 0.0000000 0.0000000 -1.0000000
v 0.0099997 0.0164174 -0.0030000
vn 0.0000000 0.0000000 -1.0000000
v 0.0062500 0.0105157 -0.0030000
vn 0.0000000 0.0000000 -1.0000000
v 0.0099996 0.0139891 -0.0030000
vn 0.0000000 0.0000000 -1.0000000
v 0.0099989 0.0115400 -0.0030000
vn 0.0000000 0.0000000 -1.0000000
v 0.0087499 0.0103636 -0.0030000
vn 0.0000000 0.0000000 -1.0000000
v 0.0187500 0.0087861 -0.0030000
vn 0.0000000 0.0000000 -1.0000000
v 0.0187499 0.0100362 -0.0030000
vn 0.0000000 0.0000000 -1.0000000
v 0.0162500 0.0063582 -0.0030000
vn 0.0000000 0.0000000 -1.0000000
v 0.0162482 0.0101098 -0.0030000
vn 0.0000000 0.0000000 -1.0000000
v 0.0137500 0.0039294 -0.0030000
vn 0.0000000 0.0000000 -1.0000000
v 0.0112500 0.0014961 -0.0030000
vn 0.0000000 0.0000000 -1.0000000
v 0.0100000 0.0015435 -0.0030000
vn 0.0000000 0.0000000 -1.0000000
v 0.0100000 0.0040638 -0.0030000
vn 0.0000000 0.0000000 -1.0000000
v 0.0137342 0.0101946 -0.0030000
vn 0.0000000 0.0000000 -1.0000000
v 0.0100000 0.0065692 -0.0030000
vn 0.0000000 0.0000000 -1.0000000
v 0.0099994 0.0090651 -0.0030000
vn 0.0000000 0.0000000 -1.0000000
v 0.0112367 0.0102490 -0.0030000
vn 0.0000000 0.0000000 -1.0000000
v 0.0187500 -0.0112490 -0.0030000
vn 0.0000000 0.0000000 -1.0000000
v 0.0187500 -0.0099985 -0.0030000
vn 0.0000000 0.0000000 -1.0000000
v 0.0162500 -0.0137482 -0.0030000
vn 0.0000000 0.0000000 -1.0000000
v 0.0162500 -0.0099940 -0.0030000
vn 0.0000000 0.0000000 -1.0000000
v 0.0137500 -0.0162482 -0.0030000
vn 0.0000000 0.0000000 -1.0000000
v 0.0112500 -0.0187490 -0.0030000
vn 0.0000000 0.0000000 -1.0000000
v 0.0100000 -0.0187485 -0.0030000
vn 0.0000000 0.0000000 -1.0000000
v 0.0100000 -0.0162440 -0.0030000
vn 0.0000000 0.0000000 -1.0000000
v 0.0137500 -0.0099864 -0.0030000
vn 0.0000000 0.0000000 -1.0000000
v 0.0100000 -0.0137364 -0.0030000
vn 0.0000000 0.0000000 -1.0000000
v 0.0100000 -0.0112201 -0.0030000
vn 0.0000000 0.0000000 -1.0000000
v 0.0112500 -0.0099701 -0.0030000
vn 0.0000000 0.0000000 -1.0000000
v -0.0012500 -0.0109566 -0.0030000
vn 0.0000000 0.0000000 -1.0000000
v -0.0012500 -0.0096358 -0.0030000
vn 0.0000000 0.0000000 -1.0000000
v -0.0037500 -0.0135094 -0.0030000
vn 0.0000000 0.0000000 -1.0000000
v -0.0037508 -0.0094864 -0.0030000
vn 0.0000000 0.0000000 -1.0000000
v -0.0062500 -0.0160830 -0.0030000
vn 0.0000000 0.0000000 -1.0000000
v -0.0087500 -0.0186823 -0.0030000
vn 0.0000000 0.0000000 -1.0000000
v -0.0100000 -0.0186658 -0.0030000
vn 0.0000000 0.0000000 -1.0000000
v -0.0100009 -0.0159466 -0.0030000
vn 0.0000000 0.0000000 -1.0000000
v -0.0062665 -0.0092694 -0.0030000
vn 0.0000000 0.0000000 -1.0000000
v -0.0100175 -0.0131514 -0.0030000
vn 0.0000000 0.0000000 -1.0000000
v -0.0101485 -0.0102829 -0.0030000
vn 0.0000000 0.0000000 -1.0000000
v -0.0088936 -0.0089925 -0.0030000
vn 0.0000000 -0.7071068 0.7071068
v -0.0112500 -0.0200000 0.0000000
vn 0.0000000 -1.0000000 0.0000000
v -0.0158441 -0.0200000 -0.0015104
vn 0.0000000 -0.7071067 -0.7071068
v -0.0012500 -0.0200000 -0.0030000
vn 0.0000000 -0.7071068 -0.7071067
v -0.0062500 -0.0200000 -0.0030000
vn 0.0000000 -0.7071068 -0.7071068
v 0.0112500 -0.0200000 -0.0030000
vn 0.7071068 0.0000000 0.7071068
v 0.0200000 -0.0112500 0.0000000
vn 0.7071068 0.0000000 -0.7071068
v 0.0200000 0.0137500 -0.0030000
vn 0.0000000 1.0000000 0.0000000
v 0.0137381 0.0200000 -0.0010719
vn 0.0000000 0.7071068 -0.7071068
v 0.0087500 0.0200000 -0.0030000
vn 0.0000000 0.7071068 -0.7071068
v -0.0137500 0.0200000 -0.0030000
vn 0.0000000 0.0000000 1.0000000
v -0.0010087 0.0190020 0.0000000
vn 0.0000000 0.0000000 1.0000000
v -0.0041136 0.0187532 0.0000000
vn 0.0000000 0.0000000 1.0000000
v -0.0066041 0.0166664 0.0000000
vn 0.0000000 0.0000000 1.0000000
v -0.0176572 -0.0070461 0.0000000
vn 0.0000000 0.0000000 1.0000000
v 0.0069454 -0.0177182 0.0000000
vn 0.0000000 0.0000000 1.0000000
v 0.0187467 0.0040424 0.0000000
vn 0.0000000 0.0000000 1.0000000
v 0.0165791 0.0065699 0.0000000
vn 0.0000000 0.0000000 1.0000000
v 0.0172199 0.0113717 0.0000000
vn 0.0000000 0.0000000 1.0000000
v 0.0026711 0.0137567 0.0000000
vn 0.0000000 0.0000000 -1.0000000
v -0.0188371 0.0183445 -0.0030000
vn 0.0000000 0.0000000 -1.0000000
v -0.0166555 0.0157463 -0.0030000
vn 0.0000000 0.0000000 -1.0000000
v -0.0141255 0.0130676 -0.0030000
vn 0.0000000 0.0000000 -1.0000000
v -0.0115602 0.0105953 -0.0030000
vn 0.0000000 0.7071068 -0.7071068
v -0.0062500 0.0200000 -0.0030000
vn 0.0000000 0.0000000 -1.0000000
v -0.0091223 0.0082569 -0.0030000
vn 0.0000000 0.0000000 -1.0000000
v -0.0066047 0.0058949 -0.0030000
vn 0.0000000 0.0000000 -1.0000000
v -0.0000014 0.0106366 -0.0030000
vn 0.0000000 0.0000000 -1.0000000
v -0.0000007 0.0080391 -0.0030000
vn 0.0000000 0.0000000 -1.0000000
v -0.0000102 0.0054365 -0.0030000
vn 0.0000000 0.0000000 -1.0000000
v -0.0000562 0.0026764 -0.0030000
vn 0.0000000 0.0000000 -1.0000000
v 0.0187500 -0.0012340 -0.0030000
vn 0.0000000 0.0000000 -1.0000000
v 0.0187500 0.0000225 -0.0030000
vn 0.0000000 0.0000000 -1.0000000
v 0.0162500 -0.0037170 -0.0030000
vn 0.0000000 0.0000000 -1.0000000
v 0.0162500 0.0000824 -0.0030000
vn 0.0000000 0.0000000 -1.0000000
v 0.0137500 -0.0062093 -0.0030000
vn 0.0000000 0.0000000 -1.0000000
v 0.0112500 -0.0087056 -0.0030000
vn 0.0000000 0.0000000 -1.0000000
v 0.0137500 0.0001522 -0.0030000
vn 0.0000000 0.0000000 -1.0000000
v 0.0112500 0.0002292 -0.0030000
vn 0.0000000 0.0000000 -1.0000000
v 0.0087500 -0.0112056 -0.0030000
vn 0.0000000 0.0000000 -1.0000000
v 0.0062500 -0.0137093 -0.0030000
vn 0.0000000 0.0000000 -1.0000000
v 0.0037500 -0.0162169 -0.0030000
vn 0.0000000 0.0000000 -1.0000000
v 0.0012500 -0.0187340 -0.0030000
vn 0.0000000 0.0000000 -1.0000000
v 0.0000000 -0.0187274 -0.0030000
vn 0.0000000 0.0000000 -1.0000000
v 0.0000000 -0.0161662 -0.0030000
vn 0.0000000 0.0000000 -1.0000000
v 0.0000000 -0.0135911 -0.0030000
vn 0.0000000 0.0000000 -1.0000000
v -0.0000000 -0.0109984 -0.0030000
vn 0.0000000 0.0000000 -1.0000000
v 0.0087500 0.0003255 -0.0030000
vn 0.0000000 0.0000000 -1.0000000
v 0.0062500 0.0004534 -0.0030000
vn 0.0000000 0.0000000 -1.0000000
v -0.0000000 -0.0083756 -0.0030000
vn 0.0000000 0.0000000 -1.0000000
v -0.0000008 -0.0057217 -0.0030000
vn 0.0000000 0.0000000 -1.0000000
v 0.0037485 0.0006230 -0.0030000
vn 0.0000000 0.0000000 -1.0000000
v -0.0000159 -0.0030279 -0.0030000
vn 0.0000000 0.0000000 -1.0000000
v -0.0001117 -0.0002355 -0.0030000
vn 0.0000000 0.0000000 -1.0000000
v 0.0012147 0.0009209 -0.0030000
vn 0.0000000 -1.0000000 0.0000000
v -0.0093637 -0.0200000 -0.0014997
vn 1.0000000 0.0000000 0.0000000
v 0.0200000 0.0041226 -0.0018088
vn 0.7071068 0.0000000 -0.7071068
v 0.0200000 -0.0087500 -0.0030000
vn 0.7071068 0.0000000 -0.7071068
v 0.0200000 -0.0062500 -0.0030000
vn 0.7071068 0.0000000 -0.7071068
v 0.0200000 -0.0012500 -0.0030000
vn 0.0000000 1.0000000 0.0000000
v -0.0050802 0.0200000 -0.0009687
vn 0.0000000 1.0000000 0.0000000
v -0.0041155 0.0200000 -0.0019332
vn 0.0000000 1.0000000 0.0000000
v -0.0057506 0.0200000 -0.0020116
vn 0.0000000 0.7071068 -0.7071068
v 0.0012500 0.0200000 -0.0030000
vn 0.0000000 1.0000000 0.0000000
v 0.0041807 0.0200000 -0.0014774
vn 0.9265512 0.3761687 0.0001868
v -0.0078819 -0.0031785 0.0153847
vn 0.0000000 0.7071068 0.7071068
v 0.0012500 0.0200000 0.0000000
vn 0.0000000 0.7071068 0.7071068
v -0.0137500 0.0200000 0.0000000
vn 0.0000000 0.0000000 1.0000000
v -0.0112626 0.0167608 0.0000000
vn 0.0000000 0.0000000 1.0000000
v -0.0121568 0.0137643 0.0000000
vn -0.7071068 0.0000000 0.7071068
v -0.0200000 0.0012500 0.0000000
vn 0.0000000 0.0000000 1.0000000
v -0.0186693 -0.0038970 0.0000000
vn 0.0000000 0.0000000 1.0000000
v -0.0189502 -0.0079726 0.0000000
vn -0.7071068 0.0000000 0.7071068
v -0.0200000 -0.0137500 0.0000000
vn 0.0000000 0.0000000 1.0000000
v -0.0169313 -0.0113389 0.0000000
vn 0.0000000 0.0000000 1.0000000
v -0.0137654 -0.0121101 0.0000000
vn 0.0000000 -0.7071068 0.7071068
v -0.0168750 -0.0200000 0.0000000
vn 0.0000000 -0.7071068 0.7071068
v -0.0012500 -0.0200000 0.0000000
vn 0.0000000 0.0000000 1.0000000
v 0.0076004 -0.0190217 0.0000000
vn 0.0000000 0.0000000 1.0000000
v 0.0112459 -0.0170643 0.0000000
vn 0.0000000 0.0000000 1.0000000
v 0.0121410 -0.0137989 0.0000000
vn 0.7071068 0.0000000 0.7071068
v 0.0200000 -0.0056250 0.0000000
vn 0.7071068 0.0000000 0.7071068
v 0.0200000 -0.0018750 0.0000000
vn 0.7071068 0.0000000 0.7071068
v 0.0200000 0.0143750 0.0000000
vn 0.0000000 0.0000000 1.0000000
v 0.0184144 0.0155231 0.0000000
vn 0.7071068 0.0000000 0.7071068
v 0.0200000 0.0181250 0.0000000
vn 0.0000000 0.0000000 1.0000000
v 0.0189068 0.0192992 0.0000000
vn 0.0000000 0.0000000 1.0000000
v 0.0150111 0.0134670 0.0000000
vn -1.0000000 0.0000000 0.0000000
v -0.0200000 0.0156847 -0.0015036
vn -0.7071068 0.0000000 -0.7071068
v -0.0200000 0.0175000 -0.0030000
vn -0.7071068 0.0000000 -0.7071068
v -0.0200000 0.0125000 -0.0030000
vn -0.7071068 0.0000000 -0.7071068
v -0.0200000 0.0075000 -0.0030000
vn -0.7071068 0.0000000 -0.7071068
v -0.0200000 0.0025000 -0.0030000
vn -0.7071068 0.0000000 -0.7071068
v -0.0200000 -0.0025000 -0.0030000
vn -0.7071068 0.0000000 -0.7071068
v -0.0200000 -0.0075000 -0.0030000
vn -0.7071068 0.0000000 -0.7071068
v -0.0200000 -0.0125000 -0.0030000
vn -0.7071068 0.0000000 -0.7071068
v -0.0200000 -0.0175000 -0.0030000
vn 0.0000000 0.0000000 -1.0000000
v -0.0188346 -0.0183404 -0.0030000
vn 0.0000000 0.0000000 -1.0000000
v -0.0166568 -0.0156709 -0.0030000
vn 0.0000000 0.0000000 -1.0000000
v -0.0144010 -0.0128600 -0.0030000
vn 0.0000000 0.0000000 -1.0000000
v -0.0115580 -0.0100862 -0.0030000
vn 0.0000000 0.0000000 -1.0000000
v -0.0090546 -0.0075591 -0.0030000
vn 0.0000000 0.0000000 -1.0000000
v -0.0065716 -0.0050192 -0.0030000
vn 0.0000000 0.0000000 -1.0000000
v -0.0041065 -0.0026026 -0.0030000
vn 0.0000000 0.0000000 -1.0000000
v -0.0016770 0.0001264 -0.0030000
vn 0.0000000 0.0000000 -1.0000000
v 0.0012233 0.0022875 -0.0030000
vn 0.0000000 0.0000000 -1.0000000
v 0.0037492 0.0044838 -0.0030000
vn 0.0000000 0.0000000 -1.0000000
v 0.0062500 0.0067790 -0.0030000
vn 0.0000000 0.0000000 -1.0000000
v 0.0087499 0.0091236 -0.0030000
vn 0.0000000 0.0000000 -1.0000000
v 0.0112346 0.0114714 -0.0030000
vn 0.0000000 0.0000000 -1.0000000
v 0.0136675 0.0132584 -0.0030000
vn 0.0000000 0.7071068 -0.7071068
v 0.0112500 0.0200000 -0.0030000
vn 0.0000000 0.7071068 -0.7071068
v 0.0137500 0.0200000 -0.0030000
vn 0.0000000 0.0000000 -1.0000000
v 0.0161829 0.0156266 -0.0030000
vn 0.7071068 0.0000000 -0.7071068
v 0.0200000 0.0062500 -0.0030000
vn 0.0000000 -0.7071068 -0.7071068
v 0.0087500 -0.0200000 -0.0030000
vn 0.0000000 -0.7071068 -0.7071068
v -0.0112500 -0.0200000 -0.0030000
vn 0.0000000 -0.7071068 -0.7071068
v -0.0137500 -0.0200000 -0.0030000
vn 0.0000000 -1.0000000 0.0000000
v -0.0175065 -0.0200000 -0.0017026
vn 0.0000000 -1.0000000 0.0000000
v -0.0144232 -0.0200000 -0.0014985
vn 1.0000000 0.0000000 0.0000000
v 0.0200000 0.0188948 -0.0014977
vn 1.0000000 0.0000000 0.0000000
v 0.0200000 -0.0066308 -0.0015158
vn 0.0000000 1.0000000 0.0000000
v -0.0159320 0.0200000 -0.0017894
vn 0.0000000 1.0000000 0.0000000
v -0.0112680 0.0200000 -0.0008538
vn 0.0000000 1.0000000 0.0000000
v 0.0007865 0.0200000 -0.0014609
vn -0.9963818 0.0849642 0.0020859
v 0.0084693 -0.0007160 0.0157521
vn -0.1110146 0.9938188 0.0001945
v 0.0009091 -0.0084492 0.0059052
vn 0.4700974 0.8826142 -0.0008243
v -0.0039935 -0.0075020 0.0126613
vn 0.0000000 -0.7071068 0.7071068
v 0.0066406 -0.0125000 0.0250000
vn 0.0000000 0.7071068 0.7071068
v -0.0060547 0.0125000 0.0250000
vn -0.7071068 0.0000000 0.7071068
v -0.0125000 -0.0060547 0.0250000
vn 0.0000000 0.0000000 1.0000000
v -0.0088690 0.0043112 0.0250000
vn 0.0000000 0.0000000 1.0000000
v -0.0137985 -0.0056320 0.0000000
vn 1.0000000 0.0000000 0.0000000
v 0.0125000 0.0001655 0.0232365
vn 0.0000000 1.0000000 0.0000000
v -0.0001887 0.0125000 0.0232305
vn -1.0000000 0.0000000 0.0000000
v -0.0125000 -0.0001885 0.0232313
vn 0.0000000 0.0000000 1.0000000
v 0.0162779 -0.0030240 0.0000000
vn 0.0000000 -0.7071068 0.7071068
v 0.0048828 -0.0125000 0.0250000
vn 0.0000000 0.7071068 0.7071068
v -0.0042969 0.0125000 0.0250000
vn -0.7071068 0.0000000 0.7071067
v -0.0125000 -0.0042969 0.0250000
vn 0.7071068 0.0000000 0.7071068
v 0.0125000 0.0042969 0.0250000
vn 0.0000000 0.0000000 1.0000000
v 0.0096756 -0.0055134 0.0250000
vn 0.0000000 1.0000000 0.0000000
v 0.0113019 0.0125000 0.0238502
vn -1.0000000 0.0000000 0.0000000
v -0.0125000 0.0114874 0.0239755
vn 0.0000000 0.7071068 0.7071068
v -0.0113281 0.0125000 0.0000000
vn 0.0000000 0.0000000 1.0000000
v -0.0180528 0.0012099 0.0000000
vn -0.7071068 0.0000000 0.7071068
v -0.0125000 -0.0113281 0.0000000
vn 0.0000000 0.0000000 1.0000000
v -0.0013395 -0.0181058 0.0000000
vn 0.0000000 -0.7071068 0.7071068
v 0.0113281 -0.0125000 0.0000000
vn 0.7071068 0.0000000 0.7071068
v 0.0125000 0.0113281 0.0000000
vn 0.0000000 -1.0000000 0.0000000
v -0.0048801 -0.0200000 -0.0016226
vn 0.9747411 0.2233377 0.0003290
v -0.0082861 -0.0018905 0.0101265
vn 1.0000000 0.0000000 0.0000000
v 0.0125000 -0.0110680 0.0210911
vn 1.0000000 0.0000000 0.0000000
v 0.0125000 -0.0038092 0.0145069
vn 1.0000000 0.0000000 0.0000000
v 0.0125000 -0.0094486 0.0021661
vn 1.0000000 0.0000000 0.0000000
v 0.0125000 -0.0032638 0.0022462
vn 1.0000000 0.0000000 0.0000000
v 0.0125000 0.0024034 0.0082765
vn 1.0000000 0.0000000 0.0000000
v 0.0125000 0.0029724 0.0022535
vn 1.0000000 0.0000000 0.0000000
v 0.0125000 0.0083824 0.0036442
vn 1.0000000 0.0000000 0.0000000
v 0.0125000 0.0036608 0.0106290
vn 1.0000000 0.0000000 0.0000000
v 0.0125000 0.0094733 0.0228133
vn 1.0000000 0.0000000 0.0000000
v 0.0125000 -0.0025484 0.0168500
vn 1.0000000 0.0000000 0.0000000
v 0.0125000 -0.0029923 0.0227676
vn 0.0000000 1.0000000 0.0000000
v 0.0109596 0.0125000 0.0214302
vn 0.0000000 1.0000000 0.0000000
v 0.0038088 0.0125000 0.0145070
vn 0.0000000 1.0000000 0.0000000
v 0.0094502 0.0125000 0.0021636
vn 0.0000000 1.0000000 0.0000000
v 0.0032646 0.0125000 0.0022464
vn 0.0000000 1.0000000 0.0000000
v -0.0024034 0.0125000 0.0082765
vn 0.0000000 1.0000000 0.0000000
v -0.0029681 0.0125000 0.0022506
vn 0.0000000 1.0000000 0.0000000
v -0.0084328 0.0125000 0.0036326
vn 0.0000000 1.0000000 0.0000000
v -0.0036608 0.0125000 0.0106290
vn 0.0000000 1.0000000 0.0000000
v -0.0095349 0.0125000 0.0227966
vn 0.0000000 1.0000000 0.0000000
v 0.0025478 0.0125000 0.0168496
vn 0.0000000 1.0000000 0.0000000
v 0.0029887 0.0125000 0.0227646
vn 0.0000000 1.0000000 0.0000000
v 0.0092802 0.0125000 0.0219688
vn -1.0000000 0.0000000 0.0000000
v -0.0125000 0.0112118 0.0212523
vn -1.0000000 0.0000000 0.0000000
v -0.0125000 0.0038092 0.0145093
vn -1.0000000 0.0000000 0.0000000
v -0.0125000 0.0094502 0.0021636
vn -1.0000000 0.0000000 0.0000000
v -0.0125000 0.0032638 0.0022462
vn -1.0000000 0.0000000 0.0000000
v -0.0125000 -0.0024034 0.0082765
vn -1.0000000 0.0000000 0.0000000
v -0.0125000 -0.0029724 0.0022535
vn -1.0000000 0.0000000 0.0000000
v -0.0125000 -0.0083824 0.0036442
vn -1.0000000 0.0000000 0.0000000
v -0.0125000 -0.0036608 0.0106290
vn -1.0000000 0.0000000 0.0000000
v -0.0125000 -0.0095332 0.0227940
vn -1.0000000 0.0000000 0.0000000
v -0.0125000 0.0025474 0.0168543
vn -1.0000000 0.0000000 0.0000000
v -0.0125000 0.0029914 0.0227873
vn 0.0000000 -1.0000000 0.0000000
v -0.0110723 -0.0125000 0.0210944
vn 0.0000000 -1.0000000 0.0000000
v -0.0038092 -0.0125000 0.0145068
vn 0.0000000 -1.0000000 0.0000000
v -0.0094502 -0.0125000 0.0021636
vn 0.0000000 -1.0000000 0.0000000
v -0.0032638 -0.0125000 0.0022462
vn 0.0000000 -1.0000000 0.0000000
v 0.0024034 -0.0125000 0.0082765
vn 0.0000000 -1.0000000 0.0000000
v 0.0029722 -0.0125000 0.0022533
vn 0.0000000 -1.0000000 0.0000000
v 0.0083896 -0.0125000 0.0036372
vn 0.0000000 -1.0000000 0.0000000
v 0.0036608 -0.0125000 0.0106290
vn 0.0000000 -1.0000000 0.0000000
v 0.0094334 -0.0125000 0.0227117
vn 0.0000000 -1.0000000 0.0000000
v -0.0025474 -0.0125000 0.0168486
vn 0.0000000 -1.0000000 0.0000000
v -0.0029899 -0.0125000 0.0227616
vn 0.0000000 0.0000000 1.0000000
v 0.0167762 -0.0188431 0.0000000
vn 1.0000000 0.0000000 0.0000000
v 0.0200000 -0.0037601 -0.0017716
vn -0.9817019 -0.1904244 -0.0002876
v 0.0083431 0.0016156 0.0069677
vn 1.0000000 0.0000000 0.0000000
v 0.0125000 -0.0070543 0.0189724
vn 1.0000000 0.0000000 0.0000000
v 0.0125000 -0.0063837 0.0022403
vn 1.0000000 0.0000000 0.0000000
v 0.0125000 0.0059738 0.0023372
vn 1.0000000 0.0000000 0.0000000
v 0.0125000 0.0054132 0.0066945
vn 1.0000000 0.0000000 0.0000000
v 0.0125000 0.0067826 0.0074832
vn 1.0000000 0.0000000 0.0000000
v 0.0125000 0.0063722 0.0223930
vn 1.0000000 0.0000000 0.0000000
v 0.0125000 -0.0062486 0.0224656
vn 0.0000000 1.0000000 0.0000000
v 0.0069711 0.0125000 0.0190870
vn 0.0000000 1.0000000 0.0000000
v 0.0063841 0.0125000 0.0022399
vn 0.0000000 1.0000000 0.0000000
v -0.0059637 0.0125000 0.0023196
vn 0.0000000 1.0000000 0.0000000
v -0.0054133 0.0125000 0.0066941
vn 0.0000000 1.0000000 0.0000000
v -0.0067828 0.0125000 0.0074830
vn 0.0000000 1.0000000 0.0000000
v 0.0062061 0.0125000 0.0223424
vn -1.0000000 0.0000000 0.0000000
v -0.0125000 0.0070217 0.0191751
vn -1.0000000 0.0000000 0.0000000
v -0.0125000 0.0063841 0.0022399
vn -1.0000000 0.0000000 0.0000000
v -0.0125000 -0.0059738 0.0023372
vn -1.0000000 0.0000000 0.0000000
v -0.0125000 -0.0054132 0.0066945
vn -1.0000000 0.0000000 0.0000000
v -0.0125000 -0.0067826 0.0074832
vn -1.0000000 0.0000000 0.0000000
v -0.0125000 0.0059702 0.0227202
vn 0.0000000 -1.0000000 0.0000000
v -0.0071534 -0.0125000 0.0194576
vn 0.0000000 -1.0000000 0.0000000
v -0.0063841 -0.0125000 0.0022399
vn 0.0000000 -1.0000000 0.0000000
v 0.0059682 -0.0125000 0.0023301
vn 0.0000000 -1.0000000 0.0000000
v 0.0054134 -0.0125000 0.0066939
vn 0.0000000 -1.0000000 0.0000000
v 0.0067830 -0.0125000 0.0074821
vn 0.0000000 -1.0000000 0.0000000
v 0.0069731 -0.0125000 0.0234320
vn 0.0000000 -1.0000000 0.0000000
v -0.0063007 -0.0125000 0.0224349
vn 1.0000000 0.0000000 0.0000000
v 0.0200000 -0.0143783 -0.0015042
vn 0.8802595 -0.4743414 0.0119824
v -0.0075059 0.0039862 0.0014860
vn 0.9023463 -0.4309976 -0.0034888
v -0.0076779 0.0036445 0.0072913
vn 1.0000000 0.0000000 0.0000000
v 0.0125000 -0.0001374 0.0022473
vn 1.0000000 0.0000000 0.0000000
v 0.0125000 -0.0007240 0.0114074
vn 1.0000000 0.0000000 0.0000000
v 0.0125000 0.0033437 0.0201515
vn 1.0000000 0.0000000 0.0000000
v 0.0125000 0.0002219 0.0216270
vn 1.0000000 0.0000000 0.0000000
v 0.0125000 0.0005421 0.0137544
vn 0.0000000 1.0000000 0.0000000
v 0.0001413 0.0125000 0.0022470
vn 0.0000000 1.0000000 0.0000000
v 0.0007240 0.0125000 0.0114074
vn 0.0000000 1.0000000 0.0000000
v -0.0032767 0.0125000 0.0200927
vn 0.0000000 1.0000000 0.0000000
v -0.0002241 0.0125000 0.0216126
vn 0.0000000 1.0000000 0.0000000
v -0.0005420 0.0125000 0.0137544
vn -1.0000000 0.0000000 0.0000000
v -0.0125000 0.0001374 0.0022473
vn -1.0000000 0.0000000 0.0000000
v -0.0125000 0.0007240 0.0114075
vn -1.0000000 0.0000000 0.0000000
v -0.0125000 -0.0032767 0.0200927
vn -1.0000000 0.0000000 0.0000000
v -0.0125000 -0.0002238 0.0216138
vn -1.0000000 0.0000000 0.0000000
v -0.0125000 -0.0005420 0.0137544
vn 0.0000000 -1.0000000 0.0000000
v -0.0001374 -0.0125000 0.0022473
vn 0.0000000 -1.0000000 0.0000000
v -0.0007240 -0.0125000 0.0114074
vn 0.0000000 -1.0000000 0.0000000
v 0.0001749 -0.0125000 0.0231797
vn 0.0000000 -1.0000000 0.0000000
v 0.0005424 -0.0125000 0.0137538
vn 1.0000000 0.0000000 0.0000000
v 0.0125000 -0.0084076 0.0196012
vn 1.0000000 0.0000000 0.0000000
v 0.0125000 -0.0023354 0.0137477
vn 1.0000000 0.0000000 0.0000000
v 0.0125000 0.0007692 0.0106336
vn 1.0000000 0.0000000 0.0000000
v 0.0125000 0.0039065 0.0074883
vn 1.0000000 0.0000000 0.0000000
v 0.0125000 0.0103043 0.0012845
vn 1.0000000 0.0000000 0.0000000
v 0.0125000 0.0022654 0.0098565
vn 1.0000000 0.0000000 0.0000000
v 0.0125000 0.0054444 0.0236532
vn 1.0000000 0.0000000 0.0000000
v 0.0125000 0.0027130 0.0233814
vn 1.0000000 0.0000000 0.0000000
v 0.0125000 -0.0008521 0.0129803
vn 1.0000000 0.0000000 0.0000000
v 0.0125000 -0.0039217 0.0160611
vn 1.0000000 0.0000000 0.0000000
v 0.0125000 -0.0068911 0.0212157
vn 1.0000000 0.0000000 0.0000000
v 0.0125000 -0.0083227 0.0209280
vn 1.0000000 0.0000000 0.0000000
v 0.0125000 -0.0095674 0.0232865
vn 0.0000000 1.0000000 0.0000000
v 0.0083453 0.0125000 0.0197740
vn 0.0000000 1.0000000 0.0000000
v 0.0023354 0.0125000 0.0137477
vn 0.0000000 1.0000000 0.0000000
v -0.0007692 0.0125000 0.0106336
vn 0.0000000 1.0000000 0.0000000
v -0.0039064 0.0125000 0.0074882
vn 0.0000000 1.0000000 0.0000000
v -0.0098516 0.0125000 0.0016003
vn 0.0000000 1.0000000 0.0000000
v -0.0022654 0.0125000 0.0098564
vn 0.0000000 1.0000000 0.0000000
v -0.0086718 0.0125000 0.0237202
vn 0.0000000 1.0000000 0.0000000
v -0.0069623 0.0125000 0.0233912
vn 0.0000000 1.0000000 0.0000000
v -0.0033732 0.0125000 0.0234118
vn 0.0000000 1.0000000 0.0000000
v 0.0008521 0.0125000 0.0129803
vn 0.0000000 1.0000000 0.0000000
v 0.0039202 0.0125000 0.0160612
vn 0.0000000 1.0000000 0.0000000
v 0.0069931 0.0125000 0.0207966
vn 0.0000000 1.0000000 0.0000000
v 0.0083808 0.0125000 0.0210577
vn 0.0000000 1.0000000 0.0000000
v 0.0103061 0.0125000 0.0229297
vn 0.0000000 1.0000000 0.0000000
v 0.0101291 0.0125000 0.0240690
vn -1.0000000 0.0000000 0.0000000
v -0.0125000 0.0084747 0.0199364
vn -1.0000000 0.0000000 0.0000000
v -0.0125000 0.0023355 0.0137481
vn -1.0000000 0.0000000 0.0000000
v -0.0125000 -0.0007692 0.0106336
vn -1.0000000 0.0000000 0.0000000
v -0.0125000 -0.0039065 0.0074883
vn -1.0000000 0.0000000 0.0000000
v -0.0125000 -0.0103043 0.0012845
vn -1.0000000 0.0000000 0.0000000
v -0.0125000 -0.0022654 0.0098565
vn -1.0000000 0.0000000 0.0000000
v -0.0125000 -0.0086710 0.0237188
vn -1.0000000 0.0000000 0.0000000
v -0.0125000 -0.0069619 0.0233907
vn -1.0000000 0.0000000 0.0000000
v -0.0125000 -0.0033732 0.0234118
vn -1.0000000 0.0000000 0.0000000
v -0.0125000 0.0008521 0.0129803
vn -1.0000000 0.0000000 0.0000000
v -0.0125000 0.0039204 0.0160692
vn -1.0000000 0.0000000 0.0000000
v -0.0125000 0.0071472 0.0207430
vn -1.0000000 0.0000000 0.0000000
v -0.0125000 0.0085675 0.0215509
vn -1.0000000 0.0000000 0.0000000
v -0.0125000 0.0099739 0.0222256
vn -1.0000000 0.0000000 0.0000000
v -0.0125000 0.0102678 0.0237308
vn 0.0000000 -1.0000000 0.0000000
v -0.0085569 -0.0125000 0.0196237
vn 0.0000000 -1.0000000 0.0000000
v -0.0023354 -0.0125000 0.0137476
vn 0.0000000 -1.0000000 0.0000000
v 0.0007692 -0.0125000 0.0106336
vn 0.0000000 -1.0000000 0.0000000
v 0.0039065 -0.0125000 0.0074882
vn 0.0000000 -1.0000000 0.0000000
v 0.0102812 -0.0125000 0.0013061
vn 0.0000000 -1.0000000 0.0000000
v 0.0022654 -0.0125000 0.0098564
vn 0.0000000 -1.0000000 0.0000000
v 0.0056258 -0.0125000 0.0239424
vn 0.0000000 -1.0000000 0.0000000
v -0.0008520 -0.0125000 0.0129801
vn 0.0000000 -1.0000000 0.0000000
v -0.0039214 -0.0125000 0.0160611
vn 0.0000000 -1.0000000 0.0000000
v -0.0083455 -0.0125000 0.0208846
vn 0.0000000 -1.0000000 0.0000000
v -0.0095805 -0.0125000 0.0232934
vn 0.0000000 0.0000000 1.0000000
v -0.0169760 0.0052719 0.0000000
vn -0.7071068 0.0000000 0.7071068
v -0.0200000 -0.0187500 0.0000000
vn 0.0000000 0.0000000 1.0000000
v -0.0052632 -0.0169838 0.0000000
vn 0.0000000 0.0000000 1.0000000
v 0.0150861 -0.0190860 0.0000000
vn 0.0000000 0.0000000 1.0000000
v 0.0157912 0.0146754 0.0000000
vn 0.0000000 0.0000000 -1.0000000
v -0.0040617 0.0037265 -0.0030000
vn 0.0000000 0.0000000 -1.0000000
v -0.0014165 0.0017834 -0.0030000
vn 1.0000000 0.0000000 0.0000000
v 0.0200000 -0.0183240 -0.0015055
vn 1.0000000 0.0000000 0.0000000
v 0.0200000 -0.0156409 -0.0015056
vn 0.0000000 1.0000000 0.0000000
v 0.0187451 0.0200000 -0.0019719
vn 1.0000000 0.0000000 0.0000000
v 0.0125000 0.0111310 0.0038039
vn 0.0000000 1.0000000 0.0000000
v -0.0111463 0.0125000 0.0038324
vn -1.0000000 0.0000000 0.0000000
v -0.0125000 -0.0111310 0.0038039
vn 0.0000000 -1.0000000 0.0000000
v 0.0111326 -0.0125000 0.0038122
vn 1.0000000 0.0000000 0.0000000
v 0.0125000 0.0083466 0.0051652
vn 1.0000000 0.0000000 0.0000000
v 0.0125000 0.0052733 0.0082747
vn 1.0000000 0.0000000 0.0000000
v 0.0125000 0.0021471 0.0114182
vn 1.0000000 0.0000000 0.0000000
v 0.0125000 -0.0009623 0.0145359
vn 1.0000000 0.0000000 0.0000000
v 0.0125000 -0.0040513 0.0176073
vn 0.0000000 1.0000000 0.0000000
v -0.0083556 0.0125000 0.0051612
vn 0.0000000 1.0000000 0.0000000
v -0.0052733 0.0125000 0.0082747
vn 0.0000000 1.0000000 0.0000000
v -0.0021471 0.0125000 0.0114182
vn 0.0000000 1.0000000 0.0000000
v 0.0009624 0.0125000 0.0145359
vn 0.0000000 1.0000000 0.0000000
v 0.0040442 0.0125000 0.0176061
vn -1.0000000 0.0000000 0.0000000
v -0.0125000 -0.0083466 0.0051652
vn -1.0000000 0.0000000 0.0000000
v -0.0125000 -0.0052733 0.0082747
vn -1.0000000 0.0000000 0.0000000
v -0.0125000 -0.0021471 0.0114182
vn -1.0000000 0.0000000 0.0000000
v -0.0125000 0.0009624 0.0145362
vn -1.0000000 0.0000000 0.0000000
v -0.0125000 0.0040434 0.0176244
vn 0.0000000 -1.0000000 0.0000000
v 0.0083491 -0.0125000 0.0051621
vn 0.0000000 -1.0000000 0.0000000
v 0.0052734 -0.0125000 0.0082744
vn 0.0000000 -1.0000000 0.0000000
v 0.0021471 -0.0125000 0.0114181
vn 0.0000000 -1.0000000 0.0000000
v -0.0009619 -0.0125000 0.0145354
vn 0.0000000 -1.0000000 0.0000000
v -0.0040492 -0.0125000 0.0176096
vn -1.0000000 0.0000000 0.0000000
v -0.0200000 -0.0143220 -0.0010439
vn 0.0000000 0.0000000 -1.0000000
v -0.0028821 0.0025169 -0.0030000
vn 0.0000000 0.7071068 0.7071068
v -0.0031250 0.0200000 0.0000000
vn -0.7071068 0.0000000 0.7071068
v -0.0125000 -0.0095703 0.0000000
vn 0.0000000 0.0000000 1.0000000
v 0.0099363 -0.0184652 0.0000000
vn 0.0000000 -0.7071068 0.7071068
v 0.0095703 -0.0125000 0.0000000
vn 0.7071068 0.0000000 0.7071068
v 0.0125000 0.0095703 0.0000000
vn 0.0000000 0.7071068 0.7071068
v -0.0095703 0.0125000 0.0000000
vn 0.7071068 -0.7071068 0.0000000
v 0.0200000 -0.0200000 -0.0015000
vn 0.0000000 0.0000000 1.0000000
v 0.0010383 -0.0175520 0.0000000
vn 0.0000000 0.0000000 1.0000000
v 0.0127029 -0.0190322 0.0000000
vn -0.7071068 0.0000000 -0.7071068
v -0.0200000 0.0162500 -0.0030000
vn -0.7071067 0.0000000 -0.7071068
v -0.0200000 0.0137500 -0.0030000
vn -0.7071068 0.0000000 -0.7071068
v -0.0200000 0.0112500 -0.0030000
vn -0.7071068 0.0000000 -0.7071068
v -0.0200000 0.0087500 -0.0030000
vn -0.7071067 0.0000000 -0.7071068
v -0.0200000 0.0062500 -0.0030000
vn -0.7071068 0.0000000 -0.7071068
v -0.0200000 0.0037500 -0.0030000
vn -0.7071068 0.0000000 -0.7071068
v -0.0200000 0.0012500 -0.0030000
vn -0.7071068 0.0000000 -0.7071068
v -0.0200000 -0.0012500 -0.0030000
vn -0.7071068 0.0000000 -0.7071068
v -0.0200000 -0.0062500 -0.0030000
vn -0.7071068 0.0000000 -0.7071068
v -0.0200000 -0.0087500 -0.0030000
vn -0.7071068 0.0000000 -0.7071068
v -0.0200000 -0.0137500 -0.0030000
vn -0.7071068 0.0000000 -0.7071068
v -0.0200000 -0.0162500 -0.0030000
vn 0.3035230 0.9528239 0.0005650
v -0.0025753 -0.0081000 0.0164840
vn 0.0000000 0.0000000 1.0000000
v 0.0035438 -0.0026140 0.0000000
vn 0.0000000 0.0000000 1.0000000
v -0.0049214 0.0112448 0.0250000
vn 0.0000000 0.0000000 1.0000000
v -0.0080281 0.0098165 0.0250000
vn 0.0000000 0.0000000 1.0000000
v 0.0115259 0.0048647 0.0250000
vn -0.3285448 -0.9444882 0.0005315
v 0.0028212 0.0080166 0.0059188
vn -0.8697039 -0.4935624 -0.0033566
v 0.0074063 0.0041678 0.0054265
vn -0.0065427 -0.9999783 -0.0007606
v 0.0000435 0.0084991 0.0072031
vn 0.0000000 0.0000000 1.0000000
v 0.0073411 -0.0098014 0.0250000
vn 0.4648201 0.8854052 -0.0001846
v -0.0039460 -0.0075280 0.0142266
vn 0.1395315 -0.9902166 0.0014911
v -0.0012113 0.0084116 0.0095905
vn 0.1517288 -0.9884208 -0.0016316
v -0.0012598 0.0084041 0.0195534
vn 0.0000000 0.0000000 1.0000000
v -0.0116094 -0.0043626 0.0250000
vn 1.0000000 0.0000000 0.0000000
v 0.0125000 -0.0110316 0.0225829
vn 0.0000000 -1.0000000 0.0000000
v -0.0110392 -0.0125000 0.0225873
vn 0.0000000 0.0000000 1.0000000
v -0.0188197 0.0108241 0.0000000
vn 0.0000000 0.0000000 1.0000000
v -0.0182621 -0.0014753 0.0000000
vn 0.0000000 1.0000000 0.0000000
v 0.0087977 0.0125000 0.0235629
vn -1.0000000 0.0000000 0.0000000
v -0.0125000 0.0085935 0.0233708
vn -0.1744916 -0.9846587 0.0002868
v 0.0014991 0.0083663 0.0030475
vn 0.0000000 0.0000000 1.0000000
v -0.0134564 0.0039254 0.0000000
vn 0.0000000 0.0000000 1.0000000
v -0.0039274 -0.0134591 0.0000000
vn 0.0000000 0.0000000 1.0000000
v 0.0136281 -0.0021061 0.0000000
vn -1.0000000 0.0000000 0.0000000
v -0.0200000 0.0012685 -0.0021069
vn -0.9131544 0.4076139 -0.0001301
v 0.0077769 -0.0034258 0.0043831
vn 1.0000000 0.0000000 0.0000000
v 0.0125000 0.0057772 0.0210787
vn 0.0000000 1.0000000 0.0000000
v -0.0055862 0.0125000 0.0211315
vn -1.0000000 0.0000000 0.0000000
v -0.0125000 -0.0055860 0.0211314
vn 0.0000000 0.0000000 1.0000000
v -0.0190741 -0.0147926 0.0000000
vn 0.0000000 0.0000000 1.0000000
v -0.0178583 -0.0087416 0.0000000
vn 0.0000000 0.0000000 1.0000000
v -0.0188784 -0.0190875 0.0000000
vn 0.0000000 0.0000000 -1.0000000
v -0.0147175 0.0010426 -0.0030000
vn -1.0000000 0.0000000 0.0000000
v -0.0200000 -0.0153069 -0.0017894
vn 0.0000000 0.0000000 -1.0000000
v -0.0154875 -0.0098430 -0.0030000
vn 0.0000000 0.0000000 -1.0000000
v -0.0158409 0.0097060 -0.0030000
vn 0.0000000 0.0000000 -1.0000000
v -0.0072716 0.0012866 -0.0030000
vn 0.0000000 -1.0000000 0.0000000
v 0.0167631 -0.0200000 -0.0015513
vn 0.0000000 0.0000000 -1.0000000
v -0.0159893 0.0002125 -0.0030000
vn 0.0000000 0.0000000 -1.0000000
v -0.0110703 0.0050192 -0.0030000
vn 0.0000000 0.0000000 -1.0000000
v -0.0107645 -0.0043483 -0.0030000
vn 0.0000000 0.0000000 -1.0000000
v -0.0120694 -0.0034803 -0.0030000
vn 0.0000000 -0.7071068 0.7071068
v -0.0184375 -0.0200000 0.0000000
vn 0.0000000 -1.0000000 0.0000000
v -0.0080783 -0.0200000 -0.0014943
vn 0.0000000 0.0000000 -1.0000000
v -0.0134480 0.0018536 -0.0030000
vn 0.0000000 0.0000000 -1.0000000
v -0.0109849 0.0019031 -0.0030000
vn 0.0000000 0.0000000 -1.0000000
v -0.0120108 0.0011220 -0.0030000
vn 0.0000000 0.0000000 -1.0000000
v -0.0133212 -0.0025268 -0.0030000
vn -0.7071068 0.0000000 0.7071068
v -0.0200000 0.0087500 0.0000000
vn 0.0000000 -1.0000000 0.0000000
v 0.0115476 -0.0125000 0.0235619
vn -1.0000000 0.0000000 0.0000000
v -0.0200000 0.0065970 -0.0017859
vn 0.0000000 0.0000000 -1.0000000
v -0.0189837 -0.0169600 -0.0030000
vn 0.0000000 0.0000000 -1.0000000
v -0.0186272 -0.0127846 -0.0030000
vn 0.0000000 0.0000000 -1.0000000
v -0.0174514 -0.0131870 -0.0030000
vn 0.0000000 0.0000000 -1.0000000
v -0.0189742 -0.0080156 -0.0030000
vn 0.0000000 0.0000000 -1.0000000
v -0.0189007 -0.0023579 -0.0030000
vn 0.0000000 0.0000000 -1.0000000
v -0.0172691 -0.0063141 -0.0030000
vn 0.0000000 0.0000000 -1.0000000
v -0.0118901 -0.0069934 -0.0030000
vn 0.0000000 0.0000000 -1.0000000
v -0.0190709 0.0023231 -0.0030000
vn 0.0000000 0.0000000 -1.0000000
v -0.0187613 0.0067318 -0.0030000
vn 0.0000000 0.0000000 -1.0000000
v -0.0187477 0.0128031 -0.0030000
vn 0.0000000 0.0000000 -1.0000000
v -0.0190670 0.0114413 -0.0030000
vn 0.0000000 0.0000000 -1.0000000
v -0.0174967 0.0131683 -0.0030000
vn 0.0000000 0.0000000 -1.0000000
v -0.0120032 0.0079760 -0.0030000
vn 0.0000000 0.0000000 -1.0000000
v -0.0096478 -0.0049578 -0.0030000
vn 0.0000000 0.0000000 -1.0000000
v -0.0093838 -0.0036703 -0.0030000
vn 0.0000000 0.0000000 -1.0000000
v -0.0067645 -0.0023459 -0.0030000
vn 0.0000000 0.0000000 -1.0000000
v -0.0068934 0.0027810 -0.0030000
vn 0.0000000 0.0000000 -1.0000000
v -0.0054735 0.0032996 -0.0030000
vn 1.0000000 0.0000000 0.0000000
v 0.0200000 -0.0169216 -0.0015071
vn 0.0000000 0.0000000 -1.0000000
v -0.0185638 0.0050646 -0.0030000
vn 0.0000000 0.0000000 -1.0000000
v -0.0185899 0.0141184 -0.0030000
vn 0.0000000 0.0000000 -1.0000000
v -0.0183550 0.0101446 -0.0030000
vn 0.0000000 0.0000000 -1.0000000
v -0.0157683 0.0070262 -0.0030000
vn 0.0000000 0.0000000 -1.0000000
v -0.0096929 0.0020071 -0.0030000
vn 0.0000000 0.0000000 -1.0000000
v -0.0043663 0.0024782 -0.0030000
vn 0.0000000 0.0000000 -1.0000000
v -0.0168856 0.0104310 -0.0030000
vn 0.0000000 0.0000000 -1.0000000
v -0.0059773 -0.0012201 -0.0030000
vn 0.0000000 0.0000000 -1.0000000
v -0.0185416 -0.0051271 -0.0030000
vn 0.0000000 0.0000000 -1.0000000
v -0.0143513 -0.0090240 -0.0030000
vn 0.0000000 0.0000000 -1.0000000
v -0.0149330 0.0025751 -0.0030000
vn 0.0000000 0.0000000 -1.0000000
v -0.0143590 -0.0017171 -0.0030000
vn 0.0000000 0.0000000 -1.0000000
v -0.0162311 -0.0074237 -0.0030000
vn 0.0000000 0.0000000 -1.0000000
v -0.0171945 -0.0119633 -0.0030000
vn 0.0000000 0.0000000 -1.0000000
v -0.0174230 0.0117383 -0.0030000
vn 0.0000000 0.0000000 -1.0000000
v -0.0189875 0.0169611 -0.0030000
vn 0.1297254 -0.9915500 0.0001625
v -0.0011175 0.0084260 0.0139607
vn 0.0000000 0.0000000 1.0000000
v 0.0048418 -0.0018329 0.0000000
vn 0.8408986 0.5411913 0.0012050
v -0.0071570 -0.0045848 0.0115704
vn 0.4328951 0.9014438 -0.0009836
v -0.0036796 -0.0076605 0.0235051
vn 0.9634050 -0.2680484 0.0010038
v -0.0081939 0.0022566 0.0203093
vn 0.3132519 -0.9496689 -0.0015357
v -0.0026647 0.0080697 0.0191136
vn 0.0000000 0.0000000 1.0000000
v 0.0139989 -0.0100677 0.0000000
vn 0.0000000 1.0000000 0.0000000
v -0.0045798 0.0125000 0.0221900
vn -1.0000000 0.0000000 0.0000000
v -0.0125000 -0.0045797 0.0221899
vn 0.0000000 0.0000000 1.0000000
v -0.0148031 -0.0064761 0.0000000
vn 0.0000000 0.0000000 1.0000000
v 0.0064314 -0.0148613 0.0000000
vn 0.0520269 -0.9986453 -0.0008387
v -0.0004232 0.0084885 0.0222097
vn 1.0000000 0.0000000 0.0000000
v 0.0200000 0.0032126 -0.0010410
vn 0.0000000 0.0000000 1.0000000
v 0.0085330 -0.0181015 0.0000000
vn 0.0000000 0.0000000 1.0000000
v -0.0190118 -0.0092634 0.0000000
vn 0.0000000 0.0000000 -1.0000000
v -0.0176413 0.0020872 -0.0030000
vn 0.0000000 0.0000000 -1.0000000
v -0.0142287 0.0063991 -0.0030000
vn 0.0000000 0.0000000 -1.0000000
v -0.0092493 0.0031605 -0.0030000
vn 0.0000000 0.7071068 -0.7071068
v 0.0187500 0.0200000 -0.0030000
vn 0.0000000 0.0000000 1.0000000
v -0.0049651 -0.0036008 0.0000000
vn 0.0000000 0.0000000 -1.0000000
v -0.0078012 0.0000623 -0.0030000
vn 0.0000000 0.0000000 -1.0000000
v -0.0119222 -0.0019263 -0.0030000
vn 0.0000000 0.0000000 -1.0000000
v -0.0112466 0.0066624 -0.0030000
vn 0.0000000 0.0000000 -1.0000000
v -0.0148235 0.0089469 -0.0030000
vn 0.0000000 0.0000000 -1.0000000
v -0.0118708 -0.0003982 -0.0030000
vn 0.0000000 0.0000000 -1.0000000
v -0.0099262 0.0056999 -0.0030000
vn -0.9487687 0.3159510 -0.0036120
v 0.0080703 -0.0026630 0.0132132
vn -0.8086573 0.5882765 -0.0020144
v 0.0068645 -0.0050094 0.0159530
vn 0.0000000 0.0000000 1.0000000
v -0.0053219 -0.0021212 0.0000000
vn -0.4304046 -0.9026362 0.0001060
v 0.0036556 0.0076724 0.0189214
vn 0.6282766 -0.7772407 0.0341397
v -0.0053711 0.0065857 0.0017648
vn 0.0000000 0.7071068 0.7071068
v -0.0187500 0.0200000 0.0000000
vn 0.3110912 -0.9503769 -0.0024499
v -0.0026565 0.0080725 0.0235632
vn 0.0000000 0.0000000 1.0000000
v -0.0018736 0.0150820 0.0000000
vn -0.9375004 -0.3479832 -0.0008058
v 0.0079713 0.0029487 0.0062743
vn 0.0000000 -1.0000000 0.0000000
v 0.0042339 -0.0125000 0.0237760
vn 0.7071068 0.0000000 0.7071068
v 0.0200000 -0.0187500 0.0000000
vn 0.0000000 0.0000000 -1.0000000
v 0.0190480 0.0187980 -0.0030000
vn 0.0000000 0.0000000 1.0000000
v -0.0171841 -0.0043844 0.0000000
vn 0.0000000 0.0000000 -1.0000000
v -0.0167400 -0.0088439 -0.0030000
vn 0.0000000 0.0000000 -1.0000000
v -0.0126369 0.0057534 -0.0030000
vn 0.0000000 0.0000000 1.0000000
v -0.0028345 0.0091704 0.0250000
vn 0.0000000 0.0000000 1.0000000
v 0.0027477 0.0070515 0.0000000
vn 0.0000000 0.0000000 1.0000000
v 0.0062642 -0.0040394 0.0000000
vn -0.9802873 -0.1975687 -0.0018758
v 0.0083306 0.0016783 0.0054353
vn 0.0000000 0.0000000 1.0000000
v 0.0016736 -0.0188692 0.0000000
vn -0.9949679 0.1001902 -0.0009489
v 0.0084538 -0.0008673 0.0050062
vn -0.5683893 0.8227578 0.0017834
v 0.0048235 -0.0069975 0.0039768
vn 0.9656141 -0.2599604 -0.0031527
v -0.0081939 0.0022566 0.0237258
vn 0.0000000 0.0000000 1.0000000
v -0.0163228 0.0066435 0.0000000
vn 0.0000000 0.0000000 1.0000000
v -0.0066238 -0.0163320 0.0000000
vn 1.0000000 0.0000000 0.0000000
v 0.0200000 0.0155874 -0.0015494
vn 0.9895449 -0.1442090 -0.0021993
v -0.0084095 0.0012248 0.0227990
vn 0.0000000 0.0000000 -1.0000000
v -0.0009669 0.0160229 -0.0030000
vn 0.0000000 1.0000000 0.0000000
v -0.0034434 0.0200000 -0.0007996
vn -1.0000000 0.0000000 0.0000000
v -0.0200000 0.0188028 -0.0015147
vn 0.0000000 0.0000000 -1.0000000
v -0.0168829 0.0046548 -0.0030000
vn -0.5045072 0.8634071 0.0008397
v 0.0042880 -0.0073382 0.0083326
vn -0.9945342 -0.1042928 0.0049730
v 0.0084530 0.0008743 0.0212784
vn 0.9675059 0.2528480 0.0004691
v -0.0082224 -0.0021508 0.0223918
vn -0.0433849 -0.9990467 0.0048583
v 0.0003697 0.0084919 0.0130444
vn 0.0000000 0.0000000 1.0000000
v 0.0136788 0.0047933 0.0000000
vn 0.0000000 -1.0000000 0.0000000
v 0.0031550 -0.0125000 0.0212586
vn 0.0000000 0.0000000 -1.0000000
v 0.0000532 0.0171531 -0.0030000
vn -0.9721286 0.2344365 0.0023718
v 0.0082698 -0.0019570 0.0042137
vn -1.0000000 0.0000000 0.0000000
v -0.0200000 -0.0139696 -0.0021798
vn -1.0000000 0.0000000 0.0000000
v -0.0200000 -0.0115017 -0.0014585
vn 0.0000000 0.0000000 -1.0000000
v -0.0171467 0.0061773 -0.0030000
vn 0.2789792 -0.6486631 0.7081009
v -0.0031878 0.0077839 0.0000000
vn 0.3553953 0.9347159 -0.0006905
v -0.0030513 -0.0079313 0.0189825
vn -0.9996591 -0.0261066 -0.0003439
v 0.0084952 0.0002195 0.0075951
vn 0.0000000 0.0000000 1.0000000
v 0.0072159 0.0186363 0.0000000
vn 0.0000000 0.0000000 1.0000000
v 0.0136568 0.0073376 0.0000000
vn -0.3987630 0.9170539 -0.0005593
v 0.0034193 -0.0077797 0.0158641
vn -0.4313150 0.9021938 -0.0037022
v 0.0037074 -0.0076468 0.0028087
vn 0.9943150 -0.1062972 0.0062260
v -0.0084502 0.0008999 0.0014844
vn 0.0000000 0.0000000 1.0000000
v 0.0029403 -0.0189885 0.0000000
vn 0.0000000 -1.0000000 0.0000000
v 0.0018812 -0.0125000 0.0223672
vn 0.0000000 0.0000000 1.0000000
v -0.0186899 0.0187124 0.0000000
vn 0.0000000 0.0000000 1.0000000
v -0.0054351 0.0097852 0.0250000
vn 0.0000000 0.0000000 1.0000000
v -0.0009491 -0.0112082 0.0250000
vn 0.5947581 -0.8039048 -0.0000465
v -0.0050312 0.0068485 0.0182478
vn 0.0000000 0.0000000 1.0000000
v -0.0173195 0.0191628 0.0000000
vn 0.0000000 0.0000000 1.0000000
v -0.0097371 0.0170834 0.0000000
vn 0.0000000 0.0000000 1.0000000
v 0.0049332 -0.0154605 0.0000000
vn 1.0000000 0.0000000 0.0000000
v 0.0200000 -0.0080246 -0.0017348
vn 0.0000000 -1.0000000 0.0000000
v 0.0026390 -0.0125000 0.0237288
vn 0.0000000 -1.0000000 0.0000000
v -0.0190850 -0.0200000 -0.0015163
vn 0.0000000 -1.0000000 0.0000000
v 0.0012596 -0.0125000 0.0238467
vn 0.0000000 0.0000000 1.0000000
v -0.0160940 0.0184864 0.0000000
vn 0.0000000 0.0000000 1.0000000
v 0.0111555 0.0006487 0.0250000
vn -0.5621007 0.8270684 0.0008506
v 0.0047848 -0.0070233 0.0158306
vn 0.0000000 0.0000000 1.0000000
v 0.0182829 -0.0104677 0.0000000
vn 0.0000000 0.0000000 1.0000000
v -0.0101451 0.0112619 0.0250000
vn 0.0000000 0.0000000 1.0000000
v -0.0004127 -0.0097479 0.0250000
vn 0.0000000 0.0000000 1.0000000
v -0.0098598 0.0134265 0.0000000
vn 0.9107339 -0.4129888 -0.0019961
v -0.0077367 0.0035170 0.0098506
vn 0.0000000 0.0000000 -1.0000000
v 0.0007912 0.0185295 -0.0030000
vn 0.0000000 0.0000000 -1.0000000
v -0.0190858 -0.0036211 -0.0030000
vn 0.0000000 1.0000000 0.0000000
v -0.0007619 0.0200000 -0.0015337
vn 0.0000000 0.0000000 1.0000000
v 0.0142302 0.0061921 0.0000000
vn 0.0000000 0.0000000 1.0000000
v -0.0094965 0.0099787 0.0250000
vn -0.6970902 0.7169795 -0.0023976
v 0.0059210 -0.0060960 0.0027603
vn 0.9741475 0.2259052 -0.0018954
v -0.0082778 -0.0019246 0.0117056
vn 0.7276657 -0.6859241 0.0032849
v -0.0061785 0.0058348 0.0114615
vn 0.0000000 -1.0000000 0.0000000
v -0.0032176 -0.0200000 -0.0014923
vn 0.0000000 0.0000000 1.0000000
v -0.0090087 0.0159475 0.0000000
vn -0.7130569 0.7011006 0.0027939
v 0.0060554 -0.0059635 0.0045982
vn -0.6162384 0.7875318 0.0066366
v 0.0051835 -0.0067363 0.0013067
vn 0.0000000 0.0000000 -1.0000000
v 0.0040117 0.0185519 -0.0030000
vn -0.7505277 0.6601123 0.0309842
v 0.0063840 -0.0056090 0.0010875
vn 0.0000000 0.0000000 1.0000000
v 0.0087567 -0.0138513 0.0000000
vn 0.9198275 -0.3923012 -0.0041594
v -0.0078262 0.0033137 0.0144951
vn 0.0000000 1.0000000 0.0000000
v -0.0024183 0.0200000 -0.0017298
vn 0.0000000 0.0000000 -1.0000000
v -0.0012216 0.0173525 -0.0030000
vn 1.0000000 0.0000000 0.0000000
v 0.0125000 0.0082188 0.0023822
vn -1.0000000 0.0000000 0.0000000
v -0.0125000 -0.0082188 0.0023822
vn 0.6072593 -0.7945037 -0.0002137
v -0.0051336 0.0067734 0.0112519
vn 0.6987756 -0.7153393 -0.0015270
v -0.0059189 0.0060980 0.0142133
vn -1.0000000 0.0000000 0.0000000
v -0.0200000 0.0117154 -0.0014343
vn 0.0000000 0.0000000 1.0000000
v -0.0077953 0.0152849 0.0000000
vn 0.0000000 0.0000000 1.0000000
v -0.0070022 0.0137721 0.0000000
vn 0.0000000 0.0000000 1.0000000
v 0.0165520 -0.0083501 0.0000000
vn 0.1077032 -0.9941825 0.0011431
v -0.0008555 0.0084551 0.0209463
vn -0.0379547 -0.9992769 0.0022583
v 0.0003245 0.0084929 0.0211333
vn -0.9991460 -0.0412955 0.0013877
v 0.0084941 0.0002718 0.0198285
vn 0.0000000 -1.0000000 0.0000000
v 0.0082180 -0.0125000 0.0023744
vn 0.0000000 0.0000000 1.0000000
v -0.0083065 -0.0077852 0.0250000
vn -0.9831275 -0.1829067 -0.0023329
v 0.0083534 0.0015638 0.0172201
vn 0.0000000 0.0000000 1.0000000
v -0.0080742 -0.0048381 0.0250000
vn -0.5673794 -0.8234561 -0.0008571
v 0.0047831 0.0070244 0.0015064
vn 0.0000000 0.0000000 1.0000000
v 0.0175870 -0.0053819 0.0000000
vn -1.0000000 0.0000000 0.0000000
v -0.0200000 -0.0019846 -0.0012487
vn 0.0000000 0.0000000 1.0000000
v 0.0085518 0.0075213 0.0250000
vn 0.8511556 0.5249106 -0.0017230
v -0.0072692 -0.0044016 0.0198911
vn 0.0000000 1.0000000 0.0000000
v -0.0084354 0.0125000 0.0022541
vn -1.0000000 0.0000000 0.0000000
v -0.0200000 -0.0003592 -0.0012769
vn 0.0000000 0.0000000 1.0000000
v 0.0054779 0.0157780 0.0000000
vn -0.1226972 0.9924440 -0.0007093
v 0.0010253 -0.0084365 0.0236922
vn 0.0000000 0.0000000 1.0000000
v 0.0101041 0.0077252 0.0250000
vn 0.0000000 0.0000000 1.0000000
v -0.0058181 -0.0048030 0.0000000
vn 0.0000000 0.0000000 1.0000000
v 0.0101963 0.0093067 0.0250000
vn 0.0000000 0.0000000 1.0000000
v 0.0055360 -0.0139885 0.0000000
vn -1.0000000 0.0000000 0.0000000
v -0.0200000 -0.0030086 -0.0018014
vn 0.0000000 0.0000000 1.0000000
v -0.0000159 -0.0188777 0.0000000
vn -0.6137173 0.7895249 -0.0012351
v 0.0052013 -0.0067219 0.0056688
vn 0.9987448 0.0498359 -0.0050243
v -0.0084894 -0.0004096 0.0226702
vn 0.0000000 0.0000000 -1.0000000
v -0.0126567 -0.0111728 -0.0030000
vn 1.0000000 0.0000000 0.0000000
v 0.0200000 0.0100356 -0.0009720
vn 0.0000000 1.0000000 0.0000000
v -0.0074140 0.0200000 -0.0021517
vn 0.0000000 0.0000000 1.0000000
v 0.0109519 -0.0004548 0.0250000
vn 0.9978634 -0.0647923 0.0084124
v -0.0084783 0.0005783 0.0239744
vn 0.7071068 0.0000000 -0.7071068
v 0.0200000 -0.0187500 -0.0030000
vn -0.0440485 -0.9990245 -0.0031588
v 0.0004212 0.0084886 0.0118572
# 3729 vertices, 0 vertices normals

usemtl 0.615686_0.811765_0.929412_0.000000_0.000000
f 1047//1047 1495//1495 190//190
f 1047//1047 192//192 193//193
f 205//205 204//204 342//342
f 2458//2458 1234//1234 210//210
f 2176//2176 1744//1744 215//215
f 1943//1943 227//227 239//239
f 240//240 443//443 444//444
f 72//72 243//243 1957//1957
f 2075//2075 2076//2076 2077//2077
f 2078//2078 2079//2079 2080//2080
f 424//424 284//284 1862//1862
f 85//85 320//320 289//289
f 2//2 831//831 289//289
f 86//86 85//85 290//290
f 86//86 290//290 291//291
f 4//4 292//292 472//472
f 294//294 88//88 293//293
f 7//7 8//8 3618//3618
f 1061//1061 295//295 832//832
f 473//473 296//296 297//297
f 1867//1867 298//298 299//299
f 833//833 1867//1867 300//300
f 834//834 833//833 301//301
f 95//95 94//94 836//836
f 96//96 3604//3604 3595//3595
f 98//98 304//304 307//307
f 309//309 311//311 310//310
f 3492//3492 103//103 317//317
f 903//903 2456//2456 3257//3257
f 106//106 322//322 321//321
f 843//843 481//481 840//840
f 1878//1878 114//114 1533//1533
f 1537//1537 718//718 496//496
f 129//129 345//345 883//883
f 1547//1547 701//701 514//514
f 894//894 133//133 704//704
f 133//133 524//524 704//704
f 706//706 3501//3501 1554//1554
f 540//540 489//489 112//112
f 242//242 241//241 356//356
f 550//550 358//358 938//938
f 69//69 1958//1958 227//227
f 552//552 360//360 939//939
f 1949//1949 932//932 751//751
f 3263//3263 553//553 361//361
f 230//230 558//558 557//557
f 240//240 935//935 563//563
f 564//564 565//565 553//553
f 566//566 372//372 959//959
f 567//567 1963//1963 750//750
f 1105//1105 622//622 1106//1106
f 1108//1108 1109//1109 1110//1110
f 1113//1113 1114//1114 1115//1115
f 2108//2108 2109//2109 2110//2110
f 2111//2111 2112//2112 2113//2113
f 2114//2114 2115//2115 2116//2116
f 2117//2117 2118//2118 2119//2119
f 86//86 188//188 85//85
f 87//87 189//189 86//86
f 691//691 90//90 692//692
f 692//692 92//92 693//693
f 303//303 94//94 834//834
f 695//695 192//192 694//694
f 304//304 98//98 97//97
f 837//837 99//99 98//98
f 102//102 2278//2278 194//194
f 102//102 3492//3492 2278//2278
f 3492//3492 195//195 2278//2278
f 3577//3577 195//195 3492//3492
f 3577//3577 104//104 105//105
f 195//195 3577//3577 105//105
f 188//188 195//195 105//105
f 708//708 1540//1540 526//526
f 1556//1556 1253//1253 1540//1540
f 1744//1744 538//538 725//725
f 1948//1948 441//441 568//568
f 441//441 366//366 3617//3617
f 741//741 144//144 737//737
f 1748//1748 232//232 742//742
f 747//747 1955//1955 443//443
f 791//791 2522//2522 3277//3277
f 799//799 2525//2525 3279//3279
f 3268//3268 272//272 2149//2149
f 3642//3642 402//402 417//417
f 2150//2150 2151//2151 2152//2152
f 2156//2156 2157//2157 2158//2158
f 2159//2159 2160//2160 2161//2161
f 2162//2162 2163//2163 2164//2164
f 2165//2165 2166//2166 2167//2167
f 188//188 105//105 85//85
f 289//289 290//290 85//85
f 3//3 831//831 2//2
f 3//3 472//472 831//831
f 831//831 472//472 290//290
f 4//4 472//472 3//3
f 292//292 88//88 291//291
f 86//86 291//291 87//87
f 291//291 88//88 87//87
f 88//88 292//292 293//293
f 5//5 293//293 292//292
f 88//88 294//294 87//87
f 293//293 6//6 3618//3618
f 690//690 294//294 89//89
f 3618//3618 832//832 295//295
f 832//832 3618//3618 8//8
f 295//295 1061//1061 89//89
f 832//832 8//8 9//9
f 1061//1061 832//832 296//296
f 296//296 473//473 1061//1061
f 10//10 297//297 296//296
f 298//298 90//90 473//473
f 299//299 298//298 297//297
f 298//298 1867//1867 91//91
f 11//11 474//474 299//299
f 474//474 300//300 1867//1867
f 474//474 12//12 300//300
f 92//92 833//833 93//93
f 14//14 302//302 301//301
f 301//301 302//302 834//834
f 302//302 14//14 15//15
f 302//302 15//15 835//835
f 835//835 15//15 16//16
f 16//16 475//475 835//835
f 475//475 476//476 836//836
f 95//95 836//836 3604//3604
f 95//95 3604//3604 96//96
f 97//97 96//96 304//304
f 1062//1062 306//306 21//21
f 308//308 307//307 1062//1062
f 1062//1062 22//22 308//308
f 307//307 308//308 837//837
f 308//308 309//309 837//837
f 696//696 98//98 99//99
f 308//308 23//23 309//309
f 310//310 99//99 837//837
f 309//309 24//24 311//311
f 312//312 310//310 311//311
f 310//310 312//312 99//99
f 101//101 99//99 312//312
f 25//25 311//311 24//24
f 312//312 311//311 313//313
f 100//100 99//99 101//101
f 311//311 26//26 313//313
f 313//313 314//314 312//312
f 27//27 28//28 315//315
f 315//315 28//28 29//29
f 103//103 102//102 314//314
f 315//315 316//316 103//103
f 29//29 316//316 315//315
f 316//316 29//29 2172//2172
f 316//316 3619//3619 317//317
f 3619//3619 318//318 317//317
f 3492//3492 317//317 3577//3577
f 31//31 318//318 3619//3619
f 105//105 104//104 320//320
f 319//319 320//320 104//104
f 33//33 2171//2171 319//319
f 1//1 2//2 2171//2171
f 320//320 85//85 105//105
f 108//108 3257//3257 736//736
f 322//322 106//106 3257//3257
f 1563//1563 546//546 1153//1153
f 735//735 1063//1063 3602//3602
f 40//40 1219//1219 1220//1220
f 851//851 484//484 487//487
f 539//539 491//491 724//724
f 114//114 113//113 488//488
f 115//115 854//854 489//489
f 116//116 858//858 3500//3500
f 48//48 1229//1229 1232//1232
f 533//533 334//334 1742//1742
f 499//499 119//119 123//123
f 499//499 497//497 119//119
f 125//125 1740//1740 500//500
f 529//529 3672//3672 501//501
f 340//340 870//870 874//874
f 874//874 125//125 875//875
f 875//875 502//502 874//874
f 875//875 503//503 502//502
f 888//888 435//435 1917//1917
f 61//61 1896//1896 1244//1244
f 63//63 1245//1245 1900//1900
f 522//522 430//430 2175//2175
f 1144//1144 140//140 521//521
f 3704//3704 517//517 903//903
f 210//210 1078//1078 1558//1558
f 221//221 220//220 438//438
f 51//51 240//240 444//444
f 744//744 569//569 144//144
f 225//225 1938//1938 742//742
f 925//925 1940//1940 358//358
f 926//926 3269//3269 226//226
f 363//363 364//364 1263//1263
f 930//930 1947//1947 360//360
f 931//931 3270//3270 229//229
f 229//229 3270//3270 3493//3493
f 152//152 553//553 3263//3263
f 444//444 242//242 50//50
f 145//145 3656//3656 1940//1940
f 937//937 554//554 555//555
f 549//549 923//923 551//551
f 228//228 149//149 148//148
f 558//558 62//62 556//556
f 442//442 933//933 3494//3494
f 442//442 960//960 236//236
f 51//51 52//52 240//240
f 563//563 1954//1954 747//747
f 231//231 946//946 1952//1952
f 368//368 947//947 1954//1954
f 356//356 241//241 3503//3503
f 3503//3503 948//948 3271//3271
f 238//238 949//949 1957//1957
f 141//141 548//548 749//749
f 951//951 952//952 224//224
f 953//953 1961//1961 372//372
f 548//548 952//952 749//749
f 244//244 3272//3272 3495//3495
f 244//244 954//954 3272//3272
f 939//939 556//556 562//562
f 367//367 67//67 245//245
f 246//246 34//34 2177//2177
f 1431//1431 1404//1404 2229//2229
f 1406//1406 389//389 1407//1407
f 1414//1414 394//394 1415//1415
f 2906//2906 625//625 1419//1419
f 1422//1422 379//379 3648//3648
f 1426//1426 384//384 3697//3697
f 2240//2240 2241//2241 2242//2242
f 2244//2244 2245//2245 2246//2246
f 2247//2247 2248//2248 2249//2249
f 2250//2250 2251//2251 2252//2252
f 2253//2253 2254//2254 2255//2255
f 2256//2256 2257//2257 2258//2258
f 2259//2259 2260//2260 2261//2261
f 2262//2262 2263//2263 2264//2264
f 2265//2265 2266//2266 2267//2267
f 2268//2268 2269//2269 2270//2270
f 2271//2271 2272//2272 2273//2273
f 1495//1495 189//189 190//190
f 1047//1047 194//194 429//429
f 195//195 429//429 2278//2278
f 429//429 188//188 1495//1495
f 188//188 429//429 195//195
f 1252//1252 197//197 198//198
f 347//347 3496//3496 1551//1551
f 914//914 209//209 1078//1078
f 1257//1257 212//212 213//213
f 226//226 354//354 440//440
f 1951//1951 237//237 446//446
f 237//237 1951//1951 946//946
f 3669//3669 446//446 237//237
f 741//741 949//949 238//238
f 443//443 242//242 444//444
f 242//242 443//443 241//241
f 244//244 245//245 445//445
f 233//233 1964//1964 234//234
f 744//744 243//243 225//225
f 243//243 744//744 238//238
f 238//238 1957//1957 243//243
f 955//955 1964//1964 233//233
f 1818//1818 1050//1050 2024//2024
f 1825//1825 1052//1052 2032//2032
f 2304//2304 2305//2305 2306//2306
f 2307//2307 2308//2308 2309//2309
f 2310//2310 2311//2311 2312//2312
f 2313//2313 2314//2314 2315//2315
f 2316//2316 2317//2317 2318//2318
f 2319//2319 2320//2320 2321//2321
f 472//472 292//292 291//291
f 293//293 3618//3618 295//295
f 836//836 94//94 303//303
f 315//315 314//314 313//313
f 477//477 107//107 547//547
f 1529//1529 323//323 840//840
f 544//544 479//479 1152//1152
f 734//734 1063//1063 478//478
f 1218//1218 325//325 328//328
f 728//728 483//483 3633//3633
f 113//113 851//851 487//487
f 491//491 723//723 724//724
f 537//537 490//490 538//538
f 535//535 493//493 721//721
f 117//117 496//496 862//862
f 337//337 336//336 335//335
f 529//529 501//501 871//871
f 340//340 339//339 870//870
f 127//127 503//503 1891//1891
f 513//513 1544//1544 135//135
f 1249//1249 898//898 1072//1072
f 137//137 514//514 1903//1903
f 515//515 1548//1548 1734//1734
f 1733//1733 3610//3610 3331//3331
f 139//139 521//521 1145//1145
f 3497//3497 3610//3610 1905//1905
f 433//433 197//197 1550//1550
f 433//433 1551//1551 198//198
f 201//201 3498//3498 1555//1555
f 201//201 200//200 3498//3498
f 203//203 201//201 1555//1555
f 1253//1253 1254//1254 344//344
f 528//528 436//436 1075//1075
f 204//204 1556//1556 342//342
f 1078//1078 208//208 1558//1558
f 1742//1742 210//210 1559//1559
f 211//211 2458//2458 1742//1742
f 437//437 211//211 1079//1079
f 212//212 331//331 213//213
f 331//331 721//721 1743//1743
f 1744//1744 2176//2176 538//538
f 541//541 2323//2323 728//728
f 542//542 483//483 728//728
f 218//218 3633//3633 326//326
f 846//846 1873//1873 438//438
f 938//938 571//571 370//370
f 357//357 1939//1939 147//147
f 938//938 147//147 550//550
f 1958//1958 224//224 227//227
f 359//359 552//552 151//151
f 939//939 151//151 552//552
f 553//553 368//368 361//361
f 358//358 554//554 937//937
f 44//44 45//45 555//555
f 941//941 367//367 560//560
f 558//558 365//365 557//557
f 360//360 557//557 365//365
f 230//230 61//61 558//558
f 54//54 3263//3263 361//361
f 957//957 942//942 3703//3703
f 61//61 62//62 558//558
f 940//940 356//356 936//936
f 923//923 956//956 551//551
f 361//361 563//563 935//935
f 563//563 361//361 368//368
f 152//152 945//945 564//564
f 564//564 369//369 1953//1953
f 553//553 565//565 368//368
f 371//371 1960//1960 157//157
f 959//959 157//157 566//566
f 569//569 232//232 1566//1566
f 157//157 3273//3273 749//749
f 372//372 570//570 374//374
f 944//944 152//152 3263//3263
f 67//67 943//943 245//245
f 1661//1661 3697//3697 3696//3696
f 1665//1665 165//165 1405//1405
f 1667//1667 631//631 1112//1112
f 401//401 1112//1112 2592//2592
f 1672//1672 168//168 1413//1413
f 1674//1674 641//641 1117//1117
f 406//406 1117//1117 2596//2596
f 645//645 410//410 3668//3668
f 646//646 3216//3216 1118//1118
f 3438//3438 1677//1677 1118//1118
f 1678//1678 650//650 1679//1679
f 1680//1680 159//159 1421//1421
f 1681//1681 3582//3582 416//416
f 411//411 1120//1120 2600//2600
f 1684//1684 654//654 1685//1685
f 1686//1686 162//162 2042//2042
f 1688//1688 658//658 1121//1121
f 2404//2404 2405//2405 2406//2406
f 2407//2407 2408//2408 2409//2409
f 2410//2410 2411//2411 2412//2412
f 2413//2413 2414//2414 2415//2415
f 2416//2416 2417//2417 2418//2418
f 2419//2419 2420//2420 2421//2421
f 2422//2422 2423//2423 2424//2424
f 2425//2425 2426//2426 2427//2427
f 2428//2428 2429//2429 2430//2430
f 2431//2431 2432//2432 2433//2433
f 2434//2434 2435//2435 2436//2436
f 2437//2437 2438//2438 2439//2439
f 1720//1720 2440//2440 2441//2441
f 690//690 190//190 189//189
f 189//189 87//87 690//690
f 691//691 190//190 690//690
f 690//690 89//89 691//691
f 90//90 691//691 89//89
f 91//91 692//692 90//90
f 92//92 692//692 91//91
f 693//693 191//191 692//692
f 93//93 693//693 92//92
f 834//834 94//94 93//93
f 693//693 93//93 694//694
f 94//94 694//694 93//93
f 95//95 694//694 94//94
f 1047//1047 191//191 192//192
f 694//694 95//95 695//695
f 96//96 695//695 95//95
f 97//97 695//695 96//96
f 695//695 97//97 696//696
f 98//98 696//696 97//97
f 100//100 193//193 696//696
f 194//194 100//100 102//102
f 99//99 100//100 696//696
f 101//101 102//102 100//100
f 3704//3704 903//903 106//106
f 140//140 697//697 547//547
f 518//518 698//698 2456//2456
f 522//522 1734//1734 1546//1546
f 1546//1546 1734//1734 1545//1545
f 1246//1246 523//523 897//897
f 513//513 1246//1246 703//703
f 894//894 523//523 1246//1246
f 3496//3496 1912//1912 1147//1147
f 704//704 347//347 1551//1551
f 705//705 1069//1069 891//891
f 524//524 1554//1554 1552//1552
f 705//705 1553//1553 3636//3636
f 3729//3729 1068//1068 508//508
f 3501//3501 706//706 508//508
f 202//202 201//201 203//203
f 525//525 1074//1074 1736//1736
f 128//128 1736//1736 1074//1074
f 203//203 526//526 344//344
f 1917//1917 527//527 1918//1918
f 3644//3644 1916//1916 1737//1737
f 506//506 708//708 1736//1736
f 707//707 709//709 128//128
f 505//505 707//707 884//884
f 344//344 1540//1540 1253//1253
f 1148//1148 876//876 879//879
f 711//711 3688//3688 126//126
f 3360//3360 529//529 1738//1738
f 530//530 501//501 713//713
f 713//713 126//126 712//712
f 1739//1739 500//500 1077//1077
f 498//498 715//715 120//120
f 532//532 3283//3283 3679//3679
f 3197//3197 498//498 119//119
f 3283//3283 118//118 1559//1559
f 532//532 3679//3679 1741//1741
f 718//718 716//716 3197//3197
f 437//437 717//717 1560//1560
f 533//533 1884//1884 534//534
f 1883//1883 3578//3578 1536//1536
f 1227//1227 535//535 860//860
f 494//494 1227//1227 720//720
f 493//493 535//535 1227//1227
f 490//490 537//537 722//722
f 539//539 1149//1149 491//491
f 540//540 1222//1222 539//539
f 1744//1744 725//725 330//330
f 25//25 1259//1259 1745//1745
f 485//485 540//540 112//112
f 542//542 727//727 1150//1150
f 1151//1151 483//483 542//542
f 730//730 1746//1746 111//111
f 3633//3633 483//483 543//543
f 218//218 326//326 3721//3721
f 1216//1216 544//544 845//845
f 480//480 1216//1216 732//732
f 479//479 544//544 1216//1216
f 477//477 733//733 735//735
f 233//233 234//234 228//228
f 745//745 239//239 153//153
f 928//928 355//355 153//153
f 143//143 737//737 2324//2324
f 559//559 1941//1941 440//440
f 226//226 738//738 354//354
f 3670//3670 739//739 43//43
f 150//150 1948//1948 568//568
f 1948//1948 229//229 441//441
f 230//230 740//740 60//60
f 740//740 230//230 568//568
f 3669//3669 751//751 932//932
f 231//231 945//945 746//746
f 737//737 1956//1956 741//741
f 147//147 370//370 1748//1748
f 225//225 742//742 232//232
f 227//227 928//928 239//239
f 1564//1564 751//751 3494//3494
f 3669//3669 3677//3677 751//751
f 71//71 1951//1951 446//446
f 146//146 745//745 3499//3499
f 148//148 3715//3715 3717//3717
f 148//148 3717//3717 228//228
f 154//154 743//743 151//151
f 743//743 154//154 149//149
f 3669//3669 237//237 3677//3677
f 238//238 744//744 741//741
f 569//569 744//744 232//232
f 370//370 1566//1566 1748//1748
f 938//938 370//370 147//147
f 742//742 357//357 1748//1748
f 240//240 747//747 443//443
f 747//747 155//155 1955//1955
f 443//443 1955//1955 241//241
f 244//244 748//748 245//245
f 246//246 943//943 68//68
f 943//943 246//246 445//445
f 746//746 237//237 231//231
f 225//225 232//232 744//744
f 224//224 548//548 928//928
f 224//224 952//952 548//548
f 3715//3715 567//567 750//750
f 1564//1564 1949//1949 751//751
f 744//744 144//144 741//741
f 3273//3273 141//141 749//749
f 233//233 750//750 955//955
f 1950//1950 3669//3669 932//932
f 235//235 149//149 228//228
f 1178//1178 790//790 267//267
f 1816//1816 792//792 1179//1179
f 1817//1817 266//266 1818//1818
f 1819//1819 794//794 1666//1666
f 1820//1820 75//75 1006//1006
f 795//795 1180//1180 173//173
f 1182//1182 798//798 270//270
f 1823//1823 800//800 1184//1184
f 1824//1824 269//269 1825//1825
f 1826//1826 802//802 1673//1673
f 1827//1827 76//76 1018//1018
f 803//803 1185//1185 175//175
f 1187//1187 807//807 274//274
f 1830//1830 808//808 3513//3513
f 1831//1831 273//273 1832//1832
f 1833//1833 811//811 1189//1189
f 1834//1834 73//73 1029//1029
f 3031//3031 1189//1189 1681//1681
f 1835//1835 813//813 3151//3151
f 1836//1836 275//275 1837//1837
f 1838//1838 816//816 1191//1191
f 1839//1839 74//74 1032//1032
f 3032//3032 1191//1191 1687//1687
f 3151//3151 814//814 1192//1192
f 817//817 1192//1192 171//171
f 2528//2528 2529//2529 2530//2530
f 2531//2531 2532//2532 2533//2533
f 2534//2534 2535//2535 2536//2536
f 2537//2537 2538//2538 2539//2539
f 2542//2542 2543//2543 2544//2544
f 2545//2545 2546//2546 2547//2547
f 2548//2548 2549//2549 2550//2550
f 2551//2551 2552//2552 2553//2553
f 2554//2554 2555//2555 2556//2556
f 2557//2557 2558//2558 2559//2559
f 2560//2560 2561//2561 2562//2562
f 2563//2563 2564//2564 2565//2565
f 2566//2566 2567//2567 2568//2568
f 2569//2569 2570//2570 2571//2571
f 2572//2572 2573//2573 2574//2574
f 2575//2575 2576//2576 2577//2577
f 284//284 407//407 1862//1862
f 3470//3470 3630//3630 2828//2828
f 831//831 290//290 289//289
f 472//472 291//291 290//290
f 5//5 292//292 4//4
f 293//293 5//5 6//6
f 294//294 690//690 87//87
f 294//294 293//293 295//295
f 294//294 295//295 89//89
f 832//832 9//9 296//296
f 10//10 296//296 9//9
f 3644//3644 297//297 10//10
f 473//473 90//90 89//89
f 298//298 473//473 297//297
f 297//297 3644//3644 299//299
f 90//90 298//298 91//91
f 833//833 92//92 91//91
f 474//474 1867//1867 299//299
f 13//13 301//301 300//300
f 834//834 93//93 833//833
f 14//14 301//301 13//13
f 303//303 302//302 835//835
f 475//475 303//303 835//835
f 303//303 475//475 836//836
f 17//17 475//475 16//16
f 17//17 476//476 475//475
f 18//18 476//476 17//17
f 837//837 98//98 307//307
f 308//308 22//22 23//23
f 837//837 309//309 310//310
f 23//23 24//24 309//309
f 311//311 25//25 26//26
f 312//312 314//314 101//101
f 27//27 313//313 26//26
f 315//315 313//313 27//27
f 1211//1211 1213//1213 1909//1909
f 838//838 1868//1868 839//839
f 323//323 321//321 322//322
f 108//108 840//840 322//322
f 840//840 323//323 322//322
f 322//322 3257//3257 108//108
f 323//323 1869//1869 1868//1868
f 1214//1214 35//35 1213//1213
f 477//477 735//735 107//107
f 36//36 1214//1214 1215//1215
f 841//841 1869//1869 1870//1870
f 108//108 843//843 840//840
f 478//478 843//843 734//734
f 478//478 3603//3603 843//843
f 480//480 733//733 479//479
f 842//842 1870//1870 1217//1217
f 1871//1871 37//37 1215//1215
f 1529//1529 481//481 324//324
f 480//480 732//732 1063//1063
f 844//844 1872//1872 1871//1871
f 1216//1216 1874//1874 732//732
f 1064//1064 324//324 481//481
f 109//109 731//731 1531//1531
f 110//110 325//325 1064//1064
f 847//847 1217//1217 1218//1218
f 1219//1219 39//39 1872//1872
f 325//325 110//110 328//328
f 730//730 1531//1531 1532//1532
f 848//848 847//847 1218//1218
f 1530//1530 1874//1874 1151//1151
f 1874//1874 543//543 483//483
f 328//328 1875//1875 1218//1218
f 3649//3649 484//484 327//327
f 1747//1747 728//728 3633//3633
f 849//849 1875//1875 1877//1877
f 327//327 484//484 329//329
f 849//849 1221//1221 1220//1220
f 111//111 1746//1746 1876//1876
f 42//42 1221//1221 3714//3714
f 487//487 111//111 485//485
f 850//850 1877//1877 1223//1223
f 485//485 112//112 487//487
f 114//114 3058//3058 851//851
f 3058//3058 1878//1878 1223//1223
f 113//113 854//854 488//488
f 854//854 3491//3491 488//488
f 492//492 1533//1533 488//488
f 1879//1879 1533//1533 1880//1880
f 538//538 490//490 1149//1149
f 3491//3491 854//854 115//115
f 1533//1533 492//492 3645//3645
f 724//724 723//723 1534//1534
f 855//855 1880//1880 1881//1881
f 115//115 858//858 3491//3491
f 116//116 2173//2173 858//858
f 494//494 722//722 493//493
f 856//856 1881//1881 1228//1228
f 1882//1882 46//46 3579//3579
f 495//495 1535//1535 857//857
f 1535//1535 495//495 332//332
f 494//494 720//720 3259//3259
f 859//859 1229//1229 1882//1882
f 1227//1227 1883//1883 720//720
f 1065//1065 332//332 495//495
f 1230//1230 1228//1228 332//332
f 116//116 719//719 1537//1537
f 117//117 333//333 1065//1065
f 437//437 1079//1079 1927//1927
f 333//333 117//117 335//335
f 718//718 1537//1537 1538//1538
f 333//333 3710//3710 1230//1230
f 335//335 117//117 862//862
f 862//862 497//497 335//335
f 864//864 1233//1233 1232//1232
f 865//865 1885//1885 1886//1886
f 50//50 1233//1233 1235//1235
f 120//120 119//119 498//498
f 1559//1559 1558//1558 122//122
f 338//338 499//499 1236//1236
f 531//531 715//715 1066//1066
f 715//715 531//531 1077//1077
f 870//870 339//339 124//124
f 871//871 1557//1557 529//529
f 124//124 1740//1740 125//125
f 530//530 713//713 1739//1739
f 342//342 876//876 3360//3360
f 873//873 1888//1888 1889//1889
f 1238//1238 55//55 1237//1237
f 503//503 875//875 711//711
f 878//878 1890//1890 1238//1238
f 881//881 528//528 1919//1919
f 880//880 127//127 3657//3657
f 345//345 1892//1892 1067//1067
f 883//883 127//127 1891//1891
f 886//886 887//887 3608//3608
f 707//707 507//507 884//884
f 883//883 884//884 1541//1541
f 1542//1542 129//129 1894//1894
f 130//130 1243//1243 1542//1542
f 1894//1894 509//509 130//130
f 3502//3502 1542//1542 1243//1243
f 61//61 60//60 1896//1896
f 348//348 346//346 511//511
f 891//891 511//511 1735//1735
f 131//131 1735//1735 511//511
f 705//705 891//891 1735//1735
f 348//348 1898//1898 1897//1897
f 348//348 511//511 1543//1543
f 892//892 1245//1245 1244//1244
f 893//893 1898//1898 1899//1899
f 134//134 1070//1070 1543//1543
f 136//136 2174//2174 134//134
f 1551//1551 433//433 523//523
f 1071//1071 349//349 1070//1070
f 349//349 1071//1071 898//898
f 513//513 703//703 1544//1544
f 1246//1246 1546//1546 703//703
f 136//136 702//702 1547//1547
f 137//137 898//898 1071//1071
f 899//899 430//430 1550//1550
f 896//896 1247//1247 1249//1249
f 1902//1902 896//896 1250//1250
f 898//898 137//137 1072//1072
f 701//701 1547//1547 1548//1548
f 1072//1072 1904//1904 1249//1249
f 351//351 1904//1904 1072//1072
f 350//350 137//137 1903//1903
f 1903//1903 516//516 350//350
f 699//699 138//138 701//701
f 901//901 1907//1907 1251//1251
f 518//518 699//699 1073//1073
f 1903//1903 138//138 516//516
f 517//517 516//516 138//138
f 68//68 1907//1907 1909//1909
f 517//517 138//138 518//518
f 518//518 903//903 517//517
f 519//519 1144//1144 139//139
f 838//838 3701//3701 1212//1212
f 520//520 1910//1910 1262//1262
f 904//904 520//520 1732//1732
f 2//2 1910//1910 1146//1146
f 3620//3620 1549//1549 1732//1732
f 1146//1146 700//700 2585//2585
f 906//906 2888//2888 431//431
f 899//899 431//431 3497//3497
f 4//4 2585//2585 1901//1901
f 900//900 431//431 1248//1248
f 197//197 1252//1252 1248//1248
f 907//907 1252//1252 1147//1147
f 1911//1911 907//907 434//434
f 1913//1913 8//8 2586//2586
f 200//200 1914//1914 199//199
f 9//9 1913//1913 1915//1915
f 200//200 435//435 1914//1914
f 1915//1915 888//888 1916//1916
f 910//910 3606//3606 1737//1737
f 910//910 1918//1918 436//436
f 436//436 528//528 3004//3004
f 881//881 1255//1255 3606//3606
f 877//877 1919//1919 1920//1920
f 911//911 1920//1920 1921//1921
f 911//911 1922//1922 3359//3359
f 207//207 209//209 1048//1048
f 866//866 914//914 1234//1234
f 1923//1923 866//866 1256//1256
f 1924//1924 18//18 1256//1256
f 1924//1924 717//717 1925//1925
f 2889//2889 1926//1926 1925//1925
f 861//861 1928//1928 1926//1926
f 536//536 1258//1258 1928//1928
f 536//536 1257//1257 1929//1929
f 23//23 1258//1258 1930//1930
f 215//215 216//216 1931//1931
f 917//917 1259//1259 1930//1930
f 3684//3684 28//28 1934//1934
f 326//326 846//846 3721//3721
f 545//545 1260//1260 1936//1936
f 32//32 1260//1260 1261//1261
f 33//33 1261//1261 1262//1262
f 354//354 42//42 739//739
f 39//39 1263//1263 38//38
f 65//65 549//549 551//551
f 355//355 548//548 141//141
f 65//65 941//941 549//549
f 356//356 940//940 242//242
f 72//72 1937//1937 243//243
f 225//225 924//924 1938//1938
f 243//243 1937//1937 225//225
f 147//147 1939//1939 550//550
f 550//550 925//925 358//358
f 559//559 145//145 1941//1941
f 1941//1941 926//926 440//440
f 146//146 3260//3260 745//745
f 927//927 1943//1943 239//239
f 745//745 1942//1942 239//239
f 146//146 226//226 3269//3269
f 43//43 739//739 42//42
f 40//40 363//363 39//39
f 928//928 548//548 355//355
f 239//239 928//928 153//153
f 928//928 227//227 224//224
f 929//929 1945//1945 235//235
f 359//359 1946//1946 552//552
f 552//552 930//930 360//360
f 151//151 743//743 359//359
f 1948//1948 931//931 229//229
f 1564//1564 3493//3493 3261//3261
f 52//52 935//935 240//240
f 53//53 935//935 52//52
f 50//50 51//51 444//444
f 938//938 937//937 571//571
f 937//937 555//555 45//45
f 559//559 3670//3670 3656//3656
f 1940//1940 3656//3656 358//358
f 358//358 937//937 938//938
f 39//39 363//363 1263//1263
f 67//67 367//367 66//66
f 551//551 64//64 65//65
f 568//568 230//230 557//557
f 1947//1947 557//557 360//360
f 939//939 360//360 365//365
f 956//956 151//151 939//939
f 365//365 556//556 939//939
f 54//54 361//361 935//935
f 53//53 54//54 935//935
f 940//940 50//50 242//242
f 922//922 738//738 146//146
f 738//738 922//922 362//362
f 41//41 362//362 40//40
f 38//38 958//958 37//37
f 958//958 38//38 1263//1263
f 941//941 66//66 367//367
f 549//549 941//941 3709//3709
f 66//66 941//941 65//65
f 562//562 551//551 956//956
f 558//558 556//556 365//365
f 944//944 56//56 236//236
f 940//940 936//936 3705//3705
f 942//942 48//48 3705//3705
f 355//355 364//364 3499//3499
f 922//922 363//363 362//362
f 950//950 36//36 37//37
f 36//36 374//374 35//35
f 3715//3715 560//560 1565//1565
f 367//367 748//748 560//560
f 560//560 3715//3715 3709//3709
f 64//64 562//562 63//63
f 562//562 64//64 551//551
f 3263//3263 54//54 55//55
f 240//240 563//563 747//747
f 563//563 368//368 1954//1954
f 747//747 1954//1954 155//155
f 564//564 945//945 369//369
f 231//231 237//237 946//946
f 945//945 231//231 1952//1952
f 368//368 565//565 947//947
f 565//565 564//564 1953//1953
f 241//241 1955//1955 948//948
f 741//741 1956//1956 949//949
f 153//153 355//355 3499//3499
f 42//42 354//354 41//41
f 1263//1263 141//141 958//958
f 951//951 1959//1959 952//952
f 1958//1958 951//951 224//224
f 157//157 1960//1960 566//566
f 566//566 953//953 372//372
f 952//952 371//371 749//749
f 157//157 749//749 371//371
f 750//750 1963//1963 955//955
f 1565//1565 3495//3495 373//373
f 63//63 562//562 556//556
f 154//154 956//956 923//923
f 235//235 743//743 149//149
f 375//375 571//571 46//46
f 45//45 571//571 937//937
f 3273//3273 958//958 141//141
f 37//37 958//958 950//950
f 3726//3726 2177//2177 570//570
f 1961//1961 570//570 372//372
f 372//372 374//374 959//959
f 959//959 3273//3273 157//157
f 34//34 246//246 68//68
f 67//67 68//68 943//943
f 923//923 149//149 154//154
f 933//933 561//561 3655//3655
f 60//60 740//740 59//59
f 50//50 940//940 49//49
f 571//571 375//375 370//370
f 375//375 46//46 47//47
f 362//362 41//41 354//354
f 36//36 950//950 374//374
f 959//959 374//374 950//950
f 59//59 740//740 3617//3617
f 154//154 151//151 956//956
f 956//956 939//939 562//562
f 556//556 62//62 63//63
f 571//571 45//45 46//46
f 960//960 746//746 945//945
f 245//245 748//748 367//367
f 748//748 1565//1565 560//560
f 1978//1978 1282//1282 1977//1977
f 1989//1989 1317//1317 1988//1988
f 2000//2000 1351//1351 1999//1999
f 1975//1975 1384//1384 2012//2012
f 413//413 2045//2045 2013//2013
f 397//397 2015//2015 2014//2014
f 397//397 621//621 2016//2016
f 2519//2519 1812//1812 1106//1106
f 2018//2018 3609//3609 1813//1813
f 3654//3654 1122//1122 2019//2019
f 1404//1404 3435//3435 3521//3521
f 625//625 1108//1108 2229//2229
f 2521//2521 1814//1814 1110//1110
f 2023//2023 1003//1003 1815//1815
f 457//457 1003//1003 790//790
f 791//791 795//795 173//173
f 3276//3276 3201//3201 75//75
f 631//631 1408//1408 1668//1668
f 632//632 1668//1668 1410//1410
f 1000//1000 1409//1409 2025//2025
f 1662//1662 2025//2025 2021//2021
f 1411//1411 1400//1400 2019//2019
f 1412//1412 1721//1721 635//635
f 406//406 635//635 2028//2028
f 637//637 1113//1113 3329//3329
f 2524//2524 1821//1821 1115//1115
f 2031//2031 1015//1015 1822//1822
f 799//799 803//803 175//175
f 3278//3278 3207//3207 76//76
f 641//641 1416//1416 1675//1675
f 642//642 1675//1675 1418//1418
f 1011//1011 1417//1417 2033//2033
f 1669//1669 2033//2033 2028//2028
f 1418//1418 1109//1109 2906//2906
f 1419//1419 1404//1404 2034//2034
f 1014//1014 1138//1138 2035//2035
f 645//645 3138//3138 410//410
f 411//411 645//645 3668//3668
f 3438//3438 3219//3219 1677//1677
f 2039//2039 1026//1026 1829//1829
f 414//414 1828//1828 3219//3219
f 2526//2526 3676//3676 415//415
f 463//463 1026//1026 807//807
f 1028//1028 1681//1681 3698//3698
f 3280//3280 3212//3212 73//73
f 651//651 1423//1423 1683//1683
f 652//652 1683//1683 1424//1424
f 3707//3707 177//177 2037//2037
f 644//644 3698//3698 2041//2041
f 1676//1676 2041//2041 3668//3668
f 1425//1425 637//637 2035//2035
f 2826//2826 2035//2035 1138//1138
f 2520//2520 1402//1402 399//399
f 399//399 1685//1685 2018//2018
f 3609//3609 2042//2042 1401//1401
f 2303//2303 3609//3609 786//786
f 786//786 1401//1401 1175//1175
f 1031//1031 1687//1687 2044//2044
f 3281//3281 414//414 74//74
f 658//658 1427//1427 2043//2043
f 2791//2791 994//994 2016//2016
f 397//397 1121//1121 2015//2015
f 659//659 2043//2043 1428//1428
f 992//992 1428//1428 2013//2013
f 2602//2602 1429//1429 2045//2045
f 687//687 1429//1429 2602//2602
f 1433//1433 179//179 2898//2898
f 2020//2020 2898//2898 179//179
f 2628//2628 2629//2629 2630//2630
f 2631//2631 2632//2632 2633//2633
f 2634//2634 2635//2635 2636//2636
f 2454//2454 2639//2639 1445//1445
f 2640//2640 2641//2641 2642//2642
f 2643//2643 2644//2644 2645//2645
f 2646//2646 2647//2647 2648//2648
f 2651//2651 2652//2652 2653//2653
f 2654//2654 2655//2655 2056//2056
f 2656//2656 2657//2657 2658//2658
f 2659//2659 2660//2660 2661//2661
f 2662//2662 2663//2663 2664//2664
f 2665//2665 2666//2666 2667//2667
f 2668//2668 2669//2669 2670//2670
f 2671//2671 2672//2672 2673//2673
f 2674//2674 2675//2675 2676//2676
f 2677//2677 2678//2678 2679//2679
f 2680//2680 2681//2681 2682//2682
f 2683//2683 2684//2684 2685//2685
f 2686//2686 2687//2687 2688//2688
f 2689//2689 2690//2690 2691//2691
f 2692//2692 2693//2693 2694//2694
f 2695//2695 2696//2696 2697//2697
f 2698//2698 2699//2699 2700//2700
f 2701//2701 2702//2702 2703//2703
f 2704//2704 2705//2705 2706//2706
f 2707//2707 2708//2708 2709//2709
f 2710//2710 2711//2711 2712//2712
f 2713//2713 2714//2714 2715//2715
f 2716//2716 2717//2717 2718//2718
f 2719//2719 2720//2720 2721//2721
f 2722//2722 2723//2723 2724//2724
f 2725//2725 2726//2726 2727//2727
f 285//285 2062//2062 2063//2063
f 1481//1481 2061//2061 2274//2274
f 2578//2578 1480//1480 2999//2999
f 2064//2064 2731//2731 2063//2063
f 3661//3661 1864//1864 3253//3253
f 1047//1047 429//429 1495//1495
f 208//208 209//209 207//207
f 455//455 1049//1049 2303//2303
f 458//458 3614//3614 1512//1512
f 2752//2752 464//464 2753//2753
f 2754//2754 2077//2077 2755//2755
f 2756//2756 2757//2757 2075//2075
f 2076//2076 2758//2758 2759//2759
f 2760//2760 2080//2080 2761//2761
f 2762//2762 2763//2763 2078//2078
f 2079//2079 2764//2764 2765//2765
f 303//303 834//834 302//302
f 21//21 22//22 1062//1062
f 104//104 318//318 319//319
f 482//482 1064//1064 3603//3603
f 328//328 110//110 327//327
f 496//496 1065//1065 2173//2173
f 514//514 1071//1071 2174//2174
f 1072//1072 137//137 350//350
f 1146//1146 3//3 2//2
f 527//527 344//344 1254//1254
f 1736//1736 708//708 526//526
f 1148//1148 710//710 2583//2583
f 871//871 1076//1076 714//714
f 120//120 715//715 1077//1077
f 3283//3283 532//532 118//118
f 854//854 112//112 489//489
f 112//112 854//854 113//113
f 920//920 1260//1260 545//545
f 572//572 1081//1081 2081//2081
f 2325//2325 2081//2081 1570//1570
f 574//574 1082//1082 2082//2082
f 2328//2328 2082//2082 1574//1574
f 576//576 1083//1083 2083//2083
f 2331//2331 2083//2083 1578//1578
f 578//578 1084//1084 2084//2084
f 2334//2334 2084//2084 1582//1582
f 580//580 1085//1085 2085//2085
f 2336//2336 2085//2085 1586//1586
f 582//582 1086//1086 2086//2086
f 2339//2339 2086//2086 1590//1590
f 584//584 1087//1087 2087//2087
f 2342//2342 2087//2087 1594//1594
f 586//586 1088//1088 2088//2088
f 2345//2345 2088//2088 1598//1598
f 588//588 1089//1089 2089//2089
f 2348//2348 2089//2089 1602//1602
f 590//590 1090//1090 2090//2090
f 2351//2351 2090//2090 1606//1606
f 592//592 1091//1091 2091//2091
f 2353//2353 2091//2091 1609//1609
f 594//594 1092//1092 2092//2092
f 2356//2356 2092//2092 1613//1613
f 596//596 1093//1093 2093//2093
f 2359//2359 2093//2093 1617//1617
f 598//598 1094//1094 2094//2094
f 2362//2362 2094//2094 1621//1621
f 600//600 1095//1095 2095//2095
f 2365//2365 2095//2095 1625//1625
f 602//602 1096//1096 2096//2096
f 2368//2368 2096//2096 1629//1629
f 604//604 1097//1097 2097//2097
f 2370//2370 2097//2097 1632//1632
f 606//606 1098//1098 2098//2098
f 2373//2373 2098//2098 1636//1636
f 608//608 1099//1099 2099//2099
f 2376//2376 2099//2099 1640//1640
f 610//610 1100//1100 2100//2100
f 2379//2379 2100//2100 1644//1644
f 612//612 1101//1101 2101//2101
f 2382//2382 2101//2101 1648//1648
f 614//614 1102//1102 2102//2102
f 2385//2385 2102//2102 1652//1652
f 616//616 1103//1103 2103//2103
f 2387//2387 2103//2103 1656//1656
f 618//618 1104//1104 2104//2104
f 2389//2389 2104//2104 1660//1660
f 2738//2738 3647//3647 2791//2791
f 1105//1105 3665//3665 622//622
f 1106//1106 622//622 2519//2519
f 1107//1107 3671//3671 623//623
f 1108//1108 625//625 1109//1109
f 1110//1110 1109//1109 2521//2521
f 627//627 1111//1111 628//628
f 1111//1111 627//627 789//789
f 630//630 1667//1667 404//404
f 1112//1112 631//631 632//632
f 636//636 1113//1113 1115//1115
f 1113//1113 637//637 1114//1114
f 1115//1115 1114//1114 2524//2524
f 638//638 1116//1116 3687//3687
f 1116//1116 638//638 797//797
f 640//640 1674//1674 409//409
f 1117//1117 641//641 642//642
f 3438//3438 1118//1118 647//647
f 1685//1685 654//654 655//655
f 656//656 1688//1688 657//657
f 1121//1121 658//658 659//659
f 3226//3226 276//276 2392//2392
f 2801//2801 2110//2110 2802//2802
f 2803//2803 2804//2804 2108//2108
f 2109//2109 2805//2805 2806//2806
f 2807//2807 2113//2113 2808//2808
f 2809//2809 2810//2810 2111//2111
f 2112//2112 2811//2811 2812//2812
f 2813//2813 2116//2116 2814//2814
f 2815//2815 2816//2816 2114//2114
f 2115//2115 2817//2817 2818//2818
f 2819//2819 2119//2119 2820//2820
f 2821//2821 2822//2822 2117//2117
f 2118//2118 2823//2823 2824//2824
f 2825//2825 1137//1137 3588//3588
f 2602//2602 1141//1141 2740//2740
f 2829//2829 1143//1143 2066//2066
f 1145//1145 521//521 515//515
f 900//900 1248//1248 432//432
f 3496//3496 1147//1147 198//198
f 706//706 510//510 3729//3729
f 202//202 527//527 1917//1917
f 531//531 121//121 530//530
f 717//717 1924//1924 915//915
f 537//537 1743//1743 721//721
f 721//721 722//722 537//537
f 725//725 538//538 1149//1149
f 486//486 1149//1149 539//539
f 216//216 1932//1932 726//726
f 477//477 547//547 1153//1153
f 752//752 1154//1154 2124//2124
f 2459//2459 2124//2124 1752//1752
f 754//754 1155//1155 2125//2125
f 2462//2462 2125//2125 1497//1497
f 3006//3006 1156//1156 2126//2126
f 2465//2465 2126//2126 1756//1756
f 756//756 1157//1157 2127//2127
f 2467//2467 2127//2127 1760//1760
f 758//758 2470//2470 2128//2128
f 3008//3008 1158//1158 2129//2129
f 2472//2472 2129//2129 1764//1764
f 760//760 1159//1159 2130//2130
f 2474//2474 2130//2130 1768//1768
f 762//762 1160//1160 2131//2131
f 2477//2477 2131//2131 1501//1501
f 3010//3010 1161//1161 2132//2132
f 2480//2480 2132//2132 1772//1772
f 764//764 1162//1162 2133//2133
f 2482//2482 2133//2133 1776//1776
f 766//766 2485//2485 2134//2134
f 3012//3012 1163//1163 2135//2135
f 2487//2487 2135//2135 1780//1780
f 768//768 1164//1164 2136//2136
f 2489//2489 2136//2136 1784//1784
f 770//770 1165//1165 2137//2137
f 2492//2492 2137//2137 1505//1505
f 3014//3014 1166//1166 2138//2138
f 2495//2495 2138//2138 1788//1788
f 772//772 1167//1167 2139//2139
f 2497//2497 2139//2139 1792//1792
f 774//774 2500//2500 2140//2140
f 3016//3016 1168//1168 2141//2141
f 2502//2502 2141//2141 1796//1796
f 776//776 1169//1169 2142//2142
f 2504//2504 2142//2142 1800//1800
f 778//778 1170//1170 2143//2143
f 2507//2507 2143//2143 1509//1509
f 3018//3018 1171//1171 2144//2144
f 2510//2510 2144//2144 1804//1804
f 780//780 1172//1172 2145//2145
f 2512//2512 2145//2145 1808//1808
f 2515//2515 2146//2146 1511//1511
f 3020//3020 1173//1173 2147//2147
f 2517//2517 2147//2147 1811//1811
f 2303//2303 786//786 3022//3022
f 1175//1175 1176//1176 786//786
f 457//457 3024//3024 3507//3507
f 457//457 790//790 3024//3024
f 1178//1178 3024//3024 790//790
f 1179//1179 792//792 3511//3511
f 1819//1819 1666//1666 3026//3026
f 1666//1666 794//794 630//630
f 1182//1182 1183//1183 798//798
f 1184//1184 800//800 3512//3512
f 1826//1826 1673//1673 3028//3028
f 1673//1673 802//802 640//640
f 1187//1187 1188//1188 807//807
f 3513//3513 808//808 809//809
f 1833//1833 1189//1189 3031//3031
f 1189//1189 811//811 3582//3582
f 3151//3151 813//813 814//814
f 1838//1838 1191//1191 3032//3032
f 1191//1191 816//816 656//656
f 1192//1192 814//814 1837//1837
f 2851//2851 2152//2152 2852//2852
f 2853//2853 2854//2854 2150//2150
f 2151//2151 2855//2855 2856//2856
f 2154//2154 2859//2859 2860//2860
f 2861//2861 2158//2158 2862//2862
f 2863//2863 2864//2864 2156//2156
f 2157//2157 2865//2865 2866//2866
f 2867//2867 2161//2161 2868//2868
f 2869//2869 2870//2870 2159//2159
f 2160//2160 2871//2871 2872//2872
f 2873//2873 2164//2164 2874//2874
f 2875//2875 2876//2876 2162//2162
f 2163//2163 2877//2877 2878//2878
f 2879//2879 2167//2167 2880//2880
f 2881//2881 2882//2882 2165//2165
f 2166//2166 2883//2883 2884//2884
f 2886//2886 1210//1210 1865//1865
f 1061//1061 473//473 89//89
f 318//318 31//31 32//32
f 1909//1909 905//905 1211//1211
f 838//838 1212//1212 1868//1868
f 353//353 3704//3704 106//106
f 1213//1213 35//35 34//34
f 1153//1153 2123//2123 1563//1563
f 921//921 1261//1261 920//920
f 1153//1153 733//733 477//477
f 841//841 1214//1214 839//839
f 841//841 1870//1870 842//842
f 844//844 1871//1871 842//842
f 1064//1064 325//325 324//324
f 1219//1219 848//848 1220//1220
f 848//848 1219//1219 847//847
f 1875//1875 848//848 1218//1218
f 1562//1562 219//219 3623//3623
f 850//850 1221//1221 849//849
f 3714//3714 850//850 1224//1224
f 852//852 1224//1224 850//850
f 1879//1879 1878//1878 1533//1533
f 1879//1879 853//853 852//852
f 855//855 1226//1226 853//853
f 855//855 1881//1881 856//856
f 536//536 1928//1928 861//861
f 859//859 1882//1882 856//856
f 1065//1065 333//333 332//332
f 334//334 211//211 1742//1742
f 864//864 1885//1885 3635//3635
f 3727//3727 52//52 51//51
f 501//501 2583//2583 713//713
f 873//873 1237//1237 872//872
f 878//878 1238//1238 873//873
f 879//879 1556//1556 1540//1540
f 1075//1075 1556//1556 204//204
f 882//882 1239//1239 885//885
f 1890//1890 882//882 1240//1240
f 1539//1539 709//709 505//505
f 885//885 1240//1240 882//882
f 886//886 1241//1241 1240//1240
f 201//201 202//202 435//435
f 1917//1917 435//435 202//202
f 1894//1894 507//507 509//509
f 131//131 346//346 1243//1243
f 131//131 511//511 346//346
f 1896//1896 890//890 1244//1244
f 890//890 1896//1896 3587//3587
f 61//61 1244//1244 62//62
f 199//199 1914//1914 1912//1912
f 1898//1898 893//893 892//892
f 1245//1245 893//893 1900//1900
f 893//893 1245//1245 892//892
f 895//895 1247//1247 896//896
f 899//899 1550//1550 197//197
f 901//901 1251//1251 2887//2887
f 902//902 1907//1907 901//901
f 140//140 1073//1073 521//521
f 1211//1211 3634//3634 838//838
f 904//904 1910//1910 520//520
f 906//906 431//431 900//900
f 432//432 1901//1901 900//900
f 907//907 3706//3706 432//432
f 200//200 201//201 435//435
f 888//888 1915//1915 908//908
f 909//909 1916//1916 888//888
f 1253//1253 1075//1075 1254//1254
f 436//436 1254//1254 1075//1075
f 911//911 1921//1921 912//912
f 915//915 1256//1256 866//866
f 17//17 1256//1256 18//18
f 915//915 1560//1560 717//717
f 916//916 1258//1258 536//536
f 916//916 1929//1929 1931//1931
f 216//216 726//726 917//917
f 569//569 3703//3703 144//144
f 1264//1264 573//573 2178//2178
f 1265//1265 753//753 2179//2179
f 1266//1266 2179//2179 572//572
f 1267//1267 755//755 3285//3285
f 1269//1269 575//575 2180//2180
f 1270//1270 2180//2180 752//752
f 1272//1272 2181//2181 3286//3286
f 1274//1274 2182//2182 3287//3287
f 1275//1275 577//577 3288//3288
f 1278//1278 2183//2183 3289//3289
f 1281//1281 579//579 2185//2185
f 1282//1282 3444//3444 968//968
f 1283//1283 757//757 2186//2186
f 1284//1284 2186//2186 578//578
f 1285//1285 759//759 3291//3291
f 1287//1287 581//581 2187//2187
f 1288//1288 2187//2187 756//756
f 1290//1290 2188//2188 3292//3292
f 1293//1293 583//583 3293//3293
f 1295//1295 2189//2189 3294//3294
f 1298//1298 585//585 2191//2191
f 1300//1300 761//761 2192//2192
f 1301//1301 2192//2192 584//584
f 1302//1302 763//763 3296//3296
f 1304//1304 587//587 2193//2193
f 1305//1305 2193//2193 760//760
f 1307//1307 2194//2194 3297//3297
f 1309//1309 2195//2195 3298//3298
f 1310//1310 589//589 3299//3299
f 1313//1313 2196//2196 3300//3300
f 1316//1316 591//591 2198//2198
f 1317//1317 3445//3445 975//975
f 1318//1318 765//765 2199//2199
f 1319//1319 2199//2199 590//590
f 1320//1320 767//767 3302//3302
f 1322//1322 593//593 2200//2200
f 1323//1323 2200//2200 764//764
f 1325//1325 2201//2201 3303//3303
f 1777//1777 3583//3583 766//766
f 1327//1327 595//595 3304//3304
f 1329//1329 2202//2202 3305//3305
f 1331//1331 1330//1330 3508//3508
f 1332//1332 597//597 2203//2203
f 1334//1334 769//769 2204//2204
f 1335//1335 2204//2204 596//596
f 1336//1336 771//771 3308//3308
f 1338//1338 599//599 2205//2205
f 1339//1339 2205//2205 768//768
f 1341//1341 2206//2206 3309//3309
f 1343//1343 2207//2207 3310//3310
f 1344//1344 601//601 3311//3311
f 1347//1347 2208//2208 3312//3312
f 1350//1350 603//603 2210//2210
f 1351//1351 3446//3446 982//982
f 1352//1352 773//773 2211//2211
f 1353//1353 2211//2211 602//602
f 1354//1354 775//775 3314//3314
f 1356//1356 605//605 2212//2212
f 1357//1357 2212//2212 772//772
f 1359//1359 2213//2213 3315//3315
f 1793//1793 3584//3584 774//774
f 1361//1361 607//607 3316//3316
f 1363//1363 2214//2214 3317//3317
f 1365//1365 1364//1364 3509//3509
f 1366//1366 609//609 2215//2215
f 1367//1367 777//777 2216//2216
f 1368//1368 2216//2216 608//608
f 1369//1369 779//779 3319//3319
f 1371//1371 611//611 2217//2217
f 1372//1372 2217//2217 776//776
f 1374//1374 2218//2218 3320//3320
f 1376//1376 2219//2219 3321//3321
f 1377//1377 613//613 3322//3322
f 1380//1380 2220//2220 3323//3323
f 1383//1383 615//615 2222//2222
f 1384//1384 3447//3447 990//990
f 1385//1385 781//781 2223//2223
f 1386//1386 2223//2223 614//614
f 1387//1387 783//783 3325//3325
f 1389//1389 617//617 2224//2224
f 1390//1390 2224//2224 780//780
f 1391//1391 2225//2225 3326//3326
f 1393//1393 619//619 3327//3327
f 1396//1396 2226//2226 3328//3328
f 993//993 2891//2891 2890//2890
f 3665//3665 1400//1400 622//622
f 785//785 2894//2894 1107//1107
f 2591//2591 663//663 2895//2895
f 2896//2896 2228//2228 2897//2897
f 2896//2896 999//999 2898//2898
f 1000//1000 2793//2793 3625//3625
f 1689//1689 2899//2899 2393//2393
f 1002//1002 1431//1431 2229//2229
f 1004//1004 1405//1405 790//790
f 789//789 2901//2901 1111//1111
f 2023//2023 1665//1665 1004//1004
f 1003//1003 1004//1004 790//790
f 267//267 790//790 1405//1405
f 1050//1050 1666//1666 1409//1409
f 1006//1006 1408//1408 631//631
f 1007//1007 1411//1411 998//998
f 1411//1411 1007//1007 1410//1410
f 2593//2593 1008//1008 2442//2442
f 2902//2902 2230//2230 2903//2903
f 2902//2902 1010//1010 2729//2729
f 1011//1011 2795//2795 3626//3626
f 2029//2029 3210//3210 2904//2904
f 1016//1016 1413//1413 798//798
f 797//797 2905//2905 1116//1116
f 2031//2031 1672//1672 1016//1016
f 1015//1015 1016//1016 798//798
f 270//270 798//798 1413//1413
f 1052//1052 1673//1673 1417//1417
f 1018//1018 1416//1416 641//641
f 642//642 1418//1418 2906//2906
f 1019//1019 1419//1419 1009//1009
f 1419//1419 1019//1019 2906//2906
f 2597//2597 683//683 2447//2447
f 3707//3707 2907//2907 272//272
f 2909//2909 2910//2910 2911//2911
f 413//413 3216//3216 2599//2599
f 1027//1027 1421//1421 807//807
f 806//806 414//414 1119//1119
f 414//414 806//806 1828//1828
f 1679//1679 1680//1680 1027//1027
f 1026//1026 1027//1027 807//807
f 274//274 807//807 1421//1421
f 3031//3031 1681//1681 1028//1028
f 1029//1029 1423//1423 651//651
f 1028//1028 3698//3698 1022//1022
f 1030//1030 1425//1425 1020//1020
f 1425//1425 1030//1030 1424//1424
f 655//655 2042//2042 3609//3609
f 1053//1053 1687//1687 1031//1031
f 1032//1032 1427//1427 658//658
f 1031//1031 2044//2044 994//994
f 659//659 1428//1428 992//992
f 991//991 1429//1429 687//687
f 3205//3205 1430//1430 3468//3468
f 1034//1034 1433//1433 664//664
f 2928//2928 2242//2242 2929//2929
f 2930//2930 2931//2931 2240//2240
f 2241//2241 2932//2932 2933//2933
f 2243//2243 2936//2936 2937//2937
f 2938//2938 2246//2246 2939//2939
f 2940//2940 2941//2941 2244//2244
f 2245//2245 2942//2942 2943//2943
f 2944//2944 2249//2249 2945//2945
f 2946//2946 2947//2947 2247//2247
f 2948//2948 2252//2252 2949//2949
f 2950//2950 2951//2951 2250//2250
f 2251//2251 2952//2952 2953//2953
f 2954//2954 2255//2255 2955//2955
f 2956//2956 2957//2957 2253//2253
f 2254//2254 2958//2958 2959//2959
f 2960//2960 2258//2258 2961//2961
f 2962//2962 2963//2963 2256//2256
f 2257//2257 2964//2964 2965//2965
f 2966//2966 2261//2261 2967//2967
f 2968//2968 2969//2969 2259//2259
f 2260//2260 2970//2970 2971//2971
f 2972//2972 2264//2264 2973//2973
f 2974//2974 2975//2975 2262//2262
f 2263//2263 2976//2976 2977//2977
f 2978//2978 2267//2267 2979//2979
f 2980//2980 2981//2981 2265//2265
f 2266//2266 2982//2982 2983//2983
f 2984//2984 2270//2270 2985//2985
f 2986//2986 2987//2987 2268//2268
f 2269//2269 2988//2988 2989//2989
f 2990//2990 2273//2273 2991//2991
f 2992//2992 2993//2993 2271//2271
f 2272//2272 2994//2994 2995//2995
f 3527//3527 1476//1476 2996//2996
f 3251//3251 1481//1481 2442//2442
f 2168//2168 1480//1480 2578//2578
f 2733//2733 1727//1727 3139//3139
f 3246//3246 1209//1209 2580//2580
f 3002//3002 1731//1731 3142//3142
f 1492//1492 2741//2741 2740//2740
f 2741//2741 1492//1492 1493//1493
f 1495//1495 188//188 189//189
f 197//197 433//433 198//198
f 3606//3606 910//910 3004//3004
f 436//436 3004//3004 910//910
f 1078//1078 209//209 208//208
f 212//212 1561//1561 331//331
f 846//846 438//438 220//220
f 440//440 354//354 739//739
f 247//247 1496//1496 2279//2279
f 2460//2460 2279//2279 2744//2744
f 447//447 1497//1497 2280//2280
f 2067//2067 2280//2280 1156//1156
f 2830//2830 2744//2744 2281//2281
f 2461//2461 2281//2281 1755//1755
f 249//249 1498//1498 2282//2282
f 2468//2468 2282//2282 2745//2745
f 448//448 1499//1499 2283//2283
f 2068//2068 2283//2283 1158//1158
f 2833//2833 2745//2745 2284//2284
f 2469//2469 2284//2284 1763//1763
f 251//251 1500//1500 2285//2285
f 2475//2475 2285//2285 2746//2746
f 449//449 1501//1501 2286//2286
f 2069//2069 2286//2286 1161//1161
f 2835//2835 2746//2746 2287//2287
f 2476//2476 2287//2287 1771//1771
f 253//253 1502//1502 2288//2288
f 2483//2483 2288//2288 2747//2747
f 450//450 1503//1503 2289//2289
f 2070//2070 2289//2289 1163//1163
f 2838//2838 2747//2747 2290//2290
f 2484//2484 2290//2290 1779//1779
f 255//255 1504//1504 2291//2291
f 2490//2490 2291//2291 2748//2748
f 451//451 1505//1505 2292//2292
f 2071//2071 2292//2292 1166//1166
f 2840//2840 2748//2748 2293//2293
f 2491//2491 2293//2293 1787//1787
f 257//257 1506//1506 2294//2294
f 2498//2498 2294//2294 2749//2749
f 452//452 1507//1507 2295//2295
f 2072//2072 2295//2295 1168//1168
f 2843//2843 2749//2749 2296//2296
f 2499//2499 2296//2296 1795//1795
f 259//259 1508//1508 2297//2297
f 2505//2505 2297//2297 2750//2750
f 453//453 1509//1509 2298//2298
f 2073//2073 2298//2298 1171//1171
f 2845//2845 2750//2750 2299//2299
f 2506//2506 2299//2299 1803//1803
f 261//261 1510//1510 2300//2300
f 2513//2513 2300//2300 2751//2751
f 454//454 1511//1511 2301//2301
f 2074//2074 2301//2301 1173//1173
f 2848//2848 2751//2751 2302//2302
f 2514//2514 2302//2302 1810//1810
f 172//172 2527//2527 3025//3025
f 1050//1050 1818//1818 3026//3026
f 1052//1052 1825//1825 3028//3028
f 3031//3031 1832//1832 273//273
f 1053//1053 1837//1837 3032//3032
f 1192//1192 1837//1837 3713//3713
f 3033//3033 2306//2306 3034//3034
f 3035//3035 2755//2755 2304//2304
f 2305//2305 2759//2759 3036//3036
f 3037//3037 2309//2309 2754//2754
f 3038//3038 3039//3039 2307//2307
f 2308//2308 3040//3040 2756//2756
f 2758//2758 2312//2312 3041//3041
f 2757//2757 3042//3042 2310//2310
f 2311//2311 3043//3043 3044//3044
f 3045//3045 2315//2315 3046//3046
f 3047//3047 2761//2761 2313//2313
f 2314//2314 2765//2765 3048//3048
f 3049//3049 2318//2318 2760//2760
f 3050//3050 3051//3051 2316//2316
f 2317//2317 3052//3052 2762//2762
f 2764//2764 2321//2321 3053//3053
f 2763//2763 3054//3054 2319//2319
f 2320//2320 3055//3055 3056//3056
f 1527//1527 1528//1528 287//287
f 306//306 1062//1062 307//307
f 734//734 736//736 3602//3602
f 1529//1529 840//840 481//481
f 731//731 478//478 1063//1063
f 1531//1531 482//482 109//109
f 1532//1532 1746//1746 730//730
f 542//542 1150//1150 1151//1151
f 1222//1222 540//540 485//485
f 724//724 1534//1534 489//489
f 1535//1535 3645//3645 857//857
f 719//719 3500//3500 3259//3259
f 115//115 3500//3500 858//858
f 1537//1537 496//496 116//116
f 862//862 496//496 718//718
f 1538//1538 716//716 718//718
f 532//532 3578//3578 1884//1884
f 337//337 497//497 499//499
f 1066//1066 715//715 498//498
f 712//712 500//500 1739//1739
f 3694//3694 503//503 711//711
f 1891//1891 503//503 3694//3694
f 1543//1543 891//891 134//134
f 702//702 512//512 1544//1544
f 135//135 1544//1544 512//512
f 1547//1547 514//514 136//136
f 1903//1903 514//514 701//701
f 515//515 1734//1734 1145//1145
f 701//701 1548//1548 699//699
f 698//698 1073//1073 140//140
f 1073//1073 698//698 518//518
f 2123//2123 519//519 3646//3646
f 921//921 520//520 1262//1262
f 3331//3331 519//519 1733//1733
f 139//139 1733//1733 519//519
f 523//523 1550//1550 897//897
f 1550//1550 523//523 433//433
f 524//524 1552//1552 704//704
f 199//199 1552//1552 3498//3498
f 3498//3498 1552//1552 1554//1554
f 1555//1555 3498//3498 1554//1554
f 1555//1555 525//525 203//203
f 1918//1918 527//527 1254//1254
f 909//909 910//910 1737//1737
f 344//344 526//526 1540//1540
f 1556//1556 879//879 342//342
f 529//529 3360//3360 876//876
f 206//206 207//207 1921//1921
f 207//207 1557//1557 208//208
f 871//871 122//122 1557//1557
f 1558//1558 208//208 122//122
f 1559//1559 210//210 1558//1558
f 118//118 1742//1742 1559//1559
f 2458//2458 211//211 1560//1560
f 534//534 334//334 533//533
f 334//334 1079//1079 211//211
f 535//535 1561//1561 860//860
f 1561//1561 535//535 331//331
f 1743//1743 213//213 331//331
f 213//213 214//214 1929//1929
f 725//725 541//541 330//330
f 1932//1932 216//216 3258//3258
f 330//330 541//541 1747//1747
f 543//543 326//326 3633//3633
f 544//544 1873//1873 845//845
f 1152//1152 221//221 438//438
f 920//920 545//545 3515//3515
f 3715//3715 1565//1565 567//567
f 1567//1567 572//572 2325//2325
f 1568//1568 2325//2325 573//573
f 1569//1569 248//248 2326//2326
f 1081//1081 2326//2326 2767//2767
f 2081//2081 2767//2767 2327//2327
f 1570//1570 2327//2327 3332//3332
f 1571//1571 574//574 2328//2328
f 1572//1572 2328//2328 575//575
f 1082//1082 2329//2329 3333//3333
f 2082//2082 2768//2768 2330//2330
f 1574//1574 2330//2330 247//247
f 1575//1575 576//576 2331//2331
f 1576//1576 2331//2331 577//577
f 1083//1083 2332//2332 3334//3334
f 2083//2083 2769//2769 2333//2333
f 1578//1578 2333//2333 3335//3335
f 1579//1579 578//578 2334//2334
f 1580//1580 2334//2334 579//579
f 1581//1581 250//250 2335//2335
f 1084//1084 2335//2335 2770//2770
f 2084//2084 2770//2770 3336//3336
f 1583//1583 580//580 2336//2336
f 1584//1584 2336//2336 581//581
f 1085//1085 2337//2337 3337//3337
f 2085//2085 2771//2771 2338//2338
f 1586//1586 2338//2338 249//249
f 1587//1587 582//582 2339//2339
f 1588//1588 2339//2339 583//583
f 1086//1086 2340//2340 3338//3338
f 2086//2086 2772//2772 2341//2341
f 1590//1590 2341//2341 377//377
f 1591//1591 584//584 2342//2342
f 1592//1592 2342//2342 585//585
f 1593//1593 252//252 2343//2343
f 1087//1087 2343//2343 2773//2773
f 2087//2087 2773//2773 2344//2344
f 1594//1594 2344//2344 3339//3339
f 1595//1595 586//586 2345//2345
f 1596//1596 2345//2345 587//587
f 1088//1088 2346//2346 3340//3340
f 2088//2088 2774//2774 2347//2347
f 1598//1598 2347//2347 251//251
f 1599//1599 588//588 2348//2348
f 1600//1600 2348//2348 589//589
f 1089//1089 2349//2349 3341//3341
f 2089//2089 2775//2775 2350//2350
f 1602//1602 2350//2350 3342//3342
f 1603//1603 590//590 2351//2351
f 1604//1604 2351//2351 591//591
f 1605//1605 254//254 2352//2352
f 1090//1090 2352//2352 2776//2776
f 2090//2090 2776//2776 3343//3343
f 1607//1607 592//592 2353//2353
f 1608//1608 2353//2353 593//593
f 1091//1091 3400//3400 2777//2777
f 2091//2091 2777//2777 2355//2355
f 1609//1609 2355//2355 253//253
f 1610//1610 594//594 2356//2356
f 1611//1611 2356//2356 595//595
f 1092//1092 2357//2357 3344//3344
f 2092//2092 2778//2778 2358//2358
f 1613//1613 2358//2358 383//383
f 1614//1614 596//596 2359//2359
f 1615//1615 2359//2359 597//597
f 1616//1616 256//256 2360//2360
f 1093//1093 2360//2360 2779//2779
f 2093//2093 2779//2779 2361//2361
f 1617//1617 2361//2361 3345//3345
f 1618//1618 598//598 2362//2362
f 1619//1619 2362//2362 599//599
f 1094//1094 2363//2363 3346//3346
f 2094//2094 2780//2780 2364//2364
f 1621//1621 2364//2364 255//255
f 1622//1622 600//600 2365//2365
f 1623//1623 2365//2365 601//601
f 1095//1095 2366//2366 3347//3347
f 2095//2095 2781//2781 2367//2367
f 1625//1625 2367//2367 3348//3348
f 1626//1626 602//602 2368//2368
f 1627//1627 2368//2368 603//603
f 1628//1628 258//258 2369//2369
f 1096//1096 2369//2369 2782//2782
f 2096//2096 2782//2782 3349//3349
f 1630//1630 604//604 2370//2370
f 1631//1631 2370//2370 605//605
f 1097//1097 3415//3415 2783//2783
f 2097//2097 2783//2783 2372//2372
f 1632//1632 2372//2372 257//257
f 1633//1633 606//606 2373//2373
f 1634//1634 2373//2373 607//607
f 1098//1098 2374//2374 3350//3350
f 2098//2098 2784//2784 2375//2375
f 1636//1636 2375//2375 388//388
f 1637//1637 608//608 2376//2376
f 1638//1638 2376//2376 609//609
f 1639//1639 260//260 2377//2377
f 1099//1099 2377//2377 2785//2785
f 2099//2099 2785//2785 2378//2378
f 1640//1640 2378//2378 3351//3351
f 1641//1641 610//610 2379//2379
f 1642//1642 2379//2379 611//611
f 1100//1100 2380//2380 3352//3352
f 2100//2100 2786//2786 2381//2381
f 1644//1644 2381//2381 259//259
f 1645//1645 612//612 2382//2382
f 1646//1646 2382//2382 613//613
f 1101//1101 2383//2383 3353//3353
f 2101//2101 2787//2787 2384//2384
f 1648//1648 2384//2384 3354//3354
f 1649//1649 614//614 2385//2385
f 1650//1650 2385//2385 615//615
f 1651//1651 262//262 2386//2386
f 1102//1102 2386//2386 2788//2788
f 2102//2102 2788//2788 3355//3355
f 1653//1653 616//616 2387//2387
f 1654//1654 2387//2387 617//617
f 2103//2103 2789//2789 2388//2388
f 1656//1656 2388//2388 261//261
f 1657//1657 618//618 2389//2389
f 1658//1658 2389//2389 619//619
f 1104//1104 2390//2390 3357//3357
f 2104//2104 2790//2790 2391//2391
f 1660//1660 2391//2391 393//393
f 3059//3059 1399//1399 620//620
f 3059//3059 3060//3060 993//993
f 621//621 2791//2791 2016//2016
f 3061//3061 2737//2737 3062//3062
f 3062//3062 2792//2792 3063//3063
f 2793//2793 3064//3064 2897//2897
f 1663//1663 1407//1407 3585//3585
f 1407//1407 1663//1663 628//628
f 628//628 1663//1663 627//627
f 456//456 1177//1177 1663//1663
f 629//629 1665//1665 2023//2023
f 1405//1405 1004//1004 1665//1665
f 1666//1666 1050//1050 3026//3026
f 630//630 1006//1006 1667//1667
f 404//404 1667//1667 633//633
f 1112//1112 633//633 1667//1667
f 631//631 1668//1668 632//632
f 1112//1112 632//632 2592//2592
f 1007//1007 2592//2592 632//632
f 2795//2795 3066//3066 2903//2903
f 1670//1670 1415//1415 3586//3586
f 459//459 1181//1181 1670//1670
f 639//639 1672//1672 2031//2031
f 1413//1413 1016//1016 1672//1672
f 1673//1673 1052//1052 3028//3028
f 640//640 1018//1018 1674//1674
f 409//409 1674//1674 643//643
f 1117//1117 643//643 1674//1674
f 641//641 1675//1675 642//642
f 1117//1117 642//642 2596//2596
f 1019//1019 2596//2596 642//642
f 2734//2734 2036//2036 644//644
f 3216//3216 647//647 1118//1118
f 647//647 3216//3216 413//413
f 1118//1118 1677//1677 3071//3071
f 649//649 3648//3648 462//462
f 379//379 1678//1678 3637//3637
f 2039//2039 415//415 3637//3637
f 650//650 1680//1680 1679//1679
f 1421//1421 1027//1027 1680//1680
f 3676//3676 379//379 3637//3637
f 416//416 1682//1682 653//653
f 1120//1120 653//653 1682//1682
f 651//651 1683//1683 652//652
f 1030//1030 2600//2600 652//652
f 384//384 1684//1684 1402//1402
f 654//654 1686//1686 655//655
f 2042//2042 655//655 1686//1686
f 1402//1402 1684//1684 1685//1685
f 1687//1687 1053//1053 3032//3032
f 656//656 1032//1032 1688//1688
f 657//657 1688//1688 660//660
f 1121//1121 660//660 1688//1688
f 658//658 2043//2043 659//659
f 660//660 1121//1121 397//397
f 3072//3072 2392//2392 2393//2393
f 2392//2392 276//276 1689//1689
f 2895//2895 418//418 2603//2603
f 3487//3487 3072//3072 2048//2048
f 3085//3085 2406//2406 3086//3086
f 3087//3087 2802//2802 2404//2404
f 2405//2405 2806//2806 3088//3088
f 3089//3089 2409//2409 2801//2801
f 3090//3090 3091//3091 2407//2407
f 2408//2408 3092//3092 2803//2803
f 2805//2805 2412//2412 3093//3093
f 2804//2804 3094//3094 2410//2410
f 2411//2411 3095//3095 3096//3096
f 3097//3097 2415//2415 3098//3098
f 3099//3099 2808//2808 2413//2413
f 2414//2414 2812//2812 3100//3100
f 3101//3101 2418//2418 2807//2807
f 3102//3102 3103//3103 2416//2416
f 2417//2417 3104//3104 2809//2809
f 2811//2811 2421//2421 3105//3105
f 2810//2810 3106//3106 2419//2419
f 2420//2420 3107//3107 3108//3108
f 3109//3109 2424//2424 3110//3110
f 3111//3111 2814//2814 2422//2422
f 2423//2423 2818//2818 3112//3112
f 3113//3113 2427//2427 2813//2813
f 3114//3114 3115//3115 2425//2425
f 2426//2426 3116//3116 2815//2815
f 2817//2817 2430//2430 3117//3117
f 2816//2816 3118//3118 2428//2428
f 2429//2429 3119//3119 3120//3120
f 3121//3121 2433//2433 3122//3122
f 3123//3123 2820//2820 2431//2431
f 2432//2432 2824//2824 3124//3124
f 3125//3125 2436//2436 2819//2819
f 3126//3126 3127//3127 2434//2434
f 2435//2435 3128//3128 2821//2821
f 2823//2823 2439//2439 3129//3129
f 2822//2822 3130//3130 2437//2437
f 2438//2438 3131//3131 3132//3132
f 2440//2440 1720//1720 1724//1724
f 1721//1721 2274//2274 3133//3133
f 1720//1720 284//284 3137//3137
f 3358//3358 1726//1726 2447//2447
f 2448//2448 1528//1528 3138//3138
f 2448//2448 1526//1526 2322//2322
f 1484//1484 426//426 2449//2449
f 2451//2451 685//685 2170//2170
f 2452//2452 1728//1728 2453//2453
f 1729//1729 2742//2742 2453//2453
f 687//687 3140//3140 2601//2601
f 2739//2739 1490//1490 2454//2454
f 428//428 3141//3141 288//288
f 1490//1490 288//288 1730//1730
f 190//190 691//691 191//191
f 692//692 191//191 691//691
f 693//693 694//694 192//192
f 140//140 1144//1144 697//697
f 1563//1563 2123//2123 3646//3646
f 698//698 1080//1080 2456//2456
f 1080//1080 698//698 140//140
f 196//196 2457//2457 3620//3620
f 3646//3646 3331//3331 2457//2457
f 2123//2123 1144//1144 519//519
f 921//921 196//196 520//520
f 515//515 1073//1073 699//699
f 139//139 1145//1145 2175//2175
f 139//139 2175//2175 1733//1733
f 1905//1905 3610//3610 1733//1733
f 1548//1548 515//515 699//699
f 700//700 2888//2888 906//906
f 1145//1145 1734//1734 522//522
f 894//894 1246//1246 513//513
f 891//891 1069//1069 134//134
f 512//512 1069//1069 135//135
f 434//434 1147//1147 1912//1912
f 1147//1147 434//434 907//907
f 3496//3496 198//198 1551//1551
f 434//434 1912//1912 3510//3510
f 3636//3636 132//132 705//705
f 130//130 1735//1735 131//131
f 524//524 706//706 1554//1554
f 1735//1735 130//130 509//509
f 508//508 706//706 3729//3729
f 883//883 1541//1541 129//129
f 1736//1736 526//526 525//525
f 526//526 203//203 525//525
f 203//203 344//344 527//527
f 909//909 1918//1918 910//910
f 1918//1918 909//909 1917//1917
f 1737//1737 1916//1916 909//909
f 506//506 3693//3693 708//708
f 876//876 342//342 879//879
f 13//13 1255//1255 3359//3359
f 126//126 713//713 2583//2583
f 207//207 206//206 1738//1738
f 206//206 205//205 3360//3360
f 1048//1048 912//912 1921//1921
f 1048//1048 1921//1921 207//207
f 123//123 1740//1740 124//124
f 871//871 714//714 122//122
f 530//530 1739//1739 531//531
f 531//531 1739//1739 1077//1077
f 1077//1077 500//500 1740//1740
f 120//120 1740//1740 123//123
f 866//866 1234//1234 915//915
f 533//533 1742//1742 118//118
f 1538//1538 1741//1741 716//716
f 717//717 437//437 2889//2889
f 1560//1560 211//211 437//437
f 493//493 1227//1227 494//494
f 3259//3259 723//723 494//494
f 723//723 722//722 494//494
f 490//490 722//722 491//491
f 540//540 724//724 489//489
f 215//215 1744//1744 3258//3258
f 1222//1222 486//486 539//539
f 330//330 3258//3258 1744//1744
f 725//725 486//486 541//541
f 726//726 1932//1932 918//918
f 26//26 25//25 1745//1745
f 917//917 726//726 1259//1259
f 1745//1745 1259//1259 726//726
f 2323//2323 542//542 728//728
f 541//541 728//728 1747//1747
f 217//217 1747//1747 218//218
f 1532//1532 1151//1151 1150//1150
f 3650//3650 1562//1562 3623//3623
f 1151//1151 1874//1874 483//483
f 919//919 3678//3678 3683//3683
f 479//479 1216//1216 480//480
f 1063//1063 735//735 480//480
f 1152//1152 479//479 546//546
f 735//735 733//733 480//480
f 1152//1152 439//439 221//221
f 107//107 1080//1080 547//547
f 1080//1080 107//107 736//736
f 1153//1153 547//547 697//697
f 736//736 2456//2456 1080//1080
f 2456//2456 736//736 3257//3257
f 547//547 1080//1080 140//140
f 1153//1153 697//697 2123//2123
f 1566//1566 232//232 1748//1748
f 1749//1749 752//752 2459//2459
f 1750//1750 2459//2459 753//753
f 1751//1751 247//247 2460//2460
f 1154//1154 2460//2460 2830//2830
f 2124//2124 2830//2830 2461//2461
f 1752//1752 2461//2461 248//248
f 1753//1753 754//754 2462//2462
f 1496//1496 2462//2462 447//447
f 1155//1155 2463//2463 3361//3361
f 2125//2125 2831//2831 2464//2464
f 1497//1497 2464//2464 3005//3005
f 2281//2281 3006//3006 2465//2465
f 1755//1755 2465//2465 755//755
f 2280//2280 3005//3005 2466//2466
f 1156//1156 2466//2466 2832//2832
f 2126//2126 2832//2832 3362//3362
f 1757//1757 756//756 2467//2467
f 1758//1758 2467//2467 757//757
f 1759//1759 249//249 2468//2468
f 1157//1157 2468//2468 2833//2833
f 2127//2127 2833//2833 2469//2469
f 1760//1760 2469//2469 250//250
f 2128//2128 2470//2470 3364//3364
f 1499//1499 2471//2471 3007//3007
f 2284//2284 3008//3008 2472//2472
f 1763//1763 2472//2472 759//759
f 2283//2283 3007//3007 2473//2473
f 1158//1158 2473//2473 2834//2834
f 2129//2129 2834//2834 3365//3365
f 1765//1765 760//760 2474//2474
f 1766//1766 2474//2474 761//761
f 1767//1767 251//251 2475//2475
f 1159//1159 2475//2475 2835//2835
f 2130//2130 2835//2835 2476//2476
f 1768//1768 2476//2476 252//252
f 1769//1769 762//762 2477//2477
f 1500//1500 2477//2477 449//449
f 1160//1160 2478//2478 3366//3366
f 2131//2131 2836//2836 2479//2479
f 1501//1501 2479//2479 3009//3009
f 2287//2287 3010//3010 2480//2480
f 1771//1771 2480//2480 763//763
f 2286//2286 3009//3009 2481//2481
f 1161//1161 2481//2481 2837//2837
f 2132//2132 2837//2837 3367//3367
f 1773//1773 764//764 2482//2482
f 1774//1774 2482//2482 765//765
f 1775//1775 253//253 2483//2483
f 1162//1162 2483//2483 2838//2838
f 2133//2133 2838//2838 2484//2484
f 1776//1776 2484//2484 254//254
f 2134//2134 2485//2485 3369//3369
f 1503//1503 2486//2486 3011//3011
f 2290//2290 3012//3012 2487//2487
f 1779//1779 2487//2487 767//767
f 2289//2289 3011//3011 2488//2488
f 1163//1163 2488//2488 2839//2839
f 2135//2135 2839//2839 3370//3370
f 1781//1781 768//768 2489//2489
f 1782//1782 2489//2489 769//769
f 1783//1783 255//255 2490//2490
f 1164//1164 2490//2490 2840//2840
f 2136//2136 2840//2840 2491//2491
f 1784//1784 2491//2491 256//256
f 1785//1785 770//770 2492//2492
f 1504//1504 2492//2492 451//451
f 1165//1165 2493//2493 3371//3371
f 2137//2137 2841//2841 2494//2494
f 1505//1505 2494//2494 3013//3013
f 2293//2293 3014//3014 2495//2495
f 1787//1787 2495//2495 771//771
f 2292//2292 3013//3013 2496//2496
f 1166//1166 2496//2496 2842//2842
f 2138//2138 2842//2842 3372//3372
f 1789//1789 772//772 2497//2497
f 1790//1790 2497//2497 773//773
f 1791//1791 257//257 2498//2498
f 1167//1167 2498//2498 2843//2843
f 2139//2139 2843//2843 2499//2499
f 1792//1792 2499//2499 258//258
f 2140//2140 2500//2500 3374//3374
f 1507//1507 2501//2501 3015//3015
f 2296//2296 3016//3016 2502//2502
f 1795//1795 2502//2502 775//775
f 2295//2295 3015//3015 2503//2503
f 1168//1168 2503//2503 2844//2844
f 2141//2141 2844//2844 3375//3375
f 1797//1797 776//776 2504//2504
f 1798//1798 2504//2504 777//777
f 1799//1799 259//259 2505//2505
f 1169//1169 2505//2505 2845//2845
f 2142//2142 2845//2845 2506//2506
f 1800//1800 2506//2506 260//260
f 1801//1801 778//778 2507//2507
f 1508//1508 2507//2507 453//453
f 1170//1170 2508//2508 3376//3376
f 2143//2143 2846//2846 2509//2509
f 1509//1509 2509//2509 3017//3017
f 2299//2299 3018//3018 2510//2510
f 1803//1803 2510//2510 779//779
f 2298//2298 3017//3017 2511//2511
f 1171//1171 2511//2511 2847//2847
f 2144//2144 2847//2847 3377//3377
f 1805//1805 780//780 2512//2512
f 1806//1806 2512//2512 781//781
f 1807//1807 261//261 2513//2513
f 1172//1172 2513//2513 2848//2848
f 2145//2145 2848//2848 2514//2514
f 1808//1808 2514//2514 262//262
f 1809//1809 782//782 3638//3638
f 1510//1510 2515//2515 454//454
f 2146//2146 2849//2849 2516//2516
f 1511//1511 2516//2516 3019//3019
f 2302//2302 3020//3020 2517//2517
f 1810//1810 2517//2517 783//783
f 2301//2301 3019//3019 2518//2518
f 1173//1173 2518//2518 2850//2850
f 2147//2147 2850//2850 3379//3379
f 3022//3022 784//784 3143//3143
f 263//263 3145//3145 3021//3021
f 3145//3145 263//263 2893//2893
f 3682//3682 3659//3659 785//785
f 2590//2590 1176//1176 2148//2148
f 787//787 2148//2148 171//171
f 3203//3203 265//265 3614//3614
f 265//265 3146//3146 3023//3023
f 2900//2900 3206//3206 789//789
f 627//627 1177//1177 2900//2900
f 1815//1815 1003//1003 1512//1512
f 791//791 1178//1178 795//795
f 267//267 795//795 1178//1178
f 165//165 1816//1816 793//793
f 1179//1179 793//793 1816//1816
f 1818//1818 1180//1180 3511//3511
f 793//793 1179//1179 267//267
f 266//266 1819//1819 3026//3026
f 794//794 1820//1820 630//630
f 1006//1006 630//630 1820//1820
f 404//404 1666//1666 630//630
f 267//267 1179//1179 795//795
f 1180//1180 795//795 1179//1179
f 3652//3652 2168//2168 1051//1051
f 268//268 3147//3147 3027//3027
f 796//796 3211//3211 797//797
f 638//638 1181//1181 796//796
f 1822//1822 1015//1015 1513//1513
f 799//799 1182//1182 803//803
f 270//270 803//803 1182//1182
f 168//168 1823//1823 801//801
f 1184//1184 801//801 1823//1823
f 1825//1825 1185//1185 3512//3512
f 801//801 1184//1184 270//270
f 269//269 1826//1826 3028//3028
f 802//802 1827//1827 640//640
f 1018//1018 640//640 1827//1827
f 409//409 1673//1673 640//640
f 270//270 1184//1184 803//803
f 1185//1185 803//803 1184//1184
f 2120//2120 464//464 3030//3030
f 3148//3148 271//271 2753//2753
f 271//271 3149//3149 3029//3029
f 3149//3149 271//271 2911//2911
f 648//648 1186//1186 805//805
f 463//463 2752//2752 1026//1026
f 3268//3268 1187//1187 812//812
f 274//274 812//812 1187//1187
f 159//159 1830//1830 810//810
f 3513//3513 810//810 1830//1830
f 808//808 1831//1831 809//809
f 1832//1832 809//809 1831//1831
f 273//273 1833//1833 3031//3031
f 811//811 1834//1834 3582//3582
f 1029//1029 3582//3582 1834//1834
f 1681//1681 1189//1189 3582//3582
f 274//274 810//810 3513//3513
f 809//809 1190//1190 812//812
f 162//162 1835//1835 815//815
f 3151//3151 815//815 1835//1835
f 813//813 1836//1836 814//814
f 1837//1837 814//814 1836//1836
f 275//275 1838//1838 3032//3032
f 816//816 1839//1839 656//656
f 1032//1032 656//656 1839//1839
f 1191//1191 657//657 1687//1687
f 657//657 1191//1191 656//656
f 1192//1192 817//817 3151//3151
f 3514//3514 419//419 3712//3712
f 1840//1840 3712//3712 172//172
f 662//662 1841//1841 661//661
f 2122//2122 2530//2530 3152//3152
f 2829//2829 2852//2852 2528//2528
f 2529//2529 2856//2856 3153//3153
f 3142//3142 2533//2533 2851//2851
f 2455//2455 3034//3034 2531//2531
f 2532//2532 3036//3036 2853//2853
f 2855//2855 2536//2536 3154//3154
f 2854//2854 3041//3041 2534//2534
f 2535//2535 3044//3044 3155//3155
f 2743//2743 2539//2539 3033//3033
f 3156//3156 819//819 2537//2537
f 2538//2538 2860//2860 3035//3035
f 2859//2859 1196//1196 3037//3037
f 2858//2858 1846//1846 3038//3038
f 3043//3043 2544//2544 3157//3157
f 3042//3042 2862//2862 2542//2542
f 2543//2543 2866//2866 3158//3158
f 3040//3040 2547//2547 2861//2861
f 3039//3039 3159//3159 2545//2545
f 2546//2546 3160//3160 2863//2863
f 2865//2865 2550//2550 3439//3439
f 2864//2864 3161//3161 2548//2548
f 2549//2549 3162//3162 3440//3440
f 3163//3163 2553//2553 3164//3164
f 3165//3165 2868//2868 2551//2551
f 2552//2552 2872//2872 3166//3166
f 3167//3167 2556//2556 2867//2867
f 3168//3168 3046//3046 2554//2554
f 2555//2555 3048//3048 2869//2869
f 2871//2871 2559//2559 3169//3169
f 2870//2870 3053//3053 2557//2557
f 2558//2558 3056//3056 3170//3170
f 3171//3171 2562//2562 3045//3045
f 3172//3172 2874//2874 2560//2560
f 2561//2561 2878//2878 3047//3047
f 3173//3173 2565//2565 2873//2873
f 3174//3174 3175//3175 2563//2563
f 2564//2564 3176//3176 2875//2875
f 2877//2877 2568//2568 3049//3049
f 2876//2876 3177//3177 2566//2566
f 2567//2567 3178//3178 3050//3050
f 3055//3055 2571//2571 3179//3179
f 3054//3054 2880//2880 2569//2569
f 2570//2570 2884//2884 3180//3180
f 3052//3052 2574//2574 2879//2879
f 3051//3051 3181//3181 2572//2572
f 2573//2573 3182//3182 2881//2881
f 2883//2883 2577//2577 3183//3183
f 2882//2882 3184//3184 2575//2575
f 2576//2576 3185//3185 3186//3186
f 3247//3247 1862//1862 285//285
f 2274//2274 3248//3248 679//679
f 2885//2885 1723//1723 3136//3136
f 2120//2120 176//176 187//187
f 3188//3188 2580//2580 2825//2825
f 287//287 3189//3189 1527//1527
f 2582//2582 1865//1865 3191//3191
f 3192//3192 3193//3193 3194//3194
f 91//91 1867//1867 833//833
f 300//300 301//301 833//833
f 839//839 1211//1211 838//838
f 1211//1211 839//839 1213//1213
f 323//323 1868//1868 1212//1212
f 920//920 3640//3640 921//921
f 35//35 1214//1214 36//36
f 1213//1213 839//839 1214//1214
f 736//736 734//734 108//108
f 841//841 839//839 1868//1868
f 841//841 1215//1215 1214//1214
f 36//36 1215//1215 37//37
f 1870//1870 1869//1869 1529//1529
f 841//841 842//842 1215//1215
f 1152//1152 438//438 544//544
f 733//733 546//546 479//479
f 1529//1529 324//324 1870//1870
f 1217//1217 1870//1870 324//324
f 1215//1215 842//842 1871//1871
f 478//478 731//731 109//109
f 1063//1063 732//732 731//731
f 37//37 1871//1871 38//38
f 1872//1872 38//38 1871//1871
f 38//38 1872//1872 39//39
f 842//842 1217//1217 844//844
f 1530//1530 732//732 1874//1874
f 732//732 1530//1530 731//731
f 845//845 1874//1874 1216//1216
f 844//844 1217//1217 847//847
f 325//325 1217//1217 324//324
f 847//847 1872//1872 844//844
f 1064//1064 482//482 110//110
f 326//326 1873//1873 846//846
f 1873//1873 326//326 543//543
f 543//543 1874//1874 845//845
f 543//543 845//845 1873//1873
f 1935//1935 3686//3686 3678//3678
f 325//325 1218//1218 1217//1217
f 1872//1872 847//847 1219//1219
f 39//39 1219//1219 40//40
f 1530//1530 1151//1151 1532//1532
f 848//848 849//849 1220//1220
f 848//848 1875//1875 849//849
f 27//27 1934//1934 28//28
f 328//328 329//329 1875//1875
f 1877//1877 1875//1875 329//329
f 40//40 1220//1220 41//41
f 1221//1221 41//41 1220//1220
f 730//730 111//111 3649//3649
f 850//850 849//849 1877//1877
f 41//41 1221//1221 42//42
f 485//485 1876//1876 1222//1222
f 1876//1876 485//485 111//111
f 1150//1150 727//727 1876//1876
f 1876//1876 1746//1746 1150//1150
f 1877//1877 329//329 3058//3058
f 3714//3714 1221//1221 850//850
f 1222//1222 727//727 486//486
f 42//42 3714//3714 43//43
f 1223//1223 852//852 850//850
f 114//114 851//851 113//113
f 1878//1878 3058//3058 114//114
f 1879//1879 852//852 1878//1878
f 1223//1223 1878//1878 852//852
f 852//852 853//853 1224//1224
f 1225//1225 1224//1224 853//853
f 1880//1880 853//853 1879//1879
f 490//490 491//491 1149//1149
f 1931//1931 917//917 916//916
f 1533//1533 3645//3645 1880//1880
f 1226//1226 44//44 1225//1225
f 1534//1534 723//723 3259//3259
f 855//855 853//853 1880//1880
f 855//855 3579//3579 1226//1226
f 45//45 3579//3579 46//46
f 3645//3645 1881//1881 1880//1880
f 1881//1881 3645//3645 1535//1535
f 855//855 856//856 3579//3579
f 721//721 331//331 535//535
f 722//722 721//721 493//493
f 861//861 1257//1257 536//536
f 1228//1228 1881//1881 1535//1535
f 3500//3500 719//719 116//116
f 3259//3259 720//720 719//719
f 46//46 1882//1882 47//47
f 1229//1229 47//47 1882//1882
f 856//856 1228//1228 859//859
f 1536//1536 720//720 1883//1883
f 720//720 1536//1536 719//719
f 1230//1230 859//859 1228//1228
f 1537//1537 719//719 1536//1536
f 860//860 1883//1883 1227//1227
f 859//859 1230//1230 1231//1231
f 333//333 1230//1230 332//332
f 1231//1231 1229//1229 859//859
f 1065//1065 496//496 117//117
f 334//334 1561//1561 1079//1079
f 1561//1561 334//334 534//534
f 534//534 1883//1883 860//860
f 1927//1927 861//861 2889//2889
f 534//534 860//860 1561//1561
f 1927//1927 1079//1079 212//212
f 2889//2889 861//861 1926//1926
f 47//47 1229//1229 48//48
f 1538//1538 1537//1537 1536//1536
f 1230//1230 863//863 1231//1231
f 1230//1230 3710//3710 863//863
f 48//48 1232//1232 49//49
f 335//335 336//336 3710//3710
f 336//336 863//863 3710//3710
f 864//864 863//863 1885//1885
f 1233//1233 49//49 1232//1232
f 49//49 1233//1233 50//50
f 498//498 3197//3197 716//716
f 336//336 1886//1886 1885//1885
f 1886//1886 336//336 337//337
f 338//338 337//337 499//499
f 531//531 3679//3679 121//121
f 338//338 1886//1886 337//337
f 122//122 714//714 1559//1559
f 121//121 3283//3283 714//714
f 338//338 1887//1887 1886//1886
f 50//50 1235//1235 51//51
f 867//867 3722//3722 865//865
f 3727//3727 51//51 1235//1235
f 121//121 714//714 1076//1076
f 1236//1236 868//868 1887//1887
f 868//868 3580//3580 869//869
f 1557//1557 1738//1738 529//529
f 1076//1076 501//501 530//530
f 501//501 1076//1076 871//871
f 500//500 712//712 3688//3688
f 1739//1739 713//713 712//712
f 3580//3580 339//339 340//340
f 54//54 1237//1237 55//55
f 340//340 1888//1888 3580//3580
f 1888//1888 873//873 872//872
f 1889//1889 1888//1888 341//341
f 1237//1237 873//873 1238//1238
f 55//55 1238//1238 56//56
f 1889//1889 341//341 880//880
f 1889//1889 878//878 873//873
f 343//343 126//126 710//710
f 126//126 343//343 711//711
f 1890//1890 56//56 1238//1238
f 878//878 1889//1889 1239//1239
f 1148//1148 879//879 504//504
f 878//878 1239//1239 882//882
f 882//882 1890//1890 878//878
f 1253//1253 1556//1556 1075//1075
f 1075//1075 204//204 528//528
f 1919//1919 528//528 204//204
f 56//56 1890//1890 57//57
f 505//505 709//709 707//707
f 345//345 1067//1067 3657//3657
f 883//883 1891//1891 884//884
f 505//505 884//884 1891//1891
f 345//345 3581//3581 1892//1892
f 1893//1893 1892//1892 3581//3581
f 57//57 1241//1241 58//58
f 129//129 3581//3581 345//345
f 1541//1541 884//884 507//507
f 58//58 3608//3608 59//59
f 886//886 1893//1893 887//887
f 1893//1893 3581//3581 3502//3502
f 1542//1542 3502//3502 3581//3581
f 1896//1896 60//60 1895//1895
f 1894//1894 129//129 1541//1541
f 1541//1541 507//507 1894//1894
f 130//130 1542//1542 1894//1894
f 1893//1893 3699//3699 887//887
f 3699//3699 1893//1893 3502//3502
f 525//525 1555//1555 3501//3501
f 1074//1074 3501//3501 508//508
f 3501//3501 1074//1074 525//525
f 59//59 1895//1895 60//60
f 3699//3699 3587//3587 887//887
f 1895//1895 887//887 3587//3587
f 131//131 1243//1243 130//130
f 3729//3729 3636//3636 1068//1068
f 889//889 3700//3700 3699//3699
f 348//348 1897//1897 346//346
f 890//890 1897//1897 892//892
f 347//347 1552//1552 199//199
f 892//892 1244//1244 890//890
f 1543//1543 511//511 891//891
f 1245//1245 62//62 1244//1244
f 62//62 1245//1245 63//63
f 510//510 133//133 2584//2584
f 892//892 1897//1897 1898//1898
f 1543//1543 1070//1070 3605//3605
f 3605//3605 1070//1070 349//349
f 349//349 1899//1899 3605//3605
f 893//893 1899//1899 895//895
f 523//523 894//894 704//704
f 513//513 135//135 2584//2584
f 1900//1900 64//64 63//63
f 1899//1899 349//349 1247//1247
f 898//898 1247//1247 349//349
f 512//512 702//702 136//136
f 1544//1544 703//703 702//702
f 1902//1902 64//64 1900//1900
f 1545//1545 703//703 1546//1546
f 703//703 1545//1545 702//702
f 64//64 1902//1902 65//65
f 1547//1547 702//702 1545//1545
f 896//896 1902//1902 895//895
f 897//897 1546//1546 1246//1246
f 1071//1071 514//514 137//137
f 522//522 1546//1546 897//897
f 522//522 897//897 430//430
f 1550//1550 430//430 897//897
f 899//899 197//197 1248//1248
f 898//898 1249//1249 1247//1247
f 1250//1250 65//65 1902//1902
f 65//65 1250//1250 66//66
f 1548//1548 1547//1547 1545//1545
f 1251//1251 1250//1250 2887//2887
f 1249//1249 2887//2887 896//896
f 1545//1545 1734//1734 1548//1548
f 1249//1249 1904//1904 2887//2887
f 351//351 1072//1072 350//350
f 2175//2175 1145//1145 522//522
f 66//66 1251//1251 67//67
f 901//901 2887//2887 1906//1906
f 1907//1907 67//67 1251//1251
f 701//701 138//138 1903//1903
f 699//699 518//518 138//138
f 515//515 521//521 1073//1073
f 67//67 1907//1907 68//68
f 352//352 1908//1908 351//351
f 1906//1906 1908//1908 902//902
f 1909//1909 1907//1907 905//905
f 902//902 1908//1908 3634//3634
f 1144//1144 521//521 139//139
f 68//68 1909//1909 34//34
f 3701//3701 1908//1908 353//353
f 353//353 321//321 3701//3701
f 1910//1910 1//1 1262//1262
f 520//520 196//196 1732//1732
f 196//196 3620//3620 1732//1732
f 1//1 1910//1910 2//2
f 1146//1146 1910//1910 904//904
f 1549//1549 904//904 1732//1732
f 904//904 700//700 1146//1146
f 3//3 2585//2585 4//4
f 906//906 2585//2585 700//700
f 2888//2888 3497//3497 431//431
f 2585//2585 906//906 1901//1901
f 900//900 1901//1901 906//906
f 431//431 899//899 1248//1248
f 5//5 1901//1901 3706//3706
f 907//907 432//432 1252//1252
f 1248//1248 1252//1252 432//432
f 1911//1911 6//6 3706//3706
f 6//6 1911//1911 7//7
f 1252//1252 198//198 1147//1147
f 199//199 1912//1912 3496//3496
f 7//7 1911//1911 2586//2586
f 2586//2586 8//8 7//7
f 2586//2586 434//434 3510//3510
f 8//8 1913//1913 9//9
f 3510//3510 908//908 1913//1913
f 1915//1915 1913//1913 908//908
f 10//10 9//9 1915//1915
f 908//908 435//435 888//888
f 1916//1916 10//10 1915//1915
f 10//10 1916//1916 3644//3644
f 527//527 202//202 203//203
f 909//909 888//888 1917//1917
f 3606//3606 11//11 1737//1737
f 1918//1918 1254//1254 436//436
f 1255//1255 12//12 3606//3606
f 877//877 1255//1255 881//881
f 1919//1919 204//204 205//205
f 1919//1919 877//877 881//881
f 1919//1919 205//205 1920//1920
f 911//911 877//877 1920//1920
f 1920//1920 206//206 1921//1921
f 14//14 3359//3359 1922//1922
f 912//912 1922//1922 911//911
f 15//15 3651//3651 16//16
f 1922//1922 912//912 3651//3651
f 912//912 913//913 3651//3651
f 209//209 914//914 1048//1048
f 1923//1923 16//16 3651//3651
f 16//16 1923//1923 17//17
f 866//866 913//913 914//914
f 1078//1078 1234//1234 914//914
f 1234//1234 1078//1078 210//210
f 1256//1256 17//17 1923//1923
f 1234//1234 1560//1560 915//915
f 1560//1560 1234//1234 2458//2458
f 18//18 1924//1924 19//19
f 1256//1256 915//915 1924//1924
f 1925//1925 19//19 1924//1924
f 2889//2889 1925//1925 717//717
f 19//19 1925//1925 20//20
f 20//20 1925//1925 1926//1926
f 20//20 1926//1926 21//21
f 1928//1928 21//21 1926//1926
f 21//21 1928//1928 22//22
f 1257//1257 1927//1927 212//212
f 1258//1258 22//22 1928//1928
f 1929//1929 1257//1257 213//213
f 22//22 1258//1258 23//23
f 916//916 536//536 1929//1929
f 1929//1929 214//214 1931//1931
f 916//916 1930//1930 1258//1258
f 917//917 1930//1930 916//916
f 23//23 1930//1930 24//24
f 214//214 2176//2176 215//215
f 1931//1931 216//216 917//917
f 1259//1259 24//24 1930//1930
f 3258//3258 216//216 215//215
f 24//24 1259//1259 25//25
f 1933//1933 26//26 1745//1745
f 26//26 1933//1933 27//27
f 1934//1934 27//27 1933//1933
f 1932//1932 217//217 1562//1562
f 1934//1934 729//729 3684//3684
f 28//28 3684//3684 29//29
f 3686//3686 29//29 3684//3684
f 1260//1260 31//31 1936//1936
f 30//30 1936//1936 31//31
f 31//31 1260//1260 32//32
f 920//920 1261//1261 1260//1260
f 32//32 1261//1261 33//33
f 222//222 223//223 3622//3622
f 1262//1262 1261//1261 921//921
f 33//33 1262//1262 1//1
f 355//355 141//141 364//364
f 1263//1263 364//364 141//141
f 1937//1937 924//924 225//225
f 1938//1938 357//357 742//742
f 1939//1939 925//925 550//550
f 147//147 1748//1748 357//357
f 1942//1942 927//927 239//239
f 1943//1943 69//69 227//227
f 1944//1944 929//929 234//234
f 1945//1945 359//359 743//743
f 1946//1946 930//930 552//552
f 1950//1950 71//71 446//446
f 945//945 1952//1952 369//369
f 565//565 1953//1953 947//947
f 1959//1959 371//371 952//952
f 1960//1960 953//953 566//566
f 370//370 375//375 1566//1566
f 1965//1965 961//961 3504//3504
f 1967//1967 376//376 1264//1264
f 1264//1264 1568//1568 573//573
f 376//376 1969//1969 1568//1568
f 1969//1969 963//963 1567//1567
f 1567//1567 1266//1266 572//572
f 963//963 1970//1970 1266//1266
f 1970//1970 158//158 1265//1265
f 1265//1265 1750//1750 753//753
f 572//572 2179//2179 1081//1081
f 2179//2179 753//753 1569//1569
f 1569//1569 1752//1752 248//248
f 2767//2767 2326//2326 1268//1268
f 2326//2326 248//248 1267//1267
f 1267//1267 1755//1755 755//755
f 158//158 1972//1972 1750//1750
f 1972//1972 965//965 1749//1749
f 1749//1749 1270//1270 752//752
f 965//965 1973//1973 1270//1270
f 1973//1973 378//378 1269//1269
f 1269//1269 1572//1572 575//575
f 752//752 2180//2180 1154//1154
f 2180//2180 575//575 1751//1751
f 1751//1751 1574//1574 247//247
f 378//378 1974//1974 1572//1572
f 1974//1974 966//966 1571//1571
f 1571//1571 1272//1272 574//574
f 1975//1975 73//73 1271//1271
f 1271//1271 1834//1834 2181//2181
f 2181//2181 811//811 1573//1573
f 1573//1573 1833//1833 2329//2329
f 247//247 2330//2330 1496//1496
f 2330//2330 2768//2768 1753//1753
f 1753//1753 1274//1274 754//754
f 2329//2329 273//273 1273//1273
f 1273//1273 1831//1831 2182//2182
f 2182//2182 808//808 1754//1754
f 1754//1754 1830//1830 2463//2463
f 2832//2832 2466//2466 1276//1276
f 2466//2466 3005//3005 1275//1275
f 1275//1275 1576//1576 577//577
f 3005//3005 2464//2464 1576//1576
f 2464//2464 2831//2831 1575//1575
f 1575//1575 1278//1278 576//576
f 2463//2463 159//159 1277//1277
f 2183//2183 650//650 1577//1577
f 2333//2333 2769//2769 1976//1976
f 2332//2332 379//379 1279//1279
f 1279//1279 1422//1422 2184//2184
f 74//74 1978//1978 1977//1977
f 1978//1978 969//969 1282//1282
f 1977//1977 1282//1282 3384//3384
f 969//969 1979//1979 3444//3444
f 1979//1979 381//381 1281//1281
f 1281//1281 1580//1580 579//579
f 1976//1976 3448//3448 380//380
f 381//381 1980//1980 1580//1580
f 1980//1980 970//970 1579//1579
f 1579//1579 1284//1284 578//578
f 970//970 1981//1981 1284//1284
f 1981//1981 161//161 1283//1283
f 1283//1283 1758//1758 757//757
f 578//578 2186//2186 1084//1084
f 2186//2186 757//757 1581//1581
f 1581//1581 1760//1760 250//250
f 380//380 3336//3336 3335//3335
f 2770//2770 2335//2335 1286//1286
f 2335//2335 250//250 1285//1285
f 1285//1285 1763//1763 759//759
f 967//967 3291//3291 3385//3385
f 161//161 1982//1982 1758//1758
f 1982//1982 971//971 1757//1757
f 1757//1757 1288//1288 756//756
f 971//971 1983//1983 1288//1288
f 1983//1983 382//382 1287//1287
f 1287//1287 1584//1584 581//581
f 756//756 2187//2187 1157//1157
f 2187//2187 581//581 1759//1759
f 1759//1759 1586//1586 249//249
f 382//382 1984//1984 1584//1584
f 1984//1984 972//972 1583//1583
f 1583//1583 1290//1290 580//580
f 972//972 1985//1985 1290//1290
f 1985//1985 70//70 1289//1289
f 1289//1289 1964//1964 2188//2188
f 2188//2188 955//955 1585//1585
f 1585//1585 1963//1963 2337//2337
f 249//249 2338//2338 1498//1498
f 2337//2337 373//373 3386//3386
f 758//758 1291//1291 3387//3387
f 1291//1291 954//954 3387//3387
f 3265//3265 1762//1762 156//156
f 160//160 3365//3365 3388//3388
f 2834//2834 2473//2473 1294//1294
f 2473//2473 3007//3007 1293//1293
f 1293//1293 1588//1588 583//583
f 964//964 3293//3293 3389//3389
f 3007//3007 2471//2471 1588//1588
f 2471//2471 3364//3364 1587//1587
f 1587//1587 1295//1295 582//582
f 3364//3364 3265//3265 1295//1295
f 3265//3265 156//156 2587//2587
f 2189//2189 953//953 1589//1589
f 1589//1589 1960//1960 2340//2340
f 377//377 2341//2341 3332//3332
f 2341//2341 2772//2772 3390//3390
f 1968//1968 3390//3390 3391//3391
f 2340//2340 371//371 1296//1296
f 1296//1296 1959//1959 2190//2190
f 70//70 1985//1985 3274//3274
f 1985//1985 972//972 1299//1299
f 1984//1984 382//382 1298//1298
f 1298//1298 1592//1592 585//585
f 382//382 1983//1983 1592//1592
f 1983//1983 971//971 1591//1591
f 1591//1591 1301//1301 584//584
f 971//971 1982//1982 1301//1301
f 1982//1982 161//161 1300//1300
f 1300//1300 1766//1766 761//761
f 584//584 2192//2192 1087//1087
f 2192//2192 761//761 1593//1593
f 1593//1593 1768//1768 252//252
f 2773//2773 2343//2343 1303//1303
f 2343//2343 252//252 1302//1302
f 1302//1302 1771//1771 763//763
f 161//161 1981//1981 1766//1766
f 1981//1981 970//970 1765//1765
f 1765//1765 1305//1305 760//760
f 970//970 1980//1980 1305//1305
f 1980//1980 381//381 1304//1304
f 1304//1304 1596//1596 587//587
f 760//760 2193//2193 1159//1159
f 2193//2193 587//587 1767//1767
f 1767//1767 1598//1598 251//251
f 381//381 1979//1979 1596//1596
f 1979//1979 969//969 1595//1595
f 1595//1595 1307//1307 586//586
f 969//969 1978//1978 1307//1307
f 1978//1978 74//74 1306//1306
f 1306//1306 1839//1839 2194//2194
f 2194//2194 816//816 1597//1597
f 1597//1597 1838//1838 2346//2346
f 251//251 2347//2347 1500//1500
f 2347//2347 2774//2774 1769//1769
f 1769//1769 1309//1309 762//762
f 2346//2346 275//275 1308//1308
f 1308//1308 1836//1836 2195//2195
f 2195//2195 813//813 1770//1770
f 1770//1770 1835//1835 2478//2478
f 2837//2837 2481//2481 1311//1311
f 2481//2481 3009//3009 1310//1310
f 1310//1310 1600//1600 589//589
f 3009//3009 2479//2479 1600//1600
f 2479//2479 2836//2836 1599//1599
f 1599//1599 1313//1313 588//588
f 2478//2478 162//162 1312//1312
f 1312//1312 1686//1686 2196//2196
f 2196//2196 654//654 1601//1601
f 2350//2350 2775//2775 1987//1987
f 2349//2349 384//384 1314//1314
f 1314//1314 1426//1426 2197//2197
f 75//75 1989//1989 1988//1988
f 1989//1989 976//976 1317//1317
f 1988//1988 1317//1317 3397//3397
f 976//976 1990//1990 3445//3445
f 1990//1990 386//386 1316//1316
f 1316//1316 1604//1604 591//591
f 1987//1987 3453//3453 385//385
f 386//386 1991//1991 1604//1604
f 1991//1991 977//977 1603//1603
f 1603//1603 1319//1319 590//590
f 977//977 1992//1992 1319//1319
f 1992//1992 164//164 1318//1318
f 1318//1318 1774//1774 765//765
f 590//590 2199//2199 1090//1090
f 2199//2199 765//765 1605//1605
f 1605//1605 1776//1776 254//254
f 385//385 3343//3343 3342//3342
f 2776//2776 2352//2352 1321//1321
f 2352//2352 254//254 1320//1320
f 1320//1320 1779//1779 767//767
f 974//974 3302//3302 3398//3398
f 164//164 1993//1993 1774//1774
f 1993//1993 978//978 1773//1773
f 1773//1773 1323//1323 764//764
f 978//978 1994//1994 1323//1323
f 1994//1994 387//387 1322//1322
f 1322//1322 1608//1608 593//593
f 764//764 2200//2200 1162//1162
f 2200//2200 593//593 1775//1775
f 1775//1775 1609//1609 253//253
f 387//387 1995//1995 1608//1608
f 1995//1995 979//979 1607//1607
f 1607//1607 1325//1325 592//592
f 979//979 1996//1996 1325//1325
f 1996//1996 71//71 1324//1324
f 1324//1324 1950//1950 2201//2201
f 2201//2201 932//932 3399//3399
f 253//253 2355//2355 1502//1502
f 3517//3517 2354//2354 3583//3583
f 3401//3401 1326//1326 3270//3270
f 3266//3266 1778//1778 150//150
f 163//163 3370//3370 3402//3402
f 2839//2839 2488//2488 1328//1328
f 2488//2488 3011//3011 1327//1327
f 1327//1327 1611//1611 595//595
f 973//973 3304//3304 3403//3403
f 3011//3011 2486//2486 1611//1611
f 2486//2486 3369//3369 1610//1610
f 1610//1610 1329//1329 594//594
f 3369//3369 3266//3266 1329//1329
f 3266//3266 150//150 2588//2588
f 2202//2202 930//930 1612//1612
f 1612//1612 1946//1946 2357//2357
f 383//383 2358//2358 3339//3339
f 2358//2358 2778//2778 3404//3404
f 3393//3393 3404//3404 3405//3405
f 2357//2357 359//359 1330//1330
f 3406//3406 3407//3407 3274//3274
f 3508//3508 929//929 3407//3407
f 71//71 1996//1996 3275//3275
f 1996//1996 979//979 1333//1333
f 1995//1995 387//387 1332//1332
f 1332//1332 1615//1615 597//597
f 387//387 1994//1994 1615//1615
f 1994//1994 978//978 1614//1614
f 1614//1614 1335//1335 596//596
f 978//978 1993//1993 1335//1335
f 1993//1993 164//164 1334//1334
f 1334//1334 1782//1782 769//769
f 596//596 2204//2204 1093//1093
f 2204//2204 769//769 1616//1616
f 1616//1616 1784//1784 256//256
f 2779//2779 2360//2360 1337//1337
f 2360//2360 256//256 1336//1336
f 1336//1336 1787//1787 771//771
f 164//164 1992//1992 1782//1782
f 1992//1992 977//977 1781//1781
f 1781//1781 1339//1339 768//768
f 977//977 1991//1991 1339//1339
f 1991//1991 386//386 1338//1338
f 1338//1338 1619//1619 599//599
f 768//768 2205//2205 1164//1164
f 2205//2205 599//599 1783//1783
f 1783//1783 1621//1621 255//255
f 386//386 1990//1990 1619//1619
f 1990//1990 976//976 1618//1618
f 1618//1618 1341//1341 598//598
f 976//976 1989//1989 1341//1341
f 1989//1989 75//75 1340//1340
f 1340//1340 1820//1820 2206//2206
f 2206//2206 794//794 1620//1620
f 1620//1620 1819//1819 2363//2363
f 255//255 2364//2364 1504//1504
f 2364//2364 2780//2780 1785//1785
f 1785//1785 1343//1343 770//770
f 2363//2363 266//266 1342//1342
f 1342//1342 1817//1817 2207//2207
f 2207//2207 792//792 1786//1786
f 1786//1786 1816//1816 2493//2493
f 2842//2842 2496//2496 1345//1345
f 2496//2496 3013//3013 1344//1344
f 1344//1344 1623//1623 601//601
f 3013//3013 2494//2494 1623//1623
f 2494//2494 2841//2841 1622//1622
f 1622//1622 1347//1347 600//600
f 2493//2493 165//165 1346//1346
f 2208//2208 629//629 1624//1624
f 2367//2367 2781//2781 1998//1998
f 2366//2366 389//389 1348//1348
f 1348//1348 1406//1406 2209//2209
f 76//76 2000//2000 1999//1999
f 2000//2000 983//983 1351//1351
f 1999//1999 1351//1351 3412//3412
f 983//983 2001//2001 3446//3446
f 2001//2001 391//391 1350//1350
f 1350//1350 1627//1627 603//603
f 1998//1998 3458//3458 390//390
f 391//391 2002//2002 1627//1627
f 2002//2002 984//984 1626//1626
f 1626//1626 1353//1353 602//602
f 984//984 2003//2003 1353//1353
f 2003//2003 167//167 1352//1352
f 1352//1352 1790//1790 773//773
f 602//602 2211//2211 1096//1096
f 2211//2211 773//773 1628//1628
f 1628//1628 1792//1792 258//258
f 390//390 3349//3349 3348//3348
f 2782//2782 2369//2369 1355//1355
f 2369//2369 258//258 1354//1354
f 1354//1354 1795//1795 775//775
f 981//981 3314//3314 3413//3413
f 167//167 2004//2004 1790//1790
f 2004//2004 985//985 1789//1789
f 1789//1789 1357//1357 772//772
f 985//985 2005//2005 1357//1357
f 2005//2005 392//392 1356//1356
f 1356//1356 1631//1631 605//605
f 772//772 2212//2212 1167//1167
f 2212//2212 605//605 1791//1791
f 1791//1791 1632//1632 257//257
f 392//392 2006//2006 1631//1631
f 2006//2006 986//986 1630//1630
f 1630//1630 1359//1359 604//604
f 2007//2007 72//72 1358//1358
f 1358//1358 1957//1957 2213//2213
f 2213//2213 949//949 3414//3414
f 257//257 2372//2372 1506//1506
f 3518//3518 2371//2371 3584//3584
f 3416//3416 1360//1360 3271//3271
f 3267//3267 1794//1794 155//155
f 166//166 3375//3375 3417//3417
f 2844//2844 2503//2503 1362//1362
f 2503//2503 3015//3015 1361//1361
f 1361//1361 1634//1634 607//607
f 980//980 3316//3316 3418//3418
f 3015//3015 2501//2501 1634//1634
f 2501//2501 3374//3374 1633//1633
f 1633//1633 1363//1363 606//606
f 3374//3374 3267//3267 1363//1363
f 3267//3267 155//155 2589//2589
f 2214//2214 947//947 1635//1635
f 1635//1635 1953//1953 2374//2374
f 388//388 2375//2375 3345//3345
f 2375//2375 2784//2784 3419//3419
f 3408//3408 3419//3419 3420//3420
f 2374//2374 369//369 1364//1364
f 1364//1364 1952//1952 3509//3509
f 1333//1333 3422//3422 3275//3275
f 3509//3509 946//946 3422//3422
f 2007//2007 986//986 3505//3505
f 2006//2006 392//392 1366//1366
f 1366//1366 1638//1638 609//609
f 392//392 2005//2005 1638//1638
f 2005//2005 985//985 1637//1637
f 1637//1637 1368//1368 608//608
f 985//985 2004//2004 1368//1368
f 2004//2004 167//167 1367//1367
f 1367//1367 1798//1798 777//777
f 608//608 2216//2216 1099//1099
f 2216//2216 777//777 1639//1639
f 1639//1639 1800//1800 260//260
f 2785//2785 2377//2377 1370//1370
f 2377//2377 260//260 1369//1369
f 1369//1369 1803//1803 779//779
f 167//167 2003//2003 1798//1798
f 2003//2003 984//984 1797//1797
f 1797//1797 1372//1372 776//776
f 984//984 2002//2002 1372//1372
f 2002//2002 391//391 1371//1371
f 1371//1371 1642//1642 611//611
f 776//776 2217//2217 1169//1169
f 2217//2217 611//611 1799//1799
f 1799//1799 1644//1644 259//259
f 391//391 2001//2001 1642//1642
f 2001//2001 983//983 1641//1641
f 1641//1641 1374//1374 610//610
f 983//983 2000//2000 1374//1374
f 2000//2000 76//76 1373//1373
f 1373//1373 1827//1827 2218//2218
f 2218//2218 802//802 1643//1643
f 1643//1643 1826//1826 2380//2380
f 259//259 2381//2381 1508//1508
f 2381//2381 2786//2786 1801//1801
f 1801//1801 1376//1376 778//778
f 2380//2380 269//269 1375//1375
f 1375//1375 1824//1824 2219//2219
f 2219//2219 800//800 1802//1802
f 1802//1802 1823//1823 2508//2508
f 2847//2847 2511//2511 1378//1378
f 2511//2511 3017//3017 1377//1377
f 1377//1377 1646//1646 613//613
f 3017//3017 2509//2509 1646//1646
f 2509//2509 2846//2846 1645//1645
f 1645//1645 1380//1380 612//612
f 2508//2508 168//168 1379//1379
f 2220//2220 639//639 1647//1647
f 2384//2384 2787//2787 2011//2011
f 2383//2383 394//394 1381//1381
f 1381//1381 1414//1414 2221//2221
f 73//73 1975//1975 2012//2012
f 1975//1975 966//966 1384//1384
f 2012//2012 1384//1384 3427//3427
f 1974//1974 378//378 1383//1383
f 1383//1383 1650//1650 615//615
f 2011//2011 3463//3463 395//395
f 378//378 1973//1973 1650//1650
f 1973//1973 965//965 1649//1649
f 1649//1649 1386//1386 614//614
f 965//965 1972//1972 1386//1386
f 1972//1972 158//158 1385//1385
f 1385//1385 1806//1806 781//781
f 614//614 2223//2223 1102//1102
f 2223//2223 781//781 1651//1651
f 1651//1651 1808//1808 262//262
f 395//395 3355//3355 3354//3354
f 2788//2788 2386//2386 1388//1388
f 2386//2386 262//262 1387//1387
f 1387//1387 1810//1810 783//783
f 989//989 3325//3325 3428//3428
f 158//158 1970//1970 1806//1806
f 1970//1970 963//963 1805//1805
f 1805//1805 1390//1390 780//780
f 963//963 1969//1969 1390//1390
f 1969//1969 376//376 1389//1389
f 1389//1389 1654//1654 617//617
f 780//780 2224//2224 1172//1172
f 2224//2224 617//617 1807//1807
f 1807//1807 1656//1656 261//261
f 376//376 1967//1967 1654//1654
f 1967//1967 961//961 1653//1653
f 1653//1653 1391//1391 616//616
f 1965//1965 69//69 3539//3539
f 3539//3539 1943//1943 2225//2225
f 2225//2225 927//927 1655//1655
f 1655//1655 1942//1942 3356//3356
f 261//261 2388//2388 1510//1510
f 2388//2388 2789//2789 1809//1809
f 1809//1809 1392//1392 782//782
f 3356//3356 3260//3260 3429//3429
f 169//169 3379//3379 3430//3430
f 2850//2850 2518//2518 1394//1394
f 2518//2518 3019//3019 1393//1393
f 1393//1393 1658//1658 619//619
f 988//988 3327//3327 3431//3431
f 3019//3019 2516//2516 1658//1658
f 2516//2516 2849//2849 1657//1657
f 1657//1657 1396//1396 618//618
f 3378//3378 145//145 1395//1395
f 2226//2226 925//925 1659//1659
f 1659//1659 1939//1939 2390//2390
f 393//393 2391//2391 3351//3351
f 2390//2390 357//357 1397//1397
f 1397//1397 1938//1938 2227//2227
f 1429//1429 992//992 2013//2013
f 992//992 1429//1429 991//991
f 2014//2014 991//991 2601//2601
f 992//992 991//991 2015//2015
f 2014//2014 2015//2015 991//991
f 2590//2590 1491//1491 3198//3198
f 2016//2016 994//994 2044//2044
f 171//171 1399//1399 787//787
f 2893//2893 2892//2892 686//686
f 2828//2828 2892//2892 3144//3144
f 2017//2017 3199//3199 2792//2792
f 1174//1174 995//995 3659//3659
f 3061//3061 3063//3063 3200//3200
f 1813//1813 399//399 2018//2018
f 997//997 2894//2894 1812//1812
f 998//998 2019//2019 2105//2105
f 1403//1403 401//401 2592//2592
f 1662//1662 1000//1000 2025//2025
f 1000//1000 1662//1662 624//624
f 3625//3625 3434//3434 2024//2024
f 3204//3204 3146//3146 2899//2899
f 3204//3204 1689//1689 3073//3073
f 2022//2022 3205//3205 2794//2794
f 1177//1177 3520//3520 2900//2900
f 626//626 3065//3065 3206//3206
f 1003//1003 2023//2023 1004//1004
f 1815//1815 403//403 2023//2023
f 1005//1005 2901//2901 1814//1814
f 1407//1407 389//389 3264//3264
f 793//793 1405//1405 165//165
f 267//267 1405//1405 793//793
f 404//404 1409//1409 1666//1666
f 1006//1006 75//75 1408//1408
f 631//631 1667//1667 1006//1006
f 1408//1408 3201//3201 997//997
f 997//997 1668//1668 1408//1408
f 997//997 2519//2519 1668//1668
f 2024//2024 1050//1050 3625//3625
f 1000//1000 3625//3625 1409//1409
f 1409//1409 404//404 2025//2025
f 633//633 2025//2025 404//404
f 2025//2025 633//633 2021//2021
f 401//401 2021//2021 633//633
f 1112//1112 401//401 633//633
f 1007//1007 632//632 1410//1410
f 1410//1410 2519//2519 622//622
f 2592//2592 1007//1007 2591//2591
f 998//998 2591//2591 1007//1007
f 998//998 1411//1411 2019//2019
f 1411//1411 622//622 1400//1400
f 2019//2019 1400//1400 3654//3654
f 663//663 998//998 2105//2105
f 635//635 1721//1721 3133//3133
f 1412//1412 406//406 2596//2596
f 406//406 1412//1412 635//635
f 1669//1669 1011//1011 2033//2033
f 1011//1011 1669//1669 634//634
f 3626//3626 3436//3436 2032//2032
f 1012//1012 1051//1051 2168//2168
f 3210//3210 3147//3147 268//268
f 3210//3210 2029//2029 2728//2728
f 636//636 3478//3478 2997//2997
f 3329//3329 1113//1113 3437//3437
f 1181//1181 3589//3589 796//796
f 3067//3067 3068//3068 3211//3211
f 1015//1015 2031//2031 1016//1016
f 1822//1822 408//408 2031//2031
f 1017//1017 2905//2905 1821//1821
f 1415//1415 394//394 3718//3718
f 801//801 1413//1413 168//168
f 270//270 1413//1413 801//801
f 409//409 1417//1417 1673//1673
f 1018//1018 76//76 1416//1416
f 641//641 1674//1674 1018//1018
f 1416//1416 3207//3207 1005//1005
f 1005//1005 1675//1675 1416//1416
f 1005//1005 2521//2521 1675//1675
f 2032//2032 1052//1052 3626//3626
f 1011//1011 3626//3626 1417//1417
f 1417//1417 409//409 2033//2033
f 643//643 2033//2033 409//409
f 2033//2033 643//643 2028//2028
f 406//406 2028//2028 643//643
f 1117//1117 406//406 643//643
f 1019//1019 642//642 2906//2906
f 1418//1418 2521//2521 1109//1109
f 2906//2906 1109//1109 625//625
f 2596//2596 1019//1019 2593//2593
f 1009//1009 2593//2593 1019//1019
f 1009//1009 1419//1419 2034//2034
f 1419//1419 625//625 1404//1404
f 2034//2034 1404//1404 3521//3521
f 2826//2826 1020//1020 2035//2035
f 645//645 1725//1725 3138//3138
f 1420//1420 411//411 2600//2600
f 2908//2908 1021//1021 3214//3214
f 2037//2037 177//177 2040//2040
f 2910//2910 682//682 2446//2446
f 2825//2825 2909//2909 3148//3148
f 2038//2038 646//646 3070//3070
f 1024//1024 3216//3216 3215//3215
f 1025//1025 3217//3217 3218//3218
f 1186//1186 1023//1023 805//805
f 3070//3070 2912//2912 2598//2598
f 3070//3070 3071//3071 3150//3150
f 1026//1026 2039//2039 1027//1027
f 1829//1829 415//415 2039//2039
f 3219//3219 1828//1828 1677//1677
f 1027//1027 2039//2039 1679//1679
f 810//810 1421//1421 159//159
f 274//274 1421//1421 810//810
f 1028//1028 2040//2040 3031//3031
f 416//416 3698//3698 1681//1681
f 1029//1029 73//73 1423//1423
f 651//651 1682//1682 1029//1029
f 1423//1423 3212//3212 1017//1017
f 1017//1017 1683//1683 1423//1423
f 1017//1017 2524//2524 1683//1683
f 2040//2040 1028//1028 2037//2037
f 3698//3698 416//416 2041//2041
f 653//653 2041//2041 416//416
f 2041//2041 653//653 3668//3668
f 411//411 3668//3668 653//653
f 1120//1120 411//411 653//653
f 1424//1424 2524//2524 1114//1114
f 637//637 1425//1425 1114//1114
f 2600//2600 1030//1030 2597//2597
f 1020//1020 2597//2597 1030//1030
f 1020//1020 1425//1425 2035//2035
f 2035//2035 637//637 1014//1014
f 683//683 1020//1020 2826//2826
f 1685//1685 655//655 2018//2018
f 3609//3609 2018//2018 655//655
f 815//815 2042//2042 162//162
f 2042//2042 815//815 1401//1401
f 1401//1401 815//815 1175//1175
f 817//817 1175//1175 815//815
f 1687//1687 657//657 2044//2044
f 1032//1032 74//74 1427//1427
f 658//658 1688//1688 1032//1032
f 1427//1427 414//414 3219//3219
f 3219//3219 2043//2043 1427//1427
f 3438//3438 2043//2043 3219//3219
f 3713//3713 1053//1053 1031//1031
f 994//994 620//620 1031//1031
f 660//660 2044//2044 657//657
f 2044//2044 660//660 2016//2016
f 397//397 2016//2016 660//660
f 1121//1121 659//659 2015//2015
f 992//992 2015//2015 659//659
f 647//647 1428//1428 3438//3438
f 1428//1428 647//647 2013//2013
f 413//413 2013//2013 647//647
f 1429//1429 2013//2013 2045//2045
f 1025//1025 2045//2045 413//413
f 2045//2045 1025//1025 1141//1141
f 77//77 2121//2121 3218//3218
f 2394//2394 1690//1690 3695//3695
f 2898//2898 999//999 664//664
f 172//172 3202//3202 1840//1840
f 1840//1840 2020//2020 179//179
f 3220//3220 663//663 2105//2105
f 3479//3479 3220//3220 1842//1842
f 3479//3479 1842//1842 3221//3221
f 179//179 3224//3224 3514//3514
f 276//276 3226//3226 3488//3488
f 3162//3162 2630//2630 3237//3237
f 3161//3161 2929//2929 2628//2628
f 2629//2629 2933//2933 3238//3238
f 3160//3160 2633//2633 2928//2928
f 3159//3159 3086//3086 2631//2631
f 2632//2632 3088//3088 2930//2930
f 2932//2932 2636//2636 3239//3239
f 2931//2931 3093//3093 2634//2634
f 2635//2635 3096//3096 3240//3240
f 279//279 1846//1846 3085//3085
f 2638//2638 2937//2937 3087//3087
f 3673//3673 181//181 3195//3195
f 1444//1444 1142//1142 3685//3685
f 2936//2936 1445//1445 3089//3089
f 2639//2639 3141//3141 3090//3090
f 3095//3095 2642//2642 3241//3241
f 3094//3094 2939//2939 2640//2640
f 2641//2641 2943//2943 3242//3242
f 3092//3092 2645//2645 2938//2938
f 3091//3091 3243//3243 2643//2643
f 2644//2644 3244//3244 2940//2940
f 2942//2942 2648//2648 3245//3245
f 2941//2941 3003//3003 2646//2646
f 3594//3594 3613//3613 2647//2647
f 2827//2827 2945//2945 2649//2649
f 2058//2058 1451//1451 3245//3245
f 3139//3139 2653//2653 2944//2944
f 2449//2449 3098//3098 2651//2651
f 2652//2652 3100//3100 2946//2946
f 1041//1041 1450//1450 3242//3242
f 2947//2947 3105//3105 2654//2654
f 2655//2655 3108//3108 3241//3241
f 2735//2735 2658//2658 3097//3097
f 3246//3246 2949//2949 2656//2656
f 2657//2657 2953//2953 3099//3099
f 3001//3001 2661//2661 2948//2948
f 2276//2276 3164//3164 2659//2659
f 2660//2660 3166//3166 2950//2950
f 2952//2952 2664//2664 3101//3101
f 2951//2951 3169//3169 2662//2662
f 2663//2663 3170//3170 3102//3102
f 3107//3107 2667//2667 3240//3240
f 3106//3106 2955//2955 2665//2665
f 2666//2666 2959//2959 3239//3239
f 3104//3104 2670//2670 2954//2954
f 3103//3103 3179//3179 2668//2668
f 2669//2669 3180//3180 2956//2956
f 2958//2958 2673//2673 3238//3238
f 2957//2957 3183//3183 2671//2671
f 2672//2672 3186//3186 3237//3237
f 3191//3191 2676//2676 3163//3163
f 2886//2886 2961//2961 2674//2674
f 2675//2675 2965//2965 3165//3165
f 3190//3190 2679//2679 2960//2960
f 3189//3189 3110//3110 2677//2677
f 2678//2678 3112//3112 2962//2962
f 2964//2964 2682//2682 3167//3167
f 2963//2963 3117//3117 2680//2680
f 2681//2681 3120//3120 3168//3168
f 2322//2322 2685//2685 3109//3109
f 3057//3057 2967//2967 2683//2683
f 2684//2684 2971//2971 3111//3111
f 2766//2766 2688//2688 2966//2966
f 2687//2687 2996//2996 2968//2968
f 2970//2970 2691//2691 3113//3113
f 2969//2969 2444//2444 2689//2689
f 2690//2690 3137//3137 3114//3114
f 3119//3119 2694//2694 3171//3171
f 3118//3118 2973//2973 2692//2692
f 2693//2693 2977//2977 3172//3172
f 3116//3116 2697//2697 2972//2972
f 3115//3115 3247//3247 2695//2695
f 2696//2696 2731//2731 2974//2974
f 2976//2976 2700//2700 3173//3173
f 2975//2975 3000//3000 2698//2698
f 2699//2699 2275//2275 3174//3174
f 3185//3185 2703//2703 3236//3236
f 3184//3184 2979//2979 2701//2701
f 2702//2702 2983//2983 3235//3235
f 3182//3182 2706//2706 2978//2978
f 3181//3181 3122//3122 2704//2704
f 2705//2705 3124//3124 2980//2980
f 2982//2982 2709//2709 3234//3234
f 2981//2981 3129//3129 2707//2707
f 2708//2708 3132//3132 3233//3233
f 3178//3178 2712//2712 3121//3121
f 3177//3177 2985//2985 2710//2710
f 2711//2711 2989//2989 3123//3123
f 3176//3176 2715//2715 2984//2984
f 3175//3175 3135//3135 2713//2713
f 2714//2714 2443//2443 2986//2986
f 2988//2988 2718//2718 3125//3125
f 2987//2987 3136//3136 2716//2716
f 2717//2717 2579//2579 3126//3126
f 3131//3131 2721//2721 3232//3232
f 3130//3130 2991//2991 2719//2719
f 2720//2720 2995//2995 3231//3231
f 3128//3128 2724//2724 2990//2990
f 3127//3127 3248//3248 2722//2722
f 2723//2723 3249//3249 2992//2992
f 2994//2994 2727//2727 3230//3230
f 2993//2993 2998//2998 2725//2725
f 2726//2726 2730//2730 3229//3229
f 1478//1478 2030//2030 3527//3527
f 285//285 1862//1862 2062//2062
f 1862//1862 407//407 2728//2728
f 2063//2063 2062//2062 2904//2904
f 2729//2729 3681//3681 2027//2027
f 174//174 3209//3209 829//829
f 3208//3208 3250//3250 3134//3134
f 425//425 679//679 3248//3248
f 1044//1044 3249//3249 3251//3251
f 1480//1480 2595//2595 2999//2999
f 2999//2999 2169//2169 2275//2275
f 2064//2064 3000//3000 1043//1043
f 424//424 1862//1862 3247//3247
f 2063//2063 2060//2060 285//285
f 828//828 2064//2064 2063//2063
f 2064//2064 1043//1043 2731//2731
f 3252//3252 77//77 3217//3217
f 3215//3215 2038//2038 2733//2733
f 3724//3724 1484//1484 2598//2598
f 3214//3214 1485//1485 2582//2582
f 2065//2065 1528//1528 1527//1527
f 1528//1528 2065//2065 410//410
f 471//471 3442//3442 2766//2766
f 410//410 2065//2065 2734//2734
f 2066//2066 2122//2122 2736//2736
f 1489//1489 996//996 3254//3254
f 3255//3255 2017//2017 2737//2737
f 3060//3060 1490//1490 2739//2739
f 186//186 83//83 3443//3443
f 2742//2742 1729//1729 2057//2057
f 1046//1046 3244//3244 3140//3140
f 819//819 3156//3156 3194//3194
f 2067//2067 2744//2744 2279//2279
f 2068//2068 2745//2745 2282//2282
f 2069//2069 2746//2746 2285//2285
f 2070//2070 2747//2747 2288//2288
f 2071//2071 2748//2748 2291//2291
f 2072//2072 2749//2749 2294//2294
f 2073//2073 2750//2750 2297//2297
f 2074//2074 2751//2751 2300//2300
f 1054//1054 2075//2075 2077//2077
f 2075//2075 1055//1055 2076//2076
f 2077//2077 2076//2076 1056//1056
f 1057//1057 2078//2078 2080//2080
f 2078//2078 1058//1058 2079//2079
f 2080//2080 2079//2079 1059//1059
f 114//114 488//488 1533//1533
f 3694//3694 505//505 1891//1891
f 1125//1125 2108//2108 2110//2110
f 2108//2108 1126//1126 2109//2109
f 2110//2110 2109//2109 1127//1127
f 1128//1128 2111//2111 2113//2113
f 2111//2111 1129//1129 2112//2112
f 2113//2113 2112//2112 1130//1130
f 1131//1131 2114//2114 2116//2116
f 2114//2114 1132//1132 2115//2115
f 2116//2116 2115//2115 1133//1133
f 1134//1134 2117//2117 2119//2119
f 2117//2117 1135//1135 2118//2118
f 2119//2119 2118//2118 1136//1136
f 1175//1175 2148//2148 1176//1176
f 791//791 3277//3277 1178//1178
f 799//799 3279//3279 1182//1182
f 3268//3268 2149//2149 1187//1187
f 1193//1193 2150//2150 2152//2152
f 2150//2150 1194//1194 2151//2151
f 2152//2152 2151//2151 1195//1195
f 2541//2541 2153//2153 2154//2154
f 2155//2155 2154//2154 2857//2857
f 1197//1197 2156//2156 2158//2158
f 2156//2156 1198//1198 2157//2157
f 2158//2158 2157//2157 1199//1199
f 1200//1200 2159//2159 2161//2161
f 2159//2159 1201//1201 2160//2160
f 2161//2161 2160//2160 1202//1202
f 1203//1203 2162//2162 2164//2164
f 2162//2162 1204//1204 2163//2163
f 2164//2164 2163//2163 1205//1205
f 1206//1206 2165//2165 2167//2167
f 2165//2165 1207//1207 2166//2166
f 2167//2167 2166//2166 1208//1208
f 828//828 1012//1012 2168//2168
f 2169//2169 174//174 829//829
f 2446//2446 1209//1209 286//286
f 3725//3725 2170//2170 685//685
f 320//320 2171//2171 289//289
f 2//2 289//289 2171//2171
f 316//316 2172//2172 3619//3619
f 3619//3619 2172//2172 30//30
f 2171//2171 320//320 319//319
f 1//1 2171//2171 33//33
f 481//481 3603//3603 1064//1064
f 857//857 2173//2173 495//495
f 495//495 2173//2173 1065//1065
f 123//123 119//119 120//120
f 136//136 134//134 512//512
f 1070//1070 2174//2174 1071//1071
f 2175//2175 430//430 1905//1905
f 1265//1265 2179//2179 1266//1266
f 1267//1267 3285//3285 1268//1268
f 1269//1269 2180//2180 1270//1270
f 1271//1271 2181//2181 1272//1272
f 1273//1273 2182//2182 1274//1274
f 1275//1275 3288//3288 1276//1276
f 1277//1277 2183//2183 1278//1278
f 1279//1279 2184//2184 3691//3691
f 1283//1283 2186//2186 1284//1284
f 1287//1287 2187//2187 1288//1288
f 1289//1289 2188//2188 1290//1290
f 2587//2587 2189//2189 1295//1295
f 1296//1296 2190//2190 1297//1297
f 1300//1300 2192//2192 1301//1301
f 1302//1302 3296//3296 1303//1303
f 1304//1304 2193//2193 1305//1305
f 1306//1306 2194//2194 1307//1307
f 1308//1308 2195//2195 1309//1309
f 1310//1310 3299//3299 1311//1311
f 1312//1312 2196//2196 1313//1313
f 1314//1314 2197//2197 3711//3711
f 1318//1318 2199//2199 1319//1319
f 1322//1322 2200//2200 1323//1323
f 1324//1324 2201//2201 1325//1325
f 1326//1326 3401//3401 3583//3583
f 2588//2588 2202//2202 1329//1329
f 1334//1334 2204//2204 1335//1335
f 1336//1336 3308//3308 1337//1337
f 1338//1338 2205//2205 1339//1339
f 1340//1340 2206//2206 1341//1341
f 1342//1342 2207//2207 1343//1343
f 1344//1344 3311//3311 1345//1345
f 1346//1346 2208//2208 1347//1347
f 1348//1348 2209//2209 3692//3692
f 1352//1352 2211//2211 1353//1353
f 1356//1356 2212//2212 1357//1357
f 1358//1358 2213//2213 1359//1359
f 1360//1360 3416//3416 3584//3584
f 2589//2589 2214//2214 1363//1363
f 1367//1367 2216//2216 1368//1368
f 1369//1369 3319//3319 1370//1370
f 1371//1371 2217//2217 1372//1372
f 1373//1373 2218//2218 1374//1374
f 1375//1375 2219//2219 1376//1376
f 1377//1377 3322//3322 1378//1378
f 1379//1379 2220//2220 1380//1380
f 1381//1381 2221//2221 3702//3702
f 1385//1385 2223//2223 1386//1386
f 1389//1389 2224//2224 1390//1390
f 3539//3539 2225//2225 1391//1391
f 3611//3611 3662//3662 782//782
f 1395//1395 2226//2226 1396//1396
f 1397//1397 2227//2227 1398//1398
f 177//177 3707//3707 272//272
f 1002//1002 3468//3468 3523//3523
f 2234//2234 3615//3615 3524//3524
f 1441//1441 2240//2240 2242//2242
f 2240//2240 1442//1442 2241//2241
f 2242//2242 2241//2241 1443//1443
f 1446//1446 2244//2244 2246//2246
f 2244//2244 1447//1447 2245//2245
f 2246//2246 2245//2245 1448//1448
f 1449//1449 2247//2247 2249//2249
f 2247//2247 1450//1450 2248//2248
f 2249//2249 2248//2248 1451//1451
f 1452//1452 2250//2250 2252//2252
f 2250//2250 1453//1453 2251//2251
f 2252//2252 2251//2251 1454//1454
f 1455//1455 2253//2253 2255//2255
f 2253//2253 1456//1456 2254//2254
f 2255//2255 2254//2254 1457//1457
f 1458//1458 2256//2256 2258//2258
f 2256//2256 1459//1459 2257//2257
f 2258//2258 2257//2257 1460//1460
f 1461//1461 2259//2259 2261//2261
f 2259//2259 1462//1462 2260//2260
f 2261//2261 2260//2260 1463//1463
f 1464//1464 2262//2262 2264//2264
f 2262//2262 1465//1465 2263//2263
f 2264//2264 2263//2263 1466//1466
f 1467//1467 2265//2265 2267//2267
f 2265//2265 1468//1468 2266//2266
f 2267//2267 2266//2266 1469//1469
f 1470//1470 2268//2268 2270//2270
f 2268//2268 1471//1471 2269//2269
f 2270//2270 2269//2269 1472//1472
f 1473//1473 2271//2271 2273//2273
f 2271//2271 1474//1474 2272//2272
f 2273//2273 2272//2272 1475//1475
f 2999//2999 2275//2275 1483//1483
f 3001//3001 1863//1863 1486//1486
f 1489//1489 2736//2736 1488//1488
f 2278//2278 429//429 194//194
f 1049//1049 263//263 3021//3021
f 1813//1813 2303//2303 1049//1049
f 3614//3614 265//265 3023//3023
f 457//457 458//458 1512//1512
f 1051//1051 268//268 3027//3027
f 2753//2753 271//271 3029//3029
f 1829//1829 2752//2752 2753//2753
f 1514//1514 2304//2304 2306//2306
f 2304//2304 1056//1056 2305//2305
f 2306//2306 2305//2305 1515//1515
f 1516//1516 2307//2307 2309//2309
f 2307//2307 1517//1517 2308//2308
f 2309//2309 2308//2308 1054//1054
f 1055//1055 2310//2310 2312//2312
f 2310//2310 1518//1518 2311//2311
f 2312//2312 2311//2311 1519//1519
f 1520//1520 2313//2313 2315//2315
f 2313//2313 1059//1059 2314//2314
f 2315//2315 2314//2314 1521//1521
f 1522//1522 2316//2316 2318//2318
f 2316//2316 1523//1523 2317//2317
f 2318//2318 2317//2317 1057//1057
f 1058//1058 2319//2319 2321//2321
f 2319//2319 1524//1524 2320//2320
f 2321//2321 2320//2320 1525//1525
f 3058//3058 329//329 484//484
f 337//337 335//335 497//497
f 936//936 2324//2324 942//942
f 442//442 236//236 561//561
f 2177//2177 34//34 35//35
f 1567//1567 2325//2325 1568//1568
f 1569//1569 2326//2326 1081//1081
f 2081//2081 2327//2327 1570//1570
f 1571//1571 2328//2328 1572//1572
f 1573//1573 2329//2329 1082//1082
f 2082//2082 2330//2330 1574//1574
f 1575//1575 2331//2331 1576//1576
f 1577//1577 2332//2332 1083//1083
f 2083//2083 2333//2333 1578//1578
f 1579//1579 2334//2334 1580//1580
f 1581//1581 2335//2335 1084//1084
f 1583//1583 2336//2336 1584//1584
f 1585//1585 2337//2337 1085//1085
f 2085//2085 2338//2338 1586//1586
f 1587//1587 2339//2339 1588//1588
f 1589//1589 2340//2340 1086//1086
f 2086//2086 2341//2341 1590//1590
f 1591//1591 2342//2342 1592//1592
f 1593//1593 2343//2343 1087//1087
f 2087//2087 2344//2344 1594//1594
f 1595//1595 2345//2345 1596//1596
f 1597//1597 2346//2346 1088//1088
f 2088//2088 2347//2347 1598//1598
f 1599//1599 2348//2348 1600//1600
f 1601//1601 2349//2349 1089//1089
f 2089//2089 2350//2350 1602//1602
f 1603//1603 2351//2351 1604//1604
f 1605//1605 2352//2352 1090//1090
f 1607//1607 2353//2353 1608//1608
f 2091//2091 2355//2355 1609//1609
f 1610//1610 2356//2356 1611//1611
f 1612//1612 2357//2357 1092//1092
f 2092//2092 2358//2358 1613//1613
f 1614//1614 2359//2359 1615//1615
f 1616//1616 2360//2360 1093//1093
f 2093//2093 2361//2361 1617//1617
f 1618//1618 2362//2362 1619//1619
f 1620//1620 2363//2363 1094//1094
f 2094//2094 2364//2364 1621//1621
f 1622//1622 2365//2365 1623//1623
f 1624//1624 2366//2366 1095//1095
f 2095//2095 2367//2367 1625//1625
f 1626//1626 2368//2368 1627//1627
f 1628//1628 2369//2369 1096//1096
f 1630//1630 2370//2370 1631//1631
f 2097//2097 2372//2372 1632//1632
f 1633//1633 2373//2373 1634//1634
f 1635//1635 2374//2374 1098//1098
f 2098//2098 2375//2375 1636//1636
f 1637//1637 2376//2376 1638//1638
f 1639//1639 2377//2377 1099//1099
f 2099//2099 2378//2378 1640//1640
f 1641//1641 2379//2379 1642//1642
f 1643//1643 2380//2380 1100//1100
f 2100//2100 2381//2381 1644//1644
f 1645//1645 2382//2382 1646//1646
f 1647//1647 2383//2383 1101//1101
f 2101//2101 2384//2384 1648//1648
f 1649//1649 2385//2385 1650//1650
f 1651//1651 2386//2386 1102//1102
f 1653//1653 2387//2387 1654//1654
f 1655//1655 3356//3356 1103//1103
f 2103//2103 2388//2388 1656//1656
f 1657//1657 2389//2389 1658//1658
f 1659//1659 2390//2390 1104//1104
f 2104//2104 2391//2391 1660//1660
f 635//635 405//405 2028//2028
f 1689//1689 2393//2393 2392//2392
f 1035//1035 3482//3482 2395//2395
f 2403//2403 3531//3531 3530//3530
f 1696//1696 2404//2404 2406//2406
f 2404//2404 1127//1127 2405//2405
f 2406//2406 2405//2405 1697//1697
f 1698//1698 2407//2407 2409//2409
f 2407//2407 1699//1699 2408//2408
f 2409//2409 2408//2408 1125//1125
f 1126//1126 2410//2410 2412//2412
f 2410//2410 1700//1700 2411//2411
f 2412//2412 2411//2411 1701//1701
f 1702//1702 2413//2413 2415//2415
f 2413//2413 1130//1130 2414//2414
f 2415//2415 2414//2414 1703//1703
f 1704//1704 2416//2416 2418//2418
f 2416//2416 1705//1705 2417//2417
f 2418//2418 2417//2417 1128//1128
f 1129//1129 2419//2419 2421//2421
f 2419//2419 1706//1706 2420//2420
f 2421//2421 2420//2420 1707//1707
f 1708//1708 2422//2422 2424//2424
f 2422//2422 1133//1133 2423//2423
f 2424//2424 2423//2423 1709//1709
f 1710//1710 2425//2425 2427//2427
f 2425//2425 1711//1711 2426//2426
f 2427//2427 2426//2426 1131//1131
f 1132//1132 2428//2428 2430//2430
f 2428//2428 1712//1712 2429//2429
f 2430//2430 2429//2429 1713//1713
f 1714//1714 2431//2431 2433//2433
f 2431//2431 1136//1136 2432//2432
f 2433//2433 2432//2432 1715//1715
f 1716//1716 2434//2434 2436//2436
f 2434//2434 1717//1717 2435//2435
f 2436//2436 2435//2435 1134//1134
f 1135//1135 2437//2437 2439//2439
f 2437//2437 1718//1718 2438//2438
f 2439//2439 2438//2438 1719//1719
f 2440//2440 1476//1476 2441//2441
f 3527//3527 1013//1013 1476//1476
f 1721//1721 2442//2442 1481//1481
f 1724//1724 2444//2444 2440//2440
f 1209//1209 2446//2446 682//682
f 1725//1725 2447//2447 1726//1726
f 1726//1726 1526//1526 2448//2448
f 2450//2450 3199//3199 3002//3002
f 685//685 2451//2451 686//686
f 1729//1729 2453//2453 1728//1728
f 1730//1730 2454//2454 1490//1490
f 518//518 2456//2456 903//903
f 1749//1749 2459//2459 1750//1750
f 1751//1751 2460//2460 1154//1154
f 2124//2124 2461//2461 1752//1752
f 1753//1753 2462//2462 1496//1496
f 1754//1754 2463//2463 1155//1155
f 2125//2125 2464//2464 1497//1497
f 2281//2281 2465//2465 1755//1755
f 2280//2280 2466//2466 1156//1156
f 2126//2126 3362//3362 1756//1756
f 1757//1757 2467//2467 1758//1758
f 1759//1759 2468//2468 1157//1157
f 2127//2127 2469//2469 1760//1760
f 1761//1761 3363//3363 1498//1498
f 2128//2128 2471//2471 1499//1499
f 2284//2284 2472//2472 1763//1763
f 2283//2283 2473//2473 1158//1158
f 1765//1765 2474//2474 1766//1766
f 1767//1767 2475//2475 1159//1159
f 2130//2130 2476//2476 1768//1768
f 1769//1769 2477//2477 1500//1500
f 1770//1770 2478//2478 1160//1160
f 2131//2131 2479//2479 1501//1501
f 2287//2287 2480//2480 1771//1771
f 2286//2286 2481//2481 1161//1161
f 2132//2132 3367//3367 1772//1772
f 1773//1773 2482//2482 1774//1774
f 1775//1775 2483//2483 1162//1162
f 2133//2133 2484//2484 1776//1776
f 1777//1777 3368//3368 1502//1502
f 2134//2134 2486//2486 1503//1503
f 2290//2290 2487//2487 1779//1779
f 2289//2289 2488//2488 1163//1163
f 1781//1781 2489//2489 1782//1782
f 1783//1783 2490//2490 1164//1164
f 2136//2136 2491//2491 1784//1784
f 1785//1785 2492//2492 1504//1504
f 1786//1786 2493//2493 1165//1165
f 2137//2137 2494//2494 1505//1505
f 2293//2293 2495//2495 1787//1787
f 2292//2292 2496//2496 1166//1166
f 2138//2138 3372//3372 1788//1788
f 1789//1789 2497//2497 1790//1790
f 1791//1791 2498//2498 1167//1167
f 2139//2139 2499//2499 1792//1792
f 1793//1793 3373//3373 1506//1506
f 2140//2140 2501//2501 1507//1507
f 2296//2296 2502//2502 1795//1795
f 2295//2295 2503//2503 1168//1168
f 1797//1797 2504//2504 1798//1798
f 1799//1799 2505//2505 1169//1169
f 2142//2142 2506//2506 1800//1800
f 1801//1801 2507//2507 1508//1508
f 1802//1802 2508//2508 1170//1170
f 2143//2143 2509//2509 1509//1509
f 2299//2299 2510//2510 1803//1803
f 2298//2298 2511//2511 1171//1171
f 2144//2144 3377//3377 1804//1804
f 1805//1805 2512//2512 1806//1806
f 1807//1807 2513//2513 1172//1172
f 2145//2145 2514//2514 1808//1808
f 1809//1809 2515//2515 1510//1510
f 2146//2146 2516//2516 1511//1511
f 2302//2302 2517//2517 1810//1810
f 2301//2301 2518//2518 1173//1173
f 1812//1812 2519//2519 997//997
f 1176//1176 2590//2590 784//784
f 1814//1814 2521//2521 1005//1005
f 2522//2522 3202//3202 3277//3277
f 3024//3024 3277//3277 3025//3025
f 1512//1512 2523//2523 1815//1815
f 1821//1821 2524//2524 1017//1017
f 1188//1188 2149//2149 804//804
f 1143//1143 2528//2528 2530//2530
f 2528//2528 1195//1195 2529//2529
f 2530//2530 2529//2529 1843//1843
f 1731//1731 2531//2531 2533//2533
f 2531//2531 1515//1515 2532//2532
f 2533//2533 2532//2532 1193//1193
f 1194//1194 2534//2534 2536//2536
f 2534//2534 1519//1519 2535//2535
f 2536//2536 2535//2535 1844//1844
f 1845//1845 2537//2537 2539//2539
f 2537//2537 2857//2857 2538//2538
f 2539//2539 2538//2538 1514//1514
f 1196//1196 2858//2858 1516//1516
f 1518//1518 2542//2542 2544//2544
f 2542//2542 1199//1199 2543//2543
f 2544//2544 2543//2543 1847//1847
f 1517//1517 2545//2545 2547//2547
f 2545//2545 1848//1848 2546//2546
f 2547//2547 2546//2546 1197//1197
f 1198//1198 2548//2548 2550//2550
f 2548//2548 1849//1849 2549//2549
f 2550//2550 2549//2549 3469//3469
f 1850//1850 2551//2551 2553//2553
f 2551//2551 1202//1202 2552//2552
f 2553//2553 2552//2552 1851//1851
f 1852//1852 2554//2554 2556//2556
f 2554//2554 1521//1521 2555//2555
f 2556//2556 2555//2555 1200//1200
f 1201//1201 2557//2557 2559//2559
f 2557//2557 1525//1525 2558//2558
f 2559//2559 2558//2558 1853//1853
f 1854//1854 2560//2560 2562//2562
f 2560//2560 1205//1205 2561//2561
f 2562//2562 2561//2561 1520//1520
f 1855//1855 2563//2563 2565//2565
f 2563//2563 1856//1856 2564//2564
f 2565//2565 2564//2564 1203//1203
f 1204//1204 2566//2566 2568//2568
f 2566//2566 1857//1857 2567//2567
f 2568//2568 2567//2567 1522//1522
f 1524//1524 2569//2569 2571//2571
f 2569//2569 1208//1208 2570//2570
f 2571//2571 2570//2570 1858//1858
f 1523//1523 2572//2572 2574//2574
f 2572//2572 1859//1859 2573//2573
f 2574//2574 2573//2573 1206//1206
f 1207//1207 2575//2575 2577//2577
f 2575//2575 1860//1860 2576//2576
f 2577//2577 2576//2576 1861//1861
f 2064//2064 2578//2578 3000//3000
f 2580//2580 1209//1209 682//682
f 1865//1865 3330//3330 2886//2886
f 1865//1865 2582//2582 1485//1485
f 3192//3192 686//686 2828//2828
f 32//32 33//33 319//319
f 3603//3603 481//481 843//843
f 329//329 328//328 327//327
f 727//727 1222//1222 1876//1876
f 724//724 540//540 539//539
f 2173//2173 857//857 858//858
f 3197//3197 119//119 497//497
f 1077//1077 1740//1740 120//120
f 3688//3688 125//125 500//500
f 2174//2174 1070//1070 134//134
f 895//895 1902//1902 1900//1900
f 66//66 1250//1250 1251//1251
f 351//351 350//350 352//352
f 516//516 352//352 350//350
f 3004//3004 528//528 881//881
f 235//235 1945//1945 743//743
f 922//922 364//364 363//363
f 933//933 442//442 561//561
f 153//153 3499//3499 745//745
f 375//375 47//47 957//957
f 2590//2590 264//264 1491//1491
f 1403//1403 1690//1690 2394//2394
f 2591//2591 998//998 663//663
f 624//624 1662//1662 3538//3538
f 3202//3202 2522//2522 2020//2020
f 788//788 2527//2527 1841//1841
f 3201//3201 1408//1408 75//75
f 3521//3521 79//79 3532//3532
f 1009//1009 1008//1008 2593//2593
f 634//634 2594//2594 2026//2026
f 3209//3209 3279//3279 2525//2525
f 3621//3621 2595//2595 1480//1480
f 3207//3207 1416//1416 76//76
f 1420//1420 1725//1725 645//645
f 2597//2597 1020//1020 683//683
f 644//644 1676//1676 2734//2734
f 3070//3070 2598//2598 2038//2038
f 2599//2599 3216//3216 1024//1024
f 3212//3212 1423//1423 73//73
f 414//414 1427//1427 74//74
f 2014//2014 2601//2601 1728//1728
f 2602//2602 2045//2045 1141//1141
f 2231//2231 3228//3228 1033//1033
f 3205//3205 3468//3468 1002//1002
f 2603//2603 3480//3480 3222//3222
f 1433//1433 2047//2047 3484//3484
f 2047//2047 1433//1433 1034//1034
f 1849//1849 2628//2628 2630//2630
f 2628//2628 1443//1443 2629//2629
f 2630//2630 2629//2629 2054//2054
f 1848//1848 2631//2631 2633//2633
f 2631//2631 1697//1697 2632//2632
f 2633//2633 2632//2632 1441//1441
f 1442//1442 2634//2634 2636//2636
f 2634//2634 1701//1701 2635//2635
f 2636//2636 2635//2635 2055//2055
f 2637//2637 2935//2935 2638//2638
f 2637//2637 2638//2638 1696//1696
f 2454//2454 1730//1730 2639//2639
f 1445//1445 2639//2639 1698//1698
f 1700//1700 2640//2640 2642//2642
f 2640//2640 1448//1448 2641//2641
f 2642//2642 2641//2641 2056//2056
f 1699//1699 2643//2643 2645//2645
f 2643//2643 2057//2057 2644//2644
f 2645//2645 2644//2644 1446//1446
f 1447//1447 2646//2646 2648//2648
f 2646//2646 1493//1493 2647//2647
f 2648//2648 2647//2647 2058//2058
f 2649//2649 1451//1451 2058//2058
f 2650//2650 2649//2649 2058//2058
f 1727//1727 2651//2651 2653//2653
f 2651//2651 1703//1703 2652//2652
f 2653//2653 2652//2652 1449//1449
f 1450//1450 2654//2654 3242//3242
f 2654//2654 1707//1707 2655//2655
f 3242//3242 2654//2654 2056//2056
f 2059//2059 2656//2656 2658//2658
f 2656//2656 1454//1454 2657//2657
f 2658//2658 2657//2657 1702//1702
f 1486//1486 2659//2659 2661//2661
f 2659//2659 1851//1851 2660//2660
f 2661//2661 2660//2660 1452//1452
f 1453//1453 2662//2662 2664//2664
f 2662//2662 1853//1853 2663//2663
f 2664//2664 2663//2663 1704//1704
f 1706//1706 2665//2665 2667//2667
f 2665//2665 1457//1457 2666//2666
f 2667//2667 2666//2666 2055//2055
f 1705//1705 2668//2668 2670//2670
f 2668//2668 1858//1858 2669//2669
f 2670//2670 2669//2669 1455//1455
f 1456//1456 2671//2671 2673//2673
f 2671//2671 1861//1861 2672//2672
f 2673//2673 2672//2672 2054//2054
f 1210//1210 2674//2674 2676//2676
f 2674//2674 1460//1460 2675//2675
f 2676//2676 2675//2675 1850//1850
f 1864//1864 2677//2677 2679//2679
f 2677//2677 1709//1709 2678//2678
f 2679//2679 2678//2678 1458//1458
f 1459//1459 2680//2680 2682//2682
f 2680//2680 1713//1713 2681//2681
f 2682//2682 2681//2681 1852//1852
f 1526//1526 2683//2683 2685//2685
f 2683//2683 1463//1463 2684//2684
f 2685//2685 2684//2684 1708//1708
f 1060//1060 2686//2686 2688//2688
f 2686//2686 1477//1477 2687//2687
f 2688//2688 2687//2687 1461//1461
f 1462//1462 2689//2689 2691//2691
f 2689//2689 1724//1724 2690//2690
f 2691//2691 2690//2690 1710//1710
f 1712//1712 2692//2692 2694//2694
f 2692//2692 1466//1466 2693//2693
f 2694//2694 2693//2693 1854//1854
f 1711//1711 2695//2695 2697//2697
f 2695//2695 2060//2060 2696//2696
f 2697//2697 2696//2696 1464//1464
f 1465//1465 2698//2698 2700//2700
f 2698//2698 1483//1483 2699//2699
f 2700//2700 2699//2699 1855//1855
f 1860//1860 2701//2701 2703//2703
f 2701//2701 1469//1469 2702//2702
f 2703//2703 2702//2702 2053//2053
f 1859//1859 2704//2704 2706//2706
f 2704//2704 1715//1715 2705//2705
f 2706//2706 2705//2705 1467//1467
f 1468//1468 2707//2707 2709//2709
f 2707//2707 1719//1719 2708//2708
f 2709//2709 2708//2708 2052//2052
f 1857//1857 2710//2710 2712//2712
f 2710//2710 1472//1472 2711//2711
f 2712//2712 2711//2711 1714//1714
f 1856//1856 2713//2713 2715//2715
f 2713//2713 1722//1722 2714//2714
f 2715//2715 2714//2714 1470//1470
f 1471//1471 2716//2716 2718//2718
f 2716//2716 1723//1723 2717//2717
f 2718//2718 2717//2717 1716//1716
f 1718//1718 2719//2719 2721//2721
f 2719//2719 1475//1475 2720//2720
f 2721//2721 2720//2720 3723//3723
f 1717//1717 2722//2722 2724//2724
f 2722//2722 2061//2061 2723//2723
f 2724//2724 2723//2723 1473//1473
f 1474//1474 2725//2725 2727//2727
f 2725//2725 1482//1482 2726//2726
f 2727//2727 2726//2726 2050//2050
f 2062//2062 2728//2728 2029//2029
f 2026//2026 2594//2594 3533//3533
f 828//828 2578//2578 2064//2064
f 2578//2578 828//828 2168//2168
f 2731//2731 2060//2060 2063//2063
f 3627//3627 684//684 2827//2827
f 3252//3252 2732//2732 1139//1139
f 1484//1484 2733//2733 2038//2038
f 2036//2036 2734//2734 2065//2065
f 1864//1864 3190//3190 3253//3253
f 3559//3559 2826//2826 1138//1138
f 3559//3559 3441//3441 1060//1060
f 1209//1209 3246//3246 2059//2059
f 689//689 2829//2829 3254//3254
f 2066//2066 3254//3254 2829//2829
f 3002//3002 3199//3199 2017//2017
f 1491//1491 2891//2891 1866//1866
f 1492//1492 2740//2740 1141//1141
f 1493//1493 3003//3003 2741//2741
f 2742//2742 2057//2057 3243//3243
f 3725//3725 3156//3156 1845//1845
f 447//447 2067//2067 2279//2279
f 2067//2067 3006//3006 2744//2744
f 448//448 2068//2068 2282//2282
f 2068//2068 3008//3008 2745//2745
f 449//449 2069//2069 2285//2285
f 2069//2069 3010//3010 2746//2746
f 450//450 2070//2070 2288//2288
f 2070//2070 3012//3012 2747//2747
f 451//451 2071//2071 2291//2291
f 2071//2071 3014//3014 2748//2748
f 452//452 2072//2072 2294//2294
f 2072//2072 3016//3016 2749//2749
f 453//453 2073//2073 2297//2297
f 2073//2073 3018//3018 2750//2750
f 454//454 2074//2074 2300//2300
f 2074//2074 3020//3020 2751//2751
f 1049//1049 3144//3144 263//263
f 3144//3144 1049//1049 455//455
f 464//464 2752//2752 463//463
f 465//465 2754//2754 2755//2755
f 2754//2754 1054//1054 2077//2077
f 2755//2755 2077//2077 1056//1056
f 1054//1054 2756//2756 2075//2075
f 2756//2756 466//466 2757//2757
f 2075//2075 2757//2757 1055//1055
f 1056//1056 2076//2076 2759//2759
f 2076//2076 1055//1055 2758//2758
f 2759//2759 2758//2758 467//467
f 468//468 2760//2760 2761//2761
f 2760//2760 1057//1057 2080//2080
f 2761//2761 2080//2080 1059//1059
f 1057//1057 2762//2762 2078//2078
f 2762//2762 469//469 2763//2763
f 2078//2078 2763//2763 1058//1058
f 1059//1059 2079//2079 2765//2765
f 2079//2079 1058//1058 2764//2764
f 2765//2765 2764//2764 470//470
f 3358//3358 3442//3442 471//471
f 482//482 3603//3603 109//109
f 496//496 2173//2173 116//116
f 1553//1553 509//509 3576//3576
f 514//514 2174//2174 136//136
f 1148//1148 2583//2583 3672//3672
f 2323//2323 727//727 542//542
f 572//572 2081//2081 2325//2325
f 1081//1081 2767//2767 2081//2081
f 2325//2325 1570//1570 573//573
f 574//574 2082//2082 2328//2328
f 1082//1082 2768//2768 2082//2082
f 2328//2328 1574//1574 575//575
f 576//576 2083//2083 2331//2331
f 1083//1083 2769//2769 2083//2083
f 2331//2331 1578//1578 577//577
f 578//578 2084//2084 2334//2334
f 1084//1084 2770//2770 2084//2084
f 2334//2334 1582//1582 579//579
f 580//580 2085//2085 2336//2336
f 1085//1085 2771//2771 2085//2085
f 2336//2336 1586//1586 581//581
f 582//582 2086//2086 2339//2339
f 1086//1086 2772//2772 2086//2086
f 2339//2339 1590//1590 583//583
f 584//584 2087//2087 2342//2342
f 1087//1087 2773//2773 2087//2087
f 2342//2342 1594//1594 585//585
f 586//586 2088//2088 2345//2345
f 1088//1088 2774//2774 2088//2088
f 2345//2345 1598//1598 587//587
f 588//588 2089//2089 2348//2348
f 1089//1089 2775//2775 2089//2089
f 2348//2348 1602//1602 589//589
f 590//590 2090//2090 2351//2351
f 1090//1090 2776//2776 2090//2090
f 2351//2351 1606//1606 591//591
f 592//592 2091//2091 2353//2353
f 1091//1091 2777//2777 2091//2091
f 2353//2353 1609//1609 593//593
f 594//594 2092//2092 2356//2356
f 1092//1092 2778//2778 2092//2092
f 2356//2356 1613//1613 595//595
f 596//596 2093//2093 2359//2359
f 1093//1093 2779//2779 2093//2093
f 2359//2359 1617//1617 597//597
f 598//598 2094//2094 2362//2362
f 1094//1094 2780//2780 2094//2094
f 2362//2362 1621//1621 599//599
f 600//600 2095//2095 2365//2365
f 1095//1095 2781//2781 2095//2095
f 2365//2365 1625//1625 601//601
f 602//602 2096//2096 2368//2368
f 1096//1096 2782//2782 2096//2096
f 2368//2368 1629//1629 603//603
f 604//604 2097//2097 2370//2370
f 1097//1097 2783//2783 2097//2097
f 2370//2370 1632//1632 605//605
f 606//606 2098//2098 2373//2373
f 1098//1098 2784//2784 2098//2098
f 2373//2373 1636//1636 607//607
f 608//608 2099//2099 2376//2376
f 1099//1099 2785//2785 2099//2099
f 2376//2376 1640//1640 609//609
f 610//610 2100//2100 2379//2379
f 1100//1100 2786//2786 2100//2100
f 2379//2379 1644//1644 611//611
f 612//612 2101//2101 2382//2382
f 1101//1101 2787//2787 2101//2101
f 2382//2382 1648//1648 613//613
f 614//614 2102//2102 2385//2385
f 1102//1102 2788//2788 2102//2102
f 2385//2385 1652//1652 615//615
f 616//616 2103//2103 2387//2387
f 1103//1103 2789//2789 2103//2103
f 2387//2387 1656//1656 617//617
f 618//618 2104//2104 2389//2389
f 1104//1104 2790//2790 2104//2104
f 2389//2389 1660//1660 619//619
f 1106//1106 2792//2792 1105//1105
f 1000//1000 624//624 2793//2793
f 1110//1110 2794//2794 1108//1108
f 1011//1011 634//634 2795//2795
f 3226//3226 2392//2392 3487//3487
f 2796//2796 1123//1123 3534//3534
f 3535//3535 2797//2797 3536//3536
f 2107//2107 3597//3597 3537//3537
f 667//667 2801//2801 2802//2802
f 2801//2801 1125//1125 2110//2110
f 2802//2802 2110//2110 1127//1127
f 1125//1125 2803//2803 2108//2108
f 2803//2803 668//668 2804//2804
f 2108//2108 2804//2804 1126//1126
f 1127//1127 2109//2109 2806//2806
f 2109//2109 1126//1126 2805//2805
f 2806//2806 2805//2805 669//669
f 670//670 2807//2807 2808//2808
f 2807//2807 1128//1128 2113//2113
f 2808//2808 2113//2113 1130//1130
f 1128//1128 2809//2809 2111//2111
f 2809//2809 671//671 2810//2810
f 2111//2111 2810//2810 1129//1129
f 1130//1130 2112//2112 2812//2812
f 2112//2112 1129//1129 2811//2811
f 2812//2812 2811//2811 672//672
f 673//673 2813//2813 2814//2814
f 2813//2813 1131//1131 2116//2116
f 2814//2814 2116//2116 1133//1133
f 1131//1131 2815//2815 2114//2114
f 2815//2815 674//674 2816//2816
f 2114//2114 2816//2816 1132//1132
f 1133//1133 2115//2115 2818//2818
f 2115//2115 1132//1132 2817//2817
f 2818//2818 2817//2817 675//675
f 676//676 2819//2819 2820//2820
f 2819//2819 1134//1134 2119//2119
f 2820//2820 2119//2119 1136//1136
f 1134//1134 2821//2821 2117//2117
f 2821//2821 677//677 2822//2822
f 2117//2117 2822//2822 1135//1135
f 1136//1136 2118//2118 2824//2824
f 2118//2118 1135//1135 2823//2823
f 2824//2824 2823//2823 678//678
f 682//682 2825//2825 2580//2580
f 3588//3588 3188//3188 2825//2825
f 3630//3630 3192//3192 2828//2828
f 2740//2740 687//687 2602//2602
f 688//688 1142//1142 3196//3196
f 1144//1144 2123//2123 697//697
f 752//752 2124//2124 2459//2459
f 1154//1154 2830//2830 2124//2124
f 2459//2459 1752//1752 753//753
f 754//754 2125//2125 2462//2462
f 1155//1155 2831//2831 2125//2125
f 2462//2462 1497//1497 447//447
f 3006//3006 2126//2126 2465//2465
f 1156//1156 2832//2832 2126//2126
f 2465//2465 1756//1756 755//755
f 756//756 2127//2127 2467//2467
f 1157//1157 2833//2833 2127//2127
f 2467//2467 1760//1760 757//757
f 758//758 2128//2128 3363//3363
f 3008//3008 2129//2129 2472//2472
f 1158//1158 2834//2834 2129//2129
f 2472//2472 1764//1764 759//759
f 760//760 2130//2130 2474//2474
f 1159//1159 2835//2835 2130//2130
f 2474//2474 1768//1768 761//761
f 762//762 2131//2131 2477//2477
f 1160//1160 2836//2836 2131//2131
f 2477//2477 1501//1501 449//449
f 3010//3010 2132//2132 2480//2480
f 1161//1161 2837//2837 2132//2132
f 2480//2480 1772//1772 763//763
f 764//764 2133//2133 2482//2482
f 1162//1162 2838//2838 2133//2133
f 2482//2482 1776//1776 765//765
f 766//766 2134//2134 3368//3368
f 3012//3012 2135//2135 2487//2487
f 1163//1163 2839//2839 2135//2135
f 2487//2487 1780//1780 767//767
f 768//768 2136//2136 2489//2489
f 1164//1164 2840//2840 2136//2136
f 2489//2489 1784//1784 769//769
f 770//770 2137//2137 2492//2492
f 1165//1165 2841//2841 2137//2137
f 2492//2492 1505//1505 451//451
f 3014//3014 2138//2138 2495//2495
f 1166//1166 2842//2842 2138//2138
f 2495//2495 1788//1788 771//771
f 772//772 2139//2139 2497//2497
f 1167//1167 2843//2843 2139//2139
f 2497//2497 1792//1792 773//773
f 774//774 2140//2140 3373//3373
f 3016//3016 2141//2141 2502//2502
f 1168//1168 2844//2844 2141//2141
f 2502//2502 1796//1796 775//775
f 776//776 2142//2142 2504//2504
f 1169//1169 2845//2845 2142//2142
f 2504//2504 1800//1800 777//777
f 778//778 2143//2143 2507//2507
f 1170//1170 2846//2846 2143//2143
f 2507//2507 1509//1509 453//453
f 3018//3018 2144//2144 2510//2510
f 1171//1171 2847//2847 2144//2144
f 2510//2510 1804//1804 779//779
f 780//780 2145//2145 2512//2512
f 1172//1172 2848//2848 2145//2145
f 2512//2512 1808//1808 781//781
f 2515//2515 1511//1511 454//454
f 3020//3020 2147//2147 2517//2517
f 1173//1173 2850//2850 2147//2147
f 2517//2517 1811//1811 783//783
f 3022//3022 786//786 1176//1176
f 3477//3477 798//798 1183//1183
f 463//463 807//807 1188//1188
f 3220//3220 2046//2046 418//418
f 689//689 2851//2851 2852//2852
f 2851//2851 1193//1193 2152//2152
f 2852//2852 2152//2152 1195//1195
f 1193//1193 2853//2853 2150//2150
f 2853//2853 467//467 2854//2854
f 2150//2150 2854//2854 1194//1194
f 1195//1195 2151//2151 2856//2856
f 2151//2151 1194//1194 2855//2855
f 2856//2856 2855//2855 818//818
f 819//819 2155//2155 2857//2857
f 2857//2857 2154//2154 2860//2860
f 2860//2860 2859//2859 465//465
f 466//466 2861//2861 2862//2862
f 2861//2861 1197//1197 2158//2158
f 2862//2862 2158//2158 1199//1199
f 1197//1197 2863//2863 2156//2156
f 2863//2863 820//820 2864//2864
f 2156//2156 2864//2864 1198//1198
f 1199//1199 2157//2157 2866//2866
f 2157//2157 1198//1198 2865//2865
f 2866//2866 2865//2865 821//821
f 822//822 2867//2867 2868//2868
f 2867//2867 1200//1200 2161//2161
f 2868//2868 2161//2161 1202//1202
f 1200//1200 2869//2869 2159//2159
f 2869//2869 470//470 2870//2870
f 2159//2159 2870//2870 1201//1201
f 1202//1202 2160//2160 2872//2872
f 2160//2160 1201//1201 2871//2871
f 2872//2872 2871//2871 823//823
f 824//824 2873//2873 2874//2874
f 2873//2873 1203//1203 2164//2164
f 2874//2874 2164//2164 1205//1205
f 1203//1203 2875//2875 2162//2162
f 2875//2875 825//825 2876//2876
f 2162//2162 2876//2876 1204//1204
f 1205//1205 2163//2163 2878//2878
f 2163//2163 1204//1204 2877//2877
f 2878//2878 2877//2877 468//468
f 469//469 2879//2879 2880//2880
f 2879//2879 1206//1206 2167//2167
f 2880//2880 2167//2167 1208//1208
f 1206//1206 2881//2881 2165//2165
f 2881//2881 826//826 2882//2882
f 2165//2165 2882//2882 1207//1207
f 1208//1208 2166//2166 2884//2884
f 2166//2166 1207//1207 2883//2883
f 2884//2884 2883//2883 827//827
f 3330//3330 830//830 2886//2886
f 886//886 1240//1240 885//885
f 507//507 3576//3576 509//509
f 1897//1897 889//889 346//346
f 2887//2887 1250//1250 896//896
f 904//904 1549//1549 2888//2888
f 2891//2891 264//264 2890//2890
f 787//787 2890//2890 264//264
f 264//264 2891//2891 1491//1491
f 263//263 2892//2892 2893//2893
f 1403//1403 2895//2895 1690//1690
f 2895//2895 1403//1403 2591//2591
f 999//999 2896//2896 2897//2897
f 2896//2896 2522//2522 2228//2228
f 2897//2897 2228//2228 3434//3434
f 2522//2522 2896//2896 2020//2020
f 2898//2898 2020//2020 2896//2896
f 3625//3625 2793//2793 3434//3434
f 265//265 662//662 2899//2899
f 2393//2393 2899//2899 662//662
f 2229//2229 1404//1404 625//625
f 1412//1412 2442//2442 1721//1721
f 2442//2442 1412//1412 2593//2593
f 1010//1010 2902//2902 2903//2903
f 2902//2902 2525//2525 2230//2230
f 2903//2903 2230//2230 3436//3436
f 2027//2027 2902//2902 2729//2729
f 2902//2902 2027//2027 2525//2525
f 3626//3626 2795//2795 3436//3436
f 2904//2904 268//268 1012//1012
f 1420//1420 2447//2447 1725//1725
f 2447//2447 1420//1420 2597//2597
f 272//272 2908//2908 2149//2149
f 271//271 2909//2909 2911//2911
f 2909//2909 682//682 2910//2910
f 2911//2911 2910//2910 1023//1023
f 413//413 2599//2599 1025//1025
f 1023//1023 2912//2912 805//805
f 1002//1002 2231//2231 1431//1431
f 2395//2395 3482//3482 1434//1434
f 820//820 2928//2928 2929//2929
f 2928//2928 1441//1441 2242//2242
f 2929//2929 2242//2242 1443//1443
f 1441//1441 2930//2930 2240//2240
f 2930//2930 669//669 2931//2931
f 2240//2240 2931//2931 1442//1442
f 1443//1443 2241//2241 2933//2933
f 2241//2241 1442//1442 2932//2932
f 2933//2933 2932//2932 1039//1039
f 1444//1444 3685//3685 2243//2243
f 3685//3685 688//688 1445//1445
f 2638//2638 2934//2934 2937//2937
f 2243//2243 3685//3685 2936//2936
f 2937//2937 2936//2936 667//667
f 668//668 2938//2938 2939//2939
f 2938//2938 1446//1446 2246//2246
f 2939//2939 2246//2246 1448//1448
f 1446//1446 2940//2940 2244//2244
f 2940//2940 1040//1040 2941//2941
f 2244//2244 2941//2941 1447//1447
f 1448//1448 2245//2245 2943//2943
f 2245//2245 1447//1447 2942//2942
f 2943//2943 2942//2942 1041//1041
f 684//684 2944//2944 2945//2945
f 2944//2944 1449//1449 2249//2249
f 2945//2945 2249//2249 1451//1451
f 1449//1449 2946//2946 2247//2247
f 2946//2946 672//672 2947//2947
f 2247//2247 2947//2947 1450//1450
f 1451//1451 2248//2248 3245//3245
f 2248//2248 1450//1450 1041//1041
f 3245//3245 2248//2248 1041//1041
f 1042//1042 2948//2948 2949//2949
f 2948//2948 1452//1452 2252//2252
f 2949//2949 2252//2252 1454//1454
f 1452//1452 2950//2950 2250//2250
f 2950//2950 823//823 2951//2951
f 2250//2250 2951//2951 1453//1453
f 1454//1454 2251//2251 2953//2953
f 2251//2251 1453//1453 2952//2952
f 2953//2953 2952//2952 670//670
f 671//671 2954//2954 2955//2955
f 2954//2954 1455//1455 2255//2255
f 2955//2955 2255//2255 1457//1457
f 1455//1455 2956//2956 2253//2253
f 2956//2956 827//827 2957//2957
f 2253//2253 2957//2957 1456//1456
f 1457//1457 2254//2254 2959//2959
f 2254//2254 1456//1456 2958//2958
f 2959//2959 2958//2958 1039//1039
f 830//830 2960//2960 2961//2961
f 2960//2960 1458//1458 2258//2258
f 2961//2961 2258//2258 1460//1460
f 1458//1458 2962//2962 2256//2256
f 2962//2962 675//675 2963//2963
f 2256//2256 2963//2963 1459//1459
f 1460//1460 2257//2257 2965//2965
f 2257//2257 1459//1459 2964//2964
f 2965//2965 2964//2964 822//822
f 471//471 2966//2966 2967//2967
f 2966//2966 1461//1461 2261//2261
f 2967//2967 2261//2261 1463//1463
f 1461//1461 2968//2968 2259//2259
f 2968//2968 681//681 2969//2969
f 2259//2259 2969//2969 1462//1462
f 1463//1463 2260//2260 2971//2971
f 2260//2260 1462//1462 2970//2970
f 2971//2971 2970//2970 673//673
f 674//674 2972//2972 2973//2973
f 2972//2972 1464//1464 2264//2264
f 2973//2973 2264//2264 1466//1466
f 1464//1464 2974//2974 2262//2262
f 2974//2974 1043//1043 2975//2975
f 2262//2262 2975//2975 1465//1465
f 1466//1466 2263//2263 2977//2977
f 2263//2263 1465//1465 2976//2976
f 2977//2977 2976//2976 824//824
f 826//826 2978//2978 2979//2979
f 2978//2978 1467//1467 2267//2267
f 2979//2979 2267//2267 1469//1469
f 1467//1467 2980//2980 2265//2265
f 2980//2980 678//678 2981//2981
f 2265//2265 2981//2981 1468//1468
f 1469//1469 2266//2266 2983//2983
f 2266//2266 1468//1468 2982//2982
f 2983//2983 2982//2982 1038//1038
f 825//825 2984//2984 2985//2985
f 2984//2984 1470//1470 2270//2270
f 2985//2985 2270//2270 1472//1472
f 1470//1470 2986//2986 2268//2268
f 2986//2986 680//680 2987//2987
f 2268//2268 2987//2987 1471//1471
f 1472//1472 2269//2269 2989//2989
f 2269//2269 1471//1471 2988//2988
f 2989//2989 2988//2988 676//676
f 677//677 2990//2990 2991//2991
f 2990//2990 1473//1473 2273//2273
f 2991//2991 2273//2273 1475//1475
f 1473//1473 2992//2992 2271//2271
f 2992//2992 1044//1044 2993//2993
f 2271//2271 2993//2993 1474//1474
f 1475//1475 2272//2272 2995//2995
f 2272//2272 1474//1474 2994//2994
f 2995//2995 2994//2994 1037//1037
f 1476//1476 681//681 2996//2996
f 3251//3251 2442//2442 1008//1008
f 3134//3134 2998//2998 1044//1044
f 1727//1727 2733//2733 1484//1484
f 2445//2445 3139//3139 684//684
f 3139//3139 2445//2445 2733//2733
f 3627//3627 3215//3215 2445//2445
f 1042//1042 3246//3246 2580//2580
f 3001//3001 1042//1042 3188//3188
f 1731//1731 3002//3002 1487//1487
f 2450//2450 3142//3142 689//689
f 3142//3142 2450//2450 3002//3002
f 996//996 3199//3199 2450//2450
f 1488//1488 996//996 1489//1489
f 3196//3196 2891//2891 993//993
f 2741//2741 1046//1046 2740//2740
f 687//687 2740//2740 1046//1046
f 1046//1046 2741//2741 1040//1040
f 3003//3003 1040//1040 2741//2741
f 1494//1494 819//819 3193//3193
f 189//189 188//188 86//86
f 434//434 2586//2586 1911//1911
f 247//247 2279//2279 2460//2460
f 1496//1496 447//447 2279//2279
f 2460//2460 2744//2744 2830//2830
f 447//447 2280//2280 2067//2067
f 1497//1497 3005//3005 2280//2280
f 2067//2067 1156//1156 3006//3006
f 2830//2830 2281//2281 2461//2461
f 2744//2744 3006//3006 2281//2281
f 2461//2461 1755//1755 248//248
f 249//249 2282//2282 2468//2468
f 1498//1498 448//448 2282//2282
f 2468//2468 2745//2745 2833//2833
f 448//448 2283//2283 2068//2068
f 1499//1499 3007//3007 2283//2283
f 2068//2068 1158//1158 3008//3008
f 2833//2833 2284//2284 2469//2469
f 2745//2745 3008//3008 2284//2284
f 2469//2469 1763//1763 250//250
f 251//251 2285//2285 2475//2475
f 1500//1500 449//449 2285//2285
f 2475//2475 2746//2746 2835//2835
f 449//449 2286//2286 2069//2069
f 1501//1501 3009//3009 2286//2286
f 2069//2069 1161//1161 3010//3010
f 2835//2835 2287//2287 2476//2476
f 2746//2746 3010//3010 2287//2287
f 2476//2476 1771//1771 252//252
f 253//253 2288//2288 2483//2483
f 1502//1502 450//450 2288//2288
f 2483//2483 2747//2747 2838//2838
f 450//450 2289//2289 2070//2070
f 1503//1503 3011//3011 2289//2289
f 2070//2070 1163//1163 3012//3012
f 2838//2838 2290//2290 2484//2484
f 2747//2747 3012//3012 2290//2290
f 2484//2484 1779//1779 254//254
f 255//255 2291//2291 2490//2490
f 1504//1504 451//451 2291//2291
f 2490//2490 2748//2748 2840//2840
f 451//451 2292//2292 2071//2071
f 1505//1505 3013//3013 2292//2292
f 2071//2071 1166//1166 3014//3014
f 2840//2840 2293//2293 2491//2491
f 2748//2748 3014//3014 2293//2293
f 2491//2491 1787//1787 256//256
f 257//257 2294//2294 2498//2498
f 1506//1506 452//452 2294//2294
f 2498//2498 2749//2749 2843//2843
f 452//452 2295//2295 2072//2072
f 1507//1507 3015//3015 2295//2295
f 2072//2072 1168//1168 3016//3016
f 2843//2843 2296//2296 2499//2499
f 2749//2749 3016//3016 2296//2296
f 2499//2499 1795//1795 258//258
f 259//259 2297//2297 2505//2505
f 1508//1508 453//453 2297//2297
f 2505//2505 2750//2750 2845//2845
f 453//453 2298//2298 2073//2073
f 1509//1509 3017//3017 2298//2298
f 2073//2073 1171//1171 3018//3018
f 2845//2845 2299//2299 2506//2506
f 2750//2750 3018//3018 2299//2299
f 2506//2506 1803//1803 260//260
f 261//261 2300//2300 2513//2513
f 1510//1510 454//454 2300//2300
f 2513//2513 2751//2751 2848//2848
f 454//454 2301//2301 2074//2074
f 1511//1511 3019//3019 2301//2301
f 2074//2074 1173//1173 3020//3020
f 2848//2848 2302//2302 2514//2514
f 2751//2751 3020//3020 2302//2302
f 2514//2514 1810//1810 262//262
f 1813//1813 1049//1049 3021//3021
f 3022//3022 455//455 2303//2303
f 3022//3022 1176//1176 784//784
f 3023//3023 2523//2523 3614//3614
f 266//266 3026//3026 1818//1818
f 3621//3621 461//461 3477//3477
f 269//269 3028//3028 1825//1825
f 1829//1829 2753//2753 3029//3029
f 3030//3030 464//464 463//463
f 1188//1188 3030//3030 463//463
f 3030//3030 1188//1188 804//804
f 275//275 3032//3032 1837//1837
f 278//278 3033//3033 3034//3034
f 3033//3033 1514//1514 2306//2306
f 3034//3034 2306//2306 1515//1515
f 1514//1514 3035//3035 2304//2304
f 3035//3035 465//465 2755//2755
f 2304//2304 2755//2755 1056//1056
f 1515//1515 2305//2305 3036//3036
f 2305//2305 1056//1056 2759//2759
f 3036//3036 2759//2759 467//467
f 465//465 3037//3037 2754//2754
f 3037//3037 1516//1516 2309//2309
f 2754//2754 2309//2309 1054//1054
f 1516//1516 3038//3038 2307//2307
f 3038//3038 279//279 3039//3039
f 2307//2307 3039//3039 1517//1517
f 1054//1054 2308//2308 2756//2756
f 2308//2308 1517//1517 3040//3040
f 2756//2756 3040//3040 466//466
f 467//467 2758//2758 3041//3041
f 2758//2758 1055//1055 2312//2312
f 3041//3041 2312//2312 1519//1519
f 1055//1055 2757//2757 2310//2310
f 2757//2757 466//466 3042//3042
f 2310//2310 3042//3042 1518//1518
f 1519//1519 2311//2311 3044//3044
f 2311//2311 1518//1518 3043//3043
f 3044//3044 3043//3043 280//280
f 281//281 3045//3045 3046//3046
f 3045//3045 1520//1520 2315//2315
f 3046//3046 2315//2315 1521//1521
f 1520//1520 3047//3047 2313//2313
f 3047//3047 468//468 2761//2761
f 2313//2313 2761//2761 1059//1059
f 1521//1521 2314//2314 3048//3048
f 2314//2314 1059//1059 2765//2765
f 3048//3048 2765//2765 470//470
f 468//468 3049//3049 2760//2760
f 3049//3049 1522//1522 2318//2318
f 2760//2760 2318//2318 1057//1057
f 1522//1522 3050//3050 2316//2316
f 3050//3050 282//282 3051//3051
f 2316//2316 3051//3051 1523//1523
f 1057//1057 2317//2317 2762//2762
f 2317//2317 1523//1523 3052//3052
f 2762//2762 3052//3052 469//469
f 470//470 2764//2764 3053//3053
f 2764//2764 1058//1058 2321//2321
f 3053//3053 2321//2321 1525//1525
f 1058//1058 2763//2763 2319//2319
f 2763//2763 469//469 3054//3054
f 2319//2319 3054//3054 1524//1524
f 1525//1525 2320//2320 3056//3056
f 2320//2320 1524//1524 3055//3055
f 3056//3056 3055//3055 283//283
f 471//471 3057//3057 3358//3358
f 486//486 725//725 1149//1149
f 396//396 2738//2738 2791//2791
f 2738//2738 3060//3060 3647//3647
f 3059//3059 2890//2890 1399//1399
f 3647//3647 3059//3059 620//620
f 787//787 1399//1399 2890//2890
f 3059//3059 3647//3647 3060//3060
f 2890//2890 3059//3059 993//993
f 3061//3061 398//398 2737//2737
f 3062//3062 2737//2737 2017//2017
f 3061//3061 3062//3062 3063//3063
f 3062//3062 2017//2017 2792//2792
f 3063//3063 2792//2792 1106//1106
f 400//400 1662//1662 3506//3506
f 3434//3434 2793//2793 2897//2897
f 2793//2793 624//624 3064//3064
f 2897//2897 3064//3064 999//999
f 626//626 402//402 2022//2022
f 3065//3065 626//626 2794//2794
f 3065//3065 2794//2794 1110//1110
f 1669//1669 2594//2594 634//634
f 3436//3436 2795//2795 2903//2903
f 2795//2795 634//634 3066//3066
f 2903//2903 3066//3066 1010//1010
f 3067//3067 407//407 1479//1479
f 1115//1115 3068//3068 636//636
f 3070//3070 646//646 3071//3071
f 1118//1118 3071//3071 646//646
f 661//661 3072//3072 662//662
f 3072//3072 3487//3487 2392//2392
f 3073//3073 1689//1689 276//276
f 418//418 2895//2895 663//663
f 1034//1034 3540//3540 3483//3483
f 400//400 277//277 2395//2395
f 3072//3072 661//661 2048//2048
f 279//279 3085//3085 3086//3086
f 3085//3085 1696//1696 2406//2406
f 3086//3086 2406//2406 1697//1697
f 1696//1696 3087//3087 2404//2404
f 3087//3087 667//667 2802//2802
f 2404//2404 2802//2802 1127//1127
f 1697//1697 2405//2405 3088//3088
f 2405//2405 1127//1127 2806//2806
f 3088//3088 2806//2806 669//669
f 667//667 3089//3089 2801//2801
f 3089//3089 1698//1698 2409//2409
f 2801//2801 2409//2409 1125//1125
f 1698//1698 3090//3090 2407//2407
f 3090//3090 421//421 3091//3091
f 2407//2407 3091//3091 1699//1699
f 1125//1125 2408//2408 2803//2803
f 2408//2408 1699//1699 3092//3092
f 2803//2803 3092//3092 668//668
f 669//669 2805//2805 3093//3093
f 2805//2805 1126//1126 2412//2412
f 3093//3093 2412//2412 1701//1701
f 1126//1126 2804//2804 2410//2410
f 2804//2804 668//668 3094//3094
f 2410//2410 3094//3094 1700//1700
f 1701//1701 2411//2411 3096//3096
f 2411//2411 1700//1700 3095//3095
f 3096//3096 3095//3095 422//422
f 423//423 3097//3097 3098//3098
f 3097//3097 1702//1702 2415//2415
f 3098//3098 2415//2415 1703//1703
f 1702//1702 3099//3099 2413//2413
f 3099//3099 670//670 2808//2808
f 2413//2413 2808//2808 1130//1130
f 1703//1703 2414//2414 3100//3100
f 2414//2414 1130//1130 2812//2812
f 3100//3100 2812//2812 672//672
f 670//670 3101//3101 2807//2807
f 3101//3101 1704//1704 2418//2418
f 2807//2807 2418//2418 1128//1128
f 1704//1704 3102//3102 2416//2416
f 3102//3102 283//283 3103//3103
f 2416//2416 3103//3103 1705//1705
f 1128//1128 2417//2417 2809//2809
f 2417//2417 1705//1705 3104//3104
f 2809//2809 3104//3104 671//671
f 672//672 2811//2811 3105//3105
f 2811//2811 1129//1129 2421//2421
f 3105//3105 2421//2421 1707//1707
f 1129//1129 2810//2810 2419//2419
f 2810//2810 671//671 3106//3106
f 2419//2419 3106//3106 1706//1706
f 1707//1707 2420//2420 3108//3108
f 2420//2420 1706//1706 3107//3107
f 3108//3108 3107//3107 422//422
f 287//287 3109//3109 3110//3110
f 3109//3109 1708//1708 2424//2424
f 3110//3110 2424//2424 1709//1709
f 1708//1708 3111//3111 2422//2422
f 3111//3111 673//673 2814//2814
f 2422//2422 2814//2814 1133//1133
f 1709//1709 2423//2423 3112//3112
f 2423//2423 1133//1133 2818//2818
f 3112//3112 2818//2818 675//675
f 673//673 3113//3113 2813//2813
f 3113//3113 1710//1710 2427//2427
f 2813//2813 2427//2427 1131//1131
f 1710//1710 3114//3114 2425//2425
f 3114//3114 424//424 3115//3115
f 2425//2425 3115//3115 1711//1711
f 1131//1131 2426//2426 2815//2815
f 2426//2426 1711//1711 3116//3116
f 2815//2815 3116//3116 674//674
f 675//675 2817//2817 3117//3117
f 2817//2817 1132//1132 2430//2430
f 3117//3117 2430//2430 1713//1713
f 1132//1132 2816//2816 2428//2428
f 2816//2816 674//674 3118//3118
f 2428//2428 3118//3118 1712//1712
f 1713//1713 2429//2429 3120//3120
f 2429//2429 1712//1712 3119//3119
f 3120//3120 3119//3119 281//281
f 282//282 3121//3121 3122//3122
f 3121//3121 1714//1714 2433//2433
f 3122//3122 2433//2433 1715//1715
f 1714//1714 3123//3123 2431//2431
f 3123//3123 676//676 2820//2820
f 2431//2431 2820//2820 1136//1136
f 1715//1715 2432//2432 3124//3124
f 2432//2432 1136//1136 2824//2824
f 3124//3124 2824//2824 678//678
f 676//676 3125//3125 2819//2819
f 3125//3125 1716//1716 2436//2436
f 2819//2819 2436//2436 1134//1134
f 1716//1716 3126//3126 2434//2434
f 3126//3126 425//425 3127//3127
f 2434//2434 3127//3127 1717//1717
f 1134//1134 2435//2435 2821//2821
f 2435//2435 1717//1717 3128//3128
f 2821//2821 3128//3128 677//677
f 678//678 2823//2823 3129//3129
f 2823//2823 1135//1135 2439//2439
f 3129//3129 2439//2439 1719//1719
f 1135//1135 2822//2822 2437//2437
f 2822//2822 677//677 3130//3130
f 2437//2437 3130//3130 1718//1718
f 1719//1719 2438//2438 3132//3132
f 2438//2438 1718//1718 3131//3131
f 3132//3132 3131//3131 420//420
f 1476//1476 2440//2440 681//681
f 2444//2444 681//681 2440//2440
f 284//284 1479//1479 407//407
f 284//284 1720//1720 1479//1479
f 1481//1481 2274//2274 1721//1721
f 2274//2274 679//679 3133//3133
f 405//405 3133//3133 679//679
f 1722//1722 185//185 3681//3681
f 424//424 3137//3137 284//284
f 1720//1720 3137//3137 1724//1724
f 3724//3724 426//426 1484//1484
f 412//412 2446//2446 286//286
f 2447//2447 683//683 3358//3358
f 410//410 3138//3138 1528//1528
f 1726//1726 2448//2448 1725//1725
f 3138//3138 1725//1725 2448//2448
f 1726//1726 3057//3057 1526//1526
f 1528//1528 2322//2322 287//287
f 2322//2322 1528//1528 2448//2448
f 3627//3627 2445//2445 684//684
f 423//423 2449//2449 426//426
f 2449//2449 1727//1727 1484//1484
f 3002//3002 3255//3255 1487//1487
f 3255//3255 427//427 1487//1487
f 396//396 2453//2453 428//428
f 2453//2453 396//396 2452//2452
f 2742//2742 428//428 2453//2453
f 3140//3140 1728//1728 2601//2601
f 1728//1728 3140//3140 1729//1729
f 1046//1046 3140//3140 687//687
f 3196//3196 2739//2739 688//688
f 2454//2454 688//688 2739//2739
f 3141//3141 1730//1730 288//288
f 278//278 2455//2455 1487//1487
f 2455//2455 1731//1731 1487//1487
f 223//223 3646//3646 2457//2457
f 1069//1069 512//512 134//134
f 1557//1557 122//122 208//208
f 2458//2458 210//210 1742//1742
f 1884//1884 3578//3578 1883//1883
f 2470//2470 3265//3265 3364//3364
f 2128//2128 3364//3364 2471//2471
f 2485//2485 3266//3266 3369//3369
f 2134//2134 3369//3369 2486//2486
f 2500//2500 3267//3267 3374//3374
f 2140//2140 3374//3374 2501//2501
f 170//170 3143//3143 784//784
f 3143//3143 170//170 1140//1140
f 3143//3143 455//455 3022//3022
f 3696//3696 3145//3145 1174//1174
f 1174//1174 2893//2893 995//995
f 2893//2893 1174//1174 3145//3145
f 3200//3200 2894//2894 785//785
f 2894//2894 3200//3200 1812//1812
f 264//264 2148//2148 787//787
f 2148//2148 264//264 2590//2590
f 2303//2303 1813//1813 3609//3609
f 2148//2148 817//817 171//171
f 817//817 2148//2148 1175//1175
f 3614//3614 458//458 3203//3203
f 3146//3146 456//456 3023//3023
f 456//456 3146//3146 1177//1177
f 1177//1177 3146//3146 3520//3520
f 3206//3206 2901//2901 789//789
f 2901//2901 3206//3206 1814//1814
f 1178//1178 3277//3277 3024//3024
f 457//457 1512//1512 1003//1003
f 2595//2595 3720//3720 174//174
f 3621//3621 3652//3652 461//461
f 3147//3147 459//459 3027//3027
f 459//459 3147//3147 1181//1181
f 1181//1181 3147//3147 3589//3589
f 3211//3211 2905//2905 797//797
f 2905//2905 3211//3211 1821//1821
f 1182//1182 3279//3279 1183//1183
f 176//176 3030//3030 804//804
f 3030//3030 176//176 2120//2120
f 464//464 2120//2120 1137//1137
f 1137//1137 3148//3148 464//464
f 2753//2753 464//464 3148//3148
f 462//462 3149//3149 1186//1186
f 1186//1186 2911//2911 1023//1023
f 2911//2911 1186//1186 3149//3149
f 805//805 3150//3150 806//806
f 1828//1828 806//806 3150//3150
f 648//648 805//805 806//806
f 1187//1187 2149//2149 1188//1188
f 2752//2752 1829//1829 1026//1026
f 3151//3151 817//817 815//815
f 2122//2122 1143//1143 2530//2530
f 3152//3152 2530//2530 1843//1843
f 1143//1143 2829//2829 2528//2528
f 2829//2829 689//689 2852//2852
f 2528//2528 2852//2852 1195//1195
f 1843//1843 2529//2529 3153//3153
f 2529//2529 1195//1195 2856//2856
f 3153//3153 2856//2856 818//818
f 689//689 3142//3142 2851//2851
f 3142//3142 1731//1731 2533//2533
f 2851//2851 2533//2533 1193//1193
f 1731//1731 2455//2455 2531//2531
f 2455//2455 278//278 3034//3034
f 2531//2531 3034//3034 1515//1515
f 1193//1193 2532//2532 2853//2853
f 2532//2532 1515//1515 3036//3036
f 2853//2853 3036//3036 467//467
f 818//818 2855//2855 3154//3154
f 2855//2855 1194//1194 2536//2536
f 3154//3154 2536//2536 1844//1844
f 1194//1194 2854//2854 2534//2534
f 2854//2854 467//467 3041//3041
f 2534//2534 3041//3041 1519//1519
f 1844//1844 2535//2535 3155//3155
f 2535//2535 1519//1519 3044//3044
f 3155//3155 3044//3044 280//280
f 278//278 2743//2743 3033//3033
f 2743//2743 1845//1845 2539//2539
f 3033//3033 2539//2539 1514//1514
f 1845//1845 3156//3156 2537//2537
f 2537//2537 819//819 2857//2857
f 1514//1514 2538//2538 3035//3035
f 2538//2538 2857//2857 2860//2860
f 3035//3035 2860//2860 465//465
f 819//819 1494//1494 2155//2155
f 2155//2155 1494//1494 2541//2541
f 2540//2540 2277//2277 181//181
f 2541//2541 2540//2540 3690//3690
f 2858//2858 3629//3629 2935//2935
f 465//465 2859//2859 3037//3037
f 3037//3037 1196//1196 1516//1516
f 1516//1516 2858//2858 3038//3038
f 3038//3038 1846//1846 279//279
f 280//280 3043//3043 3157//3157
f 3043//3043 1518//1518 2544//2544
f 3157//3157 2544//2544 1847//1847
f 1518//1518 3042//3042 2542//2542
f 3042//3042 466//466 2862//2862
f 2542//2542 2862//2862 1199//1199
f 1847//1847 2543//2543 3158//3158
f 2543//2543 1199//1199 2866//2866
f 3158//3158 2866//2866 821//821
f 466//466 3040//3040 2861//2861
f 3040//3040 1517//1517 2547//2547
f 2861//2861 2547//2547 1197//1197
f 1517//1517 3039//3039 2545//2545
f 3039//3039 279//279 3159//3159
f 2545//2545 3159//3159 1848//1848
f 1197//1197 2546//2546 2863//2863
f 2546//2546 1848//1848 3160//3160
f 2863//2863 3160//3160 820//820
f 821//821 2865//2865 3439//3439
f 2865//2865 1198//1198 2550//2550
f 3439//3439 2550//2550 3469//3469
f 1198//1198 2864//2864 2548//2548
f 2864//2864 820//820 3161//3161
f 2548//2548 3161//3161 1849//1849
f 3469//3469 2549//2549 3440//3440
f 2549//2549 1849//1849 3162//3162
f 3440//3440 3162//3162 182//182
f 183//183 3163//3163 3164//3164
f 3163//3163 1850//1850 2553//2553
f 3164//3164 2553//2553 1851//1851
f 1850//1850 3165//3165 2551//2551
f 3165//3165 822//822 2868//2868
f 2551//2551 2868//2868 1202//1202
f 1851//1851 2552//2552 3166//3166
f 2552//2552 1202//1202 2872//2872
f 3166//3166 2872//2872 823//823
f 822//822 3167//3167 2867//2867
f 3167//3167 1852//1852 2556//2556
f 2867//2867 2556//2556 1200//1200
f 1852//1852 3168//3168 2554//2554
f 3168//3168 281//281 3046//3046
f 2554//2554 3046//3046 1521//1521
f 1200//1200 2555//2555 2869//2869
f 2555//2555 1521//1521 3048//3048
f 2869//2869 3048//3048 470//470
f 823//823 2871//2871 3169//3169
f 2871//2871 1201//1201 2559//2559
f 3169//3169 2559//2559 1853//1853
f 1201//1201 2870//2870 2557//2557
f 2870//2870 470//470 3053//3053
f 2557//2557 3053//3053 1525//1525
f 1853//1853 2558//2558 3170//3170
f 2558//2558 1525//1525 3056//3056
f 3170//3170 3056//3056 283//283
f 281//281 3171//3171 3045//3045
f 3171//3171 1854//1854 2562//2562
f 3045//3045 2562//2562 1520//1520
f 1854//1854 3172//3172 2560//2560
f 3172//3172 824//824 2874//2874
f 2560//2560 2874//2874 1205//1205
f 1520//1520 2561//2561 3047//3047
f 2561//2561 1205//1205 2878//2878
f 3047//3047 2878//2878 468//468
f 824//824 3173//3173 2873//2873
f 3173//3173 1855//1855 2565//2565
f 2873//2873 2565//2565 1203//1203
f 1855//1855 3174//3174 2563//2563
f 3174//3174 184//184 3175//3175
f 2563//2563 3175//3175 1856//1856
f 1203//1203 2564//2564 2875//2875
f 2564//2564 1856//1856 3176//3176
f 2875//2875 3176//3176 825//825
f 468//468 2877//2877 3049//3049
f 2877//2877 1204//1204 2568//2568
f 3049//3049 2568//2568 1522//1522
f 1204//1204 2876//2876 2566//2566
f 2876//2876 825//825 3177//3177
f 2566//2566 3177//3177 1857//1857
f 1522//1522 2567//2567 3050//3050
f 2567//2567 1857//1857 3178//3178
f 3050//3050 3178//3178 282//282
f 283//283 3055//3055 3179//3179
f 3055//3055 1524//1524 2571//2571
f 3179//3179 2571//2571 1858//1858
f 1524//1524 3054//3054 2569//2569
f 3054//3054 469//469 2880//2880
f 2569//2569 2880//2880 1208//1208
f 1858//1858 2570//2570 3180//3180
f 2570//2570 1208//1208 2884//2884
f 3180//3180 2884//2884 827//827
f 469//469 3052//3052 2879//2879
f 3052//3052 1523//1523 2574//2574
f 2879//2879 2574//2574 1206//1206
f 1523//1523 3051//3051 2572//2572
f 3051//3051 282//282 3181//3181
f 2572//2572 3181//3181 1859//1859
f 1206//1206 2573//2573 2881//2881
f 2573//2573 1859//1859 3182//3182
f 2881//2881 3182//3182 826//826
f 827//827 2883//2883 3183//3183
f 2883//2883 1207//1207 2577//2577
f 3183//3183 2577//2577 1861//1861
f 1207//1207 2882//2882 2575//2575
f 2882//2882 826//826 3184//3184
f 2575//2575 3184//3184 1860//1860
f 1861//1861 2576//2576 3186//3186
f 2576//2576 1860//1860 3185//3185
f 3186//3186 3185//3185 182//182
f 679//679 3187//3187 405//405
f 1723//1723 2885//2885 3533//3533
f 425//425 2579//2579 3187//3187
f 286//286 2735//2735 426//426
f 187//187 2581//2581 2120//2120
f 2581//2581 1137//1137 2120//2120
f 2581//2581 3588//3588 1137//1137
f 3588//3588 1863//1863 3188//3188
f 3189//3189 1864//1864 3661//3661
f 187//187 2582//2582 183//183
f 3191//3191 183//183 2582//2582
f 1210//1210 3191//3191 1865//1865
f 830//830 3330//3330 1045//1045
f 1485//1485 3330//3330 1865//1865
f 3192//3192 3630//3630 3193//3193
f 3194//3194 3193//3193 819//819
f 851//851 3058//3058 484//484
f 2323//2323 541//541 486//486
f 43//43 1225//1225 44//44
f 718//718 3197//3197 862//862
f 497//497 862//862 3197//3197
f 1066//1066 1741//1741 3679//3679
f 3727//3727 53//53 52//52
f 1893//1893 886//886 1892//1892
f 510//510 2584//2584 132//132
f 895//895 1899//1899 1247//1247
f 2584//2584 135//135 132//132
f 895//895 1900//1900 893//893
f 1146//1146 2585//2585 3//3
f 881//881 3606//3606 3004//3004
f 205//205 206//206 1920//1920
f 14//14 1922//1922 15//15
f 2172//2172 29//29 3686//3686
f 1936//1936 1935//1935 545//545
f 3622//3622 196//196 921//921
f 962//962 3392//3392 3504//3504
f 3504//3504 961//961 3284//3284
f 1264//1264 376//376 1568//1568
f 1968//1968 3391//3391 3380//3380
f 3332//3332 3380//3380 1570//1570
f 1568//1568 1969//1969 1567//1567
f 1567//1567 963//963 1266//1266
f 1266//1266 1970//1970 1265//1265
f 1265//1265 158//158 1750//1750
f 1081//1081 2179//2179 1569//1569
f 1569//1569 753//753 1752//1752
f 964//964 3389//3389 3285//3285
f 1268//1268 2326//2326 1267//1267
f 1267//1267 248//248 1755//1755
f 3388//3388 3451//3451 3381//3381
f 3388//3388 3381//3381 1756//1756
f 160//160 3388//3388 3362//3362
f 1750//1750 1972//1972 1749//1749
f 1749//1749 965//965 1270//1270
f 1270//1270 1973//1973 1269//1269
f 1269//1269 378//378 1572//1572
f 1154//1154 2180//2180 1751//1751
f 1751//1751 575//575 1574//1574
f 1572//1572 1974//1974 1571//1571
f 1571//1571 966//966 1272//1272
f 1272//1272 966//966 1975//1975
f 1271//1271 73//73 1834//1834
f 2181//2181 1834//1834 811//811
f 1082//1082 3286//3286 1573//1573
f 1573//1573 811//811 1833//1833
f 2329//2329 1833//1833 273//273
f 1496//1496 2330//2330 1753//1753
f 1753//1753 2768//2768 1274//1274
f 1274//1274 3333//3333 1273//1273
f 1273//1273 273//273 1831//1831
f 2182//2182 1831//1831 808//808
f 1155//1155 3287//3287 1754//1754
f 1754//1754 808//808 1830//1830
f 2463//2463 1830//1830 159//159
f 3385//3385 3450//3450 3382//3382
f 3385//3385 3382//3382 1276//1276
f 967//967 3385//3385 3288//3288
f 1276//1276 2466//2466 1275//1275
f 1275//1275 3005//3005 1576//1576
f 3335//3335 3449//3449 3383//3383
f 3335//3335 3383//3383 1578//1578
f 1576//1576 2464//2464 1575//1575
f 1575//1575 2831//2831 1278//1278
f 1278//1278 3361//3361 1277//1277
f 1277//1277 159//159 1680//1680
f 2183//2183 1277//1277 1680//1680
f 1083//1083 3289//3289 1577//1577
f 1577//1577 650//650 1678//1678
f 2332//2332 1577//1577 1678//1678
f 380//380 2333//2333 1976//1976
f 1976//1976 2769//2769 1280//1280
f 1280//1280 3334//3334 1279//1279
f 1279//1279 379//379 1422//1422
f 3384//3384 2184//2184 3474//3474
f 3281//3281 3384//3384 3474//3474
f 1282//1282 969//969 3444//3444
f 1281//1281 381//381 1580//1580
f 968//968 2185//2185 3290//3290
f 2185//2185 579//579 3448//3448
f 1580//1580 1980//1980 1579//1579
f 1579//1579 970//970 1284//1284
f 1284//1284 1981//1981 1283//1283
f 1283//1283 161//161 1758//1758
f 1084//1084 2186//2186 1581//1581
f 1581//1581 757//757 1760//1760
f 3336//3336 2770//2770 3449//3449
f 1286//1286 2335//2335 1285//1285
f 1285//1285 250//250 1763//1763
f 3291//3291 759//759 3450//3450
f 1758//1758 1982//1982 1757//1757
f 1757//1757 971//971 1288//1288
f 1288//1288 1983//1983 1287//1287
f 1287//1287 382//382 1584//1584
f 1157//1157 2187//2187 1759//1759
f 1759//1759 581//581 1586//1586
f 1584//1584 1984//1984 1583//1583
f 1583//1583 972//972 1290//1290
f 1290//1290 1985//1985 1289//1289
f 1289//1289 70//70 1964//1964
f 2188//2188 1964//1964 955//955
f 1085//1085 3292//3292 1585//1585
f 1585//1585 955//955 1963//1963
f 2337//2337 1963//1963 373//373
f 1498//1498 2338//2338 3516//3516
f 1761//1761 3516//3516 1292//1292
f 3337//3337 2337//2337 3386//3386
f 1291//1291 3386//3386 3272//3272
f 1762//1762 3387//3387 954//954
f 1762//1762 1962//1962 156//156
f 3365//3365 2834//2834 3451//3451
f 1294//1294 2473//2473 1293//1293
f 1293//1293 3007//3007 1588//1588
f 3293//3293 583//583 3452//3452
f 1588//1588 2471//2471 1587//1587
f 1587//1587 3364//3364 1295//1295
f 1295//1295 3265//3265 2587//2587
f 2587//2587 156//156 1961//1961
f 2189//2189 2587//2587 1961//1961
f 1086//1086 3294//3294 1589//1589
f 1589//1589 953//953 1960//1960
f 2340//2340 1960//1960 371//371
f 1297//1297 3338//3338 1296//1296
f 1296//1296 371//371 1959//1959
f 2190//2190 1959//1959 951//951
f 1965//1965 1966//1966 69//69
f 3406//3406 3295//3295 3306//3306
f 1299//1299 972//972 3295//3295
f 1298//1298 382//382 1592//1592
f 3339//3339 3404//3404 3393//3393
f 1592//1592 1983//1983 1591//1591
f 1591//1591 971//971 1301//1301
f 1301//1301 1982//1982 1300//1300
f 1300//1300 161//161 1766//1766
f 1087//1087 2192//2192 1593//1593
f 1593//1593 761//761 1768//1768
f 973//973 3403//3403 3296//3296
f 1303//1303 2343//2343 1302//1302
f 1302//1302 252//252 1771//1771
f 3402//3402 3456//3456 3394//3394
f 3402//3402 3394//3394 1772//1772
f 163//163 3402//3402 3367//3367
f 1766//1766 1981//1981 1765//1765
f 1765//1765 970//970 1305//1305
f 1305//1305 1980//1980 1304//1304
f 1304//1304 381//381 1596//1596
f 1159//1159 2193//2193 1767//1767
f 1767//1767 587//587 1598//1598
f 1596//1596 1979//1979 1595//1595
f 1595//1595 969//969 1307//1307
f 1307//1307 1978//1978 1306//1306
f 1306//1306 74//74 1839//1839
f 2194//2194 1839//1839 816//816
f 1088//1088 3297//3297 1597//1597
f 1597//1597 816//816 1838//1838
f 2346//2346 1838//1838 275//275
f 1500//1500 2347//2347 1769//1769
f 1769//1769 2774//2774 1309//1309
f 1309//1309 3340//3340 1308//1308
f 1308//1308 275//275 1836//1836
f 2195//2195 1836//1836 813//813
f 1160//1160 3298//3298 1770//1770
f 1770//1770 813//813 1835//1835
f 2478//2478 1835//1835 162//162
f 3398//3398 3455//3455 3395//3395
f 3398//3398 3395//3395 1311//1311
f 974//974 3398//3398 3299//3299
f 1311//1311 2481//2481 1310//1310
f 1310//1310 3009//3009 1600//1600
f 3342//3342 3454//3454 3396//3396
f 3342//3342 3396//3396 1602//1602
f 1600//1600 2479//2479 1599//1599
f 1599//1599 2836//2836 1313//1313
f 1313//1313 3366//3366 1312//1312
f 1312//1312 162//162 1686//1686
f 2196//2196 1686//1686 654//654
f 1089//1089 3300//3300 1601//1601
f 1601//1601 654//654 1684//1684
f 2349//2349 1601//1601 1684//1684
f 385//385 2350//2350 1987//1987
f 1987//1987 2775//2775 1315//1315
f 1315//1315 3341//3341 1314//1314
f 1314//1314 384//384 1426//1426
f 3397//3397 2197//2197 3475//3475
f 1988//1988 3475//3475 3276//3276
f 1317//1317 976//976 3445//3445
f 1316//1316 386//386 1604//1604
f 975//975 2198//2198 3301//3301
f 2198//2198 591//591 3453//3453
f 1604//1604 1991//1991 1603//1603
f 1603//1603 977//977 1319//1319
f 1319//1319 1992//1992 1318//1318
f 1318//1318 164//164 1774//1774
f 1090//1090 2199//2199 1605//1605
f 1605//1605 765//765 1776//1776
f 3343//3343 2776//2776 3454//3454
f 1321//1321 2352//2352 1320//1320
f 1320//1320 254//254 1779//1779
f 3302//3302 767//767 3455//3455
f 1774//1774 1993//1993 1773//1773
f 1773//1773 978//978 1323//1323
f 1323//1323 1994//1994 1322//1322
f 1322//1322 387//387 1608//1608
f 1162//1162 2200//2200 1775//1775
f 1775//1775 593//593 1609//1609
f 1608//1608 1995//1995 1607//1607
f 1607//1607 979//979 1325//1325
f 1325//1325 1996//1996 1324//1324
f 1324//1324 71//71 1950//1950
f 2201//2201 1950//1950 932//932
f 3303//3303 2201//2201 3399//3399
f 3399//3399 932//932 1949//1949
f 1502//1502 2355//2355 3517//3517
f 1777//1777 3517//3517 3583//3583
f 1326//1326 3261//3261 3270//3270
f 1778//1778 931//931 1948//1948
f 1778//1778 1948//1948 150//150
f 3370//3370 2839//2839 3456//3456
f 1328//1328 2488//2488 1327//1327
f 1327//1327 3011//3011 1611//1611
f 3304//3304 595//595 3457//3457
f 1611//1611 2486//2486 1610//1610
f 1610//1610 3369//3369 1329//1329
f 1329//1329 3266//3266 2588//2588
f 2588//2588 150//150 1947//1947
f 2202//2202 2588//2588 1947//1947
f 1092//1092 3305//3305 1612//1612
f 1612//1612 930//930 1946//1946
f 2357//2357 1946//1946 359//359
f 1331//1331 3344//3344 1330//1330
f 1330//1330 359//359 1945//1945
f 3508//3508 1330//1330 1945//1945
f 1333//1333 979//979 3307//3307
f 1332//1332 387//387 1615//1615
f 3345//3345 3419//3419 3408//3408
f 3345//3345 3408//3408 1617//1617
f 1615//1615 1994//1994 1614//1614
f 1614//1614 978//978 1335//1335
f 1335//1335 1993//1993 1334//1334
f 1334//1334 164//164 1782//1782
f 1093//1093 2204//2204 1616//1616
f 1616//1616 769//769 1784//1784
f 980//980 3418//3418 3308//3308
f 1337//1337 2360//2360 1336//1336
f 1336//1336 256//256 1787//1787
f 3417//3417 3461//3461 3409//3409
f 3417//3417 3409//3409 1788//1788
f 166//166 3417//3417 3372//3372
f 1782//1782 1992//1992 1781//1781
f 1781//1781 977//977 1339//1339
f 1339//1339 1991//1991 1338//1338
f 1338//1338 386//386 1619//1619
f 1164//1164 2205//2205 1783//1783
f 1783//1783 599//599 1621//1621
f 1619//1619 1990//1990 1618//1618
f 1618//1618 976//976 1341//1341
f 1341//1341 1989//1989 1340//1340
f 1340//1340 75//75 1820//1820
f 2206//2206 1820//1820 794//794
f 1094//1094 3309//3309 1620//1620
f 1620//1620 794//794 1819//1819
f 2363//2363 1819//1819 266//266
f 1504//1504 2364//2364 1785//1785
f 1785//1785 2780//2780 1343//1343
f 1343//1343 3346//3346 1342//1342
f 1342//1342 266//266 1817//1817
f 2207//2207 1817//1817 792//792
f 1165//1165 3310//3310 1786//1786
f 1786//1786 792//792 1816//1816
f 2493//2493 1816//1816 165//165
f 3413//3413 3460//3460 3410//3410
f 3413//3413 3410//3410 1345//1345
f 981//981 3413//3413 3311//3311
f 1345//1345 2496//2496 1344//1344
f 1344//1344 3013//3013 1623//1623
f 3348//3348 3459//3459 3411//3411
f 3348//3348 3411//3411 1625//1625
f 1623//1623 2494//2494 1622//1622
f 1622//1622 2841//2841 1347//1347
f 1347//1347 3371//3371 1346//1346
f 1346//1346 165//165 1665//1665
f 2208//2208 1346//1346 1665//1665
f 1095//1095 3312//3312 1624//1624
f 1624//1624 629//629 1664//1664
f 2366//2366 1624//1624 1664//1664
f 390//390 2367//2367 1998//1998
f 1998//1998 2781//2781 1349//1349
f 1349//1349 3347//3347 1348//1348
f 1348//1348 389//389 1406//1406
f 3412//3412 2209//2209 3471//3471
f 3278//3278 3412//3412 3471//3471
f 1351//1351 983//983 3446//3446
f 1350//1350 391//391 1627//1627
f 982//982 2210//2210 3313//3313
f 2210//2210 603//603 3458//3458
f 1627//1627 2002//2002 1626//1626
f 1626//1626 984//984 1353//1353
f 1353//1353 2003//2003 1352//1352
f 1352//1352 167//167 1790//1790
f 1096//1096 2211//2211 1628//1628
f 1628//1628 773//773 1792//1792
f 3349//3349 2782//2782 3459//3459
f 1355//1355 2369//2369 1354//1354
f 1354//1354 258//258 1795//1795
f 3314//3314 775//775 3460//3460
f 1790//1790 2004//2004 1789//1789
f 1789//1789 985//985 1357//1357
f 1357//1357 2005//2005 1356//1356
f 1356//1356 392//392 1631//1631
f 1167//1167 2212//2212 1791//1791
f 1791//1791 605//605 1632//1632
f 1631//1631 2006//2006 1630//1630
f 1630//1630 986//986 1359//1359
f 1359//1359 986//986 2007//2007
f 1358//1358 72//72 1957//1957
f 2213//2213 1957//1957 949//949
f 3315//3315 2213//2213 3414//3414
f 3414//3414 949//949 1956//1956
f 1506//1506 2372//2372 3518//3518
f 1793//1793 3518//3518 3584//3584
f 1360//1360 3262//3262 3271//3271
f 1794//1794 948//948 1955//1955
f 1794//1794 1955//1955 155//155
f 3375//3375 2844//2844 3461//3461
f 1362//1362 2503//2503 1361//1361
f 1361//1361 3015//3015 1634//1634
f 3316//3316 607//607 3462//3462
f 1634//1634 2501//2501 1633//1633
f 1633//1633 3374//3374 1363//1363
f 1363//1363 3267//3267 2589//2589
f 2589//2589 155//155 1954//1954
f 2214//2214 2589//2589 1954//1954
f 1098//1098 3317//3317 1635//1635
f 1635//1635 947//947 1953//1953
f 2374//2374 1953//1953 369//369
f 1365//1365 3350//3350 1364//1364
f 1364//1364 369//369 1952//1952
f 3509//3509 1952//1952 946//946
f 987//987 3433//3433 3505//3505
f 3505//3505 986//986 3318//3318
f 1366//1366 392//392 1638//1638
f 3351//3351 3432//3432 3423//3423
f 3351//3351 3423//3423 1640//1640
f 1638//1638 2005//2005 1637//1637
f 1637//1637 985//985 1368//1368
f 1368//1368 2004//2004 1367//1367
f 1367//1367 167//167 1798//1798
f 1099//1099 2216//2216 1639//1639
f 1639//1639 777//777 1800//1800
f 988//988 3431//3431 3319//3319
f 1370//1370 2377//2377 1369//1369
f 1369//1369 260//260 1803//1803
f 3430//3430 3466//3466 3424//3424
f 3430//3430 3424//3424 1804//1804
f 169//169 3430//3430 3377//3377
f 1798//1798 2003//2003 1797//1797
f 1797//1797 984//984 1372//1372
f 1372//1372 2002//2002 1371//1371
f 1371//1371 391//391 1642//1642
f 1169//1169 2217//2217 1799//1799
f 1799//1799 611//611 1644//1644
f 1642//1642 2001//2001 1641//1641
f 1641//1641 983//983 1374//1374
f 1374//1374 2000//2000 1373//1373
f 1373//1373 76//76 1827//1827
f 2218//2218 1827//1827 802//802
f 1100//1100 3320//3320 1643//1643
f 1643//1643 802//802 1826//1826
f 2380//2380 1826//1826 269//269
f 1508//1508 2381//2381 1801//1801
f 1801//1801 2786//2786 1376//1376
f 1376//1376 3352//3352 1375//1375
f 1375//1375 269//269 1824//1824
f 2219//2219 1824//1824 800//800
f 1170//1170 3321//3321 1802//1802
f 1802//1802 800//800 1823//1823
f 2508//2508 1823//1823 168//168
f 3428//3428 3465//3465 3425//3425
f 3428//3428 3425//3425 1378//1378
f 989//989 3428//3428 3322//3322
f 1378//1378 2511//2511 1377//1377
f 1377//1377 3017//3017 1646//1646
f 3354//3354 3464//3464 3426//3426
f 3354//3354 3426//3426 1648//1648
f 1646//1646 2509//2509 1645//1645
f 1645//1645 2846//2846 1380//1380
f 1380//1380 3376//3376 1379//1379
f 1379//1379 168//168 1672//1672
f 2220//2220 1379//1379 1672//1672
f 1101//1101 3323//3323 1647//1647
f 1647//1647 639//639 1671//1671
f 2383//2383 1647//1647 1671//1671
f 395//395 2384//2384 2011//2011
f 2011//2011 2787//2787 1382//1382
f 1382//1382 3353//3353 1381//1381
f 1381//1381 394//394 1414//1414
f 3427//3427 2221//2221 3473//3473
f 3280//3280 3427//3427 3473//3473
f 1384//1384 966//966 3447//3447
f 1383//1383 378//378 1650//1650
f 990//990 2222//2222 3324//3324
f 2222//2222 615//615 3463//3463
f 1650//1650 1973//1973 1649//1649
f 1649//1649 965//965 1386//1386
f 1386//1386 1972//1972 1385//1385
f 1385//1385 158//158 1806//1806
f 1102//1102 2223//2223 1651//1651
f 1651//1651 781//781 1808//1808
f 3355//3355 2788//2788 3464//3464
f 1388//1388 2386//2386 1387//1387
f 1387//1387 262//262 1810//1810
f 3325//3325 783//783 3465//3465
f 1806//1806 1970//1970 1805//1805
f 1805//1805 963//963 1390//1390
f 1390//1390 1969//1969 1389//1389
f 1389//1389 376//376 1654//1654
f 1172//1172 2224//2224 1807//1807
f 1807//1807 617//617 1656//1656
f 1654//1654 1967//1967 1653//1653
f 1653//1653 961//961 1391//1391
f 3539//3539 69//69 1943//1943
f 2225//2225 1943//1943 927//927
f 1103//1103 3326//3326 1655//1655
f 1655//1655 927//927 1942//1942
f 3356//3356 1942//1942 3260//3260
f 1510//1510 2388//2388 1809//1809
f 1809//1809 2789//2789 1392//1392
f 3379//3379 2850//2850 3466//3466
f 1394//1394 2518//2518 1393//1393
f 1393//1393 3019//3019 1658//1658
f 3327//3327 619//619 3467//3467
f 1658//1658 2516//2516 1657//1657
f 1657//1657 2849//2849 1396//1396
f 1396//1396 3378//3378 1395//1395
f 1395//1395 145//145 1940//1940
f 2226//2226 1395//1395 1940//1940
f 1104//1104 3328//3328 1659//1659
f 1659//1659 925//925 1939//1939
f 2390//2390 1939//1939 357//357
f 1398//1398 3357//3357 1397//1397
f 1397//1397 357//357 1938//1938
f 2227//2227 1938//1938 924//924
f 2601//2601 991//991 687//687
f 784//784 3198//3198 170//170
f 3198//3198 784//784 2590//2590
f 994//994 2791//2791 3647//3647
f 1140//1140 3470//3470 455//455
f 2828//2828 686//686 2892//2892
f 3144//3144 2892//2892 263//263
f 996//996 1488//1488 3658//3658
f 995//995 398//398 3061//3061
f 1106//1106 1812//1812 3063//3063
f 3200//3200 3063//3063 1812//1812
f 2894//2894 3201//3201 1107//1107
f 1107//1107 3201//3201 3276//3276
f 1403//1403 2592//2592 2591//2591
f 401//401 1403//1403 3506//3506
f 624//624 1432//1432 3064//3064
f 999//999 3064//3064 1432//1432
f 3025//3025 3202//3202 172//172
f 791//791 2228//2228 2522//2522
f 265//265 3203//3203 662//662
f 1841//1841 662//662 3203//3203
f 1689//1689 3204//3204 2899//2899
f 2899//2899 3146//3146 265//265
f 1001//1001 3590//3590 402//402
f 458//458 788//788 3203//3203
f 1108//1108 2794//2794 3519//3519
f 2900//2900 1001//1001 3206//3206
f 1110//1110 1814//1814 3065//3065
f 3206//3206 3065//3065 1814//1814
f 2901//2901 3207//3207 1111//1111
f 1111//1111 3207//3207 3278//3278
f 3201//3201 2894//2894 997//997
f 2105//2105 2019//2019 1122//1122
f 3208//3208 1009//1009 2034//2034
f 1009//1009 3208//3208 1008//1008
f 635//635 3133//3133 405//405
f 1412//1412 2596//2596 2593//2593
f 634//634 2026//2026 3066//3066
f 1010//1010 3066//3066 2026//2026
f 799//799 2230//2230 2525//2525
f 3621//3621 1480//1480 3652//3652
f 2168//2168 3652//3652 1480//1480
f 2904//2904 3210//3210 268//268
f 2728//2728 3589//3589 3210//3210
f 268//268 1051//1051 1012//1012
f 1479//1479 3478//3478 3067//3067
f 636//636 2997//2997 3437//3437
f 1013//1013 2030//2030 3329//3329
f 796//796 3472//3472 3211//3211
f 1115//1115 1821//1821 3068//3068
f 3211//3211 3068//3068 1821//1821
f 2905//2905 3212//3212 1116//1116
f 1116//1116 3212//3212 3280//3280
f 3207//3207 2901//2901 1005//1005
f 1420//1420 2600//2600 2597//2597
f 411//411 1420//1420 645//645
f 2907//2907 3213//3213 1021//1021
f 804//804 3214//3214 176//176
f 3268//3268 177//177 272//272
f 1023//1023 2446//2446 412//412
f 2446//2446 1023//1023 2910//2910
f 1137//1137 2825//2825 3148//3148
f 2825//2825 682//682 2909//2909
f 3148//3148 2909//2909 271//271
f 646//646 3215//3215 3216//3216
f 3215//3215 646//646 2038//2038
f 1025//1025 2599//2599 3217//3217
f 2599//2599 1024//1024 3217//3217
f 3218//3218 3217//3217 77//77
f 1023//1023 412//412 2912//2912
f 2598//2598 2912//2912 412//412
f 805//805 2912//2912 3150//3150
f 2912//2912 3070//3070 3150//3150
f 1677//1677 1828//1828 3071//3071
f 3150//3150 3071//3071 1828//1828
f 3212//3212 2905//2905 1017//1017
f 1030//1030 652//652 1424//1424
f 2452//2452 396//396 621//621
f 2014//2014 2452//2452 621//621
f 2452//2452 2014//2014 1728//1728
f 2121//2121 1141//1141 3218//3218
f 1025//1025 3218//3218 1141//1141
f 3523//3523 2049//2049 3490//3490
f 3228//3228 2231//2231 3490//3490
f 1430//1430 3205//3205 2022//2022
f 2022//2022 3642//3642 1430//1430
f 2603//2603 3695//3695 1690//1690
f 3202//3202 2020//2020 1840//1840
f 663//663 3220//3220 418//418
f 277//277 3481//3481 1035//1035
f 3481//3481 277//277 3695//3695
f 3220//3220 3479//3479 2046//2046
f 1034//1034 3483//3483 2047//2047
f 1434//1434 3482//3482 3223//3223
f 417//417 276//276 3488//3488
f 3488//3488 1036//1036 417//417
f 661//661 3719//3719 2048//2048
f 3229//3229 3228//3228 3541//3541
f 2049//2049 3489//3489 2604//2604
f 3542//3542 3227//3227 2914//2914
f 2050//2050 2606//2606 3230//3230
f 2605//2605 2604//2604 3543//3543
f 3230//3230 2605//2605 1037//1037
f 3488//3488 3226//3226 3544//3544
f 3545//3545 3486//3486 3075//3075
f 1435//1435 2609//2609 3546//3546
f 2608//2608 2607//2607 3077//3077
f 2915//2915 2608//2608 666//666
f 1037//1037 2918//2918 3231//3231
f 2917//2917 2233//2233 3524//3524
f 2916//2916 2915//2915 3081//3081
f 2610//2610 2916//2916 1695//1695
f 2051//2051 2917//2917 3723//3723
f 2611//2611 2610//2610 3547//3547
f 3232//3232 2611//2611 420//420
f 419//419 3485//3485 3074//3074
f 3485//3485 3224//3224 3548//3548
f 3223//3223 3482//3482 2919//2919
f 3562//3562 1035//1035 3551//3551
f 3222//3222 3480//3480 3550//3550
f 2046//2046 3479//3479 2614//2614
f 2614//2614 3479//3479 3575//3575
f 2615//2615 2614//2614 3153//3153
f 2920//2920 2615//2615 818//818
f 3592//3592 2922//2922 1693//1693
f 2921//2921 2920//2920 3154//3154
f 2616//2616 2921//2921 1844//1844
f 1693//1693 2618//2618 3553//3553
f 2617//2617 2616//2616 3155//3155
f 3079//3079 2617//2617 280//280
f 420//420 3084//3084 3233//3233
f 3083//3083 2402//2402 3554//3554
f 3233//3233 3083//3083 2052//2052
f 3082//3082 2798//2798 2925//2925
f 2619//2619 3082//3082 1440//1440
f 2052//2052 2621//2621 3234//3234
f 2620//2620 2619//2619 3556//3556
f 3234//3234 2620//2620 1038//1038
f 3080//3080 3079//3079 3157//3157
f 2622//2622 3080//3080 1847//1847
f 1438//1438 2624//2624 3557//3557
f 2623//2623 2622//2622 3158//3158
f 1038//1038 2927//2927 3235//3235
f 3235//3235 2926//2926 2053//2053
f 1439//1439 2238//2238 2625//2625
f 2625//2625 3565//3565 3469//3469
f 3236//3236 2627//2627 2626//2626
f 2626//2626 3469//3469 3440//3440
f 3236//3236 3440//3440 182//182
f 182//182 3162//3162 3237//3237
f 3162//3162 1849//1849 2630//2630
f 3237//3237 2630//2630 2054//2054
f 1849//1849 3161//3161 2628//2628
f 3161//3161 820//820 2929//2929
f 2628//2628 2929//2929 1443//1443
f 2054//2054 2629//2629 3238//3238
f 2629//2629 1443//1443 2933//2933
f 3238//3238 2933//2933 1039//1039
f 820//820 3160//3160 2928//2928
f 3160//3160 1848//1848 2633//2633
f 2928//2928 2633//2633 1441//1441
f 1848//1848 3159//3159 2631//2631
f 3159//3159 279//279 3086//3086
f 2631//2631 3086//3086 1697//1697
f 1441//1441 2632//2632 2930//2930
f 2632//2632 1697//1697 3088//3088
f 2930//2930 3088//3088 669//669
f 1039//1039 2932//2932 3239//3239
f 2932//2932 1442//1442 2636//2636
f 3239//3239 2636//2636 2055//2055
f 1442//1442 2931//2931 2634//2634
f 2931//2931 669//669 3093//3093
f 2634//2634 3093//3093 1701//1701
f 2055//2055 2635//2635 3240//3240
f 2635//2635 1701//1701 3096//3096
f 3240//3240 3096//3096 422//422
f 3085//3085 1846//1846 2637//2637
f 3085//3085 2637//2637 1696//1696
f 1846//1846 2858//2858 2637//2637
f 1696//1696 2638//2638 3087//3087
f 3087//3087 2937//2937 667//667
f 3685//3685 1142//1142 688//688
f 667//667 2936//2936 3089//3089
f 3089//3089 1445//1445 1698//1698
f 2454//2454 1445//1445 688//688
f 1698//1698 2639//2639 3090//3090
f 2639//2639 1730//1730 3141//3141
f 3090//3090 3141//3141 421//421
f 422//422 3095//3095 3241//3241
f 3095//3095 1700//1700 2642//2642
f 3241//3241 2642//2642 2056//2056
f 1700//1700 3094//3094 2640//2640
f 3094//3094 668//668 2939//2939
f 2640//2640 2939//2939 1448//1448
f 2056//2056 2641//2641 3242//3242
f 2641//2641 1448//1448 2943//2943
f 3242//3242 2943//2943 1041//1041
f 668//668 3092//3092 2938//2938
f 3092//3092 1699//1699 2645//2645
f 2938//2938 2645//2645 1446//1446
f 1699//1699 3091//3091 2643//2643
f 3091//3091 421//421 3243//3243
f 2643//2643 3243//3243 2057//2057
f 1446//1446 2644//2644 2940//2940
f 2644//2644 2057//2057 3244//3244
f 2940//2940 3244//3244 1040//1040
f 1041//1041 2942//2942 3245//3245
f 2942//2942 1447//1447 2648//2648
f 3245//3245 2648//2648 2058//2058
f 1447//1447 2941//2941 2646//2646
f 2941//2941 1040//1040 3003//3003
f 2646//2646 3003//3003 1493//1493
f 1493//1493 3594//3594 2647//2647
f 2647//2647 2650//2650 2058//2058
f 1139//1139 2827//2827 2650//2650
f 2827//2827 684//684 2945//2945
f 2649//2649 2945//2945 1451//1451
f 684//684 3139//3139 2944//2944
f 3139//3139 1727//1727 2653//2653
f 2944//2944 2653//2653 1449//1449
f 1727//1727 2449//2449 2651//2651
f 2449//2449 423//423 3098//3098
f 2651//2651 3098//3098 1703//1703
f 1449//1449 2652//2652 2946//2946
f 2652//2652 1703//1703 3100//3100
f 2946//2946 3100//3100 672//672
f 1450//1450 2947//2947 2654//2654
f 2947//2947 672//672 3105//3105
f 2654//2654 3105//3105 1707//1707
f 2056//2056 2655//2655 3241//3241
f 2655//2655 1707//1707 3108//3108
f 3241//3241 3108//3108 422//422
f 423//423 2735//2735 3097//3097
f 2735//2735 2059//2059 2658//2658
f 3097//3097 2658//2658 1702//1702
f 2059//2059 3246//3246 2656//2656
f 3246//3246 1042//1042 2949//2949
f 2656//2656 2949//2949 1454//1454
f 1702//1702 2657//2657 3099//3099
f 2657//2657 1454//1454 2953//2953
f 3099//3099 2953//2953 670//670
f 1042//1042 3001//3001 2948//2948
f 3001//3001 1486//1486 2661//2661
f 2948//2948 2661//2661 1452//1452
f 1486//1486 2276//2276 2659//2659
f 2276//2276 183//183 3164//3164
f 2659//2659 3164//3164 1851//1851
f 1452//1452 2660//2660 2950//2950
f 2660//2660 1851//1851 3166//3166
f 2950//2950 3166//3166 823//823
f 670//670 2952//2952 3101//3101
f 2952//2952 1453//1453 2664//2664
f 3101//3101 2664//2664 1704//1704
f 1453//1453 2951//2951 2662//2662
f 2951//2951 823//823 3169//3169
f 2662//2662 3169//3169 1853//1853
f 1704//1704 2663//2663 3102//3102
f 2663//2663 1853//1853 3170//3170
f 3102//3102 3170//3170 283//283
f 422//422 3107//3107 3240//3240
f 3107//3107 1706//1706 2667//2667
f 3240//3240 2667//2667 2055//2055
f 1706//1706 3106//3106 2665//2665
f 3106//3106 671//671 2955//2955
f 2665//2665 2955//2955 1457//1457
f 2055//2055 2666//2666 3239//3239
f 2666//2666 1457//1457 2959//2959
f 3239//3239 2959//2959 1039//1039
f 671//671 3104//3104 2954//2954
f 3104//3104 1705//1705 2670//2670
f 2954//2954 2670//2670 1455//1455
f 1705//1705 3103//3103 2668//2668
f 3103//3103 283//283 3179//3179
f 2668//2668 3179//3179 1858//1858
f 1455//1455 2669//2669 2956//2956
f 2669//2669 1858//1858 3180//3180
f 2956//2956 3180//3180 827//827
f 1039//1039 2958//2958 3238//3238
f 2958//2958 1456//1456 2673//2673
f 3238//3238 2673//2673 2054//2054
f 1456//1456 2957//2957 2671//2671
f 2957//2957 827//827 3183//3183
f 2671//2671 3183//3183 1861//1861
f 2054//2054 2672//2672 3237//3237
f 2672//2672 1861//1861 3186//3186
f 3237//3237 3186//3186 182//182
f 183//183 3191//3191 3163//3163
f 3191//3191 1210//1210 2676//2676
f 3163//3163 2676//2676 1850//1850
f 1210//1210 2886//2886 2674//2674
f 2886//2886 830//830 2961//2961
f 2674//2674 2961//2961 1460//1460
f 1850//1850 2675//2675 3165//3165
f 2675//2675 1460//1460 2965//2965
f 3165//3165 2965//2965 822//822
f 830//830 3190//3190 2960//2960
f 3190//3190 1864//1864 2679//2679
f 2960//2960 2679//2679 1458//1458
f 1864//1864 3189//3189 2677//2677
f 3189//3189 287//287 3110//3110
f 2677//2677 3110//3110 1709//1709
f 1458//1458 2678//2678 2962//2962
f 2678//2678 1709//1709 3112//3112
f 2962//2962 3112//3112 675//675
f 822//822 2964//2964 3167//3167
f 2964//2964 1459//1459 2682//2682
f 3167//3167 2682//2682 1852//1852
f 1459//1459 2963//2963 2680//2680
f 2963//2963 675//675 3117//3117
f 2680//2680 3117//3117 1713//1713
f 1852//1852 2681//2681 3168//3168
f 2681//2681 1713//1713 3120//3120
f 3168//3168 3120//3120 281//281
f 287//287 2322//2322 3109//3109
f 2322//2322 1526//1526 2685//2685
f 3109//3109 2685//2685 1708//1708
f 1526//1526 3057//3057 2683//2683
f 3057//3057 471//471 2967//2967
f 2683//2683 2967//2967 1463//1463
f 1708//1708 2684//2684 3111//3111
f 2684//2684 1463//1463 2971//2971
f 3111//3111 2971//2971 673//673
f 471//471 2766//2766 2966//2966
f 2766//2766 1060//1060 2688//2688
f 2966//2966 2688//2688 1461//1461
f 1060//1060 3728//3728 2686//2686
f 1461//1461 2687//2687 2968//2968
f 2687//2687 1477//1477 2996//2996
f 2968//2968 2996//2996 681//681
f 673//673 2970//2970 3113//3113
f 2970//2970 1462//1462 2691//2691
f 3113//3113 2691//2691 1710//1710
f 1462//1462 2969//2969 2689//2689
f 2969//2969 681//681 2444//2444
f 2689//2689 2444//2444 1724//1724
f 1710//1710 2690//2690 3114//3114
f 2690//2690 1724//1724 3137//3137
f 3114//3114 3137//3137 424//424
f 281//281 3119//3119 3171//3171
f 3119//3119 1712//1712 2694//2694
f 3171//3171 2694//2694 1854//1854
f 1712//1712 3118//3118 2692//2692
f 3118//3118 674//674 2973//2973
f 2692//2692 2973//2973 1466//1466
f 1854//1854 2693//2693 3172//3172
f 2693//2693 1466//1466 2977//2977
f 3172//3172 2977//2977 824//824
f 674//674 3116//3116 2972//2972
f 3116//3116 1711//1711 2697//2697
f 2972//2972 2697//2697 1464//1464
f 1711//1711 3115//3115 2695//2695
f 3115//3115 424//424 3247//3247
f 2695//2695 3247//3247 2060//2060
f 1464//1464 2696//2696 2974//2974
f 2696//2696 2060//2060 2731//2731
f 2974//2974 2731//2731 1043//1043
f 824//824 2976//2976 3173//3173
f 2976//2976 1465//1465 2700//2700
f 3173//3173 2700//2700 1855//1855
f 1465//1465 2975//2975 2698//2698
f 2975//2975 1043//1043 3000//3000
f 2698//2698 3000//3000 1483//1483
f 1855//1855 2699//2699 3174//3174
f 2699//2699 1483//1483 2275//2275
f 3174//3174 2275//2275 184//184
f 182//182 3185//3185 3236//3236
f 3185//3185 1860//1860 2703//2703
f 3236//3236 2703//2703 2053//2053
f 1860//1860 3184//3184 2701//2701
f 3184//3184 826//826 2979//2979
f 2701//2701 2979//2979 1469//1469
f 2053//2053 2702//2702 3235//3235
f 2702//2702 1469//1469 2983//2983
f 3235//3235 2983//2983 1038//1038
f 826//826 3182//3182 2978//2978
f 3182//3182 1859//1859 2706//2706
f 2978//2978 2706//2706 1467//1467
f 1859//1859 3181//3181 2704//2704
f 3181//3181 282//282 3122//3122
f 2704//2704 3122//3122 1715//1715
f 1467//1467 2705//2705 2980//2980
f 2705//2705 1715//1715 3124//3124
f 2980//2980 3124//3124 678//678
f 1038//1038 2982//2982 3234//3234
f 2982//2982 1468//1468 2709//2709
f 3234//3234 2709//2709 2052//2052
f 1468//1468 2981//2981 2707//2707
f 2981//2981 678//678 3129//3129
f 2707//2707 3129//3129 1719//1719
f 2052//2052 2708//2708 3233//3233
f 2708//2708 1719//1719 3132//3132
f 3233//3233 3132//3132 420//420
f 282//282 3178//3178 3121//3121
f 3178//3178 1857//1857 2712//2712
f 3121//3121 2712//2712 1714//1714
f 1857//1857 3177//3177 2710//2710
f 3177//3177 825//825 2985//2985
f 2710//2710 2985//2985 1472//1472
f 1714//1714 2711//2711 3123//3123
f 2711//2711 1472//1472 2989//2989
f 3123//3123 2989//2989 676//676
f 825//825 3176//3176 2984//2984
f 3176//3176 1856//1856 2715//2715
f 2984//2984 2715//2715 1470//1470
f 1856//1856 3175//3175 2713//2713
f 3175//3175 184//184 3135//3135
f 2713//2713 3135//3135 1722//1722
f 1470//1470 2714//2714 2986//2986
f 2714//2714 1722//1722 2443//2443
f 2986//2986 2443//2443 680//680
f 676//676 2988//2988 3125//3125
f 2988//2988 1471//1471 2718//2718
f 3125//3125 2718//2718 1716//1716
f 1471//1471 2987//2987 2716//2716
f 2987//2987 680//680 3136//3136
f 2716//2716 3136//3136 1723//1723
f 1716//1716 2717//2717 3126//3126
f 2717//2717 1723//1723 2579//2579
f 3126//3126 2579//2579 425//425
f 420//420 3131//3131 3232//3232
f 3131//3131 1718//1718 2721//2721
f 1718//1718 3130//3130 2719//2719
f 3130//3130 677//677 2991//2991
f 2719//2719 2991//2991 1475//1475
f 2051//2051 2720//2720 3231//3231
f 2720//2720 1475//1475 2995//2995
f 3231//3231 2995//2995 1037//1037
f 677//677 3128//3128 2990//2990
f 3128//3128 1717//1717 2724//2724
f 2990//2990 2724//2724 1473//1473
f 1717//1717 3127//3127 2722//2722
f 3127//3127 425//425 3248//3248
f 2722//2722 3248//3248 2061//2061
f 1473//1473 2723//2723 2992//2992
f 2723//2723 2061//2061 3249//3249
f 2992//2992 3249//3249 1044//1044
f 1037//1037 2994//2994 3230//3230
f 2994//2994 1474//1474 2727//2727
f 3230//3230 2727//2727 2050//2050
f 1474//1474 2993//2993 2725//2725
f 2993//2993 1044//1044 2998//2998
f 2725//2725 2998//2998 1482//1482
f 3541//3541 2050//2050 3229//3229
f 2726//2726 1482//1482 2730//2730
f 1013//1013 3527//3527 2030//2030
f 1862//1862 2728//2728 2062//2062
f 2063//2063 2904//2904 828//828
f 1012//1012 828//828 2904//2904
f 2062//2062 2029//2029 2904//2904
f 79//79 178//178 3663//3663
f 3248//3248 2274//2274 2061//2061
f 3134//3134 1044//1044 3251//3251
f 2061//2061 1481//1481 3249//3249
f 3251//3251 3249//3249 1481//1481
f 174//174 2169//2169 2595//2595
f 2999//2999 2595//2595 2169//2169
f 2275//2275 2169//2169 184//184
f 3247//3247 285//285 2060//2060
f 1139//1139 83//83 3252//3252
f 83//83 186//186 3252//3252
f 2732//2732 3217//3217 1024//1024
f 3217//3217 2732//2732 3252//3252
f 77//77 3252//3252 186//186
f 1024//1024 3215//3215 3627//3627
f 2733//2733 2445//2445 3215//3215
f 2038//2038 2598//2598 1484//1484
f 2598//2598 412//412 3724//3724
f 1485//1485 3214//3214 1021//1021
f 176//176 2582//2582 187//187
f 2582//2582 176//176 3214//3214
f 3253//3253 1045//1045 3213//3213
f 3253//3253 3213//3213 2036//2036
f 1060//1060 2766//2766 3559//3559
f 3559//3559 3442//3442 2826//2826
f 683//683 3442//3442 3358//3358
f 2036//2036 2065//2065 3661//3661
f 3188//3188 1863//1863 3001//3001
f 2580//2580 3188//3188 1042//1042
f 183//183 2276//2276 187//187
f 2581//2581 187//187 2276//2276
f 426//426 2735//2735 423//423
f 1143//1143 2122//2122 2066//2066
f 2450//2450 689//689 3254//3254
f 2736//2736 1489//1489 2066//2066
f 3254//3254 2066//2066 1489//1489
f 2450//2450 3254//3254 996//996
f 2736//2736 180//180 3607//3607
f 2017//2017 3255//3255 3002//3002
f 427//427 3255//3255 398//398
f 2737//2737 398//398 3255//3255
f 3196//3196 1866//1866 2891//2891
f 1490//1490 3060//3060 2738//2738
f 993//993 2739//2739 3196//3196
f 2739//2739 993//993 3060//3060
f 288//288 1490//1490 2738//2738
f 2121//2121 77//77 186//186
f 2121//2121 1492//1492 1141//1141
f 1492//1492 3443//3443 1493//1493
f 3243//3243 421//421 2742//2742
f 3244//3244 1729//1729 3140//3140
f 1729//1729 3244//3244 2057//2057
f 1040//1040 3244//3244 1046//1046
f 3725//3725 3194//3194 3156//3156
f 3194//3194 3725//3725 685//685
f 3689//3689 2277//2277 1494//1494
f 1845//1845 2743//2743 3725//3725
f 306//306 307//307 304//304
f 103//103 314//314 315//315
f 903//903 3257//3257 106//106
f 305//305 3595//3595 3604//3604
f 316//316 317//317 103//103
f 125//125 3688//3688 875//875
f 1534//1534 3259//3259 3500//3500
f 1539//1539 505//505 3694//3694
f 519//519 3331//3331 3646//3646
f 1884//1884 533//533 118//118
f 438//438 1873//1873 544//544
f 3269//3269 3260//3260 146//146
f 1949//1949 1564//1564 3261//3261
f 1956//1956 737//737 3262//3262
f 373//373 567//567 1565//1565
f 1762//1762 3265//3265 2470//2470
f 1778//1778 3266//3266 2485//2485
f 1794//1794 3267//3267 2500//2500
f 3268//3268 1190//1190 177//177
f 125//125 870//870 124//124
f 125//125 874//874 870//870
f 1068//1068 128//128 508//508
f 894//894 513//513 2584//2584
f 877//877 3359//3359 1255//1255
f 3260//3260 1942//1942 745//745
f 922//922 3499//3499 364//364
f 442//442 142//142 960//960
f 152//152 960//960 945//945
f 567//567 373//373 1963//1963
f 3273//3273 950//950 958//958
f 3274//3274 1985//1985 1299//1299
f 3275//3275 1996//1996 1333//1333
f 3025//3025 3277//3277 3202//3202
f 3268//3268 812//812 1190//1190
f 2607//2607 2608//2608 3568//3568
f 2610//2610 2611//2611 2612//2612
f 2614//2614 2615//2615 3561//3561
f 2616//2616 2617//2617 2618//2618
f 2619//2619 2620//2620 2621//2621
f 2622//2622 2623//2623 2624//2624
f 2625//2625 2626//2626 2627//2627
f 190//190 191//191 1047//1047
f 1120//1120 651//651 652//652
f 2797//2797 2798//2798 3600//3600
f 3283//3283 121//121 3679//3679
f 3363//3363 2128//2128 1499//1499
f 3368//3368 2134//2134 1503//1503
f 3373//3373 2140//2140 1507//1507
f 1079//1079 1561//1561 212//212
f 864//864 1232//1232 1231//1231
f 1738//1738 1557//1557 207//207
f 911//911 3359//3359 877//877
f 962//962 3284//3284 2178//2178
f 1272//1272 3286//3286 574//574
f 1274//1274 3287//3287 754//754
f 1278//1278 3289//3289 576//576
f 3290//3290 3691//3691 968//968
f 3444//3444 1281//1281 2185//2185
f 3444//3444 2185//2185 968//968
f 1286//1286 3291//3291 967//967
f 1290//1290 3292//3292 580//580
f 1294//1294 3293//3293 964//964
f 1295//1295 3294//3294 582//582
f 3405//3405 3306//3306 2191//2191
f 1307//1307 3297//3297 586//586
f 1309//1309 3298//3298 762//762
f 1313//1313 3300//3300 588//588
f 3301//3301 3711//3711 975//975
f 3445//3445 1316//1316 2198//2198
f 3445//3445 2198//2198 975//975
f 1321//1321 3302//3302 974//974
f 1325//1325 3303//3303 592//592
f 1328//1328 3304//3304 973//973
f 1329//1329 3305//3305 594//594
f 1331//1331 3306//3306 3405//3405
f 1341//1341 3309//3309 598//598
f 1343//1343 3310//3310 770//770
f 1347//1347 3312//3312 600//600
f 3313//3313 3692//3692 982//982
f 3446//3446 1350//1350 2210//2210
f 3446//3446 2210//2210 982//982
f 1355//1355 3314//3314 981//981
f 1359//1359 3315//3315 604//604
f 1362//1362 3316//3316 980//980
f 1363//1363 3317//3317 606//606
f 987//987 3318//3318 2215//2215
f 1374//1374 3320//3320 610//610
f 1376//1376 3321//3321 778//778
f 1380//1380 3323//3323 612//612
f 3324//3324 3702//3702 990//990
f 3447//3447 1383//1383 2222//2222
f 3447//3447 2222//2222 990//990
f 1388//1388 3325//3325 989//989
f 1391//1391 3326//3326 616//616
f 1394//1394 3327//3327 988//988
f 1396//1396 3328//3328 618//618
f 3264//3264 2523//2523 3585//3585
f 628//628 3471//3471 1406//1406
f 3687//3687 3473//3473 1414//1414
f 3468//3468 1430//1430 3641//3641
f 2913//2913 2234//2234 2914//2914
f 2915//2915 2916//2916 3572//3572
f 2920//2920 2921//2921 2235//2235
f 2236//2236 2922//2922 3563//3563
f 3567//3567 2926//2926 2927//2927
f 1192//1192 3713//3713 171//171
f 3515//3515 545//545 919//919
f 3332//3332 2327//2327 377//377
f 1082//1082 3333//3333 2768//2768
f 1083//1083 3334//3334 2769//2769
f 3335//3335 2333//2333 380//380
f 1582//1582 3336//3336 380//380
f 1085//1085 3337//3337 2771//2771
f 1086//1086 3338//3338 2772//2772
f 3339//3339 2344//2344 383//383
f 1088//1088 3340//3340 2774//2774
f 1089//1089 3341//3341 2775//2775
f 3342//3342 2350//2350 385//385
f 1606//1606 3343//3343 385//385
f 1092//1092 3344//3344 2778//2778
f 3345//3345 2361//2361 388//388
f 1094//1094 3346//3346 2780//2780
f 1095//1095 3347//3347 2781//2781
f 3348//3348 2367//2367 390//390
f 1629//1629 3349//3349 390//390
f 1098//1098 3350//3350 2784//2784
f 3351//3351 2378//2378 393//393
f 1100//1100 3352//3352 2786//2786
f 1101//1101 3353//3353 2787//2787
f 3354//3354 2384//2384 395//395
f 1652//1652 3355//3355 395//395
f 1103//1103 3356//3356 2789//2789
f 1104//1104 3357//3357 2790//2790
f 1663//1663 1177//1177 627//627
f 389//389 1664//1664 3264//3264
f 1670//1670 1181//1181 638//638
f 394//394 1671//1671 3718//3718
f 1120//1120 652//652 2600//2600
f 3074//3074 2398//2398 3075//3075
f 2397//2397 2800//2800 3077//3077
f 3078//3078 2400//2400 2796//2796
f 3598//3598 3080//3080 3601//3601
f 2799//2799 2403//2403 3081//3081
f 2798//2798 3082//3082 2401//2401
f 2402//2402 3083//3083 3084//3084
f 1726//1726 3358//3358 3057//3057
f 3331//3331 3620//3620 2457//2457
f 128//128 1074//1074 508//508
f 13//13 3359//3359 14//14
f 3360//3360 1738//1738 206//206
f 532//532 1884//1884 118//118
f 1257//1257 861//861 1927//1927
f 214//214 213//213 1743//1743
f 1155//1155 3361//3361 2831//2831
f 1498//1498 3363//3363 448//448
f 1764//1764 3365//3365 160//160
f 1160//1160 3366//3366 2836//2836
f 1502//1502 3368//3368 450//450
f 1780//1780 3370//3370 163//163
f 1165//1165 3371//3371 2841//2841
f 1506//1506 3373//3373 452//452
f 1796//1796 3375//3375 166//166
f 1170//1170 3376//3376 2846//2846
f 1811//1811 3379//3379 169//169
f 623//623 3682//3682 785//785
f 627//627 2900//2900 789//789
f 1180//1180 1818//1818 2024//2024
f 638//638 796//796 797//797
f 1185//1185 1825//1825 2032//2032
f 1190//1190 809//809 1832//1832
f 439//439 1563//1563 223//223
f 1869//1869 323//323 1529//1529
f 727//727 2323//2323 486//486
f 3058//3058 1223//1223 1877//1877
f 853//853 1226//1226 1225//1225
f 864//864 1231//1231 863//863
f 714//714 3283//3283 1559//1559
f 339//339 1236//1236 124//124
f 342//342 3360//3360 205//205
f 1539//1539 3694//3694 343//343
f 1068//1068 1242//1242 128//128
f 507//507 707//707 1242//1242
f 128//128 1242//1242 707//707
f 889//889 1897//1897 3700//3700
f 1906//1906 2887//2887 1904//1904
f 2586//2586 3510//3510 1913//1913
f 1935//1935 1936//1936 3686//3686
f 3273//3273 959//959 950//950
f 3380//3380 2178//2178 573//573
f 2327//2327 2767//2767 1971//1971
f 3285//3285 755//755 3381//3381
f 574//574 3286//3286 1082//1082
f 2768//2768 3333//3333 1274//1274
f 754//754 3287//3287 1155//1155
f 3362//3362 2832//2832 3382//3382
f 3288//3288 577//577 3383//3383
f 2831//2831 3361//3361 1278//1278
f 576//576 3289//3289 1083//1083
f 1976//1976 1280//1280 3290//3290
f 2769//2769 3334//3334 1280//1280
f 1977//1977 3384//3384 3281//3281
f 3384//3384 1282//1282 968//968
f 3448//3448 1582//1582 380//380
f 967//967 3449//3449 1286//1286
f 160//160 3450//3450 1764//1764
f 580//580 3292//3292 1085//1085
f 1761//1761 1292//1292 758//758
f 3516//3516 3337//3337 1292//1292
f 3386//3386 373//373 3272//3272
f 758//758 3387//3387 2470//2470
f 1762//1762 954//954 1962//1962
f 964//964 3451//3451 1294//1294
f 3452//3452 3389//3389 3293//3293
f 377//377 3452//3452 1590//1590
f 582//582 3294//3294 1086//1086
f 3332//3332 2341//2341 1968//1968
f 2341//2341 3390//3390 1968//1968
f 3390//3390 1297//1297 3391//3391
f 962//962 3391//3391 1297//1297
f 3390//3390 3338//3338 1297//1297
f 3392//3392 1297//1297 2190//2190
f 962//962 1297//1297 3392//3392
f 2190//2190 951//951 3392//3392
f 1966//1966 3392//3392 951//951
f 70//70 3274//3274 1944//1944
f 3393//3393 2191//2191 585//585
f 2344//2344 2773//2773 1986//1986
f 3296//3296 763//763 3394//3394
f 586//586 3297//3297 1088//1088
f 2774//2774 3340//3340 1309//1309
f 762//762 3298//3298 1160//1160
f 3367//3367 2837//2837 3395//3395
f 3299//3299 589//589 3396//3396
f 2836//2836 3366//3366 1313//1313
f 588//588 3300//3300 1089//1089
f 1987//1987 1315//1315 3301//3301
f 2775//2775 3341//3341 1315//1315
f 3397//3397 3475//3475 1988//1988
f 3397//3397 1317//1317 975//975
f 3453//3453 1606//1606 385//385
f 974//974 3454//3454 1321//1321
f 163//163 3455//3455 1780//1780
f 592//592 3303//3303 1091//1091
f 3400//3400 1326//1326 2354//2354
f 1326//1326 3400//3400 3261//3261
f 766//766 3401//3401 2485//2485
f 3401//3401 931//931 1778//1778
f 973//973 3456//3456 1328//1328
f 3457//3457 3403//3403 3304//3304
f 383//383 3457//3457 1613//1613
f 594//594 3305//3305 1092//1092
f 3339//3339 2358//2358 3404//3404
f 3405//3405 3404//3404 1331//1331
f 3404//3404 3344//3344 1331//1331
f 1299//1299 3406//3406 3274//3274
f 3406//3406 3508//3508 3407//3407
f 3274//3274 3407//3407 1944//1944
f 3407//3407 929//929 1944//1944
f 71//71 3275//3275 1951//1951
f 3408//3408 2203//2203 597//597
f 2361//2361 2779//2779 1997//1997
f 3308//3308 771//771 3409//3409
f 598//598 3309//3309 1094//1094
f 2780//2780 3346//3346 1343//1343
f 770//770 3310//3310 1165//1165
f 3372//3372 2842//2842 3410//3410
f 3311//3311 601//601 3411//3411
f 2841//2841 3371//3371 1347//1347
f 600//600 3312//3312 1095//1095
f 1998//1998 1349//1349 3313//3313
f 2781//2781 3347//3347 1349//1349
f 1999//1999 3412//3412 3278//3278
f 3412//3412 1351//1351 982//982
f 3458//3458 1629//1629 390//390
f 981//981 3459//3459 1355//1355
f 166//166 3460//3460 1796//1796
f 604//604 3315//3315 1097//1097
f 3415//3415 1360//1360 2371//2371
f 1360//1360 3415//3415 3262//3262
f 774//774 3416//3416 2500//2500
f 3416//3416 948//948 1794//1794
f 980//980 3461//3461 1362//1362
f 3462//3462 3418//3418 3316//3316
f 388//388 3462//3462 1636//1636
f 606//606 3317//3317 1098//1098
f 2375//2375 3419//3419 3345//3345
f 3420//3420 3419//3419 1365//1365
f 2784//2784 3350//3350 1365//1365
f 1333//1333 3421//3421 3422//3422
f 3421//3421 3509//3509 3422//3422
f 3275//3275 3422//3422 1951//1951
f 3422//3422 946//946 1951//1951
f 72//72 2007//2007 2008//2008
f 3423//3423 2215//2215 609//609
f 2378//2378 2785//2785 2010//2010
f 3319//3319 779//779 3424//3424
f 610//610 3320//3320 1100//1100
f 2786//2786 3352//3352 1376//1376
f 778//778 3321//3321 1170//1170
f 3377//3377 2847//2847 3425//3425
f 3322//3322 613//613 3426//3426
f 2846//2846 3376//3376 1380//1380
f 612//612 3323//3323 1101//1101
f 2011//2011 1382//1382 3324//3324
f 2787//2787 3353//3353 1382//1382
f 2012//2012 3427//3427 3280//3280
f 3427//3427 1384//1384 990//990
f 3463//3463 1652//1652 395//395
f 989//989 3464//3464 1388//1388
f 169//169 3465//3465 1811//1811
f 616//616 3326//3326 1103//1103
f 2789//2789 3356//3356 1392//1392
f 3429//3429 3269//3269 3611//3611
f 988//988 3466//3466 1394//1394
f 3467//3467 3431//3431 3327//3327
f 393//393 3467//3467 1660//1660
f 2849//2849 3378//3378 1396//1396
f 618//618 3328//3328 1104//1104
f 2391//2391 2790//2790 2009//2009
f 987//987 3432//3432 1398//1398
f 3432//3432 2009//2009 1398//1398
f 3433//3433 1398//1398 2227//2227
f 987//987 1398//1398 3433//3433
f 2227//2227 924//924 3433//3433
f 2008//2008 3433//3433 924//924
f 2519//2519 1410//1410 1668//1668
f 3478//3478 1479//1479 2997//2997
f 636//636 3437//3437 1113//1113
f 3329//3329 3437//3437 1013//1013
f 2521//2521 1418//1418 1675//1675
f 2524//2524 1424//1424 1683//1683
f 2043//2043 3438//3438 1428//1428
f 664//664 1433//1433 2898//2898
f 2626//2626 3440//3440 3236//3236
f 3441//3441 3559//3559 1138//1138
f 186//186 3443//3443 2121//2121
f 2106//2106 2107//2107 1124//1124
f 3284//3284 1264//1264 2178//2178
f 1285//1285 3291//3291 1286//1286
f 1293//1293 3293//3293 1294//1294
f 1298//1298 2191//2191 3295//3295
f 1320//1320 3302//3302 1321//1321
f 1327//1327 3304//3304 1328//1328
f 1332//1332 2203//2203 3307//3307
f 1354//1354 3314//3314 1355//1355
f 1361//1361 3316//3316 1362//1362
f 3318//3318 1366//1366 2215//2215
f 1387//1387 3325//3325 1388//1388
f 1393//1393 3327//3327 1394//1394
f 3435//3435 1431//1431 1033//1033
f 2234//2234 3524//3524 2233//2233
f 2234//2234 2233//2233 3573//3573
f 2237//2237 3525//3525 2236//2236
f 2237//2237 2236//2236 1437//1437
f 2084//2084 3336//3336 1582//1582
f 2090//2090 3343//3343 1606//1606
f 2096//2096 3349//3349 1629//1629
f 2102//2102 3355//3355 1652//1652
f 2398//2398 1691//1691 3528//3528
f 2398//2398 2397//2397 1692//1692
f 2400//2400 3616//3616 3529//3529
f 2400//2400 3529//3529 2399//2399
f 2400//2400 2399//2399 1123//1123
f 2403//2403 3530//3530 2402//2402
f 2403//2403 2402//2402 3547//3547
f 2129//2129 3365//3365 1764//1764
f 2135//2135 3370//3370 1780//1780
f 2141//2141 3375//3375 1796//1796
f 2147//2147 3379//3379 1811//1811
f 894//894 2584//2584 133//133
f 3290//3290 3448//3448 1976//1976
f 3336//3336 3449//3449 3335//3335
f 3291//3291 3450//3450 3385//3385
f 3365//3365 3451//3451 3388//3388
f 3389//3389 3452//3452 1971//1971
f 3301//3301 3453//3453 1987//1987
f 3343//3343 3454//3454 3342//3342
f 3302//3302 3455//3455 3398//3398
f 3370//3370 3456//3456 3402//3402
f 3403//3403 3457//3457 1986//1986
f 3313//3313 3458//3458 1998//1998
f 3349//3349 3459//3459 3348//3348
f 3314//3314 3460//3460 3413//3413
f 3375//3375 3461//3461 3417//3417
f 3418//3418 3462//3462 1997//1997
f 3324//3324 3463//3463 2011//2011
f 3355//3355 3464//3464 3354//3354
f 3325//3325 3465//3465 3428//3428
f 3379//3379 3466//3466 3430//3430
f 3431//3431 3467//3467 2010//2010
f 3530//3530 3555//3555 3554//3554
f 1439//1439 2625//2625 2627//2627
f 2625//2625 3469//3469 2626//2626
f 78//78 180//180 3631//3631
f 3570//3570 2796//2796 3534//3534
f 3570//3570 3534//3534 3522//3522
f 3571//3571 2107//2107 3537//3537
f 2800//2800 2799//2799 666//666
f 3689//3689 3630//3630 1140//1140
f 448//448 3363//3363 1499//1499
f 450//450 3368//3368 1503//1503
f 452//452 3373//3373 1507//1507
f 904//904 2888//2888 700//700
f 1407//1407 628//628 1406//1406
f 3589//3589 3472//3472 796//796
f 1415//1415 3687//3687 1414//1414
f 3489//3489 2049//2049 3641//3641
f 1431//1431 2231//2231 1033//1033
f 999//999 1432//1432 664//664
f 3540//3540 664//664 1432//1432
f 2913//2913 1435//1435 3615//3615
f 2914//2914 2234//2234 3573//3573
f 2237//2237 3562//3562 3566//3566
f 2919//2919 2237//2237 1437//1437
f 2924//2924 1438//1438 3526//3526
f 2925//2925 3596//3596 1440//1440
f 3526//3526 3557//3557 2238//2238
f 1440//1440 3567//3567 3556//3556
f 3330//3330 1485//1485 1021//1021
f 2176//2176 214//214 1743//1743
f 3477//3477 1183//1183 3720//3720
f 3540//3540 1432//1432 1434//1434
f 419//419 3074//3074 3075//3075
f 3075//3075 2398//2398 1692//1692
f 1691//1691 3591//3591 2396//2396
f 1124//1124 3528//3528 3522//3522
f 1692//1692 2397//2397 3077//3077
f 2397//2397 1124//1124 3571//3571
f 3077//3077 2800//2800 666//666
f 3078//3078 3592//3592 3616//3616
f 2796//2796 2400//2400 1123//1123
f 2797//2797 3535//3535 3564//3564
f 666//666 2799//2799 3081//3081
f 3081//3081 2403//2403 1695//1695
f 428//428 2742//2742 421//421
f 455//455 3143//3143 1140//1140
f 173//173 1180//1180 2024//2024
f 175//175 1185//1185 2032//2032
f 177//177 1190//1190 2040//2040
f 2579//2579 1723//1723 3533//3533
f 425//425 3187//3187 679//679
f 886//886 885//885 1892//1892
f 1966//1966 3504//3504 3392//3392
f 3284//3284 1967//1967 1264//1264
f 962//962 2178//2178 3391//3391
f 3380//3380 3391//3391 2178//2178
f 3380//3380 573//573 1570//1570
f 3332//3332 1968//1968 3380//3380
f 377//377 1971//1971 3452//3452
f 1971//1971 377//377 2327//2327
f 1971//1971 2767//2767 1268//1268
f 1971//1971 1268//1268 3389//3389
f 3285//3285 3389//3389 1268//1268
f 964//964 3381//3381 3451//3451
f 3381//3381 964//964 3285//3285
f 3381//3381 755//755 1756//1756
f 3362//3362 3388//3388 1756//1756
f 3286//3286 2181//2181 1573//1573
f 3333//3333 2329//2329 1273//1273
f 3287//3287 2182//2182 1754//1754
f 160//160 3382//3382 3450//3450
f 3382//3382 160//160 3362//3362
f 3382//3382 2832//2832 1276//1276
f 3288//3288 3385//3385 1276//1276
f 967//967 3383//3383 3449//3449
f 3383//3383 967//967 3288//3288
f 3383//3383 577//577 1578//1578
f 3361//3361 2463//2463 1277//1277
f 2183//2183 1680//1680 650//650
f 3289//3289 2183//2183 1577//1577
f 2332//2332 1678//1678 379//379
f 3334//3334 2332//2332 1279//1279
f 968//968 2184//2184 3384//3384
f 1977//1977 3281//3281 74//74
f 3444//3444 1979//1979 1281//1281
f 3290//3290 2185//2185 3448//3448
f 3448//3448 579//579 1582//1582
f 3449//3449 2770//2770 1286//1286
f 3450//3450 759//759 1764//1764
f 3292//3292 2188//2188 1585//1585
f 3363//3363 1761//1761 758//758
f 1292//1292 3386//3386 1291//1291
f 3386//3386 1292//1292 3337//3337
f 1291//1291 3272//3272 954//954
f 2470//2470 3387//3387 1762//1762
f 3451//3451 2834//2834 1294//1294
f 3452//3452 583//583 1590//1590
f 2189//2189 1961//1961 953//953
f 3294//3294 2189//2189 1589//1589
f 3338//3338 3390//3390 2772//2772
f 3338//3338 2340//2340 1296//1296
f 1966//1966 951//951 1958//1958
f 1966//1966 1958//1958 69//69
f 3508//3508 3406//3406 3306//3306
f 3406//3406 1299//1299 3295//3295
f 3306//3306 3295//3295 2191//2191
f 972//972 1984//1984 3295//3295
f 1298//1298 3295//3295 1984//1984
f 3393//3393 3405//3405 2191//2191
f 3393//3393 585//585 1594//1594
f 1594//1594 3339//3339 3393//3393
f 383//383 1986//1986 3457//3457
f 1986//1986 383//383 2344//2344
f 1986//1986 2773//2773 1303//1303
f 1986//1986 1303//1303 3403//3403
f 3296//3296 3403//3403 1303//1303
f 973//973 3394//3394 3456//3456
f 3394//3394 973//973 3296//3296
f 3394//3394 763//763 1772//1772
f 3367//3367 3402//3402 1772//1772
f 3297//3297 2194//2194 1597//1597
f 3340//3340 2346//2346 1308//1308
f 3298//3298 2195//2195 1770//1770
f 163//163 3395//3395 3455//3455
f 3395//3395 163//163 3367//3367
f 3395//3395 2837//2837 1311//1311
f 3299//3299 3398//3398 1311//1311
f 974//974 3396//3396 3454//3454
f 3396//3396 974//974 3299//3299
f 3396//3396 589//589 1602//1602
f 3366//3366 2478//2478 1312//1312
f 3300//3300 2196//2196 1601//1601
f 2349//2349 1684//1684 384//384
f 3341//3341 2349//2349 1314//1314
f 975//975 3711//3711 3397//3397
f 1988//1988 3276//3276 75//75
f 3445//3445 1990//1990 1316//1316
f 3301//3301 2198//2198 3453//3453
f 3453//3453 591//591 1606//1606
f 3454//3454 2776//2776 1321//1321
f 3455//3455 767//767 1780//1780
f 3399//3399 1091//1091 3303//3303
f 3399//3399 1949//1949 3400//3400
f 3261//3261 3400//3400 1949//1949
f 3368//3368 1777//1777 766//766
f 3583//3583 2354//2354 1326//1326
f 3401//3401 3270//3270 931//931
f 2485//2485 3401//3401 1778//1778
f 3456//3456 2839//2839 1328//1328
f 3457//3457 595//595 1613//1613
f 2202//2202 1947//1947 930//930
f 3305//3305 2202//2202 1612//1612
f 3344//3344 3404//3404 2778//2778
f 3344//3344 2357//2357 1330//1330
f 3508//3508 1945//1945 929//929
f 3509//3509 3421//3421 3420//3420
f 3421//3421 1333//1333 3307//3307
f 979//979 1995//1995 3307//3307
f 1332//1332 3307//3307 1995//1995
f 3408//3408 3420//3420 2203//2203
f 3408//3408 597//597 1617//1617
f 388//388 1997//1997 3462//3462
f 1997//1997 388//388 2361//2361
f 1997//1997 2779//2779 1337//1337
f 1997//1997 1337//1337 3418//3418
f 3308//3308 3418//3418 1337//1337
f 980//980 3409//3409 3461//3461
f 3409//3409 980//980 3308//3308
f 3409//3409 771//771 1788//1788
f 3372//3372 3417//3417 1788//1788
f 3309//3309 2206//2206 1620//1620
f 3346//3346 2363//2363 1342//1342
f 3310//3310 2207//2207 1786//1786
f 166//166 3410//3410 3460//3460
f 3410//3410 166//166 3372//3372
f 3410//3410 2842//2842 1345//1345
f 3311//3311 3413//3413 1345//1345
f 981//981 3411//3411 3459//3459
f 3411//3411 981//981 3311//3311
f 3411//3411 601//601 1625//1625
f 3371//3371 2493//2493 1346//1346
f 2208//2208 1665//1665 629//629
f 3312//3312 2208//2208 1624//1624
f 2366//2366 1664//1664 389//389
f 3347//3347 2366//2366 1348//1348
f 982//982 2209//2209 3412//3412
f 1999//1999 3278//3278 76//76
f 3446//3446 2001//2001 1350//1350
f 3313//3313 2210//2210 3458//3458
f 3458//3458 603//603 1629//1629
f 3459//3459 2782//2782 1355//1355
f 3460//3460 775//775 1796//1796
f 3414//3414 1097//1097 3315//3315
f 3414//3414 1956//1956 3415//3415
f 3262//3262 3415//3415 1956//1956
f 3373//3373 1793//1793 774//774
f 3584//3584 2371//2371 1360//1360
f 3416//3416 3271//3271 948//948
f 2500//2500 3416//3416 1794//1794
f 3461//3461 2844//2844 1362//1362
f 3462//3462 607//607 1636//1636
f 2214//2214 1954//1954 947//947
f 3317//3317 2214//2214 1635//1635
f 1365//1365 3419//3419 2784//2784
f 3350//3350 2374//2374 1364//1364
f 2008//2008 3505//3505 3433//3433
f 3318//3318 2006//2006 1366//1366
f 987//987 2215//2215 3432//3432
f 3423//3423 3432//3432 2215//2215
f 3423//3423 609//609 1640//1640
f 393//393 2010//2010 3467//3467
f 2010//2010 393//393 2378//2378
f 2010//2010 2785//2785 1370//1370
f 2010//2010 1370//1370 3431//3431
f 3319//3319 3431//3431 1370//1370
f 988//988 3424//3424 3466//3466
f 3424//3424 988//988 3319//3319
f 3424//3424 779//779 1804//1804
f 3377//3377 3430//3430 1804//1804
f 3320//3320 2218//2218 1643//1643
f 3352//3352 2380//2380 1375//1375
f 3321//3321 2219//2219 1802//1802
f 169//169 3425//3425 3465//3465
f 3425//3425 169//169 3377//3377
f 3425//3425 2847//2847 1378//1378
f 3322//3322 3428//3428 1378//1378
f 989//989 3426//3426 3464//3464
f 3426//3426 989//989 3322//3322
f 3426//3426 613//613 1648//1648
f 3376//3376 2508//2508 1379//1379
f 2220//2220 1672//1672 639//639
f 3323//3323 2220//2220 1647//1647
f 2383//2383 1671//1671 394//394
f 3353//3353 2383//2383 1381//1381
f 990//990 2221//2221 3427//3427
f 2012//2012 3280//3280 73//73
f 3447//3447 1974//1974 1383//1383
f 3324//3324 2222//2222 3463//3463
f 3463//3463 615//615 1652//1652
f 3464//3464 2788//2788 1388//1388
f 3465//3465 783//783 1811//1811
f 1391//1391 961//961 3539//3539
f 3326//3326 2225//2225 1655//1655
f 3429//3429 3260//3260 3269//3269
f 1392//1392 3429//3429 3611//3611
f 3429//3429 1392//1392 3356//3356
f 926//926 3611//3611 3269//3269
f 3466//3466 2850//2850 1394//1394
f 3467//3467 619//619 1660//1660
f 2226//2226 1940//1940 925//925
f 3328//3328 2226//2226 1659//1659
f 3357//3357 2009//2009 2790//2790
f 3357//3357 2390//2390 1397//1397
f 2008//2008 924//924 1937//1937
f 3470//3470 3144//3144 455//455
f 3144//3144 3470//3470 2828//2828
f 3199//3199 996//996 1105//1105
f 788//788 1841//1841 3203//3203
f 3205//3205 1002//1002 3519//3519
f 626//626 1001//1001 402//402
f 3478//3478 3068//3068 3067//3067
f 3068//3068 3478//3478 636//636
f 3437//3437 2997//2997 1013//1013
f 3472//3472 407//407 3067//3067
f 3472//3472 3067//3067 3211//3211
f 3435//3435 178//178 79//79
f 3228//3228 3490//3490 3541//3541
f 3489//3489 3227//3227 3542//3542
f 3227//3227 1036//1036 2914//2914
f 2606//2606 2605//2605 3230//3230
f 2605//2605 2918//2918 1037//1037
f 3487//3487 2048//2048 3568//3568
f 3486//3486 419//419 3075//3075
f 3225//3225 3486//3486 3545//3545
f 1435//1435 3546//3546 3572//3572
f 2607//2607 1692//1692 3077//3077
f 2608//2608 3077//3077 666//666
f 2918//2918 2233//2233 3231//3231
f 2917//2917 2612//2612 3723//3723
f 2232//2232 2916//2916 3569//3569
f 2915//2915 666//666 3081//3081
f 2916//2916 3081//3081 1695//1695
f 2612//2612 2611//2611 3232//3232
f 2611//2611 3084//3084 420//420
f 3483//3483 3223//3223 3549//3549
f 3223//3223 2919//2919 3549//3549
f 2613//2613 3632//3632 3076//3076
f 2923//2923 3643//3643 3563//3563
f 3481//3481 3222//3222 3551//3551
f 3480//3480 2046//2046 3561//3561
f 3550//3550 3552//3552 3574//3574
f 3221//3221 3152//3152 3575//3575
f 2614//2614 1843//1843 3153//3153
f 2615//2615 3153//3153 818//818
f 3563//3563 2922//2922 3592//3592
f 2922//2922 2618//2618 1693//1693
f 2235//2235 2921//2921 1436//1436
f 2920//2920 818//818 3154//3154
f 2921//2921 3154//3154 1844//1844
f 2616//2616 1844//1844 3155//3155
f 2617//2617 3155//3155 280//280
f 3084//3084 3083//3083 3233//3233
f 3083//3083 2621//2621 2052//2052
f 2401//2401 3082//3082 3555//3555
f 3082//3082 2925//2925 1440//1440
f 2621//2621 2620//2620 3234//3234
f 2620//2620 2927//2927 1038//1038
f 2797//2797 3564//3564 2924//2924
f 3079//3079 280//280 3157//3157
f 3080//3080 3157//3157 1847//1847
f 2622//2622 1847//1847 3158//3158
f 2623//2623 3158//3158 821//821
f 2927//2927 2926//2926 3235//3235
f 2926//2926 2627//2627 2053//2053
f 2238//2238 3558//3558 3565//3565
f 3558//3558 821//821 3439//3439
f 2053//2053 2627//2627 3236//3236
f 1139//1139 3613//3613 83//83
f 80//80 3476//3476 3612//3612
f 3442//3442 683//683 2826//2826
f 3443//3443 1492//1492 2121//2121
f 3443//3443 83//83 3594//3594
f 3141//3141 428//428 421//421
f 492//492 3491//3491 857//857
f 3492//3492 102//102 103//103
f 229//229 3493//3493 366//366
f 3494//3494 933//933 1564//1564
f 3503//3503 241//241 948//948
f 244//244 3495//3495 748//748
f 61//61 230//230 60//60
f 199//199 3496//3496 347//347
f 1549//1549 3497//3497 2888//2888
f 2021//2021 3506//3506 1662//1662
f 1682//1682 651//651 1120//1120
f 3498//3498 200//200 199//199
f 146//146 3499//3499 922//922
f 318//318 32//32 319//319
f 3491//3491 492//492 488//488
f 3500//3500 115//115 1534//1534
f 3491//3491 858//858 857//857
f 502//502 341//341 874//874
f 3501//3501 1555//1555 1554//1554
f 1551//1551 523//523 704//704
f 738//738 226//226 146//146
f 3655//3655 3493//3493 1564//1564
f 3493//3493 3270//3270 3261//3261
f 3494//3494 142//142 442//442
f 3503//3503 3271//3271 3262//3262
f 3503//3503 143//143 356//356
f 748//748 3495//3495 1565//1565
f 3495//3495 3272//3272 373//373
f 1965//1965 3504//3504 1966//1966
f 2007//2007 3505//3505 2008//2008
f 401//401 3506//3506 2021//2021
f 12//12 13//13 300//300
f 457//457 3507//3507 458//458
f 1179//1179 3511//3511 1180//1180
f 1184//1184 3512//3512 1185//1185
f 1331//1331 3508//3508 3306//3306
f 1365//1365 3509//3509 3420//3420
f 3507//3507 3024//3024 3025//3025
f 352//352 516//516 3704//3704
f 221//221 222//222 3515//3515
f 3400//3400 2354//2354 2777//2777
f 3415//3415 2371//2371 2783//2783
f 3510//3510 1912//1912 1914//1914
f 792//792 1817//1817 3511//3511
f 1818//1818 3511//3511 1817//1817
f 3621//3621 3720//3720 2595//2595
f 800//800 1824//1824 3512//3512
f 1825//1825 3512//3512 1824//1824
f 274//274 3513//3513 812//812
f 809//809 812//812 3513//3513
f 179//179 3514//3514 1840//1840
f 3514//3514 3485//3485 419//419
f 841//841 1868//1868 1869//1869
f 489//489 1534//1534 115//115
f 121//121 1076//1076 530//530
f 710//710 3680//3680 343//343
f 503//503 127//127 502//502
f 3680//3680 3693//3693 1539//1539
f 3699//3699 3502//3502 889//889
f 1904//1904 351//351 1906//1906
f 351//351 1908//1908 1906//1906
f 1906//1906 902//902 901//901
f 353//353 352//352 3704//3704
f 1914//1914 435//435 908//908
f 908//908 3510//3510 1914//1914
f 220//220 221//221 3515//3515
f 3515//3515 919//919 220//220
f 2338//2338 2771//2771 3516//3516
f 2355//2355 2777//2777 3517//3517
f 2372//2372 2783//2783 3518//3518
f 3378//3378 3664//3664 145//145
f 1399//1399 171//171 3713//3713
f 3434//3434 173//173 2024//2024
f 2229//2229 1108//1108 3519//3519
f 3520//3520 1001//1001 2900//2900
f 3436//3436 175//175 2032//2032
f 3435//3435 1404//1404 1431//1431
f 79//79 3521//3521 3435//3435
f 3514//3514 3224//3224 3485//3485
f 1124//1124 3522//3522 2106//2106
f 1002//1002 3523//3523 2231//2231
f 2232//2232 3524//3524 3615//3615
f 2235//2235 1436//1436 3525//3525
f 2238//2238 1439//1439 2239//2239
f 2239//2239 3526//3526 2238//2238
f 1478//1478 3527//3527 1477//1477
f 3399//3399 3400//3400 1091//1091
f 3414//3414 3415//3415 1097//1097
f 2397//2397 3528//3528 1124//1124
f 3601//3601 1694//1694 3529//3529
f 2401//2401 3530//3530 3531//3531
f 18//18 19//19 305//305
f 624//624 3538//3538 1432//1432
f 2034//2034 3532//3532 3208//3208
f 3532//3532 2034//2034 3521//3521
f 418//418 2046//2046 3480//3480
f 3533//3533 2594//2594 3187//3187
f 1123//1123 3536//3536 3534//3534
f 3536//3536 1123//1123 3535//3535
f 2106//2106 3600//3600 2107//2107
f 3537//3537 3531//3531 2799//2799
f 2603//2603 418//418 3480//3480
f 1255//1255 13//13 12//12
f 2889//2889 437//437 1927//1927
f 417//417 1036//1036 3642//3642
f 3527//3527 2996//2996 1477//1477
f 3696//3696 2520//2520 3145//3145
f 3507//3507 788//788 458//458
f 462//462 2526//2526 3149//3149
f 400//400 3506//3506 2394//2394
f 3538//3538 1662//1662 400//400
f 1884//1884 1883//1883 534//534
f 3520//3520 3146//3146 3204//3204
f 405//405 3187//3187 2594//2594
f 2579//2579 3533//3533 3187//3187
f 1905//1905 430//430 899//899
f 962//962 3504//3504 3284//3284
f 961//961 1967//1967 3284//3284
f 1272//1272 1975//1975 1271//1271
f 1498//1498 3516//3516 1761//1761
f 3516//3516 2771//2771 3337//3337
f 1502//1502 3517//3517 1777//1777
f 3517//3517 2777//2777 2354//2354
f 1359//1359 2007//2007 1358//1358
f 1506//1506 3518//3518 1793//1793
f 3518//3518 2783//2783 2371//2371
f 987//987 3505//3505 3318//3318
f 986//986 2006//2006 3318//3318
f 966//966 1974//1974 3447//3447
f 3539//3539 961//961 1965//1965
f 2008//2008 1937//1937 72//72
f 1105//1105 2792//2792 3199//3199
f 785//785 3659//3659 3200//3200
f 3506//3506 1403//1403 2394//2394
f 2228//2228 791//791 173//173
f 3204//3204 3590//3590 3520//3520
f 3519//3519 2794//2794 3205//3205
f 1001//1001 626//626 3206//3206
f 2230//2230 799//799 175//175
f 3540//3540 1034//1034 664//664
f 2726//2726 3229//3229 2050//2050
f 3543//3543 3542//3542 3573//3573
f 3543//3543 2604//2604 3542//3542
f 2913//2913 3544//3544 1435//1435
f 3544//3544 2913//2913 3488//3488
f 2607//2607 3545//3545 1692//1692
f 3546//3546 2609//2609 3568//3568
f 3569//3569 3524//3524 2232//2232
f 3547//3547 2610//2610 1695//1695
f 3074//3074 3548//3548 3591//3591
f 3548//3548 3074//3074 3485//3485
f 3550//3550 3480//3480 3561//3561
f 3562//3562 3551//3551 3574//3574
f 2614//2614 3575//3575 1843//1843
f 2615//2615 3552//3552 3561//3561
f 3553//3553 2618//2618 2617//2617
f 3554//3554 2402//2402 3530//3530
f 3555//3555 3530//3530 2401//2401
f 3556//3556 2619//2619 1440//1440
f 3593//3593 2399//2399 1694//1694
f 3557//3557 2624//2624 2623//2623
f 3558//3558 2623//2623 821//821
f 2926//2926 3567//3567 1439//1439
f 3565//3565 3439//3439 3469//3469
f 2650//2650 2827//2827 2649//2649
f 2026//2026 3533//3533 2885//2885
f 3442//3442 3559//3559 2766//2766
f 1863//1863 2581//2581 2276//2276
f 2604//2604 2605//2605 2606//2606
f 3568//3568 2608//2608 3546//3546
f 2613//2613 3560//3560 3632//3632
f 3489//3489 3641//3641 3227//3227
f 3572//3572 2916//2916 2232//2232
f 3562//3562 2237//2237 2919//2919
f 1483//1483 3000//3000 2578//2578
f 3264//3264 1664//1664 403//403
f 3718//3718 1671//1671 408//408
f 2399//2399 3593//3593 3564//3564
f 2040//2040 1832//1832 3031//3031
f 758//758 1292//1292 1291//1291
f 2238//2238 3565//3565 2625//2625
f 3566//3566 2235//2235 3525//3525
f 3566//3566 3525//3525 2237//2237
f 3525//3525 1436//1436 3599//3599
f 3526//3526 1438//1438 3557//3557
f 2239//2239 1439//1439 3567//3567
f 2239//2239 3567//3567 1440//1440
f 1691//1691 2396//2396 3528//3528
f 2398//2398 3528//3528 2397//2397
f 3529//3529 3616//3616 3598//3598
f 3529//3529 1694//1694 2399//2399
f 2403//2403 3547//3547 1695//1695
f 3490//3490 2049//2049 2606//2606
f 3487//3487 3568//3568 2609//2609
f 2612//2612 3569//3569 2610//2610
f 2046//2046 2614//2614 3561//3561
f 1436//1436 2616//2616 2618//2618
f 3555//3555 2621//2621 3554//3554
f 2621//2621 3555//3555 2619//2619
f 2624//2624 1694//1694 2622//2622
f 3522//3522 3534//3534 2106//2106
f 3534//3534 3536//3536 2106//2106
f 3537//3537 3597//3597 3531//3531
f 1124//1124 2107//2107 3571//3571
f 2800//2800 3537//3537 2799//2799
f 3537//3537 2800//2800 3571//3571
f 3523//3523 3641//3641 2049//2049
f 3641//3641 3523//3523 3468//3468
f 2913//2913 3615//3615 2234//2234
f 2918//2918 3573//3573 2233//2233
f 3566//3566 3562//3562 3574//3574
f 3574//3574 2235//2235 3566//3566
f 2235//2235 3574//3574 2920//2920
f 1437//1437 2236//2236 3563//3563
f 2797//2797 2924//2924 2925//2925
f 2924//2924 3526//3526 3596//3596
f 3557//3557 3558//3558 2238//2238
f 2927//2927 3556//3556 3567//3567
f 1483//1483 2578//2578 2999//2999
f 3074//3074 1691//1691 2398//2398
f 2396//2396 3522//3522 3528//3528
f 3522//3522 2396//2396 3570//3570
f 2397//2397 3571//3571 2800//2800
f 3078//3078 3616//3616 2400//2400
f 1123//1123 2399//2399 3535//3535
f 3564//3564 3535//3535 2399//2399
f 2799//2799 3531//3531 2403//2403
f 3084//3084 3547//3547 2402//2402
f 3497//3497 1905//1905 899//899
f 1105//1105 996//996 3665//3665
f 3434//3434 2228//2228 173//173
f 3519//3519 1002//1002 2229//2229
f 3436//3436 2230//2230 175//175
f 3490//3490 2606//2606 3541//3541
f 2050//2050 3541//3541 2606//2606
f 3489//3489 3542//3542 2604//2604
f 3542//3542 2914//2914 3573//3573
f 2605//2605 3543//3543 2918//2918
f 3573//3573 2918//2918 3543//3543
f 3568//3568 2048//2048 3674//3674
f 3226//3226 3487//3487 2609//2609
f 1435//1435 3544//3544 2609//2609
f 3545//3545 3075//3075 1692//1692
f 3546//3546 2915//2915 3572//3572
f 2915//2915 3546//3546 2608//2608
f 3569//3569 2612//2612 2917//2917
f 3569//3569 2916//2916 2610//2610
f 2611//2611 3547//3547 3084//3084
f 3484//3484 2047//2047 3560//3560
f 3549//3549 2919//2919 1437//1437
f 3563//3563 3643//3643 1437//1437
f 1035//1035 3481//3481 3551//3551
f 3222//3222 3550//3550 3551//3551
f 3550//3550 3561//3561 3552//3552
f 3551//3551 3550//3550 3574//3574
f 3479//3479 3221//3221 3575//3575
f 3575//3575 3152//3152 1843//1843
f 2920//2920 3574//3574 3552//3552
f 665//665 2923//2923 3078//3078
f 1436//1436 2618//2618 3599//3599
f 1436//1436 2921//2921 2616//2616
f 3553//3553 3079//3079 3598//3598
f 3079//3079 3553//3553 2617//2617
f 3083//3083 3554//3554 2621//2621
f 3555//3555 3082//3082 2619//2619
f 2798//2798 2797//2797 2925//2925
f 2620//2620 3556//3556 2927//2927
f 1694//1694 2624//2624 3593//3593
f 1694//1694 3601//3601 2622//2622
f 3557//3557 2623//2623 3558//3558
f 2926//2926 1439//1439 2627//2627
f 3565//3565 3558//3558 3439//3439
f 278//278 427//427 2743//2743
f 1068//1068 3576//3576 1242//1242
f 104//104 3577//3577 318//318
f 3642//3642 1036//1036 3227//3227
f 734//734 843//843 108//108
f 3580//3580 1888//1888 872//872
f 1542//1542 3581//3581 129//129
f 57//57 58//58 934//934
f 561//561 57//57 934//934
f 363//363 40//40 362//362
f 366//366 3655//3655 934//934
f 934//934 58//58 3617//3617
f 933//933 3655//3655 1564//1564
f 403//403 1664//1664 629//629
f 408//408 1671//1671 639//639
f 403//403 629//629 2023//2023
f 408//408 639//639 2031//2031
f 3582//3582 1682//1682 416//416
f 417//417 402//402 3073//3073
f 868//868 1236//1236 339//339
f 3583//3583 3401//3401 766//766
f 3584//3584 3416//3416 774//774
f 3585//3585 1407//1407 3264//3264
f 3586//3586 1415//1415 3718//3718
f 3582//3582 1029//1029 1682//1682
f 417//417 3073//3073 276//276
f 1905//1905 1733//1733 2175//2175
f 323//323 1212//1212 321//321
f 1882//1882 3579//3579 856//856
f 1536//1536 3578//3578 1538//1538
f 3580//3580 868//868 339//339
f 872//872 869//869 3580//3580
f 3587//3587 1896//1896 1895//1895
f 3605//3605 348//348 1543//1543
f 905//905 1907//1907 902//902
f 317//317 318//318 3577//3577
f 3588//3588 2581//2581 1863//1863
f 3576//3576 507//507 1242//1242
f 3642//3642 3227//3227 1430//1430
f 400//400 2395//2395 3538//3538
f 3589//3589 3147//3147 3210//3210
f 995//995 2451//2451 398//398
f 2451//2451 995//995 2893//2893
f 3590//3590 3073//3073 402//402
f 3073//3073 3590//3590 3204//3204
f 3523//3523 3490//3490 2231//2231
f 3076//3076 3591//3591 2613//2613
f 2924//2924 3564//3564 1438//1438
f 3593//3593 1438//1438 3564//3564
f 96//96 3595//3595 304//304
f 1663//1663 3585//3585 456//456
f 1670//1670 3586//3586 459//459
f 132//132 135//135 1069//1069
f 2797//2797 3600//3600 3536//3536
f 3585//3585 2523//2523 456//456
f 3586//3586 3660//3660 459//459
f 2924//2924 3596//3596 2925//2925
f 132//132 1069//1069 705//705
f 3696//3696 1174//1174 3682//3682
f 462//462 1186//1186 648//648
f 1190//1190 1832//1832 2040//2040
f 3596//3596 2239//2239 1440//1440
f 3720//3720 1183//1183 3279//3279
f 3591//3591 3076//3076 2396//2396
f 3076//3076 665//665 3570//3570
f 3531//3531 3597//3597 2401//2401
f 3643//3643 2923//2923 3632//3632
f 2923//2923 3592//3592 3078//3078
f 3592//3592 2923//2923 3563//3563
f 3598//3598 1693//1693 3553//3553
f 3593//3593 2624//2624 1438//1438
f 3443//3443 3594//3594 1493//1493
f 3600//3600 3597//3597 2107//2107
f 3590//3590 1001//1001 3520//3520
f 2922//2922 2236//2236 3599//3599
f 1863//1863 2276//2276 1486//1486
f 3597//3597 3600//3600 2798//2798
f 3536//3536 3600//3600 2106//2106
f 3435//3435 1033//1033 178//178
f 3615//3615 1435//1435 3572//3572
f 3525//3525 3599//3599 2236//2236
f 1693//1693 3598//3598 3616//3616
f 3601//3601 3529//3529 3598//3598
f 18//18 305//305 476//476
f 3604//3604 476//476 305//305
f 2049//2049 2604//2604 2606//2606
f 3643//3643 3632//3632 3560//3560
f 3615//3615 3572//3572 2232//2232
f 3596//3596 3526//3526 2239//2239
f 3597//3597 2798//2798 2401//2401
f 3591//3591 3548//3548 2613//2613
f 2920//2920 3552//3552 2615//2615
f 3599//3599 2618//2618 2922//2922
f 3598//3598 3079//3079 3080//3080
f 3601//3601 3080//3080 2622//2622
f 30//30 31//31 3619//3619
f 3602//3602 1063//1063 734//734
f 109//109 3603//3603 478//478
f 229//229 366//366 441//441
f 546//546 1563//1563 439//439
f 11//11 299//299 3644//3644
f 476//476 3604//3604 836//836
f 1887//1887 338//338 1236//1236
f 886//886 3608//3608 1241//1241
f 524//524 133//133 510//510
f 348//348 3605//3605 1898//1898
f 3658//3658 3607//3607 3654//3654
f 2523//2523 3264//3264 403//403
f 3660//3660 3718//3718 408//408
f 524//524 510//510 706//706
f 782//782 3662//3662 3653//3653
f 872//872 3624//3624 3628//3628
f 887//887 1895//1895 3608//3608
f 3609//3609 1401//1401 786//786
f 2527//2527 3507//3507 3025//3025
f 3602//3602 736//736 107//107
f 1487//1487 427//427 278//278
f 11//11 3644//3644 1737//1737
f 491//491 722//722 723//723
f 1532//1532 1150//1150 1746//1746
f 546//546 439//439 1152//1152
f 3602//3602 107//107 735//735
f 1237//1237 54//54 3624//3624
f 1241//1241 3608//3608 58//58
f 3608//3608 1895//1895 59//59
f 1898//1898 3605//3605 1899//1899
f 3610//3610 1549//1549 3620//3620
f 214//214 215//215 1931//1931
f 1138//1138 1014//1014 3612//3612
f 3613//3613 2650//2650 2647//2647
f 2523//2523 403//403 1815//1815
f 3660//3660 408//408 1822//1822
f 2908//2908 272//272 2907//2907
f 3614//3614 2523//2523 1512//1512
f 1142//1142 1866//1866 3196//3196
f 2858//2858 2935//2935 2637//2637
f 2650//2650 3613//3613 1139//1139
f 1138//1138 3612//3612 3441//3441
f 2736//2736 3607//3607 1488//1488
f 3607//3607 180//180 78//78
f 306//306 304//304 3595//3595
f 872//872 1237//1237 3624//3624
f 3620//3620 3331//3331 3610//3610
f 3613//3613 3594//3594 83//83
f 3612//3612 3476//3476 3441//3441
f 366//366 3493//3493 3655//3655
f 3610//3610 3497//3497 1549//1549
f 3507//3507 2527//2527 788//788
f 3145//3145 2520//2520 3021//3021
f 3149//3149 2526//2526 3029//3029
f 3226//3226 2609//2609 3544//3544
f 427//427 2170//2170 2743//2743
f 1494//1494 2277//2277 2541//2541
f 1021//1021 2908//2908 2907//2907
f 3616//3616 3592//3592 1693//1693
f 459//459 3660//3660 3027//3027
f 3653//3653 3662//3662 3664//3664
f 2396//2396 3076//3076 3570//3570
f 405//405 2594//2594 1669//1669
f 405//405 1669//1669 2028//2028
f 441//441 3617//3617 740//740
f 314//314 102//102 101//101
f 546//546 733//733 1153//1153
f 913//913 912//912 1048//1048
f 2176//2176 1743//1743 537//537
f 7//7 3618//3618 6//6
f 1213//1213 34//34 1909//1909
f 905//905 902//902 3634//3634
f 59//59 3617//3617 58//58
f 2153//2153 3629//3629 1196//1196
f 3634//3634 3701//3701 838//838
f 804//804 2149//2149 2908//2908
f 1552//1552 347//347 704//704
f 538//538 2176//2176 537//537
f 865//865 1886//1886 1887//1887
f 3634//3634 1908//1908 3701//3701
f 913//913 1048//1048 914//914
f 3515//3515 222//222 3640//3640
f 399//399 1813//1813 3021//3021
f 1409//1409 3625//3625 1050//1050
f 1417//1417 3626//3626 1052//1052
f 415//415 1829//1829 3029//3029
f 3627//3627 2732//2732 1024//1024
f 3611//3611 782//782 1392//1392
f 2520//2520 399//399 3021//3021
f 2526//2526 415//415 3029//3029
f 2858//2858 1196//1196 3629//3629
f 3027//3027 1513//1513 1051//1051
f 2603//2603 1690//1690 2895//2895
f 3629//3629 3639//3639 2935//2935
f 3214//3214 804//804 2908//2908
f 3720//3720 3621//3621 3477//3477
f 2105//2105 1122//1122 1842//1842
f 474//474 11//11 12//12
f 934//934 3617//3617 366//366
f 865//865 1887//1887 867//867
f 11//11 3606//3606 12//12
f 456//456 2523//2523 3023//3023
f 3624//3624 54//54 53//53
f 3628//3628 867//867 869//869
f 1494//1494 3193//3193 3689//3689
f 3631//3631 1122//1122 78//78
f 2541//2541 2277//2277 2540//2540
f 665//665 3076//3076 3632//3632
f 192//192 695//695 193//193
f 70//70 1944//1944 234//234
f 649//649 648//648 1119//1119
f 3634//3634 1211//1211 905//905
f 3635//3635 1885//1885 865//865
f 913//913 1923//1923 3651//3651
f 2934//2934 2243//2243 2937//2937
f 3633//3633 218//218 1747//1747
f 1679//1679 3637//3637 1678//1678
f 3637//3637 1679//1679 2039//2039
f 3676//3676 3637//3637 415//415
f 1685//1685 399//399 1402//1402
f 222//222 221//221 439//439
f 1809//1809 3638//3638 2515//2515
f 3640//3640 3622//3622 921//921
f 1535//1535 332//332 1228//1228
f 864//864 3635//3635 1233//1233
f 3635//3635 1235//1235 1233//1233
f 460//460 461//461 1513//1513
f 3727//3727 3722//3722 3628//3628
f 2515//2515 3638//3638 2146//2146
f 2935//2935 2934//2934 2638//2638
f 396//396 2791//2791 621//621
f 626//626 2022//2022 2794//2794
f 2443//2443 1722//1722 3681//3681
f 460//460 1513//1513 1015//1015
f 223//223 222//222 439//439
f 665//665 3078//3078 2796//2796
f 926//926 3662//3662 3611//3611
f 3643//3643 3549//3549 1437//1437
f 3641//3641 1430//1430 3227//3227
f 665//665 2796//2796 3570//3570
f 3638//3638 3653//3653 2146//2146
f 872//872 3628//3628 869//869
f 2457//2457 196//196 3622//3622
f 3607//3607 78//78 3654//3654
f 3515//3515 3640//3640 920//920
f 3622//3622 3640//3640 222//222
f 402//402 3642//3642 2022//2022
f 2457//2457 3622//3622 223//223
f 3471//3471 1111//1111 3278//3278
f 1232//1232 1229//1229 1231//1231
f 191//191 693//693 192//192
f 113//113 487//487 112//112
f 440//440 926//926 226//226
f 460//460 1015//1015 798//798
f 1107//1107 623//623 785//785
f 460//460 798//798 3477//3477
f 3645//3645 492//492 857//857
f 123//123 124//124 1236//1236
f 123//123 1236//1236 499//499
f 1563//1563 3646//3646 223//223
f 3639//3639 3673//3673 2934//2934
f 461//461 460//460 3477//3477
f 994//994 3647//3647 620//620
f 2934//2934 3673//3673 1444//1444
f 3195//3195 181//181 3256//3256
f 82//82 3631//3631 180//180
f 1422//1422 649//649 3474//3474
f 2935//2935 3639//3639 2934//2934
f 782//782 3653//3653 3638//3638
f 3632//3632 2923//2923 665//665
f 1066//1066 716//716 1741//1741
f 3648//3648 649//649 1422//1422
f 510//510 132//132 3729//3729
f 193//193 695//695 696//696
f 1119//1119 648//648 806//806
f 866//866 1923//1923 913//913
f 628//628 1111//1111 3471//3471
f 3726//3726 570//570 1961//1961
f 3648//3648 379//379 3676//3676
f 194//194 1047//1047 193//193
f 3649//3649 327//327 3667//3667
f 152//152 564//564 553//553
f 194//194 193//193 100//100
f 568//568 441//441 740//740
f 1067//1067 1892//1892 885//885
f 1933//1933 3650//3650 1934//1934
f 43//43 44//44 3670//3670
f 156//156 3726//3726 1961//1961
f 3650//3650 1933//1933 918//918
f 3649//3649 3667//3667 730//730
f 1140//1140 170//170 3675//3675
f 3650//3650 729//729 1934//1934
f 1239//1239 1067//1067 885//885
f 1400//1400 3658//3658 3654//3654
f 461//461 3652//3652 1051//1051
f 1842//1842 3220//3220 2105//2105
f 3650//3650 3623//3623 729//729
f 3664//3664 3662//3662 1941//1941
f 1119//1119 414//414 3281//3281
f 462//462 648//648 649//649
f 3281//3281 3474//3474 1119//1119
f 2146//2146 3653//3653 2849//2849
f 3664//3664 3378//3378 3653//3653
f 2849//2849 3653//3653 3378//3378
f 649//649 1119//1119 3474//3474
f 3631//3631 1842//1842 1122//1122
f 70//70 234//234 1964//1964
f 1513//1513 461//461 1051//1051
f 3654//3654 78//78 1122//1122
f 2153//2153 3690//3690 3629//3629
f 3651//3651 15//15 1922//1922
f 1842//1842 3631//3631 3221//3221
f 445//445 245//245 943//943
f 934//934 3655//3655 561//561
f 3710//3710 333//333 335//335
f 739//739 3670//3670 559//559
f 246//246 3666//3666 445//445
f 145//145 559//559 3656//3656
f 3656//3656 3670//3670 554//554
f 1400//1400 3665//3665 3658//3658
f 883//883 3657//3657 127//127
f 126//126 2583//2583 710//710
f 345//345 3657//3657 883//883
f 3659//3659 995//995 3061//3061
f 2541//2541 2154//2154 2155//2155
f 944//944 3263//3263 55//55
f 3189//3189 3661//3661 1527//1527
f 3659//3659 3682//3682 1174//1174
f 2014//2014 621//621 397//397
f 79//79 3663//3663 3532//3532
f 2730//2730 3663//3663 81//81
f 2036//2036 3661//3661 3253//3253
f 1527//1527 3661//3661 2065//2065
f 3675//3675 3689//3689 1140//1140
f 2048//2048 3225//3225 3674//3674
f 3664//3664 1941//1941 145//145
f 3659//3659 3061//3061 3200//3200
f 3665//3665 996//996 3658//3658
f 1962//1962 3666//3666 156//156
f 3256//3256 181//181 3675//3675
f 498//498 716//716 1066//1066
f 327//327 110//110 3667//3667
f 482//482 3667//3667 110//110
f 739//739 559//559 440//440
f 445//445 3666//3666 1962//1962
f 3658//3658 1488//1488 3607//3607
f 3662//3662 926//926 1941//1941
f 156//156 3666//3666 3726//3726
f 3649//3649 111//111 487//487
f 3649//3649 487//487 484//484
f 1722//1722 3135//3135 185//185
f 1531//1531 730//730 3667//3667
f 3672//3672 2583//2583 501//501
f 1410//1410 622//622 1411//1411
f 3669//3669 1950//1950 446//446
f 3627//3627 2827//2827 2732//2732
f 876//876 3672//3672 529//529
f 1148//1148 3672//3672 876//876
f 3673//3673 3639//3639 2540//2540
f 3421//3421 3307//3307 2203//2203
f 1444//1444 3673//3673 3195//3195
f 142//142 746//746 960//960
f 3678//3678 919//919 1935//1935
f 3420//3420 3421//3421 2203//2203
f 3568//3568 3674//3674 2607//2607
f 944//944 236//236 960//960
f 2540//2540 181//181 3673//3673
f 1741//1741 1538//1538 3578//3578
f 532//532 1741//1741 3578//3578
f 944//944 960//960 152//152
f 2277//2277 3675//3675 181//181
f 1444//1444 3195//3195 1142//1142
f 3674//3674 3225//3225 3545//3545
f 2607//2607 3674//3674 3545//3545
f 3675//3675 2277//2277 3689//3689
f 3472//3472 2728//2728 407//407
f 185//185 3135//3135 829//829
f 362//362 354//354 738//738
f 3648//3648 3676//3676 462//462
f 3677//3677 142//142 3494//3494
f 3677//3677 237//237 746//746
f 3676//3676 2526//2526 462//462
f 1066//1066 3679//3679 531//531
f 3719//3719 661//661 1841//1841
f 1531//1531 731//731 1530//1530
f 1532//1532 1531//1531 1530//1530
f 504//504 3680//3680 1148//1148
f 1424//1424 1114//1114 1425//1425
f 3282//3282 3681//3681 2729//2729
f 3681//3681 185//185 2027//2027
f 662//662 3072//3072 2393//2393
f 426//426 3724//3724 286//286
f 2243//2243 2934//2934 1444//1444
f 1539//1539 343//343 3680//3680
f 1661//1661 3696//3696 623//623
f 729//729 3623//3623 3678//3678
f 3683//3683 3678//3678 3623//3623
f 185//185 3209//3209 2027//2027
f 829//829 3209//3209 185//185
f 142//142 3677//3677 746//746
f 554//554 3670//3670 555//555
f 56//56 944//944 55//55
f 81//81 3663//3663 178//178
f 3224//3224 1433//1433 3484//3484
f 2827//2827 1139//1139 2732//2732
f 1935//1935 919//919 545//545
f 45//45 1226//1226 3579//3579
f 44//44 1226//1226 45//45
f 3589//3589 2728//2728 3472//3472
f 685//685 686//686 3192//3192
f 919//919 3683//3683 220//220
f 3686//3686 3684//3684 3678//3678
f 3656//3656 554//554 358//358
f 620//620 1399//1399 3713//3713
f 3694//3694 711//711 343//343
f 846//846 220//220 3683//3683
f 3684//3684 729//729 3678//3678
f 1540//1540 708//708 504//504
f 1031//1031 620//620 3713//3713
f 3685//3685 1445//1445 2936//2936
f 1008//1008 3208//3208 3134//3134
f 1866//1866 3198//3198 1491//1491
f 170//170 3198//3198 3256//3256
f 1936//1936 30//30 3686//3686
f 2172//2172 3686//3686 30//30
f 3494//3494 751//751 3677//3677
f 341//341 502//502 880//880
f 44//44 555//555 3670//3670
f 3667//3667 482//482 1531//1531
f 829//829 3135//3135 184//184
f 1676//1676 3668//3668 410//410
f 829//829 184//184 2169//2169
f 170//170 3256//3256 3675//3675
f 179//179 1433//1433 3224//3224
f 2734//2734 1676//1676 410//410
f 685//685 3192//3192 3194//3194
f 3688//3688 712//712 126//126
f 875//875 3688//3688 711//711
f 874//874 341//341 340//340
f 340//340 341//341 1888//1888
f 2893//2893 686//686 2451//2451
f 644//644 2041//2041 1676//1676
f 2153//2153 1196//1196 2859//2859
f 2154//2154 2153//2153 2859//2859
f 3134//3134 3251//3251 1008//1008
f 3630//3630 3470//3470 1140//1140
f 3484//3484 3560//3560 2613//2613
f 3680//3680 710//710 1148//1148
f 1540//1540 504//504 879//879
f 3256//3256 3198//3198 1866//1866
f 880//880 502//502 127//127
f 1239//1239 880//880 1067//1067
f 1889//1889 880//880 1239//1239
f 506//506 1736//1736 128//128
f 3209//3209 2525//2525 2027//2027
f 3250//3250 1482//1482 2998//2998
f 3134//3134 3250//3250 2998//2998
f 506//506 128//128 709//709
f 2541//2541 3690//3690 2153//2153
f 2184//2184 1422//1422 3474//3474
f 2209//2209 1406//1406 3471//3471
f 1539//1539 3693//3693 709//709
f 3643//3643 3560//3560 3549//3549
f 3689//3689 3193//3193 3630//3630
f 3639//3639 3690//3690 2540//2540
f 3690//3690 3639//3639 3629//3629
f 880//880 3657//3657 1067//1067
f 1513//1513 3027//3027 3660//3660
f 1670//1670 3687//3687 1415//1415
f 3687//3687 1670//1670 638//638
f 3548//3548 3224//3224 3484//3484
f 3069//3069 2036//2036 3213//3213
f 3548//3548 3484//3484 2613//2613
f 143//143 3503//3503 3262//3262
f 1280//1280 3691//3691 3290//3290
f 1349//1349 3692//3692 3313//3313
f 3693//3693 504//504 708//708
f 889//889 3502//3502 1243//1243
f 1279//1279 3691//3691 1280//1280
f 1348//1348 3692//3692 1349//1349
f 2037//2037 1022//1022 3707//3707
f 143//143 3262//3262 737//737
f 3691//3691 2184//2184 968//968
f 3692//3692 2209//2209 982//982
f 504//504 3693//3693 3680//3680
f 3693//3693 506//506 709//709
f 889//889 1243//1243 346//346
f 3074//3074 3591//3591 1691//1691
f 174//174 3720//3720 3209//3209
f 3696//3696 3682//3682 623//623
f 3671//3671 3475//3475 1661//1661
f 180//180 2736//2736 2122//2122
f 3697//3697 2520//2520 3696//3696
f 3697//3697 1402//1402 2520//2520
f 890//890 3587//3587 3700//3700
f 3699//3699 3700//3700 3587//3587
f 353//353 1908//1908 352//352
f 1022//1022 3698//3698 644//644
f 2221//2221 1414//1414 3473//3473
f 3700//3700 1897//1897 890//890
f 3532//3532 3663//3663 3250//3250
f 3671//3671 1107//1107 3276//3276
f 3475//3475 3671//3671 3276//3276
f 3697//3697 384//384 1402//1402
f 3208//3208 3532//3532 3250//3250
f 180//180 2122//2122 82//82
f 1426//1426 3697//3697 1661//1661
f 2324//2324 737//737 144//144
f 3701//3701 321//321 1212//1212
f 353//353 106//106 321//321
f 1382//1382 3702//3702 3324//3324
f 1381//1381 3702//3702 1382//1382
f 3703//3703 942//942 2324//2324
f 2324//2324 144//144 3703//3703
f 3702//3702 2221//2221 990//990
f 936//936 356//356 143//143
f 2177//2177 3726//3726 246//246
f 3663//3663 2730//2730 3250//3250
f 1661//1661 623//623 3671//3671
f 1426//1426 1661//1661 3475//3475
f 1901//1901 5//5 4//4
f 2324//2324 936//936 143//143
f 3069//3069 1022//1022 644//644
f 3703//3703 569//569 1566//1566
f 517//517 3704//3704 516//516
f 49//49 3705//3705 48//48
f 3705//3705 49//49 940//940
f 942//942 3705//3705 936//936
f 3706//3706 1901//1901 432//432
f 3706//3706 6//6 5//5
f 3707//3707 1022//1022 3069//3069
f 2197//2197 1426//1426 3475//3475
f 549//549 3709//3709 923//923
f 3069//3069 3213//3213 2907//2907
f 3707//3707 3069//3069 2907//2907
f 374//374 570//570 2177//2177
f 1911//1911 3706//3706 907//907
f 2730//2730 1482//1482 3250//3250
f 20//20 21//21 3716//3716
f 20//20 3716//3716 19//19
f 43//43 3714//3714 1225//1225
f 3709//3709 941//941 560//560
f 1747//1747 217//217 330//330
f 1315//1315 3711//3711 3301//3301
f 3258//3258 330//330 217//217
f 1885//1885 863//863 336//336
f 217//217 1932//1932 3258//3258
f 1314//1314 3711//3711 1315//1315
f 427//427 398//398 2170//2170
f 3711//3711 2197//2197 3397//3397
f 1840//1840 3514//3514 3712//3712
f 3712//3712 419//419 3486//3486
f 3576//3576 3636//3636 1553//1553
f 3069//3069 644//644 2036//2036
f 3282//3282 2729//2729 1010//1010
f 148//148 149//149 923//923
f 3280//3280 3473//3473 1116//1116
f 3716//3716 306//306 3595//3595
f 3716//3716 305//305 19//19
f 305//305 3716//3716 3595//3595
f 3190//3190 830//830 1045//1045
f 3190//3190 1045//1045 3253//3253
f 3473//3473 3687//3687 1116//1116
f 3714//3714 1224//1224 1225//1225
f 3222//3222 3481//3481 3695//3695
f 2603//2603 3222//3222 3695//3695
f 3716//3716 21//21 306//306
f 3715//3715 750//750 3717//3717
f 233//233 3717//3717 750//750
f 3717//3717 233//233 228//228
f 219//219 3721//3721 3623//3623
f 3715//3715 148//148 3709//3709
f 1837//1837 1053//1053 3713//3713
f 2009//2009 3357//3357 1398//1398
f 2917//2917 3524//3524 3569//3569
f 2443//2443 3681//3681 3282//3282
f 1513//1513 3660//3660 1822//1822
f 680//680 2443//2443 3282//3282
f 1022//1022 2037//2037 1028//1028
f 219//219 1562//1562 217//217
f 219//219 217//217 218//218
f 218//218 3721//3721 219//219
f 2885//2885 3282//3282 1010//1010
f 867//867 1887//1887 868//868
f 869//869 867//867 868//868
f 3136//3136 680//680 3282//3282
f 3719//3719 3225//3225 2048//2048
f 3718//3718 3660//3660 3586//3586
f 3351//3351 2391//2391 2009//2009
f 3351//3351 2009//2009 3432//3432
f 286//286 1209//1209 2059//2059
f 3720//3720 3279//3279 3209//3209
f 2026//2026 2885//2885 1010//1010
f 3709//3709 148//148 923//923
f 1068//1068 3636//3636 3576//3576
f 277//277 400//400 2394//2394
f 3721//3721 3683//3683 3623//3623
f 2233//2233 2917//2917 2051//2051
f 3683//3683 3721//3721 846//846
f 277//277 2394//2394 3695//3695
f 1235//1235 3722//3722 3727//3727
f 3722//3722 3635//3635 865//865
f 3635//3635 3722//3722 1235//1235
f 235//235 228//228 234//234
f 1035//1035 2395//2395 277//277
f 3723//3723 2720//2720 2051//2051
f 3723//3723 2612//2612 3232//3232
f 3232//3232 2721//2721 3723//3723
f 3722//3722 867//867 3628//3628
f 235//235 234//234 929//929
f 3329//3329 2030//2030 1014//1014
f 637//637 3329//3329 1014//1014
f 374//374 2177//2177 35//35
f 2170//2170 398//398 2451//2451
f 3708//3708 3225//3225 3719//3719
f 1553//1553 705//705 1735//1735
f 1553//1553 1735//1735 509//509
f 3136//3136 3282//3282 2885//2885
f 2233//2233 2051//2051 3231//3231
f 53//53 3727//3727 3624//3624
f 3708//3708 3712//3712 3486//3486
f 3725//3725 2743//2743 2170//2170
f 3538//3538 2395//2395 1434//1434
f 3726//3726 3666//3666 246//246
f 172//172 3712//3712 2527//2527
f 3708//3708 3486//3486 3225//3225
f 84//84 3728//3728 3476//3476
f 957//957 3703//3703 1566//1566
f 375//375 957//957 1566//1566
f 3727//3727 3628//3628 3624//3624
f 412//412 286//286 3724//3724
f 3728//3728 84//84 2686//2686
f 1021//1021 3213//3213 1045//1045
f 1434//1434 1432//1432 3538//3538
f 3729//3729 132//132 3636//3636
f 3708//3708 3719//3719 1841//1841
f 918//918 1932//1932 1562//1562
f 3650//3650 918//918 1562//1562
f 3708//3708 1841//1841 2527//2527
f 3482//3482 1035//1035 3562//3562
f 3712//3712 3708//3708 2527//2527
f 3441//3441 3728//3728 1060//1060
f 3728//3728 3441//3441 3476//3476
f 2047//2047 3483//3483 3560//3560
f 3612//3612 1014//1014 80//80
f 178//178 1033//1033 81//81
f 1479//1479 2441//2441 2997//2997
f 3540//3540 1434//1434 3223//3223
f 1045//1045 3330//3330 1021//1021
f 2738//2738 396//396 428//428
f 2738//2738 428//428 288//288
f 2059//2059 2735//2735 286//286
f 1477//1477 84//84 1478//1478
f 3476//3476 1478//1478 84//84
f 2686//2686 84//84 1477//1477
f 918//918 1933//1933 1745//1745
f 726//726 918//918 1745//1745
f 3483//3483 3540//3540 3223//3223
f 48//48 942//942 957//957
f 48//48 957//957 47//47
f 3482//3482 3562//3562 2919//2919
f 3483//3483 3549//3549 3560//3560
f 1962//1962 954//954 244//244
f 445//445 1962//1962 244//244
f 1013//1013 2997//2997 2441//2441
f 1013//1013 2441//2441 1476//1476
f 3195//3195 3256//3256 1866//1866
f 150//150 568//568 557//557
f 1036//1036 3488//3488 2913//2913
f 1036//1036 2913//2913 2914//2914
f 3195//3195 1866//1866 1142//1142
f 1947//1947 150//150 557//557
f 57//57 1890//1890 1240//1240
f 57//57 1240//1240 1241//1241
f 57//57 561//561 236//236
f 56//56 57//57 236//236
f 3221//3221 82//82 3152//3152
f 2122//2122 3152//3152 82//82
f 82//82 3221//3221 3631//3631
f 1478//1478 80//80 2030//2030
f 3476//3476 80//80 1478//1478
f 2030//2030 80//80 1014//1014
f 3228//3228 81//81 1033//1033
f 3229//3229 81//81 3228//3228
f 81//81 3229//3229 2730//2730
f 1720//1720 2441//2441 1479//1479
# 7454 faces, 0 coords texture

# End of File
